id,reasoning,valence_7,arousal_5,has_people,has_threat_or_danger,has_disgusting_content,novelty_5,playfulness_5,warmth_5,energy_5,aesthetic_5
excitement_10466,"A lively crowd of young people splashing and dancing in a public fountain on a sunny day, wearing costumes and masks, radiating joy and high-energy celebration.",6,4,prominent_faces,1,1,3,5,4,5,3
excitement_05063,"A group of people in helmets and life jackets navigates churning white-water rapids on an orange raft — the rushing turbulent water, physical exertion, and mild risk combine to create a high-energy, thrilling scene with a strongly positive valence.",6,5,people_present,3,1,3,3,2,5,4
fear_12027,"A smiling child posed next to a grotesque, gore-splattered monster figure creates a tonal contrast between innocent amusement and unsettling horror imagery, evoking a mix of playfulness and mild disgust/unease.",4,3,prominent_faces,3,3,3,4,2,2,2
disgust_03977,"The image shows an overflowing urban trash bin with garbage bags on a mundane street, evoking a mildly unpleasant, low-energy, everyday scene with slight disgust from the waste content.",2,2,people_present,1,3,2,1,1,1,1
contentment_03289,"A group of young men in matching outfits playfully pile on top of each other on a grassy lawn, with energetic gestures and apparent laughter, conveying a strong sense of fun and lighthearted camaraderie.",6,4,prominent_faces,1,1,2,5,4,4,4
contentment_16512,"A fluffy cat is sprawled blissfully on its back on a bright green blanket, belly fully exposed — a classic pose of total relaxation and trust that evokes gentle amusement and contentment.",6,2,none,1,1,2,4,5,1,3
anger_06588,"A tiger with bared teeth is pressed against rusted cage bars, its intense gaze and open mouth conveying raw predatory tension and a sense of captive frustration, evoking unease and threat.",2,4,none,4,1,3,1,1,4,3
awe_13361,"A golden sunset bursting through dramatic clouds over a tranquil marsh landscape evokes a sense of grandeur and serene wonder, dominated by warm light, vast sky, and peaceful stillness.",6,3,none,1,1,4,1,5,3,5
excitement_02496,"A lone figure walks away down a misty, lush mountain path with arms outstretched in a free, carefree gesture, evoking a sense of liberation and wonder at the expansive, fog-shrouded landscape ahead.",6,3,people_present,1,1,4,3,2,3,4
sadness_00064,"A Civil War Confederate soldier's grave marker (W.L. Claxton, 3rd Tennessee Infantry, CSA, died May 12, 1863) accompanied by a Confederate battle flag in a cemetery evokes a somber, historically charged atmosphere — grief, loss, and moral weight dominate the scene.",2,3,none,2,1,2,1,1,2,3
awe_13578,"Two children playing with snowballs in a snowy winter landscape evokes lighthearted fun and nostalgic warmth, with one child mid-throw and both smiling, conveying playful excitement.",6,3,prominent_faces,1,1,2,4,4,3,3
disgust_06686,"A used, bloodied sanitary pad discarded on bare asphalt is visually repulsive and unsanitary, making disgust the overwhelmingly dominant emotional response.",1,3,none,2,5,2,1,1,1,1
fear_06054,"The image depicts human skulls and bones densely stacked in what appears to be the Paris Catacombs — a macabre, dark, and unsettling scene that evokes strong negative affect through its association with death, decay, and the uncanny.",2,4,none,3,4,3,1,1,2,2
amusement_13903,"Two toddlers playing outdoors near a small creek in lush green grass evokes a strong sense of innocent joy, warmth, and lighthearted contentment — the scene is cheerful, safe, and endearing.",6,2,prominent_faces,2,1,2,5,5,3,4
sadness_02758,"A solitary iron chair bathed in a single spotlight of dim, sepia-toned light against deep surrounding darkness evokes a strong sense of loneliness, melancholy, and quiet desolation — the emptiness of the chair and the heavy shadows dominate the mood.",2,2,none,2,1,2,1,1,1,3
excitement_12063,"A performer on stage at a live concert (Live in the Vineyard) throws his arms wide open in a triumphant, energetic pose while an enthusiastic crowd reaches up toward him, conveying high excitement and positive communal energy.",6,5,prominent_faces,1,1,2,3,3,5,3
awe_12594,"A person doing a handstand on a mountain ridge trail sign creates a playful, energetic, and visually striking scene — the athletic feat against a sweeping alpine panorama blends humor and grandeur.",6,4,people_present,2,1,4,5,3,5,4
contentment_03977,"A vibrant, colourful flat-lay of fresh vegetables artfully arranged around a plate spelling ""VEG"" with pea pods evokes a cheerful, wholesome, and visually pleasing sense of contentment and mild delight.",6,2,none,1,1,3,4,4,2,4
fear_08791,"A large, hairy orb-weaver spider dominates the frame in sharp close-up on its web with dew drops — a visually striking but deeply unsettling image that triggers strong arachnophobic responses and disgust due to the creature's prominent fangs and spiny legs.",2,4,none,4,4,3,1,1,2,3
amusement_08998,"A group of people holding glowing sparklers in the dark evokes a festive, celebratory atmosphere — warm, energetic, and visually striking with bright bursts of light against a dark background.",6,4,people_present,2,1,3,4,4,5,4
disgust_07316,"A young man is displaying a pink scar/wound on his forearm close to the camera, which is mildly repulsive and unsettling, though the casual setting and the person's neutral demeanor give it a slightly playful ""look at this"" quality.",2,3,prominent_faces,2,3,2,2,1,2,1
contentment_00085,"A woman peacefully sleeping on a bed while cuddling a large fluffy cat on a soft blanket — the scene radiates warmth, comfort, and quiet happiness with no threat or negativity present.",6,1,prominent_faces,1,1,2,2,5,1,4
contentment_16207,"A mother and young child share a calm, tender moment on a cozy sofa, with warm soft tones and gentle eye contact conveying safety, affection, and quiet contentment.",6,2,prominent_faces,1,1,2,2,5,1,4
excitement_04950,"A vibrant carnival performer in an elaborate feathered costume, smiling and waving, radiates festive excitement and celebration, evoking strong positive energy and playfulness.",6,4,prominent_faces,1,1,4,5,4,5,4
awe_12910,"A paraglider soaring high above a vast forested landscape with distant mountains evokes a sense of freedom, grandeur, and mild exhilaration — the expansive aerial view and daring activity combine awe with excitement.",6,4,people_present,2,1,4,2,2,4,4
sadness_00048,"A young woman gazes pensively out of a dimly lit window in black and white, her expression distant and melancholic, evoking quiet introspection and a sense of longing or sorrow.",2,2,prominent_faces,1,1,2,1,2,1,4
contentment_13478,"A couple sits on a picnic blanket at the edge of a dramatic coastal cliff, taking a selfie together with a stunning turquoise ocean and rocky cliffs in the background — the combination of romantic closeness, smiling faces, and breathtaking scenery evokes strong positive feelings of contentment and quiet excitement.",6,3,prominent_faces,2,1,4,3,4,2,
fear_06173,"A mummy figurine inside an Egyptian sarcophagus, humorously decorated with colorful Christmas lights — the macabre subject matter is undercut by the absurd, festive accessory, creating a playful and mildly unsettling but ultimately amusing scene.",5,3,none,2,2,4,5,2,2,3
amusement_14013,"The image shows a richly decorated fairground/carnival attraction tower with the sign ""1001 Nacht"" (1001 Nights), bursting with vivid colors, ornate embellishments, and playful fantasy theming against a bright blue sky — evoking a festive, whimsical, and lively carnival atmosphere.",6,4,none,1,1,4,5,3,4,
contentment_07918,"A serene cherry blossom park scene with a gentle stream, soft pink blooms, red lanterns, and people leisurely enjoying hanami — evoking deep tranquility and gentle awe at nature's fleeting beauty.",6,2,people_present,1,1,4,2,4,2,5
excitement_02546,A lively nightclub performance with energetic dancers in vibrant costumes under colorful lights and a cheering crowd evokes high-energy excitement and amusement.,6,5,prominent_faces,1,1,3,5,3,5,4
anger_02242,"A woman is snarling directly into the camera with bared teeth and furrowed brows, conveying intense hostility and confrontation that evokes a strong negative emotional response.",1,5,prominent_faces,4,2,2,1,1,5,2
awe_15220,"A lone, visibly thin horse grazes peacefully in a green meadow — the tranquil pastoral scene is mildly pleasant but the animal's gaunt ribs introduce a subtle note of melancholy, keeping valence moderate and arousal low.",3,2,none,1,1,2,1,2,2,3
fear_13266,"A cosplayer dressed in a whimsical Boba Fett / Big Bird mashup costume aims a prop blaster directly at the camera — the playful absurdity of bright yellow feathers paired with Mandalorian armor creates a comical, energetic scene that blends mild mock-threat with strong humor.",6,4,people_present,2,1,4,5,3,4,
excitement_05892,"Two children in matching uniforms perform a dynamic martial-arts/baton-twirling routine at what appears to be a school event, mid-air with high energy and skilled movement, evoking excitement and admiration from the watching crowd.",6,4,prominent_faces,2,1,4,3,3,5,4
awe_09369,"A serene alpine lake reflects a dense evergreen forest with a grand, snow-dusted volcanic peak (likely Lassen Peak) dominating the skyline under a clear blue sky — the scene's vast scale and pristine natural grandeur evoke a sense of peaceful wonder.",6,2,none,1,1,4,1,3,2,5
sadness_06454,"A heavily damaged red car with deployed airbags after a serious collision evokes a strong sense of danger, loss, and distress — the wreckage is visually disturbing and implies potential harm or tragedy.",2,4,none,5,2,2,1,1,2,1
excitement_11672,"Two people tandem skydiving in mid-air, one giving enthusiastic thumbs-up with a huge grin — the image radiates high-energy exhilaration and joy, combining thrill, humor, and triumph against a vast open sky.",6,5,prominent_faces,3,1,4,4,3,5,4
fear_13848,"A person wearing a blank white mask crouches on a dark staircase, creating an unsettling, eerie atmosphere strongly associated with horror imagery — the concealed identity, dim lighting, and tense posture generate a sense of dread and unease.",2,4,prominent_faces,4,1,3,1,1,3,2
excitement_03258,"A live NFL football play (San Francisco 49ers field goal attempt) caught mid-action on a bright green field conveys high competitive energy and excitement, with athletes in dynamic pre-snap poses and clear athletic intensity.",6,4,people_present,2,1,2,2,2,5,3
disgust_05872,"A nearly-empty plastic cup with remnants of a red sugary drink and ice crystals shot from above evokes a mild sense of disgust — the leftover residue looks unappetizing — combined with low energy and slight unpleasantness of a discarded, used cup.",2,2,none,1,3,2,1,1,1,2
anger_08623,"A man in a neon protest shirt is being physically restrained/escorted by a police officer outside a building while a news camera records — the scene conveys tension, conflict, and distress.",2,4,prominent_faces,3,1,2,1,1,4,2
excitement_17427,"Two young musicians performing live — a woman singing passionately into a mic and a man playing acoustic guitar — radiates upbeat, energetic, and positive vibes typical of a lively outdoor/tent performance.",6,4,prominent_faces,1,1,2,3,4,4,4
amusement_02804,"A vibrantly decorated carousel with ornate painted horses evokes a sense of whimsical delight and nostalgic fun, radiating playful energy and visual warmth without any threatening or negative elements.",6,3,none,1,1,3,5,4,3,4
fear_13804,"A large, realistic great white shark prop bursting through a wooden wall with jaws wide open and jagged teeth on full display — inherently threatening and startling, evoking strong alarm while the novelty of the display prop adds a slight edge of dramatic spectacle.",2,5,none,5,2,4,2,1,5,2
sadness_00321,"A solemn memorial or funeral ceremony with a large crowd dressed in black, standing in respectful silence outdoors among trees, evoking a quiet, heavy sense of grief and mourning.",2,2,prominent_faces,1,1,2,1,2,1,3
contentment_14642,"Two people laughing and engaging warmly at an outdoor café table, with bright colors and relaxed body language conveying strong positive social enjoyment.",6,3,prominent_faces,1,1,2,4,5,3,4
sadness_09985,"The extreme close-up black-and-white portrait of a middle-aged man with deeply furrowed brows, a tense jaw, and a hard, downward gaze conveys intense displeasure and hostility, evoking a strongly negative, high-arousal emotional response.",2,4,prominent_faces,3,1,2,1,1,3,3
contentment_04062,"A tender wedding portrait of a couple gazing lovingly at each other in a lush garden setting evokes deep contentment and warmth — the gentle touch, soft smiles, and romantic atmosphere radiate joy and intimacy.",7,2,prominent_faces,1,1,2,2,5,2,5
anger_07419,"A male lion mid-yawn with mouth wide open and tongue fully extended is simultaneously comical and mildly intimidating, evoking a mix of amusement and mild unease from the exposed teeth and raw animal power.",5,4,none,3,1,3,4,2,3,4
fear_12137,"A person in elaborate witch costume with green face paint and a menacing expression stares directly at the camera against an autumnal backdrop — the close-up gaze, theatrical monstrousness, and Halloween theatricality create a mix of mild threat/creepiness and campy playfulness.",3,4,prominent_faces,3,2,3,3,1,3,3
amusement_03145,"A dramatic nighttime fireworks display bursting over a reflective body of water evokes intense awe and excitement — the scale, brilliance, and explosive energy of the scene are visually overwhelming in a positive, celebratory way.",6,5,none,1,1,5,2,3,5,5
amusement_16689,"The image shows windsurfers actively riding choppy water with colorful sails, conveying high-energy outdoor sport and a lively, fun atmosphere that evokes excitement and enthusiasm.",6,4,people_present,2,1,3,4,3,5,4
contentment_02745,"A young girl in a red hoodie is playfully crawling/crouching on a playground surface, smiling directly at the camera — the scene radiates childlike fun, lightness, and warmth with no threat or negativity.",6,3,prominent_faces,1,1,2,5,4,3,3
excitement_06192,"The image shows a lively outdoor event with people laughing and interacting enthusiastically, conveying strong positive energy and shared amusement.",6,4,prominent_faces,1,1,2,5,4,4,3
awe_01533,"The image shows Niagara Falls with massive cascading water, mist, dramatic overcast skies, and a sheer cliff edge — a grand, powerful natural spectacle that evokes overwhelming scale and raw natural force.",6,5,none,3,1,5,1,1,5,5
contentment_03488,"An older adult joyfully pushes a smiling girl on a wheeled cart through a lush garden path, radiating warmth, playfulness, and lighthearted fun between generations.",6,3,prominent_faces,1,1,2,5,5,3,4
amusement_16396,"A joyful young girl beaming with delight while rolling dough in a cozy kitchen evokes strong warmth, playfulness, and positive valence — the scene radiates innocent fun and domestic contentment.",7,3,prominent_faces,1,1,2,5,5,3,4
excitement_02141,"A lively Pride parade scene with a smiling man on a Kawasaki motorcycle wearing a humorous shirt and giving a peace sign, surrounded by a cheering crowd decorated with rainbow flags — the dominant feeling is joyful amusement and high-energy celebration.",6,4,prominent_faces,1,1,3,5,4,5,3
amusement_12249,A cheerful poolside scene with a child using giant crayon-shaped floaties and an adult nearby evokes lighthearted fun and summer joy.,6,3,people_present,1,1,3,5,4,3,3
fear_08652,"A detailed prop covered in rows of demonic, horned skulls with glowing purple LED eyes dominates the foreground — macabre and unsettling, yet clearly a creative convention cosplay piece, blending dark artistry with a pop-culture event setting.",2,4,people_present,3,3,4,2,1,3,4
amusement_02473,"A vibrant, elaborately costumed woman posing confidently at what appears to be a comic convention, evoking excitement and playful admiration through the dramatic Poison Ivy costume, bold pose, and festive atmosphere.",6,4,prominent_faces,1,1,4,5,3,4,4
contentment_01539,"A lone figure walks away down a golden rural path toward a dramatic sunburst and mountain backdrop at sunset, evoking a sense of solitary journey, quiet wonder, and bittersweet beauty.",6,3,people_present,1,1,4,1,4,2,5
sadness_07796,"The image shows a young woman with downcast eyes, dark lipstick, and a beanie hat against a dark background; her averted gaze, muted tones, and introspective expression convey quiet melancholy and emotional withdrawal.",2,2,prominent_faces,1,1,2,1,2,1,4
anger_04220,"A lone person sits hunched over a table in dim, dramatic lighting with their face buried in their fists, conveying profound despair and emotional withdrawal — a quintessentially low-valence, inward-collapsing posture with no warmth or playfulness.",2,2,people_present,1,1,2,1,1,1,3
disgust_03034,"A densely hairy, vividly-patterned caterpillar clinging to a leaf triggers a mix of visual fascination and mild repulsion — its spiky, bristling texture and alien appearance are inherently unsettling to many viewers while also being strangely striking.",2,4,none,3,4,4,1,1,2,3
disgust_05486,"A large, hairy wolf spider photographed in close-up macro detail on a green leaf triggers strong arachnophobic unease and mild disgust through its proximity, visible chelicerae, and spiny legs, making it unsettling for most viewers.",2,4,none,4,3,3,1,1,2,2
anger_03581,"Two firefighters in protective gear deliberately managing a controlled burn along a forest trail — the vivid orange flames and billowing smoke create tension and urgency, but the presence of trained professionals in command suggests controlled danger rather than pure threat.",3,4,prominent_faces,4,1,3,1,2,5,3
awe_10219,"A joyful Indian wedding ceremony with a radiant bride in red and groom in gold exchanging namaste gestures, surrounded by vibrant floral decorations and smiling guests — radiating warmth, celebration, and positive emotional energy.",6,4,prominent_faces,1,1,3,3,5,4,4
disgust_03806,"A dense mass of writhing earthworms in dark, decomposing organic matter triggers a strong visceral disgust response due to the wriggling invertebrates, rotting compost, and overall unclean, creepy-crawly aesthetic.",2,3,none,2,5,2,1,1,2,1
amusement_19371,"A cosplayer in a vibrant yellow-and-pink anime-character costume is grinning broadly at another person, radiating infectious joy and playful energy typical of a convention crowd.",6,4,prominent_faces,1,1,3,5,4,4,4
excitement_11186,"A lively male performer in a bright yellow-lit outfit and fedora hat sings passionately into a microphone on stage, radiating high energy and fun showmanship that feels upbeat and entertaining.",6,4,prominent_faces,1,1,3,4,3,5,3
awe_12425,"A dramatic double rainbow arcs through the mist of a massive waterfall gorge with sheer dark cliffs — the overwhelming scale, natural spectacle, and ethereal light create a profound sense of grandeur and wonder.",6,4,none,2,1,5,1,2,4,5
fear_08907,"A meticulously detailed miniature war-game diorama featuring a battle-damaged tank amid rubble and debris evokes a grim, war-torn atmosphere — militaristic and sobering rather than joyful, with moderate novelty from the hobby craftsmanship.",3,2,none,3,1,3,2,1,2,3
fear_07549,"A vivid blue figure in a full-body suit clings to a building wall while holding a trumpet — an absurd, whimsical public art installation that is visually striking, humorous, and unexpected, evoking lighthearted amusement and surprise.",6,3,people_present,2,1,5,5,2,3,4
amusement_11315,"A beaming father carries his smiling baby in a BabyBjörn carrier amid a sunny, snow-covered forest — the shared joy, warmth, and playful mittened hands create an overwhelmingly positive, heartwarming scene with gentle energy.",6,3,prominent_faces,1,1,2,4,5,2,4
excitement_07061,A smiling woman posing with a person in a donkey mascot costume at what appears to be a fun indoor event evokes lighthearted amusement and social warmth.,6,3,prominent_faces,1,1,3,5,4,3,3
anger_11356,"A large tiger is caught mid-yawn with its mouth wide open and tongue extended, lying on a wooden platform surrounded by lush greenery — the exposed teeth and open jaws create a visceral sense of latent threat and raw power, even though the animal appears relaxed.",3,4,none,4,1,3,2,2,3,4
contentment_02334,"A smiling woman warmly embracing two young children on a couch radiates genuine joy, closeness, and familial love — the dominant feeling is tender contentment with a touch of amusement from the playful cuddle.",6,2,prominent_faces,1,1,2,3,5,2,4
sadness_07293,"A calico cat resting lazily on a sun-warmed stone with a rustic old building behind it evokes a quiet, peaceful contentment — the warm sunlight, the relaxed posture of the cat, and the quaint rural setting all combine to produce a gentle, comforting mood.",5,2,none,1,1,2,2,4,1,3
sadness_05942,"A black-and-white street photo of a weary, disheveled man standing alone in a grim urban underpass beside pawnshop and sex-shop signs evokes a strong sense of melancholy, social marginalization, and bleakness.",2,2,prominent_faces,2,2,2,1,1,1,2
excitement_01851,"A large group of boys/young men in matching uniforms performing together on stage — the collective singing, animated expressions, and shared purpose radiate positive communal energy and mild excitement.",6,3,prominent_faces,1,1,2,3,4,3,4
fear_08803,"A jack-o'-lantern glowing ominously in near-total darkness evokes a creepy, Halloween-themed unease — the menacing carved face, deep shadows, and flickering orange candlelight create a distinctly spooky, mildly threatening atmosphere with a hint of festive playfulness.",3,4,none,3,1,2,3,2,3,3
awe_11627,"A vividly coloured Green-winged Macaw perched on a wooden stump commands attention with its striking red, green, and blue plumage; the rich, saturated colours and graceful pose create a sense of visual delight and mild awe at natural beauty.",6,3,none,1,1,4,2,3,2,5
awe_00642,"A military fighter jet (F-15) on a sun-drenched tarmac with a ground crew member standing confidently nearby evokes a sense of power, awe, and heightened alertness — the dramatic backlighting and imposing aircraft create both grandeur and latent tension.",5,4,people_present,3,1,4,1,2,4,4
anger_03634,"A relaxed orange-and-white cat mid-yawn on warm wooden planks looks simultaneously comical and mildly fierce, evoking gentle amusement with a hint of mock-aggression from the wide-open mouth and bared teeth.",5,3,none,2,1,2,4,4,2,4
amusement_15306,"Brilliant green and gold fireworks exploding against a pitch-black night sky create a visually spectacular, high-energy spectacle that evokes exhilaration and wonder.",6,5,none,1,1,4,3,3,5,4
anger_09289,"A dense crowd of protesters holding signs reading ""What's a Life Worth?"" conveys collective tension and moral urgency, evoking a mix of righteous indignation and determined activism.",3,4,prominent_faces,2,1,2,1,2,4,2
excitement_14852,"A skydiver is captured mid-freefall high above the earth, arms spread wide against a vast blue sky — the extreme altitude, physical danger, and visceral thrill of the scene dominate, creating a rush of high-energy, high-arousal intensity tinged with both exhilaration and a hint of fear.",6,5,people_present,4,1,5,3,1,5,
amusement_03596,"A brightly lit, ornate carousel with colorful painted horses evokes a cheerful, nostalgic fairground atmosphere — playful and visually engaging without any threat or negative content.",6,3,none,1,1,2,5,4,3,4
fear_10153,"A close-up of a human skull photographed in near-darkness with dramatic, moody lighting evokes dread and unease — the imagery of death, decay, and the macabre dominates, with low warmth, high threat, and some disgust.",2,4,none,4,3,3,1,1,2,3
awe_11693,"A sweeping aerial vista of Lake Tahoe with snow-dusted mountains, vivid blue water, and vast forested valleys under a dramatic sky evokes a profound sense of grandeur and awe-inspiring natural beauty.",6,3,none,1,1,5,1,2,2,5
awe_14576,"A grand, ancient Scottish castle with multiple conical turrets rising above lush green trees evokes a sense of awe and quiet wonder at its imposing architectural grandeur and historical mystique.",6,3,none,1,1,5,1,2,2,5
disgust_10023,"The black-and-white close-up of raw animal viscera, organs, and bone evokes strong revulsion and discomfort, with graphic biological content that is visually repulsive and unsettling.",1,4,none,2,5,2,1,1,2,1
excitement_01389,"A diverse group of women laughing and embracing against a warm brick wall radiates genuine joy, social warmth, and positive energy — evoking strong contentment and amusement with no negative elements.",6,3,prominent_faces,1,1,2,4,5,3,4
anger_03768,"A large crowd marching in what appears to be a protest or demonstration, with raised fists, chanting, and flags — conveying collective tension, urgency, and agitation rather than calm or joy.",2,5,prominent_faces,3,1,2,1,1,5,2
contentment_06742,"A composed woman talking on a phone in a neutral indoor setting conveys a calm, everyday emotional tone with no strong positive or negative charge.",4,2,prominent_faces,1,1,1,1,3,2,3
anger_00246,"A woman in a face shield is screaming with intense facial tension and bared teeth against a dark background, conveying raw, aggressive emotional intensity that is highly arousing and strongly negative in valence.",2,5,prominent_faces,4,1,3,1,1,5,2
excitement_17555,"A group of four joyful young people holding hands and laughing together in a sunny green park — the bright smiles, warm sunlight, physical connection, and lively movement all radiate happiness and positive social bonding.",7,4,prominent_faces,1,1,2,5,5,4,4
amusement_15309,"Two older adults are laughing and jogging outdoors under a bright blue sky, radiating joy, vitality, and carefree energy — the dominant feeling is warm, active happiness.",6,4,prominent_faces,1,1,2,4,5,4,4
amusement_19211,"A warm, appetising spread of Mediterranean tapas-style snacks — olives, pickles, cured meats, and pearl onions in rustic terracotta bowls with toothpicks — evokes a cosy, convivial, pleasantly satisfying feeling with no threat or unpleasantness.",6,2,none,1,1,2,2,4,2,
amusement_05968,"A young girl's bright, genuine smile and warm direct gaze radiate pure joy and innocence, evoking an overwhelmingly positive, heartwarming emotional response.",7,2,prominent_faces,1,1,2,4,5,2,5
awe_03136,"A pale/cremello horse galloping freely in a paddock with mane flying conveys vibrant, joyful energy and a sense of graceful freedom.",6,4,none,1,1,3,3,3,5,4
amusement_09737,"A smiling mother tenderly holding a newborn baby against her chest in a cozy home setting evokes warmth, tenderness, and quiet joy — the dominant feeling is gentle contentment and love.",6,2,prominent_faces,1,1,2,2,5,1,4
sadness_06158,"The image shows a man with a serious, stern, slightly grumpy expression and dramatically tousled hair, which is mildly amusing but dominated by a flat, unenthusiastic affect.",3,2,prominent_faces,1,1,3,3,1,2,2
awe_10642,"A golden sunrise over a glassy lake with long tree shadows and a distant bridge creates a serene, expansive, and visually stunning scene that evokes quiet wonder and peaceful contentment.",6,2,none,1,1,4,1,4,2,5
disgust_08806,"The image depicts a heavily littered urban pavement with scattered rubbish, rotting food, and overflowing bin bags, evoking a strong sense of repulsion and urban neglect.",1,3,none,2,5,2,1,1,2,1
awe_11949,"The scene features ancient stone Buddhist chortens/stupas lining a mountain path with a dramatic, snow-capped Himalayan peak towering in the background under a clear blue sky — a profoundly majestic and serene composition that evokes a sense of grandeur, spiritual calm, and wonder.",6,3,none,1,1,5,1,2,2,5
awe_09141,"A seagull floating on calm ocean water with wings slightly raised and food in its beak conveys a quiet, natural moment — mildly engaging but largely peaceful and unremarkable.",5,2,none,1,1,2,2,2,2,3
amusement_04293,"A packed roller coaster mid-inversion against a bright blue sky conveys intense thrilling excitement and slight fear — high energy, high arousal, and moderately positive valence with an edge of danger.",5,5,people_present,3,1,4,4,2,5,3
fear_09911,"The image shows a horror DVD collection box featuring a glowing blue skull surrounded by lightning bolts and blood-dripping red text — strong visual cues of dread, menace, and dark excitement.",2,4,none,4,3,2,1,1,4,2
sadness_09213,"A person lies alone in deep shadow, lit by a cold, dim light, holding what appears to be a phone — the scene's stark chiaroscuro, isolation, and stillness evoke a heavy, melancholic mood.",2,2,prominent_faces,1,1,2,1,1,1,3
sadness_05689,"The crumbling stone castle ruins under a pale, overcast sky evoke a melancholic, quietly haunting atmosphere — the decay, emptiness, and bare trees suggest passage of time, loss, and solemnity.",2,2,none,2,1,3,1,1,1,3
amusement_11842,A cheerful group of people in Santa/Christmas costumes smiling and posing in the rain evokes amusement and light-hearted excitement despite the gloomy weather.,6,3,prominent_faces,1,1,3,5,4,3,3
sadness_10850,"A young man sits alone on public transit at night, head down, wearing earbuds and holding a bright neon Nike bag — the dim, enclosed setting and his withdrawn, downcast posture evoke a quiet, subdued melancholy.",3,2,prominent_faces,1,1,2,1,2,1,2
awe_10343,"The image shows an elaborately gilded Baroque altar with a Black Madonna statue — a visually stunning, sacred, and grandiose religious setting that inspires reverence and awe through its intricate craftsmanship and spiritual gravitas.",6,3,none,1,1,4,1,3,2,5
contentment_09551,"A smiling woman in a soft white linen shirt holds a large pastel-pink hydrangea bloom close to her face, creating a scene of gentle joy and serene beauty with no tension or threat present.",6,2,prominent_faces,1,1,2,2,5,2,5
sadness_10540,"A man sitting with arms crossed and a sullen, downturned expression on his face conveys a brooding, negative mood — likely displeasure or low-grade hostility — with little energy or warmth in the scene.",2,2,prominent_faces,2,1,1,1,1,1,2
disgust_08945,"A crushed, discarded Coca-Cola can lying in dirty melting snow evokes a sense of neglect, decay, and environmental carelessness — the dominant feeling is melancholic and mildly repulsive.",2,2,none,1,3,2,1,1,1,2
anger_02049,"A bloodied bull with banderillas embedded in its back charges a matador's red cape in a sandy arena — the visible wounds and violent confrontation generate strong negative valence, high threat, and moderate disgust, while the dynamic movement and cultural spectacle add energy and slight novelty.",2,4,people_present,5,4,3,1,1,4,2
awe_09885,"The image depicts majestic snow-capped mountains (likely the Maroon Bells in Colorado) reflected in a calm alpine lake, framed by dense evergreen forests and a deep blue sky — a grand, serene natural scene that evokes a sense of overwhelming grandeur and quiet reverence.",6,3,none,1,1,5,1,3,2,5
excitement_13926,A group of hikers standing on a rocky coastal summit with a sweeping panoramic view of sea and distant mountains under a dramatic sky evokes a sense of grandeur and expansive freedom.,6,3,people_present,2,1,4,2,2,3,4
excitement_18066,"Several men are laughing and tumbling through a muddy water obstacle, clearly mid-chaos but visibly amused, evoking high-energy fun despite the dirty, messy conditions.",6,4,prominent_faces,2,3,3,5,3,5,2
awe_06081,"A fluffy white mountain goat gazes directly at the camera from a rocky ledge with green foliage behind it — the scene is charming and visually appealing, evoking mild delight and contentment with no threat or negativity.",6,2,none,1,1,3,2,4,2,4
anger_09351,"A decimated urban cityscape engulfed in fire, thick black smoke, and crumbling skyscrapers conveys overwhelming dread and despair, with small helpless figures dwarfed by the apocalyptic destruction.",1,5,people_present,5,2,4,1,1,5,3
awe_09430,"A sweeping full rainbow arching over a lush green Irish/Scottish countryside road with yellow wildflowers evokes a profound sense of awe and serene contentment — the rare natural spectacle combined with peaceful, open landscape creates uplifting wonder.",6,3,none,1,1,5,2,4,2,5
anger_05001,"A young lion cub caught mid-yawn with its mouth wide open and teeth bared creates a visually striking and slightly unsettling yet amusing scene — the raw display of teeth and open jaws triggers mild threat perception while the juvenile, fluffy appearance and relaxed posture add a playful, engaging quality.",5,4,none,3,1,3,4,3,4,4
awe_06487,"The psychedelic, hyper-saturated cityscape with explosive rainbow colours radiating across towering skyscrapers and a surreal sky creates an overwhelming sense of grandeur and visual wonder that transcends ordinary urban photography.",6,5,none,1,1,5,3,2,5,5
anger_07204,"Two boxers in an intense sparring match, mid-punch exchange with visible strain and aggression on their faces, conveying high physical intensity and competitive confrontation.",3,5,prominent_faces,4,1,2,1,1,5,3
fear_13435,"A large commercial building is engulfed in smoke and fire with a fire truck barely visible through thick white and grey smoke billows, conveying an active emergency disaster scene that is threatening, chaotic, and distressing.",2,5,people_present,5,2,3,1,1,5,2
disgust_02070,"A small, camouflaged moth rests on a decayed, rust-and-lichen-covered surface — the muted tones, stillness, and organic decay create a subdued, slightly unsettling yet quietly fascinating mood.",3,2,none,1,2,3,1,1,1,3
sadness_02195,"A weathered gravestone in an overgrown, leaf-strewn cemetery setting evokes quiet melancholy and solemnity — the muted colours, bare trees, and memorialisation of the dead create a subdued, somber atmosphere.",2,2,none,1,1,2,1,1,1,2
contentment_04791,"A lone young woman sits partially submerged in a calm, expansive ocean with soft light and flowing hair, evoking a mood of quiet, wistful contemplation and serene solitude.",5,2,prominent_faces,1,1,2,1,3,2,5
disgust_08784,"A close-up macro shot of a spotted moth resting on weathered wood — the creature's unusual black-dotted white-and-tan patterning and fine leg details are visually striking and mildly unsettling for those with entomophobia, but the subject is otherwise calm and non-threatening.",3,3,none,2,3,3,1,1,1,3
awe_04314,"The image shows the Peter and Paul Fortress in Saint Petersburg across a partially frozen Neva River under a vivid deep-blue winter sky — a grand, historically majestic architectural scene that evokes a sense of solemn grandeur and awe.",6,3,none,1,1,4,1,2,2,5
sadness_10772,"A young man sits hunched with his head buried in his hands on active railway tracks under a brooding, overcast sky — a posture and setting that powerfully conveys despair, hopelessness, and potential danger, evoking a deeply negative, low-energy emotional response.",1,2,people_present,4,1,2,1,1,1,3
excitement_11575,"A young child is mid-jump in a sunny open field, arms spread wide and laughing with pure, uninhibited joy — the scene radiates carefree exuberance and high positive energy.",7,4,prominent_faces,1,1,2,5,5,5,4
anger_04825,"A dramatic historical reenactment scene of Scottish Highland soldiers firing muskets in formation, producing visible smoke and muzzle flash — energetic, visually striking, and moderately thrilling without depicting real harm.",5,4,prominent_faces,3,1,4,2,2,5,4
contentment_15238,"A young woman sits peacefully alone among lush green ferns in an open meadow, quietly examining a vintage camera — the scene radiates gentle solitude, calm creativity, and a quiet connection with nature, evoking a soft contentment.",5,2,prominent_faces,1,1,2,2,4,2,4
disgust_06226,"A dark, gloomy nighttime street scene dominated by rows of bulging black garbage bags on a sidewalk — the visual is unpleasant, low in warmth, and evokes a sense of urban neglect and mild repulsion.",2,2,none,1,4,2,1,1,1,1
anger_02669,"A protest march with people carrying banners in multiple languages opposing a government plan, conveying collective frustration and civic discontent in an arid urban setting.",2,4,prominent_faces,2,1,2,1,2,4,2
anger_04011,"A tiger mid-yawn with wide-open jaws, prominent fangs, and a lolling tongue dominates the frame — the raw power and sharp teeth register as both threatening and oddly comical, creating a tense yet slightly playful affect.",3,4,none,4,1,3,3,1,4,4
sadness_03458,"A middle-aged woman sits alone at a cafe table, eyes downcast, chin resting on clasped hands in a pensive, introspective pose — the monochrome palette, low-key lighting, and withdrawn body language evoke quiet melancholy or subdued contemplation.",2,2,prominent_faces,1,1,2,1,2,1,4
excitement_00902,"A lone surfer in a wetsuit rides a crashing wave in grey, overcast conditions — the active, dynamic scene conveys excitement and energy, though the cold, muted tones and solitary figure temper warmth and playfulness.",6,4,people_present,2,1,3,3,2,5,3
awe_07526,"A spectacular panoramic view of massive waterfalls (likely Iguazú) with a vivid full rainbow arching over churning mist and lush jungle — the sheer scale, natural grandeur, and rare optical phenomenon combine to create an overwhelming sense of wonder and sublimity.",6,4,none,2,1,5,1,3,5,5
excitement_01876,"A group of football players in light blue kits celebrate together — one jumping onto teammates — conveying shared joy, triumph, and high energy after scoring a goal.",6,4,people_present,1,1,2,3,4,5,3
amusement_08462,"The golden-hour light bathing the London Eye and Thames riverbank creates a sweeping, majestic scene that evokes grandeur and wonder, with the iconic giant Ferris wheel dominating a dramatic, cloud-streaked sky.",6,3,none,1,1,4,2,3,2,4
anger_00888,"A dog wearing a recovery cone (e-collar) is resting on a blue mat, suggesting post-surgical recovery — evoking mild sadness and sympathy, but also a touch of playful amusement at the cone situation.",3,2,none,1,1,2,2,3,1,2
amusement_18497,"The image shows a dense web of warm red and amber string lights glowing against a dark background, evoking a cozy, festive, and slightly mysterious atmosphere — the deep crimson hues and tangled wire shapes add a subtle eerie undercurrent beneath the overall warmth.",5,3,none,2,1,3,2,4,2,4
fear_11029,"A highly detailed zombie costume with gore makeup, exposed teeth, chains, and fake blood dominates the frame — designed to repulse and unsettle, yet the convention/cosplay context adds a layer of theatrical playfulness.",2,4,prominent_faces,4,5,3,2,1,3,2
fear_12572,"A cream-and-apricot cat with striking blue eyes rests its chin on a surface and gazes softly at the camera against a lush green backdrop, evoking gentle calm and quiet contentment.",6,2,none,1,1,2,2,4,1,4
awe_08654,"A vivid macro shot of a honeybee actively foraging on a brilliantly orange flower fills the frame with rich colour and intricate natural detail, evoking a sense of wonder and peaceful appreciation of nature's beauty.",6,2,none,1,1,4,2,4,2,5
sadness_10874,"Frost-covered, dead sunflowers drooping over a bleak, snow-dusted field under a flat grey sky evoke a strong sense of melancholy and desolation — life extinguished by harsh cold.",2,2,none,1,1,2,1,1,1,3
awe_06403,"This sweeping aerial view of vast glaciers, snow-capped mountain ranges, and vivid turquoise fjords conveys overwhelming grandeur and natural majesty, evoking a sense of awe through its immense scale, pristine beauty, and otherworldly remoteness.",6,4,none,1,1,5,1,1,3,5
contentment_08735,"A tranquil river scene with a neat row of weathered wooden posts stretching into the distance, each topped with a resting seagull, framed by lush green summer trees — the orderly, peaceful composition evokes quiet contentment and gentle wonder.",6,2,none,1,1,3,2,4,2,4
sadness_02653,"A young boy lying in bed looking subdued and unwell, clutching an Angry Birds plush toy — the quiet, still scene with his flat, tired expression evokes a melancholic, low-energy feeling of sadness or illness.",2,1,prominent_faces,1,1,2,2,3,1,3
disgust_02720,"The image shows a close-up of an open mouth with heavily coated, inflamed tongue and oral mucosa suggesting infection or disease, evoking strong disgust and mild discomfort with no aesthetic appeal.",1,3,people_present,3,5,2,1,1,1,1
amusement_04290,"A brilliantly lit green Ferris wheel against a pitch-black night sky creates a striking, vibrant spectacle that evokes wonder and exhilaration through its scale, symmetry, and electric neon glow.",6,4,none,1,1,4,4,2,4,5
disgust_10015,"The image depicts a landfill/waste dump site with garbage trucks and workers surrounded by large piles of refuse and trash bags, evoking feelings of disgust and sadness due to the overwhelming presence of waste and difficult working conditions.",2,2,people_present,2,4,2,1,1,2,1
contentment_01356,"A woman gently smells a vivid red rose at what appears to be a romantic dinner setting, evoking quiet pleasure, intimacy, and tender contentment.",6,2,prominent_faces,1,1,2,2,5,1,5
fear_05750,"The image shows a heavily corroded, rusted bolt or fastener embedded in degraded, decaying metal with peeling paint and grime — the deterioration and filth evoke a strong sense of disgust and mild unease.",2,2,none,2,4,2,1,1,1,1
anger_05077,"A male lion roaring with wide-open jaws and fully bared fangs dominates the frame, conveying raw power and an immediate sense of threat that triggers high arousal and negative valence.",2,5,none,5,2,3,1,1,5,3
sadness_07841,"A man reclines quietly on a couch or bed, arms crossed and gaze directed away, conveying a subdued, introspective, or melancholic mood — low energy, inward-focused, and emotionally muted.",3,2,prominent_faces,1,1,2,1,2,1,3
excitement_15563,"A mountain biker mid-air on a forest trail radiates high-energy excitement — the airborne moment, competitive race number, and dynamic body position create a thrilling, energetic scene.",6,4,prominent_faces,2,1,3,3,2,5,4
excitement_18628,"A vibrant, colorful scene of a woman in a neon green wig holding a rainbow umbrella at what appears to be a Pride celebration — the bold colors, expressive gesture, and festive costume radiate high-energy joy and excitement.",6,4,prominent_faces,1,1,3,5,4,5,4
awe_13742,"A full rainbow arching over a tropical urban park with palm trees and blue sky evokes uplifting wonder and serene beauty, dominated by awe and quiet contentment.",6,2,none,1,1,4,2,4,2,4
disgust_05469,"A large, overflowing pile of garbage bags and loose rubbish dumped on a city pavement evokes a strong sense of disgust and urban decay, with the visual disorder and implied smell reinforcing a deeply negative, repulsive response.",2,3,none,2,5,2,1,1,2,1
sadness_12493,"A close-up top-down view of white daisies with golden centres nestled in lush green grass evokes gentle contentment and quiet natural beauty, with no threat, no people, and a soft, peaceful atmosphere.",6,2,none,1,1,2,2,4,2,4
contentment_13160,"Four young women laughing and lounging together in a lush garden with wine glasses, radiating warmth, joy, and relaxed social connection — evoking a strong positive, feel-good emotional response.",7,3,prominent_faces,1,1,2,4,5,3,4
anger_05856,"A woman in a quirky spiked hat energetically points upward while holding a political campaign sign on a busy city street, conveying lively, slightly comedic activist enthusiasm.",5,4,prominent_faces,1,1,3,4,3,4,3
fear_07845,"A wildly bizarre monster-faced parade vehicle with multiple bulging eyes, jagged teeth, and a gaping maw — simultaneously grotesque and whimsical, evoking both unsettled amusement and mild revulsion.",4,4,people_present,3,3,5,4,1,4,3
amusement_10206,"A festive holiday promotional image featuring a shiny red jingle bell ornament with pine branches, gold ribbon, and sparkling bokeh lights evokes warmth, cheer, and celebratory contentment typical of Christmas imagery.",6,2,none,1,1,2,3,5,2,4
sadness_06162,"A solitary elderly man sits in quiet, contemplative thought with his hand to his chin, conveying introspection and a muted, subdued emotional tone — the black-and-white palette and still composition reinforce a pensive, perhaps melancholic mood.",3,2,prominent_faces,1,1,2,1,2,1,3
awe_04449,"A tranquil tropical sunset framed by silhouetted trees and mountains over calm water evokes deep serenity and quiet grandeur, with warm golden light and majestic scale inspiring reverence and wonder.",6,2,none,1,1,4,1,4,2,5
disgust_03661,"A close-up macro shot of a jumping spider staring directly into the camera with large forward-facing eyes creates an unsettling, slightly threatening encounter that many viewers find instinctively alarming or repulsive, despite the spider's relatively small size.",2,4,none,3,3,3,1,1,2,3
sadness_10261,"The image shows a worn, dirty, abandoned-looking yellow vehicle with cracked and darkened headlights surrounded by overgrown vegetation, evoking a sense of neglect and mild melancholy.",2,2,none,1,2,2,1,1,1,2
contentment_15355,"A warm, nostalgic scene of an adult and young child fishing together by a calm waterway, evoking gentle contentment and familial warmth.",6,2,prominent_faces,1,1,2,3,5,2,3
excitement_05002,"A dense, sunny outdoor crowd scene with multiple smiling people flashing peace signs conveys high positive energy, social joy, and festive excitement.",6,4,prominent_faces,1,1,2,5,4,4,3
anger_01101,"A protestor passionately shouts while holding a sign opposing policies harming Afro-Colombian communities, conveying strong activism, urgency, and righteous indignation — the dominant feeling is intense emotional arousal tied to injustice and resistance.",2,5,prominent_faces,2,1,2,1,2,5,3
awe_09504,"A serene alpine winter scene with snow-covered firs, a crisp blue sky, and a majestic mountain peak evokes quiet wonder and peaceful contentment, with grandeur lending a mild sense of awe.",6,2,none,1,1,4,1,3,1,5
contentment_10885,"Two young girls sharing a smartphone together in an outdoor social setting radiate warmth and gentle joy — the close physical contact, shared focus, and calm expressions evoke quiet contentment and affection.",6,2,prominent_faces,1,1,2,3,5,2,4
excitement_16978,"A group of people in helmets and life jackets are white-water rafting through violent, churning rapids, conveying high-energy excitement and mild physical danger, with collective effort and apparent exhilaration on their faces.",6,5,prominent_faces,3,1,3,3,2,5,4
amusement_09837,"A large, grinning crocodile theme-park character costume waving at the camera in a colorful fairground setting — the oversized cartoonish face, toothy smile, and playful wave create an overwhelmingly fun and lighthearted mood with no real threat.",6,3,none,1,1,2,5,3,3,3
anger_00154,"A middle-aged bearded man wearing glasses looks away with a serious, somewhat weary expression in a dimly lit social setting, evoking a quiet melancholy or subdued contemplation.",3,2,prominent_faces,1,1,2,1,2,1,2
sadness_01589,"A lone woman tenderly handles withered, dead flowers in a dim, moody room filled with bare twisted branches and an antique lamp — the decaying flora, cool blue lighting, and quiet solitude evoke a melancholic, contemplative atmosphere.",2,2,prominent_faces,1,1,3,1,2,1,3
fear_09863,"The image shows a heavily processed, edge-detected view of what appears to be a jack-o'-lantern or menacing face rendered in deep crimson red with neon green and dark purple accents against a near-black background — the grinning, distorted visage combined with the blood-red palette and eerie glow creates a strongly unsettling, threatening atmosphere.",2,4,none,4,2,4,1,1,3,
anger_10579,"A massive wall of fire dominates the foreground while a specialized fire-fighting vehicle sprays suppressing agent — the dramatic, dangerous blaze creates intense arousal, threat, and visual energy despite the controlled response context.",2,5,none,5,1,4,1,1,5,3
awe_00338,"A majestic, symmetrical Mount Fuji bathed in warm sunrise/sunset hues with a snow-capped peak against a deep blue sky evokes overwhelming grandeur and serene awe — the vast scale, dramatic color contrast, and iconic beauty inspire elevated, reverent emotion.",6,3,none,1,1,5,1,3,2,5
sadness_08252,"The black-and-white portrait of a young man with a brooding, introspective expression — resting his head on clasped hands and staring pensively into the camera — evokes a quiet melancholy and emotional heaviness.",2,2,prominent_faces,1,1,2,1,2,1,3
awe_08926,"A tranquil sunset silhouette of traditional fishing boats on calm water with warm orange-red skies evokes a serene, contemplative mood tinged with quiet wonder at the natural beauty.",6,2,people_present,1,1,4,1,4,2,5
anger_03512,"A decorated veteran/ceremonial figure named Carmichael, wearing military-style uniform with medals, a sash, and a cap, gesturing with authority at what appears to be an outdoor event — the scene conveys pride and dignified engagement, evoking mild positive arousal and respect.",5,3,prominent_faces,1,1,3,2,3,3,3
disgust_08597,"A large, hairy orb-weaver spider dominates the frame in sharp macro detail against its web, evoking a visceral sense of creepiness and potential threat that most viewers associate with arachnophobia.",2,4,none,4,4,3,1,1,2,3
anger_09123,"A man in a tense shooting stance aims a handgun with focused intensity, evoking strong threat and danger signals that dominate the emotional response.",2,5,prominent_faces,5,1,2,1,1,5,3
sadness_09848,"The stark black-and-white street photograph shows a solitary, hunched elderly figure caught in a dramatic diagonal shaft of light amid deep shadow, evoking loneliness and melancholy.",2,2,people_present,1,1,3,1,1,2,4
contentment_06050,"A couple sitting closely together in a golden meadow, sharing a warm, smiling gaze — the scene radiates quiet intimacy and contentment, with soft natural tones and relaxed body language reinforcing a deeply pleasant, peaceful emotional tone.",6,2,prominent_faces,1,1,2,2,5,2,4
excitement_15102,"A lively masquerade party scene with people dancing, wearing elaborate masks and festive costumes, holding drinks — the dominant feeling is joyful excitement and social energy.",6,4,prominent_faces,1,1,3,5,4,5,3
excitement_14305,"A joyful, colorful Pride parade scene with a smiling cyclist wearing rainbow accessories and a ""LOVE"" shirt waving enthusiastically at the camera, surrounded by a festive crowd and a charity banner — radiating celebration and high positive energy.",7,4,prominent_faces,1,1,3,5,5,5,4
excitement_10219,"The image shows two smiling people at what appears to be a lively outdoor Pride parade, holding flags in bright sunlight, conveying a strong sense of joy, community, and positive social energy.",6,3,prominent_faces,1,1,2,4,4,3,3
amusement_09081,"A vibrant superhero-themed 10th birthday party setup bursting with bold primary-colored balloons, comic-style ""POW"" cookies, and festive decorations — the scene radiates celebratory joy and childlike fun, evoking strong positive excitement and playfulness.",7,4,none,1,1,3,5,4,4,4
amusement_16353,"A sun-bleached ferris wheel against a soft teal sky evokes nostalgic fairground joy — cheerful, leisurely, and mildly thrilling without any tension or threat.",6,3,none,1,1,2,4,3,3,4
amusement_09007,"Two costumed Disney park performers (Peter Pan and the Mad Hatter) engage in a playful, comedic interaction in a bright, cheerful theme-park setting, evoking lighthearted amusement and fun.",6,3,prominent_faces,1,1,3,5,4,3,3
awe_03017,"A vividly colourful rainbow lorikeet perched calmly on a branch against a soft bokeh green background — the rich, varied plumage and serene posture evoke delight and quiet admiration.",6,2,none,1,1,4,3,4,2,5
disgust_02594,"The image of used, crushed cigarette butts in a grimy metal ashtray evokes a sense of unpleasantness and mild disgust, with connotations of decay, bad habits, and desolation — the dark, moody lighting and ash residue amplify feelings of bleakness and repulsion.",2,2,none,2,4,2,1,1,1,
excitement_01831,"A group of young people at what appears to be a lively social event (Limmud festival) are laughing, cheering, and embracing — radiating high-energy collective joy and excitement.",7,5,prominent_faces,1,1,2,5,5,5,4
excitement_11859,"Two flamboyantly costumed performers in bold red outfits at Brighton Pride March radiate joyful celebration, humor, and festive energy, evoking strong positive affect and playful amusement.",6,4,prominent_faces,1,1,4,5,4,4,4
sadness_04106,"Two people watching a cricket match with serious, contemplative expressions — the woman resting her chin on her hand — conveys a quiet, slightly tense attentiveness rather than joy or excitement, evoking mild wistfulness or subdued concern.",3,2,prominent_faces,1,1,2,1,2,2,3
excitement_08210,"A lively live concert stage (SAS Bal 2009) with vibrant colored lighting, performers playing saxophone and keyboards, singing — the scene radiates high energy and excitement typical of a festive music event.",6,4,prominent_faces,1,1,2,3,3,5,3
excitement_09071,"A young girl is laughing with pure, uninhibited joy outdoors, her wide smile and bright expression radiating infectious happiness and warmth.",7,4,prominent_faces,1,1,2,5,5,4,5
amusement_11124,"Children laughing and smiling while encountering fluffy alpacas at a fence on a crisp, frosty morning evokes a warm, playful, and joyful scene full of delight and gentle excitement.",6,3,prominent_faces,1,1,3,5,4,3,4
anger_07644,"A slow-moving ground fire creeps through a pine forest with visible flames, charred earth, and rising smoke — creating a tense, threatening atmosphere dominated by danger and destruction.",2,4,none,5,1,3,1,1,4,2
amusement_04566,"A brightly lit carnival swing ride captured with motion blur at night conveys thrilling, festive energy — the swirling lights and dynamic movement spark excitement and a sense of wonder.",6,5,none,1,1,4,5,3,5,4
fear_04059,"The image shows people in graphic zombie/horror costumes with realistic fake blood and wound makeup in a public setting, evoking a mix of disgust and unsettled unease alongside an underlying playfulness of a Halloween-style event.",2,4,prominent_faces,4,4,3,3,1,3,2
anger_00632,"A large tiger is lying down in sunlight with its mouth wide open and tongue extended in what appears to be a yawn — the animal's raw power and sharp teeth create mild unease, but the relaxed posture and warm golden coat also lend a sense of majestic calm and beauty.",5,4,none,3,1,4,2,3,3,5
amusement_13050,"A vivid, colourful tunnel of densely packed balloons on a sunny green lawn evokes a cheerful, playful, carnival-like atmosphere with high visual energy and strong aesthetic appeal.",6,4,none,1,1,4,5,4,4,4
excitement_13427,"A man is gleefully showing off a giant novelty Multnomah County Library card with his name ""Mikey"" written on it at what appears to be an outdoor fair, his wide-open mouth and huge grin radiating infectious excitement and playful humor.",6,4,prominent_faces,1,1,3,5,4,4,3
disgust_01924,"The image shows a large, heavily overripe and rotting tomato with blackened stem and wrinkled, decomposing skin on a plain white plate — the decay is visually unpleasant and likely evokes mild repulsion.",2,2,none,1,4,2,1,1,1,1
fear_01515,"A small black-and-white cat walks alone away from the viewer through a narrow, dimly lit stone tunnel, evoking a sense of mystery, mild unease, and loneliness — the dark confined passage and isolation produce a subtly ominous, melancholic atmosphere.",3,3,none,3,1,3,1,1,2,3
contentment_11555,"A bride in a white wedding gown holding an elegant white floral bouquet evokes warmth, elegance, and joyful occasion, dominated by feelings of romantic contentment and celebration.",6,2,people_present,1,1,2,1,5,2,5
contentment_01494,"A vividly plumaged male ring-necked pheasant strides purposefully across muddy ground bordered by lush green grass — the bird's rich copper, iridescent blue-green, and spotted feathers create a striking natural spectacle that evokes quiet admiration and contentment in a peaceful rural setting.",6,2,none,1,1,3,2,3,2,
disgust_04935,"A well-camouflaged moth resting on rough tree bark covered in lichen evokes quiet fascination — the hidden creature blends almost perfectly into the textured surface, creating a subtle sense of wonder and intrigue at nature's camouflage, with an overall calm, earthy, naturalistic mood.",5,2,none,1,1,4,2,2,1,3
disgust_10606,"A large pile of litter and waste dumped along a deteriorating urban street wall evokes strong disgust and sadness — the filth, decay, and neglect dominate the scene's emotional tone.",2,3,people_present,2,5,2,1,1,2,1
sadness_01413,"A large male lion sits calmly yet alertly in open savanna grass, projecting raw natural power and a latent sense of danger — evoking a mix of awe at its majesty and a subtle undercurrent of fear due to its predatory nature and close proximity.",5,4,none,4,1,4,1,2,3,4
contentment_02398,"The scene — a dark ceramic mug, a pen, and red holly berries resting on a soft knitted textile — radiates quiet, cozy domesticity, evoking a sense of calm contentment and comfort with no threat or negativity present.",6,1,none,1,1,2,2,5,1,4
awe_03964,A vast sunflower field stretching to distant mountains under a dramatic pink-purple sunset sky evokes expansive beauty and quiet wonder — the scale and color palette inspire awe and serene contentment.,6,3,none,1,1,5,1,4,2,5
awe_03098,"A group of people silhouetted on a boat gliding across a glassy river at golden sunrise evokes a profound sense of tranquil awe — the vast, hazy sky, the perfect sun reflection, and the communal journey combine to produce serene wonder and peaceful uplift.",6,2,people_present,1,1,4,1,4,2,5
sadness_02576,"A dead, eviscerated baby bird lying on brick pavement with exposed viscera and signs of decomposition/infestation, evoking strong disgust and sadness.",1,3,none,2,5,2,1,1,1,1
disgust_03154,"The close-up of heavily rusted, pitted metal with mottled orange-brown decay evokes a visceral sense of deterioration and repulsion — the dominant feeling is unease bordering on disgust, driven by the organic-looking corrosion spreading across a degraded surface.",2,2,none,2,4,2,1,1,1,2
anger_01871,"A large, explosive bonfire with cascading sparks and motion-blurred figures wielding a pole through the flames at night — the raw power, danger, and spectacle of the fire creates an intense, high-energy scene with both thrilling and threatening qualities.",5,5,people_present,4,1,4,2,2,5,4
excitement_09551,"A young child is gleefully splashing at the bottom of a water slide, mouth wide open in laughter — the scene radiates pure joy, high energy, and carefree summer fun.",7,4,prominent_faces,1,1,2,5,4,5,3
contentment_09541,"A vividly orange-red crossbill perched calmly on red branches against a soft green background evokes quiet contentment and natural beauty, with warm saturated colors and a serene, still composition.",6,2,none,1,1,3,2,4,2,4
contentment_12227,"Four young children are holding a large snake together outside a school, showing a mix of curiosity, mild apprehension, and delight — an energetic, slightly edgy but largely playful scene.",5,4,prominent_faces,3,2,4,4,3,4,3
sadness_11255,"A weathered stone cemetery monument with skulls and a coffin carved into its base evokes solemnity and quiet melancholy, with mildly unsettling funerary symbolism set against an overcast sky.",2,2,none,2,2,3,1,1,1,2
fear_07793,"The black-and-white image of a dark, decaying barn under stormy skies with bare, skeletal tree branches creates a deeply foreboding and unsettling atmosphere, evoking dread and unease through its low-key lighting, dilapidation, and gothic composition.",2,4,none,4,2,3,1,1,3,3
fear_11271,"The image shows a person in elaborate zombie/horror makeup with exposed, bloody teeth and gory facial prosthetics — visually repulsive and unsettling, evoking strong disgust and mild fear, though the costume context (bunny ears, wig) adds a slight theatrical/playful edge.",2,4,prominent_faces,4,5,3,2,1,3,2
excitement_14584,"Two joyful people wearing rainbow Pride crowns, laughing and waving at a festive outdoor parade — the scene radiates high-energy celebration and infectious happiness.",7,4,prominent_faces,1,1,2,5,5,5,4
awe_10751,"A sweeping panoramic beach at golden-hour sunset, with calm waves, warm reflected light on the water, and a tranquil empty shoreline — evoking a sense of vast, serene beauty and quiet grandeur.",6,2,none,1,1,4,1,4,2,5
sadness_07999,"The image shows a partially renovated brick wall with exposed construction materials (Grace Ice & Water Shield barrier), rough wooden beams, and a rustic wooden shelf — evoking a sense of decay, neglect, or mid-demolition disarray that feels mildly melancholic and unsettling.",2,2,none,2,2,2,1,2,1,2
anger_06589,"The image shows a political protest banner with strong oppositional messaging (""Stop Bush""), evoking a sense of collective anger, urgency, and social discontent — the bold black-and-red color scheme and confrontational language amplify the emotionally charged, adversarial tone.",2,4,people_present,2,1,2,1,1,4,2
awe_05188,"A single candle flame glowing in near-total darkness on a cold stone floor evokes quiet solemnity and melancholy — the fragile light surrounded by deep shadow conveys isolation, mourning, or contemplative sadness.",2,2,none,1,1,2,1,2,1,4
disgust_01413,"A messy, bubbling spill of a brown liquid (likely coffee or tea) on a wooden floor evokes a strong sense of repulsion and unpleasantness due to its viscous, foamy, and somewhat organic appearance.",2,3,none,1,4,2,1,1,2,1
contentment_12289,"A large, chubby tabby cat looms close to the camera with a hilariously grumpy/unimpressed expression, while a person with glasses peeks out in the background — the comedic composition and the cat's deadpan face are the dominant emotional drivers, inviting amusement.",6,2,prominent_faces,1,1,2,4,4,2,3
fear_11497,A movie still from DarkStorm Films showing a person lying on the ground covered in blood with gruesome facial wounds — clearly horror/special-effects makeup — evoking strong disgust and fear responses with very negative valence.,1,4,prominent_faces,5,5,3,1,1,2,1
anger_07277,"A dramatic nighttime cannon-firing display with vivid muzzle blast, fire, smoke, and costumed performers creates an intense, high-energy spectacle that is visually striking and thrilling rather than threatening — evoking excitement and awe.",6,5,people_present,2,1,4,2,3,5,4
anger_11080,"A bullfight scene showing a matador tightly pressed against a bleeding bull mid-pass — the visceral danger, bloodshed, and cultural controversy evoke strong negative arousal through threat, disgust, and intense physical confrontation.",2,5,people_present,5,4,3,1,1,5,2
excitement_01344,"A young girl is laughing joyfully while playing with a colorful beach ball and a spiky toy, radiating pure excitement and delight — the dominant feeling is high-energy, positive exhilaration.",7,5,prominent_faces,1,1,2,5,4,5,4
amusement_02845,"A vibrant carnival/fairground scene bursting with colorful clown figures, a bold ""MAGIC"" sign, and festive decorations under a clear blue sky — the dominant feeling is gleeful excitement and amusement driven by the playful, loud, visually stimulating carnival atmosphere.",6,4,none,1,1,3,5,3,4,3
disgust_05564,"A dense pile of filthy, crushed, and mud-caked plastic bottles and packaging waste evokes strong repulsion and environmental despair, with no redeeming warmth or beauty.",2,3,none,2,4,2,1,1,2,1
sadness_00796,"A cemetery angel cherub statue beside a wooden cross with soft sunrays filtering through autumn trees evokes quiet, bittersweet solemnity — peaceful yet tinged with grief and spiritual longing.",3,2,none,1,1,2,1,3,2,4
contentment_06777,"A lively flock of colourful chickens roaming a green, grassy enclosure evokes a pleasant, rustic charm — the active birds, varied plumage, and pastoral setting feel cheerful and gently amusing without any threat or negativity.",6,2,none,1,1,2,4,4,3,3
sadness_04018,"An elderly man sits alone on a public bus, dressed formally but wearing a heavy, serious expression — his downcast eyes and stern face, combined with the solitary setting and muted tones, evoke a quiet, melancholic mood.",2,2,prominent_faces,1,1,2,1,2,1,3
amusement_05247,"A fluffy vicuña/alpaca contentedly chewing on a twig with eyes half-closed in apparent bliss — the expression is inherently comic and endearing, evoking amusement and lighthearted warmth.",6,2,none,1,1,3,4,4,2,4
anger_07339,"A nighttime protest scene showing people shouting and raising fists with signs referencing a fatal police shooting — the crowd's intensity, open-mouth yelling, and charged political context radiate collective anger and high emotional arousal.",2,5,prominent_faces,3,1,2,1,1,5,2
disgust_05795,"The ghostly, fragmented reflection of a human face on a cracked, dirty glass surface against a murky purple-grey sky with bare trees evokes a strong sense of unease, melancholy, and psychological tension — the dissolution of identity and obscured presence feel deeply unsettling and sorrowful.",2,3,prominent_faces,3,2,4,1,1,2,3
amusement_06332,"A bearded man in a Santa hat tenderly examines golden Christmas ornaments on a decorated tree, radiating quiet holiday joy and warm nostalgia — the dominant feeling is gentle contentment and warmth.",6,2,prominent_faces,1,1,2,3,5,2,4
disgust_06981,"A tightly packed bale of crushed, dirty plastic waste and garbage evokes a strong sense of revulsion and unease — the chaotic compression of soiled, deformed refuse fills the entire frame with no relief, signaling environmental harm and filth.",2,3,none,2,5,2,1,1,2,1
sadness_09934,"A middle-aged bald man with furrowed brows and hand raised to his chin in a pensive, concerned, or troubled expression conveys a heavy, introspective, and mildly negative emotional tone.",3,2,prominent_faces,1,1,2,1,2,1,3
amusement_10287,"A neatly plated tropical fruit (likely jackfruit or mango slices) served with a Sprite Zero can and a glass of water on a dark table evokes a calm, pleasant sense of simple enjoyment and contentment.",6,2,none,1,1,2,2,3,1,4
sadness_09479,"A lone bearded man sits hunched on a wooden chair surrounded by draped fabric, head bowed and hand raised to his face in a contemplative or dejected posture, conveying isolation and low mood.",2,2,prominent_faces,1,1,2,1,2,1,2
contentment_05985,"A cheerful, sunlit park scene with two people feeding pigeons and a squirrel, one dressed in an eye-catchingly quirky all-pink outfit, evoking a light, amusing, and pleasant outdoor moment.",6,2,people_present,1,1,3,4,4,2,3
awe_01058,"A beautifully dressed couple in ornate traditional Indonesian wedding attire stand before an elaborate gold arch adorned with pink and white flowers, radiating joy, elegance, and cultural grandeur — evoking a strong sense of warmth, beauty, and celebratory positivity.",7,3,prominent_faces,1,1,4,2,5,2,5
anger_06308,"A young male lion with wide-open jaws, baring large fangs directly at the camera in a raw, confrontational display — the dominant feeling is visceral alarm/threat, amplified by the animal's predatory intensity and close framing.",2,5,none,5,1,3,1,1,4,3
anger_08240,"The image shows a man with a wide-open mouth, wild eyes, and dramatic dark lighting, conveying intense negative emotional arousal — likely rage or terror — making the scene unsettling and high-energy.",2,5,prominent_faces,4,1,2,1,1,5,2
anger_07954,"A dramatic sci-fi scene of giant mechanical tripod war machines firing red energy beams and lightning at London's Houses of Parliament and Big Ben amid explosions and chaos, evoking intense threat, danger, and spectacle.",2,5,people_present,5,1,5,1,1,5,4
fear_04007,"A digitally manipulated portrait of a man whose skull is cracked and crumbling like dried earth, lit in cold purple against pure black — the surreal body-horror imagery, dark tones, and eerie stillness evoke a strong sense of dread and unsettling unease.",2,4,prominent_faces,4,3,4,1,1,2,3
sadness_11584,"A visibly exhausted firefighter in heavily soiled gear sits slumped against a deteriorating wall, conveying deep physical and emotional depletion — likely after a disaster response — evoking heaviness and sorrow.",2,2,prominent_faces,2,1,2,1,1,1,2
awe_07003,"A row of seagulls huddled on a cold, icy winter boardwalk evokes a quiet, slightly melancholic calm — the muted grey-white palette, frozen water, and birds bunched together suggest stillness and mild desolation, with a subtle touch of charm from the birds' orderly grouping.",4,2,none,1,1,2,3,2,2,
amusement_18863,"A cheerful arrangement of bright yellow sunflowers with eucalyptus in a striped ceramic vase on a warm wooden table evokes a strong sense of contentment and domestic warmth, with no negative elements present.",6,2,none,1,1,2,2,5,2,4
sadness_08028,"A woman crouches solemnly at a gravestone in a sunlit cemetery, holding what appears to be a letter or note, with a red flower on the grave — the setting and posture convey quiet grief and introspection.",2,2,prominent_faces,1,1,2,1,2,1,3
excitement_10465,"A surfer in a full black wetsuit rides a churning, foamy wave with dynamic body posture — arms outstretched for balance — conveying high physical energy and excitement without any negative or threatening elements.",6,4,people_present,2,1,3,3,2,5,3
anger_10740,"The image shows an anti-war protest with signs reading ""Stop Funding the War,"" ""U.S. Out of Afghanistan Now,"" and ""War is Ugly, Betty"" — conveying civic frustration and moral indignation, tempered by a mildly humorous sign that lightens the mood slightly.",2,4,people_present,2,1,2,2,2,4,
sadness_03791,"A lone dark bird stands in a long, eerily quiet colonnade with crumbling ground and overgrown plants, evoking a melancholic, slightly eerie atmosphere of abandonment and solitude.",2,2,none,2,1,3,1,1,1,3
disgust_08827,"A moss-covered stone pit or grave-like structure receding into darkness, surrounded by fallen autumn leaves, evokes a somber, eerie, and slightly foreboding atmosphere — the darkness at the end of the shaft and the grave-like shape are unsettling.",2,3,none,3,2,3,1,1,1,2
disgust_10802,"A close-up of a rattlesnake's head with a slit pupil and visible pit organ dominates the frame, evoking instinctive unease and fear due to the perceived danger of a venomous predator staring directly at the viewer.",2,4,none,5,3,3,1,1,2,2
anger_06315,"A $100 bill actively burning conveys financial destruction and loss, evoking a strong negative emotional response tied to waste, ruin, and urgency amplified by the vivid open flame.",2,4,none,4,2,3,1,1,4,3
amusement_16177,"Children playing joyfully on a colourful inflatable bounce castle evokes a lively, carefree atmosphere of fun and excitement with no threat or negativity present.",6,4,prominent_faces,1,1,2,5,4,4,3
anger_08189,"A young person sits on a highway holding a Black Lives Matter sign with a raised fist and open mouth, conveying intense passionate protest — evoking strong emotional arousal tied to social justice urgency and righteous defiance.",3,5,prominent_faces,3,1,3,1,2,5,4
contentment_01113,"A wild cat perched on a log scratching itself with eyes contentedly closed evokes gentle amusement and lighthearted charm — the relaxed, self-grooming pose is inherently playful and endearing against a soft green backdrop.",6,2,none,1,1,3,4,4,2,4
awe_02840,"A sweeping aerial cityscape with a snow-capped volcano in the distance evokes a sense of grandeur and serene wonder — the vast sky, layered mountains, and glittering urban spread create a calm yet awe-inspiring mood.",6,2,none,1,1,5,1,3,2,5
amusement_00989,"A plump, fluffy European Robin perched calmly on a branch radiates gentle charm and natural beauty, evoking a quiet sense of contentment and warmth through its vivid orange breast and serene pose.",6,2,none,1,1,2,2,4,1,4
anger_04323,"A large, roaring bonfire burning a pile of brush in an open field at dusk evokes a primal mix of awe and mild unease — the towering flames are visually dramatic and energetic, set against a calm pastoral backdrop.",5,4,none,3,1,4,2,3,5,3
amusement_08748,"A brightly lit, ornate carousel filled with families and children riding decorative animal figures evokes a joyful, festive atmosphere with high playfulness and warmth.",6,3,prominent_faces,1,1,3,5,5,3,4
anger_06678,"A stone statue of a seated figure is surrounded by roaring flames and a smoke-choked cityscape of crumbling, burning buildings — the combination of destruction, desolation, and helpless stillness evokes a profound sense of grief and despair.",1,4,none,5,1,4,1,1,4,3
amusement_05817,"A warmly lit Christmas tree adorned with glittering ornaments in classic red and green evokes a cozy, nostalgic holiday contentment — festive yet calm and inviting.",6,2,none,1,1,2,3,5,2,4
awe_12041,"Two people stand gazing at a breathtaking panorama of snow-capped alpine peaks under a dramatic blue sky, evoking a strong sense of grandeur and wonder.",6,3,people_present,1,1,5,2,2,2,5
anger_04871,"The image shows a woman in elaborate zombie/horror makeup with fake blood covering her face, likely at a Halloween or zombie-walk event — visually striking and disturbing, evoking strong negative arousal through gore-like imagery despite being theatrical.",2,4,prominent_faces,4,4,3,2,1,3,2
contentment_07229,"A tiny kitten with eyes softly closed and a gentle expression is nestled in someone's hands, radiating peace, safety, and tenderness — evoking a strong sense of contentment and warmth.",6,1,people_present,1,1,2,2,5,1,5
amusement_06778,"A young woman is laughing warmly with her chin resting on her hand, holding a document — the scene radiates genuine delight and social ease, evoking a strong sense of lighthearted amusement.",6,3,prominent_faces,1,1,2,4,4,3,3
sadness_07382,"A dark, dimly lit mausoleum or columbarium corridor lined with funeral niches adorned with flower vases, with a coffin visible in the background — the scene is deeply somber, still, and evokes grief and unease.",2,2,none,2,1,2,1,1,1,2
amusement_15526,"Handmade Christmas cards with festive decorations (red/green palette, twine bow, ""BELIEVE"" tag, Christmas tree) evoke a cozy, nostalgic holiday contentment — warm, positive, and calm rather than intense or dramatic.",6,2,none,1,1,2,3,5,2,4
excitement_08396,"A woman rides a chestnut horse with flowing hair and dynamic movement at what appears to be an equestrian event, conveying a sense of active, skilled sport and graceful energy that feels broadly positive and lively.",6,4,prominent_faces,1,1,3,2,3,4,4
fear_07400,"The image depicts a decayed, abandoned room with peeling plaster, a worn chair, and debris-strewn floor — evoking a strong sense of melancholy, neglect, and loneliness, tempered only slightly by the soft light through the window and a small framed picture on the wall.",2,2,none,2,3,3,1,1,1,3
contentment_04375,"A beaming, chubby-cheeked baby in a colorful lion bib radiates pure joy and warmth, making this an overwhelmingly positive and heartwarming scene.",7,3,prominent_faces,1,1,2,5,5,2,5
anger_05265,"A massive structure engulfed in roaring flames against a pitch-black night sky evokes intense alarm and awe — the scale of the inferno, the skeletal tower silhouetted within the fire, and the overwhelming orange glow create a powerful, viscerally threatening spectacle.",2,5,none,5,1,4,1,1,5,3
excitement_10808,"A confident, assertive woman in a military-style outfit strikes a dynamic dancing/fighting pose at what appears to be an outdoor festival, conveying high energy and excitement with a charged, slightly aggressive edge.",5,4,prominent_faces,2,1,3,3,2,5,4
excitement_07435,"A bride and groom share a playful bite of wedding cake together, both grinning with cake in their mouths — a lighthearted, joyful moment full of warmth and humor that radiates happiness and celebration.",7,3,prominent_faces,1,1,2,5,5,3,4
disgust_04759,"The extreme close-up of decaying, peeling bark with pitted holes and mottled rust-red and brown textures evokes a sense of organic decay and deterioration — visually unsettling yet strangely rich in texture and color.",2,3,none,1,4,3,1,1,2,2
anger_08024,"A large crowd of masked protesters marching with signs demanding racial justice and political change conveys collective urgency and moral outrage, producing high arousal and negatively-tinged valence driven by the injustice being protested.",2,5,prominent_faces,2,1,2,1,2,5,3
sadness_08722,"An elderly man sits alone on a worn, chained sidewalk bench outside what appears to be a closed or vacant storefront, his downcast posture and isolation conveying quiet melancholy and loneliness.",2,2,prominent_faces,1,1,2,1,1,1,2
fear_03711,"A large spider centered in its orb web, lit dramatically against a dark background — the subject is a classic fear/disgust trigger; the precise geometric web adds mild visual interest but the dominant response is unease and aversion.",2,4,none,4,4,3,1,1,2,3
fear_01666,"A young woman with long dark hair stands motionless in a dark, shadowy doorway of a dilapidated building, staring blankly forward — the dim lighting, eerie stillness, and ambiguous figure behind her create a deeply unsettling, threatening atmosphere.",2,4,prominent_faces,5,1,3,1,1,2,3
sadness_08958,"A weathered stone lamb atop a child's grave marker in a quiet cemetery evokes quiet sorrow and solemnity — the lamb symbolises innocence lost, surrounded by aging headstones in a peaceful but melancholic green setting.",2,2,none,1,1,3,1,2,1,3
anger_10089,"A red panda with its mouth open in a wide, expressive grin while holding a leaf evokes a strong sense of delight and amusement — the animal's animated, almost laughing expression is inherently charming and lighthearted.",6,3,none,1,1,3,5,4,3,5
anger_07467,"A lone firefighter stands before a massive, roaring wildfire consuming a forest — the scale of the inferno, the billowing black smoke, the scorched earth, and the solitary human figure facing an overwhelming natural force combine to create an intense sense of danger, awe, and dread.",2,5,people_present,5,1,4,1,1,5,4
disgust_09792,"Three cigarette butts in progressive states of burning stand upright on a surface, evoking discomfort and mild revulsion through the charred ash and the association with unhealthy habits, yielding a moderately negative affective tone.",2,2,none,2,3,2,1,1,1,2
awe_04895,"A vivid rainbow arcs over a serene landscape of tall pine trees and green meadows beneath a dramatic, cloud-filled sky, evoking a strong sense of wonder and peaceful beauty.",6,3,none,1,1,4,1,3,2,5
disgust_03869,"The scene depicts a large, neglected pile of rubble and scattered trash along a dirty roadside wall, evoking feelings of neglect, decay, and unpleasantness — likely triggering sadness or disgust in viewers.",2,2,people_present,2,4,2,1,1,1,1
contentment_06357,"A close-up of vibrant yellow lilies in full bloom against a soft blue-grey background evokes a serene, uplifting feeling — the bright warm color and delicate floral detail inspire quiet contentment and gentle beauty.",6,2,none,1,1,2,2,4,2,4
excitement_08375,"A vibrant, energetic woman in festive carnival/parade costume with giant colorful balloon wings radiates joyful celebration and excitement, evoking a strong positive, high-energy emotional response.",7,5,prominent_faces,1,1,4,5,4,5,4
awe_04841,"A neatly dressed young girl with a gentle, composed expression evokes quiet contentment and warmth — the formal attire, flower accessory, and soft greenery background suggest a special, peaceful occasion.",6,2,prominent_faces,1,1,2,2,4,1,4
disgust_06609,"The image shows dark, dirty dumpsters in a dim alleyway with a shoe visible beneath them, evoking a sinister, unsettling atmosphere — the hidden shoe implies a possible hidden person or abandonment, amplifying unease and dread.",2,4,none,4,3,3,1,1,2,1
awe_02541,"The perfectly mirrored reflection of snow-capped Mount Fuji over a glassy winter lake, with a serene pastel sky and a small gathering of photographers, evokes a profound sense of grandeur and tranquil wonder.",6,2,people_present,1,1,5,1,2,1,5
contentment_07190,"A sweeping golden sunset over calm water with a modern elevated bridge/pier creates a sense of vast, serene grandeur — warm, luminous tones and expansive sky dominate, evoking quiet wonder and peaceful uplift.",6,3,none,1,1,4,1,5,2,5
amusement_02666,"A brightly lit Ferris wheel with colorful spinning rides glowing against a dark night sky evokes a festive, lively carnival atmosphere — energetic and visually stimulating with a sense of wonder and fun.",6,4,people_present,1,1,4,5,3,4,4
awe_00729,"A vast, fiery ocean sunset with warm orange and red tones, gentle waves, and a reflective shoreline evokes a sense of serene grandeur and sublime natural beauty — quietly awe-inspiring yet deeply tranquil.",6,2,none,1,1,4,1,5,2,5
amusement_16472,"A cheerful, cartoonish orange-bird toy with oversized googly eyes and a wide open beak sits on a wooden table — its whimsical, nostalgic design evokes lighthearted fun and amusement with no threat or negativity.",6,2,none,1,1,3,5,4,2,3
amusement_17050,"Two whimsical ceramic frog figurines posed playfully around a cheerful ""Today is gonna be a good day"" coffee cup in a sunny outdoor setting evoke a strong sense of lighthearted amusement and warmth.",7,2,none,1,1,3,5,5,2,4
contentment_00343,"Soft pink orchids in full bloom against a muted background evoke gentle beauty and quiet contentment, with no threat or negativity present.",6,2,none,1,1,2,1,4,2,4
sadness_11740,"A weathered, worn gravestone in an overgrown cemetery evokes a somber, melancholic mood through its associations with death, decay, and the passage of time.",2,2,none,1,1,2,1,1,1,2
contentment_14335,"A serene, sunlit park picnic scene with three young women relaxing by a tranquil pond evokes gentle contentment and peaceful ease.",6,2,prominent_faces,1,1,2,2,5,2,5
awe_00669,"The sweeping mountain landscape bathed in warm golden-red sunset light beneath a dramatic, layered cloudscape evokes a sense of grandeur and sublime beauty, most consistent with awe.",6,3,none,1,1,4,1,3,3,5
contentment_16462,"A woman leans on a railing gazing out at the Bahrain International Circuit with its iconic tower in the background, evoking a sense of calm anticipation and mild excitement tied to a prestigious motorsport venue.",5,2,prominent_faces,1,1,3,2,3,2,3
anger_06550,"A large male lion is snarling directly at the camera in close proximity, its mouth open and teeth visible, conveying an immediate sense of threat and danger that is likely to evoke fear or alarm in the viewer.",2,5,none,5,1,3,1,1,4,3
awe_13032,"The sweeping panoramic landscape—jagged rock formations in the foreground, rolling green hills, and a vast blue ocean stretching to a distant island under dramatic clouds—evokes a sense of grandeur and expansiveness typical of awe-inspiring natural vistas.",6,3,none,1,1,4,1,3,2,5
sadness_07089,"A casual indoor scene with two young people — one sitting thoughtfully and one photographing — in a lived-in room with plants, evoking a relaxed, slightly introspective but socially warm mood.",4,2,prominent_faces,1,1,2,2,3,2,3
awe_01752,"A large cruise ship gliding calmly across grey water under an overcast sky evokes a mild sense of awe at its scale and a quiet, slightly melancholic calm, with no threat or playfulness present.",5,2,none,1,1,3,1,2,2,3
disgust_01752,"The image shows a heavily polluted open drainage canal filled with dark stagnant water, plastic waste, and debris along a street — evoking strong feelings of disgust and sadness about environmental neglect and poor sanitation conditions.",2,3,people_present,3,5,2,1,1,2,1
sadness_09975,"A man lies with his head resting heavily on a table, gazing downward with a distant, introspective expression in a quiet, still interior — the posture and mood strongly suggest melancholy or quiet dejection.",2,2,prominent_faces,1,1,2,1,2,1,3
contentment_00480,"A warmly dressed Andean woman in vibrant traditional clothing tenderly feeds a fluffy brown alpaca, radiating gentle joy, cultural richness, and a calm sense of connection between human and animal.",6,2,prominent_faces,1,1,3,3,5,2,4
excitement_07314,"A male performer sings passionately into a microphone with one hand raised high, conveying high-energy excitement and engagement at a live outdoor concert.",6,5,prominent_faces,1,1,2,3,3,5,3
awe_06964,"The image shows a dramatically vivid fiery sunset with intense deep reds, oranges, and dark silhouettes — the overwhelming scale and raw beauty of the sky evokes a sense of grandeur and breathtaking wonder.",6,4,none,2,1,5,1,3,4,5
anger_08874,"A lioness roaring/yawning with fully exposed teeth and tongue dominates the frame — the bared fangs, wide-open jaws, and predator proximity create a visceral sense of threat and raw power.",2,5,none,4,2,3,1,1,5,3
anger_07900,"A young girl strikes a fierce, aggressive pose with a boomerang raised above her head and a determined scowl on her face, evoking a mix of playful mock-threat and humour — the scene is energetic and slightly confrontational but clearly innocent childhood play.",5,4,prominent_faces,2,1,3,5,3,4,3
amusement_03135,"A jubilant carnival performer in a dazzling, feathered costume dances with arms raised and a beaming smile, radiating high-energy celebration and visual spectacle that evokes strong positive arousal.",7,5,prominent_faces,1,1,4,5,4,5,5
sadness_05857,"A golden retriever with soulful, downcast eyes peers through a rusty chain-link fence, conveying a poignant sense of longing and confinement that evokes quiet sadness.",2,2,none,2,1,2,1,2,1,3
awe_11180,"A vast ocean sunset with a radiant sun reflecting a golden path across calm waters evokes a sense of serene grandeur and transcendent beauty, characteristic of awe and deep contentment.",6,2,none,1,1,4,1,5,2,5
awe_10124,"A sweeping golden-hour panorama of a hillside Mediterranean town nestled in a mountain valley evokes quiet grandeur and serene beauty, with warm light and vast scale inspiring awe and contentment.",6,2,none,1,1,4,1,4,2,5
sadness_03758,"A young woman is huddled with her knees drawn up, face resting against them with a downcast, melancholic gaze — the cool blue tones, inward body posture, and subdued expression collectively evoke quiet sorrow and emotional withdrawal.",2,2,prominent_faces,1,1,2,1,1,1,4
disgust_07003,"A dense, tangled spider web nest clutching dead leaves and plant debris against a dark background evokes unease and revulsion — the silky, sticky mass surrounding decaying organic matter is visually unsettling and creepy.",2,3,none,3,4,3,1,1,2,2
awe_07716,"A traditional Japanese wedding ceremony with a bride in a vibrant, ornate furisode kimono and a groom in a hakama evokes a sense of cultural beauty, reverence, and joyful solemnity — a special, aesthetically rich occasion.",6,3,prominent_faces,1,1,4,1,4,2,5
disgust_00351,"A large pile of overflowing garbage bags dumped on a cobblestone street next to a stone pillar evokes strong disgust and mild frustration, driven by the visual pollution, decay, and urban neglect on display.",2,3,none,2,5,2,1,1,2,1
excitement_18915,"Two performers singing passionately on a dramatically lit stage with vibrant blue lighting, conveying high-energy excitement and positive engagement.",6,4,prominent_faces,1,1,3,2,3,4,4
awe_10186,"A powerful, turbulent waterfall crashing into a churning brown pool amid lush tropical jungle evokes grandeur and raw natural force — the dominant feeling is awe combined with mild unease from the flood-level intensity.",6,4,none,2,1,4,1,2,5,4
anger_09876,"A forest wildfire consuming a tree stump and spreading across the ground dominates the scene — the vivid orange flames, choking smoke, and charred destruction create an intense, threatening, and deeply negative emotional response.",2,5,none,5,2,3,1,1,5,2
excitement_01368,"A dynamic football game in progress — a kicker launching mid-air during a play, with teammates in motion and a large crowd of opposing players watching from the sideline — conveys high physical energy and competitive excitement.",6,4,people_present,2,1,2,3,2,5,3
fear_10607,"The image depicts a highly detailed, unsettling alien/creature prosthetic head with spiraling eye sockets, dark glassy eyes, and a gaunt grey-green face — its uncanny-valley quality and eerie stare are likely to evoke unease and mild dread in viewers.",2,4,prominent_faces,3,3,4,1,1,2,3
disgust_09559,"An outdoor market meat stall displaying large raw butchered cuts along a long table evokes visceral unease and mild repulsion, with the blood, exposed flesh, and casual handling of carcasses dominating the scene.",2,3,people_present,2,4,3,1,1,2,2
anger_01173,"A masked protester holding a sign quoting MLK at what appears to be a social-justice demonstration evokes moral urgency, collective tension, and righteous indignation — emotionally charged but grounded in determined solidarity rather than chaos.",2,4,prominent_faces,2,1,2,1,2,4,3
fear_08127,"A dark, graffiti-covered tunnel entrance photographed at night in an isolated wooded area evokes deep unease and dread — the pitch-black interior, threatening graffiti text (""DEAD""), decayed surroundings, and total absence of people or light create a strongly threatening, foreboding atmosphere.",2,4,none,4,3,3,1,1,2,2
amusement_13971,"A shiny red Christmas ornament with a university logo hanging on a lit tree evokes warm, festive contentment — the holiday context, rich reds, and twinkling lights create a cozy, celebratory atmosphere.",6,2,none,1,1,2,3,5,2,4
sadness_01478,"The black-and-white portrait shows a woman with furrowed brows, a tense expression, and teary eyes, conveying deep emotional distress or sorrow, evoking a heavy, somber mood in the viewer.",2,3,prominent_faces,1,1,2,1,2,2,3
sadness_11850,"A young child hiding their face with both hands in a dark, desaturated setting strongly conveys distress, helplessness, or emotional withdrawal — evoking a heavy negative emotional response in the viewer.",2,3,people_present,2,1,2,1,1,2,3
anger_08311,"A large tiger strides directly toward the camera with mouth open and intense forward gaze, projecting raw predatory power and an unmistakable sense of threat that dominates the emotional response.",2,5,none,4,1,3,1,1,5,4
sadness_07602,"A black-and-white photograph of two grieving stone figures embracing on a cemetery tomb, surrounded by graves — the sculptural intimacy of shared mourning in a funereal setting evokes deep sorrow and solemnity.",2,2,people_present,1,1,3,1,2,1,4
amusement_17258,A richly colored red Christmas ornament nestled in snow-dusted pine branches with warm glowing lights evokes deep seasonal contentment and nostalgic warmth.,6,2,none,1,1,2,2,5,1,4
excitement_07551,"A cheerful family of three playfully wielding snowballs alongside their dog in an autumnal outdoor setting — the broad smiles, dynamic poses, and lighthearted action radiate joy and fun.",6,4,prominent_faces,1,1,2,5,4,4,4
disgust_02024,"The dominant feeling is revulsion and mild sadness — a massive pile of discarded cups and trash in the foreground, with a lone person sitting slumped in the background, evoking environmental negligence and waste.",2,2,people_present,1,4,2,1,1,1,1
fear_10752,"The image depicts two monster action figures (Frankenstein's monster and what appears to be the Wolf Man) in a menacing strangling/confrontation pose, evoking a dark, threatening atmosphere with horror iconography that feels simultaneously creepy and playfully campy.",2,4,none,4,2,3,3,1,4,3
disgust_06805,"A dark, cold winter night scene featuring an overflowing public trash can on a snow-dusted sidewalk — the combination of waste, darkness, and bleakness evokes a mild sense of disgust and low-grade melancholy, with little warmth, energy, or positivity.",2,2,none,1,3,2,1,1,1,2
awe_02241,"A lone snowmobiler rides through a vast, pristine snow-covered valley toward dramatic snow-capped peaks under a brilliant deep-blue sky, evoking a sense of grand natural scale, freedom, and exhilarating adventure.",6,4,people_present,2,1,4,3,2,4,5
anger_06873,"A firefighter faces a roaring wildfire at close range — the intense flames, physical danger, and high-stakes emergency scene dominate the emotional register, evoking strong arousal, threat, and tension.",2,5,people_present,5,1,3,1,1,5,3
sadness_07349,"The image shows a crumbling, abandoned stone structure with collapsed roof beams and decaying walls, bathed in warm golden light — evoking a melancholic sense of decay and loss, tinged with quiet desolation.",2,2,none,2,1,3,1,2,1,3
fear_06003,"This appears to be a makeshift memorial or tribute site — featuring flowers, candles, handwritten notes, photographs, and a sad-faced doll figure — strongly evoking grief and collective mourning.",2,2,none,1,1,2,1,2,1,3
contentment_07259,"A vividly coloured Small Tortoiseshell butterfly rests open-winged on purple thistle blooms against a lush green bokeh background — the saturated, harmonious colours and intimate natural detail evoke a strong sense of serene delight and quiet wonder.",6,2,none,1,1,3,2,4,2,5
fear_14288,"A lively Disney parade at night featuring recognizable villain/character costumes (Oogie Boogie and the Queen of Hearts) in motion, creating a festive, playful, and energetic atmosphere that evokes fun and excitement in onlookers.",6,4,people_present,1,1,3,5,3,4,3
fear_10924,"The image shows a narrow, dark, dilapidated wooden staircase leading downward, with worn, dirty, and stained steps — evoking unease, neglect, and a slightly threatening atmosphere reminiscent of a hidden or forgotten space.",2,3,none,3,3,2,1,1,1,1
disgust_06319,"The image shows a slow-cooker pot of what appears to be a meat-based tomato sauce or chili — the dark, chunky, glistening texture with visible fat and irregular meat pieces can evoke mild disgust responses in some viewers, while for others it may appear appetizing; overall the scene is mundane, static, and low in emotional intensity.",3,2,none,1,3,1,1,2,1,
anger_00901,"The image features a young woman with dramatic, dark makeup, a red slash mark on her forehead, and a large black axe blade held up to cover half her face — the combination of the threatening prop, intense gaze, and dark staging creates a strong sense of menace and unease.",2,4,prominent_faces,5,1,3,1,1,3,3
disgust_09449,"A close-up macro shot of a cockroach crawling over rotting, shriveled red berries evokes strong disgust — the insect is a classic disgust trigger, compounded by the decaying, blemished fruit beneath it.",2,3,none,2,5,2,1,1,2,2
contentment_14102,"Clusters of delicate yellow oncidium orchids in warm dappled sunlight against a lush green bokeh background evoke a gentle, uplifting sense of natural beauty and tranquility.",6,2,none,1,1,3,2,4,2,4
fear_05044,"A hand thrusting open scissors into a dark, shadowy outdoor scene with a blinding glare at the blade tips creates an ominous, threatening atmosphere — the sharp implement, dramatic darkness, and tense composition evoke unease and alarm.",2,4,people_present,4,1,3,1,1,4,3
sadness_09277,"The image shows a vandalized building entrance with shattered glass panels and debris scattered across the floor, evoking a strong sense of violation, distress, and danger from the destructive chaos.",2,4,none,4,2,2,1,1,3,1
contentment_12507,"A turkey vulture — a scavenger with a raw red head — perches ominously in bare, skeletal winter branches against a stark blue sky, evoking a sense of foreboding and mild unease rather than comfort or joy.",3,3,none,3,3,3,1,1,2,3
contentment_14892,"A young girl in ornate traditional velvet clothing lies quietly on embroidered cushions with a calm, slightly wistful gaze directed at the viewer, evoking a gentle, melancholic tenderness.",3,2,prominent_faces,1,1,3,1,3,1,4
awe_14610,"A silhouetted figure seated on rocks gazes at a vivid, fiery sunset over calm ocean waters — the vast sky, glowing horizon, and solitary pose evoke a sense of serene wonder and quiet introspection, tinged with gentle melancholy.",5,2,people_present,1,1,4,1,3,2,5
amusement_18448,"A warmly decorated Christmas tree with colorful ornaments, tinsel, a star topper, snowman figurines, and a nativity scene at its base creates a cozy, festive holiday atmosphere that evokes comfort and seasonal joy.",6,2,none,1,1,2,3,5,2,3
excitement_16430,"The image features a person in vibrant, elaborate carnival/festival costume with bold makeup, colorful accessories, and festive adornments, conveying a joyful, celebratory, and playful mood that is visually striking and energetic.",6,4,prominent_faces,1,1,4,5,3,4,4
awe_01480,"A vivid rainbow arching over a calm lake with mountains, wildflowers, and young pine trees creates a scene of quiet grandeur and natural wonder — serene yet visually striking.",6,3,none,1,1,4,1,3,2,5
disgust_08338,A large black ant photographed in extreme close-up macro detail on a green leaf evokes a sense of unease and mild repulsion — its alien-like face and spiny legs filling the frame create visceral discomfort in many viewers.,2,4,none,3,4,3,1,1,3,2
sadness_01939,"A weathered Celtic cross gravestone dominates the foreground against a partially ruined red sandstone church under a heavy, overcast sky — the combination of cemetery symbolism, decay, and cold grey light evokes a strong sense of solemnity and melancholy.",2,2,none,1,1,3,1,1,1,3
sadness_00630,"A tall, ornate cemetery monument topped with a shrouded figure stands among dark, looming trees, evoking solemnity, loss, and a faintly eerie atmosphere characteristic of graveyards.",2,2,none,2,1,3,1,1,1,3
excitement_10647,"A laughing woman on a tropical beach holds a small lizard near her face — the genuine, wide smile and playful novelty of the animal interaction radiate pure joy and lighthearted fun.",7,4,prominent_faces,1,1,3,5,4,4,4
awe_02710,"A vivid ocean sunset with rich purple-orange gradients, glittering wave reflections, and a vast open horizon evokes a profound sense of wonder and serene grandeur.",6,2,none,1,1,5,1,4,3,5
disgust_09349,"Discarded cigarette butts piled on a grimy rooftop ledge overlooking a hazy, sprawling city at dusk evoke a melancholic, slightly unsettling mood — the detritus signals neglect and mortality against an otherwise vast urban backdrop.",2,2,none,3,3,3,1,1,2,3
disgust_06556,"The image shows a pile of dead white rabbits in a green container, which is deeply disturbing and evokes strong negative affect — primarily disgust and sadness — due to the lifeless animal bodies, visible gore, and cramped, undignified conditions.",1,4,none,4,5,2,1,1,1,1
contentment_15233,"A well-behaved puppy in a ""service dog in training"" vest sits obediently on steps surrounded by autumn pumpkins and greenery, evoking warm contentment and gentle delight.",6,2,none,1,1,2,3,5,2,4
anger_07159,"A young tiger cub facing the camera with mouth open in a snarl evokes a mix of threat-based alertness and instinctive wariness, tempered by the animal's juvenile size and striking beauty.",3,4,none,3,1,3,2,2,4,4
awe_09513,"A grand, rugged mountain landscape with snow-capped peaks, sweeping scree slopes, and towering conifers under a bright sky evokes a powerful sense of vastness and sublime grandeur that dwarfs the viewer.",6,3,none,2,1,5,1,2,2,5
amusement_09282,"A brightly coloured, cartoonish children's coin-operated ride shaped like a smiling hot-dog bus with a plush dog on top — inherently playful, cheerful, and amusing with no threat or unpleasantness.",6,3,none,1,1,3,5,4,3,3
contentment_01218,"A cheerful young woman in a school uniform sits on a bridge ledge, smiling warmly at the camera — the dominant feeling is gentle, relaxed happiness conveyed through her bright smile, soft urban backdrop, and calm, candid pose.",6,2,prominent_faces,1,1,2,3,4,2,4
amusement_03463,"Warm, glittering Christmas ornaments and star decorations nestled in evergreen branches evoke a cozy, festive contentment with gentle visual richness but no tension or threat.",6,2,none,1,1,2,2,5,2,4
contentment_03015,"A lone seagull silhouetted against a vivid orange-gold sunset over a calm sea evokes a sweeping sense of grandeur, freedom, and serene wonder — the hallmark of awe-tinged contentment.",6,2,none,1,1,4,1,5,2,5
fear_04714,"A tattered, ghostly fabric figure glows an eerie blue-white under a UV black light in a dark room — a classic Halloween haunted-house decoration that creates a strong sense of dread and unease.",2,4,none,4,2,3,2,1,2,3
disgust_08656,"The overflowing ashtray filled with dirty cigarette butts and ash is visually repulsive and associated with unhealthy habits, evoking a strong sense of disgust and mild unease.",2,2,none,2,4,1,1,1,1,1
anger_08767,"A firefighter in protective gear monitors controlled burns in a green forest setting — the vivid, roaring orange flames dominate the scene and convey clear danger and intensity, though the human presence suggests some measure of control.",2,5,people_present,4,1,3,1,1,5,3
amusement_17008,"A beautifully styled cupcake topped with dried citrus slices on a warm red placemat with soft bokeh lights in the background evokes gentle contentment and aesthetic pleasure — inviting, cozy, and visually appealing without drama or tension.",6,2,none,1,1,3,2,5,1,4
excitement_17708,"A smiling woman in a bright pink wetsuit rides on the back of a dolphin through splashing water, waving at the camera — a vivid, joyful, and dynamic scene that radiates excitement and delight.",6,4,prominent_faces,1,1,4,5,3,5,4
excitement_16959,"Two young surfers caught mid-action on breaking waves — one riding skillfully, one wiping out — conveying high-energy competitive excitement with a slight edge of risk.",6,5,people_present,2,1,3,3,2,5,4
excitement_01355,"Two players competing in a soccer match on a green field conveys active, energetic engagement — the dynamic one-on-one duel and focused expressions suggest excitement and competitive drive.",6,4,prominent_faces,1,1,2,3,2,5,3
sadness_01042,"A sunlit cemetery scene with a grand marble funerary statue and grave markers evokes quiet solemnity and melancholy — the religious iconography, inscriptions commemorating the dead, and graveyard setting create a reflective, mournful atmosphere tempered slightly by the bright daylight.",2,2,none,1,1,3,1,2,1,4
sadness_11364,"A weathered stone cross gravestone adorned with carved roses and ivy vines, photographed in black-and-white in a cemetery — the imagery is solemn, melancholic, and contemplative, evoking a quiet grief tied to mortality and loss.",2,2,none,1,1,3,1,1,1,3
fear_06975,"A menacing horror clown in an aggressive crouching pose with sharp teeth, wild green hair, and outstretched claws evokes strong unease and threat, blended with dark theatrical spectacle.",2,5,prominent_faces,4,3,4,2,1,5,3
disgust_09850,"A dense, writhing mass of cockroaches on dead leaves creates an overwhelming sense of repulsion and unease — the sheer number of insects, their dark glossy bodies, and the chaotic pile evoke strong visceral disgust and mild fear.",1,4,none,3,5,3,1,1,3,1
contentment_16441,"A vivid, close-up anthurium flower with a glossy pink-red spathe and upright spadix set against lush green foliage — the saturated tropical colors and sharp detail are visually striking and pleasantly uplifting, evoking quiet contentment and mild aesthetic delight.",6,2,none,1,1,3,2,4,2,4
anger_10924,"A doctor in a white lab coat holds a protest sign reading ""Inequality makes..."" at what appears to be a political demonstration, evoking a sense of moral urgency, social frustration, and collective discontent.",2,4,prominent_faces,1,1,2,1,2,4,2
excitement_10218,"A man is joyfully leaping barefoot against a dramatic, sunlit sky over water — the dynamic pose, wide grin, and radiant backlit clouds combine to evoke high-energy exhilaration and freedom.",6,4,prominent_faces,1,1,4,4,3,5,4
disgust_04290,"The image shows a rich, vibrant orange-red curry dish garnished with fresh cilantro — visually appetizing and warm, evoking sensory pleasure and contentment through its bold colors and hearty, comforting food presentation.",6,2,none,1,1,2,1,5,2,4
disgust_06276,"The image shows bananas with large, dark, rotting/mold-covered bruises on the skin, which is visually repulsive and evokes a strong sense of decay and unpleasantness.",2,2,none,1,4,2,1,1,1,1
contentment_05627,"A serene bamboo gazebo nestled in a lush green park setting evokes a sense of peaceful contentment and gentle warmth, with soft natural light and calm surroundings suggesting rest and tranquility.",6,1,none,1,1,2,2,4,1,4
amusement_06249,"A simple, appetizing baked potato with sour cream and chives wrapped in foil evokes quiet contentment and comfort — familiar, homely food with warm tones and no threat.",5,2,none,1,1,2,1,4,1,3
disgust_02396,"A close-up of a boldly patterned wasp spider (Argiope bruennichi) suspended in its web amid grass — visually striking but inherently unsettling to many viewers due to the large, leggy arachnid dominating the frame, triggering moderate threat and disgust responses.",2,4,none,3,3,3,1,1,2,3
anger_02441,"A child in a Halloween costume is making a wild, open-mouthed scary face with clawed hands, clearly playing and having fun — this is high-energy, highly playful mock-threat that reads as joyful excitement rather than genuine danger.",6,5,prominent_faces,2,1,3,5,4,5,3
sadness_01195,"The woman's face shows a grimacing, distressed expression with downturned mouth corners, red eyes, and furrowed brow, evoking strong negative affect — likely sadness or distress — amplified by the dark, stark background.",2,3,prominent_faces,1,1,2,1,1,2,2
amusement_10960,"A carnival swing ride soaring high against a bright blue sky radiates exhilarating energy and playful fun, with riders flung outward at height evoking both thrill and delight.",6,5,people_present,2,1,4,5,3,5,4
amusement_16261,"The image shows a quirky, colourful shop window display with a girl mannequin in a tutu, a stuffed dog wearing a green Frankenstein hat with its tongue out, and a heavily tattooed figure poster — the absurd, kitschy, humorous combination strongly evokes amusement and lighthearted playfulness.",6,3,none,1,1,4,5,3,3,
excitement_14112,A shirtless windsurfer aggressively carving through a breaking wave with explosive spray and vivid colors conveys high-energy excitement and exhilaration.,6,5,people_present,2,1,3,3,2,5,4
disgust_00301,"A rusted, decaying metal pipe jutting from still water with decomposing organic debris clinging to it evokes a melancholic, desolate mood — the decay, isolation, and muted tones suggest abandonment and entropy.",2,2,none,1,3,2,1,1,1,2
contentment_09202,"A young child with glasses gently pats a horse's nose while a smiling bearded man watches warmly — a tender, heartwarming moment of discovery and bonding at a farm that evokes gentle joy and contentment.",6,2,prominent_faces,1,1,2,3,5,2,4
contentment_11893,"A girl and her dog are joyfully running together through a sunlit meadow — the warm golden light, flowing hair, and playful motion with a stick evoke a strong sense of carefree happiness and lively companionship.",6,4,people_present,1,1,2,5,5,4,4
excitement_17664,"A large choir performing on stage, all dressed in white, with animated, joyful expressions — singing with open mouths, raised arms, and broad smiles — radiating collective euphoria and high-energy celebration.",7,5,prominent_faces,1,1,2,3,4,5,4
fear_00487,"The scene depicts eroded sandstone cliffs with bare, tangled branches and a crumbling, partially buried man-made structure — evoking a sense of desolation, decay, and abandonment that pulls toward melancholy and mild unease.",2,2,none,2,1,3,1,1,1,2
awe_12207,A historic warship (likely the cruiser Aurora) on calm waters with the Peter and Paul Fortress spire glowing in the background evokes grandeur and historical weight — visually impressive and solemn rather than warm or playful.,5,3,people_present,2,1,4,1,2,2,4
fear_13966,"This is a dark, heavily processed HDR photograph of a decayed, abandoned room — crumbling stone walls, a broken window letting in dim light, debris on the floor, and a rusted fixture — evoking a deeply unsettling, foreboding atmosphere with strong undertones of dread and desolation.",2,3,none,4,3,3,1,1,2,
disgust_06880,"An overflowing, filthy urban trash can with litter strewn across the sidewalk evokes a strong sense of disgust and mild urban neglect/sadness, with no beauty or warmth.",2,2,none,1,4,1,1,1,1,1
fear_04401,"A grotesque, snarling monster figurine with a gaping maw, rotting flesh texture, and glowing eyes dominates the dark frame — designed to provoke visceral dread and revulsion.",1,5,none,5,5,3,1,1,4,2
sadness_05663,"A weathered stone statue of a robed female figure gazing upward with a yearning, transcendent expression against a dark, textured wall evokes solemnity and spiritual longing — the combination of dark tones, aged stone, and upward gaze creates a mood of reverent melancholy and grandeur.",3,2,prominent_faces,1,1,4,1,1,2,
sadness_10513,"A young child sits alone on grass, head bowed and arms hugging her knees in a withdrawn, self-comforting posture that strongly conveys loneliness and sadness.",2,2,prominent_faces,1,1,2,1,2,1,3
amusement_12793,"A packed roller coaster car is suspended high in the air against a bright sky, full of riders with wide eyes and open mouths — the scene radiates high-energy thrill and exhilaration with a clear sense of height-based danger.",6,5,prominent_faces,4,1,4,4,2,5,4
amusement_10393,"Brilliant fireworks bursting against a pitch-black night sky create a dazzling, high-energy spectacle that is visually stunning and celebratory, evoking intense positive arousal and a sense of grandeur.",6,5,none,1,1,4,3,3,5,5
amusement_01620,"A cozy, softly lit arrangement of Christmas ornaments and fairy lights on a textured grey surface evokes a calm, warm sense of holiday contentment with gentle nostalgic charm.",6,2,none,1,1,2,3,5,1,4
awe_08101,"A lone devotee wades waist-deep in the sacred pool before the gleaming Golden Temple at golden hour, evoking profound reverence, spiritual grandeur, and serene awe.",6,2,people_present,1,1,5,1,4,2,5
sadness_06871,"A young man stands alone in a bare, wintry forest with a serious, contemplative expression, gazing away — the muted tones, leafless trees, and solitary posture evoke a quiet, introspective melancholy.",2,2,prominent_faces,1,1,2,1,1,1,3
excitement_16324,"Two smiling women in sunglasses taking a selfie outdoors conveys warmth, joy, and friendly social connection, evoking a relaxed, positive mood.",6,2,prominent_faces,1,1,1,3,4,2,4
contentment_11665,"A field of white daisies with vivid yellow centres in natural sunlight evokes a gentle, pleasant calm — the dominant feeling is serene contentment, driven by the soft colour palette, familiar floral subject, and the single sharp bloom standing out beautifully against the blurred, lush green background.",6,2,none,1,1,2,2,4,2,4
contentment_04742,"A seagull pecking at something among vibrant pink flowers creates a charming, lively nature scene — the bright blossoms and active bird evoke mild delight and curiosity rather than any strong negative emotion.",5,3,none,1,1,3,3,4,3,4
fear_10384,"A young man on a subway holds a blood-splattered Ghostface (Scream) horror mask while wearing all black — the Halloween costume context adds playfulness, but the gory mask introduces mild threat and unease.",4,3,prominent_faces,3,3,3,4,2,2,2
contentment_01559,"A woman crouching to hug a small child on a quiet rural road, viewed from inside a car — the tender embrace and peaceful countryside setting evoke warmth and contentment.",6,2,prominent_faces,2,1,2,2,5,2,3
sadness_11216,"The image shows a Civil War-era gravestone in a cemetery, evoking quiet solemnity and grief — the American flag placed beside a soldier's grave adds a layer of respectful remembrance, but the overall mood is muted and melancholic.",2,2,none,1,1,2,1,2,1,3
contentment_12660,"A gleefully laughing toddler in a high chair reaches out toward a large teddy bear, radiating pure joy and delight — the scene is warm, playful, and highly positive with no threat or negativity present.",7,4,prominent_faces,1,1,2,5,5,4,4
disgust_10623,"The image shows an almost-empty fast food box with leftover food scraps, grease stains, and a small unappetizing remnant — evoking mild disgust and disappointment from the unpleasant, messy leftover state of the meal.",2,2,none,1,4,1,1,1,1,1
fear_06860,"A group of people in zombie cosplay with fake blood and gore posing dramatically outdoors — simultaneously theatrical/playful and visually disturbing, evoking dark amusement mixed with mild disgust.",3,4,prominent_faces,3,4,3,4,1,4,3
contentment_04484,"Vibrantly coloured moon cacti (red and yellow grafted onto dark green rootstock) in a small pot create a cheerful, visually striking miniature scene that feels charming and content rather than intense or threatening.",6,2,none,1,1,3,3,4,2,4
sadness_00346,"A single tealight candle glowing in near-total darkness with a soft reflection on a dark surface evokes quiet solemnity and introspection — the dominant feeling is peaceful yet melancholic, like a memorial or moment of quiet grief.",3,1,none,1,1,2,1,3,1,4
sadness_04631,"A woman sits hunched on a cold pavement begging with a cup while well-dressed pedestrians walk past indifferently, conveying profound social isolation, poverty, and human suffering.",2,2,prominent_faces,1,1,2,1,1,2,3
amusement_11322,"Children joyfully participating in an egg-and-spoon race outdoors with a cheerful crowd watching, radiating fun, innocence, and lively energy.",6,4,prominent_faces,1,1,2,5,4,4,4
fear_14408,"A heavily tattooed punk/metal vocalist screams intensely into a microphone at a loud gig, head thrown back in raw aggression — the scene radiates high-energy excitement and intensity with an edge of aggression.",5,5,prominent_faces,2,1,3,2,2,5,3
awe_00561,"A majestic buck with impressive antlers strides across a vast, golden prairie at sunset with dramatic mountain scenery and a historic stone arch in the background, evoking a sense of grandeur, natural beauty, and serene wonder.",6,3,none,1,1,4,1,3,3,5
disgust_02012,"The image shows a heavily decomposed, rotting pumpkin with mold, blackened tissue, and shriveled remains on bare ground — a visually repulsive scene of decay that strongly evokes disgust with no redeeming aesthetic or warm qualities.",1,3,none,1,5,2,1,1,1,1
excitement_02305,"A performer passionately singing on stage with arm raised high, dramatic stage lighting, and intense vocal expression conveys high-energy excitement and electrifying live performance energy.",6,5,prominent_faces,1,1,3,2,3,5,4
awe_06733,"A sweeping elevated view of a serene Scottish loch flanked by forested hills and mountains under a soft, golden-hour sky evokes a profound sense of tranquil grandeur and natural majesty.",6,2,none,1,1,4,1,4,2,5
amusement_08925,"A beaming toddler with a wide, gap-toothed grin radiates pure joy and warmth, evoking strong positive affect and a lighthearted, playful mood.",7,3,prominent_faces,1,1,2,5,5,3,4
sadness_00226,"The image shows a vast, decaying industrial hall strewn with thousands of discarded wooden sticks or bones-like debris, evoking a profound sense of desolation, ruin, and loss — the scale of abandonment is visually overwhelming and deeply melancholic.",2,2,none,2,2,4,1,1,1,3
disgust_06971,"The image shows a metal ashtray overflowing with dozens of used cigarette butts and ash, which is inherently repulsive and associated with unhealthy habits, evoking a strong sense of disgust.",2,3,none,2,5,1,1,1,1,1
contentment_12565,"A vast, meticulously arranged field of deep crimson and bright red tulips stretching to the horizon evokes serene beauty and gentle grandeur, with the sheer scale and richness of color inspiring quiet awe and contentment.",6,2,none,1,1,4,1,4,2,5
fear_08650,"The dimly lit scene depicts a lifelike wax or animatronic figure of a sinister-looking man surrounded by taxidermied birds — evoking an eerie, unsettling atmosphere strongly associated with dread and unease.",2,4,prominent_faces,4,2,4,1,1,2,3
excitement_13623,"Four young children leaning over a wooden ledge outdoors at what appears to be a garden party, with bunting flags overhead — their giggling, silly faces, and festive setting radiate pure childhood joy and playfulness.",7,4,prominent_faces,1,1,2,5,5,4,4
awe_04003,"A sweeping aerial vista of a misty coastal archipelago at sunrise, with warm golden light on wildflowers in the foreground and a soft pastel sky, evokes a profound sense of serene grandeur and expansive beauty.",6,2,none,1,1,5,1,4,2,5
awe_02041,"A solitary seagull standing calmly on a quiet, muted-toned beach at what appears to be dusk evokes a gentle, peaceful melancholy — serene but tinged with loneliness.",4,2,none,1,1,2,2,2,1,3
contentment_11803,"A sun-drenched cottage garden scene with a wicker chair, blooming flowers, and rustic brick details evokes a deep sense of peaceful comfort and quiet contentment.",6,1,none,1,1,2,2,5,2,4
disgust_08872,"A close-up overhead shot of a deep red cocktail with ice and a straw in a dim bar setting evokes a relaxed, mildly indulgent contentment — the warm amber-red tones and casual social context feel pleasant but low-energy.",5,2,none,1,1,2,2,4,1,3
fear_12922,"The glowing teal smoke curling into an almost ghostly human-like silhouette against a stark black background creates a mesmerizing, otherworldly quality — evoking wonder and a subtle eeriness through its fluid, ethereal movement and mysterious form.",5,3,none,2,1,5,2,1,3,5
anger_05292,"A large pile of felled logs burns intensely in a clear-cut landscape — the destruction of forest, billowing smoke, and raw fire evoke unease, loss, and environmental distress, with the surviving forested hillside behind amplifying the sense of damage.",2,4,none,4,2,3,1,1,4,2
anger_07105,"A young cheetah snarls over raw, bloody prey flesh while crowded by adult cheetahs — the combination of exposed teeth, blood, and raw meat creates a viscerally intense and mildly disturbing scene that is neither warm nor playful.",2,4,none,4,4,2,1,1,4,2
fear_08398,"The image depicts a vast field of smoldering rubble and twisted steel — the aftermath of a catastrophic destruction of major urban buildings — evoking profound grief, helplessness, and sorrow, with lingering smoke amplifying the sense of devastation and loss.",1,4,none,4,2,3,1,1,3,1
amusement_00126,"A beautifully plated restaurant-quality meal with sliced meat, herb butter, hasselback potatoes, and fresh salad evokes contentment and appetite satisfaction through its vibrant colours, artful presentation, and comforting familiarity.",6,2,none,1,1,2,1,4,2,5
amusement_15556,"A smiling young girl perched atop a water slide under a vivid blue summer sky radiates pure carefree joy, evoking strong positive affect and lighthearted playfulness.",7,3,prominent_faces,1,1,2,5,5,3,4
anger_06246,"The image shows a roaring forge fire with flying sparks and glowing coals — intense, primal, and energetic, evoking a mix of excitement and mild threat from the raw, uncontrolled flames.",5,5,none,4,1,3,1,3,5,4
awe_08646,"The dramatic silhouettes of Joshua trees against a vivid gradient sunset sky — deep blue fading to warm amber/orange at the horizon — evoke a profound sense of quiet grandeur and sublimity, characteristic of awe-inspiring natural landscapes.",6,3,none,1,1,4,1,3,2,5
awe_10901,"A long-exposure coastal sunset with silhouetted wooden posts rising from silky, motion-blurred waves beneath a dramatic, fire-orange horizon and brooding storm clouds evokes a profound sense of grandeur and melancholic beauty.",6,3,none,1,1,4,1,3,3,5
sadness_01615,A weathered military gravestone for a Spanish-American War veteran in a green cemetery evokes quiet solemnity and grief — the inscription of service and death dates grounds the viewer in mortality and loss.,2,2,none,1,1,2,1,2,1,3
fear_06618,"The image shows a distorted, otherworldly reflection of what appears to be a classical statue in still water — an unusual and visually striking composition that evokes quiet wonder and a faint sense of the uncanny, blending serenity with surreal novelty.",5,2,none,1,1,4,2,2,1,4
contentment_03969,"A single vibrant red poppy — the only color in an otherwise monochrome scene — stands alone in a near-empty glass vase on a weathered windowsill; the deliberate isolation, muted surroundings, and delicate fragility of the flower evoke quiet melancholy and solitude.",2,2,none,1,1,3,1,2,1,4
fear_06287,"A large moth resting in grass with a dark, eye-like body marking creates a mildly unsettling close-up; the fuzzy texture and odd dark face-like thorax region may trigger mild disgust or unease, while the natural setting keeps it mostly neutral.",3,3,none,2,3,3,1,2,1,2
anger_08634,"A nighttime fire emergency scene with firefighters actively working amid visible flames and smoke — the danger, urgency, darkness, and chaos combine to produce a strongly negative, high-arousal, threatening emotional response.",2,5,people_present,5,1,3,1,1,5,2
contentment_00192,"A diverse, smiling group of people collaboratively forming a star shape with their hands using peace signs, shot from a low angle — radiating unity, positivity, and shared joy.",7,3,prominent_faces,1,1,3,4,5,3,4
amusement_06625,"A wide-eyed, open-mouthed mannequin with exaggerated clown-like features and red hair dominates a quirky toy/novelty shop, creating an unsettling yet whimsical scene full of colourful inflatable creatures — the uncanny exaggeration tips playfulness toward eerie surprise.",3,4,prominent_faces,2,2,4,4,2,4,
excitement_15510,"A guitarist in a festive Christmas-themed outfit performs energetically on a lit stage, combining holiday fun with rock energy — the scene is vibrant, playful, and high-energy, evoking strong positive arousal.",6,5,prominent_faces,1,1,4,5,3,5,4
amusement_17172,"A dramatic nighttime fireworks display over water with intense red bursts and streaking trails creates a visually spectacular, high-energy scene that evokes grandeur and excitement.",6,5,none,1,1,4,2,3,5,5
anger_08648,"A street protest scene featuring a woman in a theatrical mask, feather boa, and hi-vis vest holding a bold anti-capitalism sign, alongside a figure in a Guy Fawkes mask — the costumes inject playfulness and absurdity into an energetic, politically charged confrontation.",3,4,prominent_faces,2,1,3,4,2,4,3
fear_14581,"A dead bird lying on bare ground evokes a strong sense of loss and decay, with its disheveled feathers and lifeless posture generating feelings of sadness and mild repulsion.",2,2,none,2,3,2,1,1,1,2
excitement_04421,"A rider in equestrian gear skillfully jumps a chestnut horse over a fence in bright daylight — an active, energetic competitive scene that evokes excitement and admiration.",6,4,people_present,2,1,3,2,3,5,4
anger_07010,"A tiger with its mouth wide open, baring large fangs in what appears to be a roar or snarl — this close-up, dominant predator display is viscerally threatening and intense, evoking a strong sense of danger and alarm.",2,5,none,5,1,3,1,1,5,4
excitement_16312,"A helmeted rider aggressively kicks up a cloud of dirt while racing a lawn mower around cones and tires, creating a comically unexpected, high-energy spectacle that draws a crowd — the dominant feeling is gleeful excitement bordering on amusement.",6,4,people_present,2,1,4,5,3,5,3
contentment_06217,"A smiling couple leaning close together at a dinner table radiates warmth and happiness, evoking a strong sense of contentment and affection.",6,2,prominent_faces,1,1,1,3,5,2,3
excitement_01644,"An active ice hockey game with players in motion, physical competition, and a referee present evokes excitement and energy — the dynamic play, competitive tension, and sporting action dominate the emotional tone.",6,4,prominent_faces,2,1,2,3,2,4,3
anger_03621,"Two boxers are caught mid-exchange in an intense bout, with sweat visibly flying off one fighter's face from a landed punch — the raw physicality, aggression, and high-stakes combat drive strong arousal and mild threat perception.",4,5,prominent_faces,4,1,3,1,1,5,4
sadness_10672,"The image shows vast rows of white military grave markers stretching into the distance under a heavy overcast sky, evoking solemn grief and reverent reflection on loss and sacrifice.",2,2,none,1,1,3,1,1,1,4
contentment_11753,"A young blonde toddler with a slightly distressed, uneasy expression holds a sippy cup while an adult gently brushes her hair on a park bench — evoking mild discomfort and tenderness simultaneously, leaning toward subdued negative affect with warmth from the caregiving context.",3,2,prominent_faces,1,1,2,2,4,2,3
sadness_05755,"A man sitting alone at a diner table with hands clasped near his face, wearing a contemplative, slightly tense expression — evoking a quiet, introspective, mildly melancholic or pensive mood with low energy and low positivity.",3,2,prominent_faces,1,1,2,1,2,1,2
awe_07349,"A tranquil early-morning countryside scene with dew-covered spiderwebs catching golden light, misty rolling hills, and dried wildflowers evokes a serene, quietly beautiful sense of wonder at nature's delicate details.",6,2,none,1,1,4,1,4,2,5
amusement_08481,"A close-up of a beautifully decorated Christmas tree with warm golden fairy lights and soft rose-gold/pearl ornaments evokes a cozy, festive, and visually pleasing sense of holiday warmth and contentment.",6,2,none,1,1,2,2,5,2,5
contentment_02257,"A gleeful toddler sticking out her tongue while being held up by an adult's hands radiates pure joy and playfulness, making this image overwhelmingly positive, warm, and energetic.",7,4,prominent_faces,1,1,2,5,5,4,4
fear_12826,"A person pressing their face close to a glass display case containing a snarling taxidermied animal (likely a badger), creating a confrontational, unsettling face-off that blends mild threat with an oddly humorous or curious human reaction.",3,4,prominent_faces,3,2,4,3,1,3,2
sadness_00213,"The image depicts a military funeral ceremony with soldiers carrying a coffin past a wooden cross and mourners, evoking grief and solemnity.",2,2,prominent_faces,1,1,2,1,2,2,2
excitement_14658,"Two young men in festive, skimpy outfits at what appears to be a Pride parade on a sunny day, conveying a lively, celebratory, and carefree mood with high social energy and playfulness.",6,4,prominent_faces,1,1,3,5,3,4,3
amusement_10037,"Two meerkats playfully wrestling/tumbling on sandy ground — one with tongue out and mouth open — evokes a lighthearted, amusing scene full of lively animal energy.",6,3,none,1,1,3,5,3,4,3
excitement_09965,"A lively outdoor festival scene with young people socializing, dancing, and smiling in bright sunny weather evokes a strong sense of excitement and social joy.",6,4,prominent_faces,1,1,2,4,4,5,3
disgust_05516,"A pale, segmented worm-like creature (likely a millipede larva) crawling on a dark, rotting surface evokes a strong sense of revulsion and creepiness, with the moist, decaying substrate amplifying the unpleasant, visceral reaction.",2,3,none,2,4,2,1,1,2,1
sadness_00600,"A solitary figure stands in near-silhouette on rocky coastal boulders against a glowing sunset over calm water, evoking quiet contemplation and melancholy mixed with the grandeur of the natural scene.",3,2,people_present,1,1,3,1,2,2,4
disgust_02699,"The close-up of heavily corroded, rust-eaten metal with flaking paint and mottled decay evokes a sense of deterioration and mild repulsion, tempered by the surprisingly rich, almost painterly palette of oranges, blues, and golds that lend it an unexpected visual complexity.",3,2,none,2,3,3,1,2,2,3
amusement_15435,"Raw, partially frozen fish fillets piled on a cutting board evoke a mild sense of disgust due to the cold, fleshy, slightly slimy appearance and visible tissue texture.",2,2,none,1,3,2,1,1,1,2
contentment_14638,"A cheerful young boy posing confidently in stylish denim and red sunglasses with a big grin evokes a strong sense of joy, playfulness, and lighthearted delight.",7,3,prominent_faces,1,1,2,5,5,3,4
awe_07493,"A frozen waterfall under a vivid blue sky with a rainbow arc evokes grandeur and sublime natural beauty, producing strong awe through monumental scale, icy drama, and the unexpected rainbow against crisp winter light.",6,4,people_present,2,1,5,1,2,4,5
awe_09799,"A sweeping aerial winter landscape of snow-covered mountains cradling a serene blue lake evokes a sense of grandeur and tranquil awe — the vast scale, pristine snow, and dramatic peaks command admiration and quiet wonder.",6,2,none,1,1,5,1,2,2,5
disgust_07491,"A bleached, weathered animal skull resting on debris evokes unease and morbidity — its hollow eye sockets and decayed staining signal death and decay, triggering visceral discomfort and low-level dread.",2,3,none,3,4,2,1,1,1,2
awe_14543,"A joyful outdoor wedding scene with bridesmaids in red and flower girls in white evokes warmth, celebration, and positive social connection, with mild emotional intensity from the ceremonial setting.",6,3,prominent_faces,1,1,2,3,5,3,4
excitement_19372,"A performer in a vivid rainbow fringe dress and bright orange wig dances expressively at what appears to be a Pride parade, radiating high-energy celebration, joy, and playful theatricality.",6,5,prominent_faces,1,1,4,5,4,5,4
amusement_17485,"A mother laughing joyfully while her toddler sits on her lap eating an apple in a sun-dappled park evokes deep warmth, safety, and gentle happiness — the hallmarks of contentment.",7,2,prominent_faces,1,1,2,3,5,2,4
sadness_02953,"A lone man slumped over a table in a waiting area, head buried in his arms, exuding exhaustion or despair — the black-and-white palette, isolation, and body language collectively evoke a heavy, melancholic mood.",2,2,people_present,1,1,2,1,1,1,3
amusement_09180,"A towering, steeply-angled carnival slide with vivid rainbow-coloured lanes dominates the frame, evoking a sense of fun, upward energy, and fairground excitement.",6,4,none,1,1,3,5,3,4,4
disgust_00104,"The image shows severely deteriorated, cracked, and peeling paint on a rusted metal surface — evoking decay, neglect, and a sense of grim, uncomfortable desolation.",2,2,none,1,4,2,1,1,1,2
disgust_06936,"The image shows overflowing, filthy garbage bins on a dark street at night, with trash spilling onto the ground — evoking a strong sense of disorder, neglect, and visual repulsiveness.",2,2,none,2,4,2,1,1,1,1
excitement_07892,"A person leaping joyfully into a sunlit lake in summer creates a strong sense of freedom, excitement, and positive energy — the dynamic mid-air silhouette against a glowing sun evokes exhilaration and carefree delight.",6,5,people_present,2,1,3,5,4,5,4
excitement_10852,"A crowd of people at what appears to be a lively party or concert, mouths open wide, arms raised, faces full of energy and uninhibited enthusiasm — the dominant feeling is high-arousal positive excitement.",6,5,prominent_faces,1,1,2,4,3,5,3
contentment_01134,"A child joyfully raises both arms atop a rocky outcrop in a sunny outdoor setting, radiating carefree excitement and happiness.",6,4,prominent_faces,1,1,2,5,4,5,3
awe_15091,"A tranquil riverside scene at dusk with smooth pebbles, a fallen log, a lone autumn leaf, still reflective water, and a softly coloured sunset sky — evoking quiet contemplation and gentle melancholy tinged with natural beauty.",5,2,none,1,1,3,1,3,1,4
excitement_04370,"Two joyful women in traditional Vietnamese áo dài dresses stand arms wide open in a lush green rice field, radiating freedom, happiness, and cultural warmth — a visually uplifting and aesthetically pleasing scene.",7,3,prominent_faces,1,1,3,4,5,3,5
sadness_01363,"A memorial plaque surrounded by a decorative iron fence with flowers, sports scarves, and tributes laid upon mulch — the scene of a public commemoration evokes quiet grief and loss.",2,2,none,1,1,2,1,3,1,3
fear_14872,"Two performers in white suits huddled together on a dark stage, one appearing to cry out in anguish — the dramatic theatrical lighting, distressed expressions, and vulnerable posture evoke a strong sense of despair and suffering.",2,3,prominent_faces,2,1,3,1,2,2,3
fear_12309,"A cheetah crouches low in a stalking posture with intense golden eyes locked directly on the camera, conveying predatory threat and tension that evokes unease or fear.",2,4,none,4,1,3,1,1,4,4
disgust_03521,"A polluted urban lake with litter, algae, and a bird nesting amid debris evokes a melancholic unease — natural life persisting despite environmental degradation and visible human-caused pollution.",2,2,none,2,3,2,1,2,1,2
disgust_08958,"A pile of washed-up beach debris/trash sits in sharp focus in the foreground while blurred figures stand on a wide, flat beach in the background — the combination of environmental pollution and the desolate, grey-toned scene evokes a predominantly negative, low-energy melancholy with undertones of disgust and concern.",2,2,people_present,2,4,2,1,1,2,
excitement_00393,"Two surfers in full wetsuits on churning whitewater waves convey active, energetic excitement — one actively riding a wave while the other watches, suggesting dynamic sporting action with moderate aesthetic appeal.",6,4,people_present,2,1,3,3,2,4,3
fear_10477,"A massive, close-up fossilized dinosaur skull with large serrated teeth dominates the frame — ancient, imposing, and subtly threatening, evoking a mix of awe at its scale and a primal sense of danger.",3,4,none,4,1,4,1,1,2,3
contentment_11024,"A smiling woman hugging a happy, tongue-out greyhound in bright sunshine radiates warmth, joy, and easy companionship — the dominant feeling is cheerful contentment.",6,2,prominent_faces,1,1,2,3,5,2,4
disgust_07786,"The image shows scattered litter and garbage on a dirty urban sidewalk — an overflowing bin, a pizza box, plastic bags, a tin can, and cigarette butts — evoking a strong sense of urban neglect and visual repulsion.",2,2,none,1,4,2,1,1,1,1
awe_04567,"The image is a dramatic, fiery sunset over a coastal rocky shoreline with vivid crimson and orange clouds reflected in tide pools — visually stunning and awe-inspiring, evoking grandeur and overwhelming natural beauty with high emotional intensity.",6,5,none,2,1,5,1,3,5,5
amusement_11729,"Two young children riding a carousel with big smiles and visible joy, a classic fun fair setting that evokes lighthearted excitement and delight.",6,4,prominent_faces,1,1,2,5,4,4,3
awe_04504,"A sweeping mountain sunset with warm pink-orange clouds, layered blue ridgelines, and silhouetted conifers evokes a sense of vast, serene grandeur — calm yet deeply stirring.",6,2,none,1,1,4,1,4,2,5
contentment_09470,"Three fluffy ducklings nestled together in sun-dappled green grass evoke a strong sense of warmth, innocence, and gentle delight — the golden light and soft textures make this a highly appealing, low-threat, mildly playful scene.",6,2,none,1,1,2,3,5,2,5
fear_00230,"A person in highly detailed zombie makeup lunges toward the camera with clawed hands and a snarling, gore-covered face against a dark Halloween backdrop, creating an immediate visceral shock of threat and revulsion.",2,5,prominent_faces,5,4,3,2,1,5,3
contentment_14035,"Two young baseball players sitting together on the grass in a friendly, supportive pose — one appears to be comforting the other — evoking warmth and gentle positive emotion.",6,2,prominent_faces,1,1,2,2,5,2,3
awe_12019,"The aerial view through a plane window of a vast, snow-capped volcanic mountain range under a vivid blue sky evokes a profound sense of grandeur and wonder — the sheer scale and dramatic textures of the landscape dominate the scene with striking visual impact.",6,4,none,1,1,5,1,2,3,5
anger_03454,"A gorilla in a confined enclosure stares intensely through cracked/broken glass, conveying a sense of captivity, tension, and mild threat — evoking unease and somber mood.",2,4,none,4,1,3,1,1,3,3
fear_12081,"A close-up nature scene framed in a circular vignette shows a vivid orange Comma butterfly perched among dry grass and green leaves, with a boldly striped yellow-and-black caterpillar below — the intimate detail and unexpected pairing of two striking insects in their natural habitat evokes quiet wonder and gentle delight.",6,2,none,1,1,4,2,3,2,
anger_08534,"A cheetah mid-yawn with mouth wide open, teeth and tongue fully visible — the expression looks dramatic and slightly comical, evoking a mix of mild threat-awareness and amusement due to the wide-eyed, exaggerated pose against a bright green background.",5,4,none,3,1,3,4,2,4,4
anger_00755,"A wildfire burning through dry woodland with vivid orange flames, thick smoke billowing into a grey sky, and scorched vegetation creates a strong sense of danger and threat, evoking intense unease and alarm.",2,5,none,5,1,3,1,1,5,3
anger_00454,"A black cat with glowing green eyes is caught mid-yawn/hiss with fangs fully bared, creating a startling and mildly threatening impression that is simultaneously somewhat amusing given it's a domestic cat.",3,4,none,3,1,3,3,2,4,3
sadness_07754,"An abandoned, dilapidated interior with peeling paint, debris, broken windows, and a ""No Trespassing"" sign evokes a strong sense of decay and melancholy, with an undercurrent of unease from the desolation and warning sign.",2,2,none,3,3,3,1,1,1,2
fear_02385,"A young woman with a blood-soaked cloth bandage wrapped around her mouth and visible wounds/blood on her face and neck creates a deeply unsettling, threatening, and disturbing scene that evokes strong negative emotional reactions.",1,5,prominent_faces,5,4,2,1,1,3,2
fear_11093,"The image shows a tattered, dark, corpse-like Halloween costume dress hanging near a door — its distressed, decomposed aesthetic and ominous dark palette evoke unease and a mild sense of dread or creepiness.",2,3,none,3,3,3,2,1,2,2
disgust_09320,"A close-up macro shot of a spider centered on its web against a vivid green bokeh background evokes mild unease and arachnophobic tension, offset by the striking natural beauty and compositional elegance of the web.",3,4,none,3,3,3,1,2,2,4
anger_06487,"A lioness roaring with mouth wide open, sharp fangs and tongue fully extended — a raw, powerful display of predatory force that triggers visceral alarm and tension in the viewer.",2,5,none,5,2,3,1,1,5,3
sadness_08691,"A tiny, wide-eyed Chihuahua puppy being cradled gently by a person evokes warmth, charm, and light amusement — its oversized ears and alert curious gaze are endearing and slightly comical.",6,2,people_present,1,1,2,4,5,2,4
contentment_08356,"A laughing man being kissed on both cheeks simultaneously by two young children in a cozy home setting radiates pure familial joy, warmth, and affection — the dominant feeling is deep contentment and delight.",7,3,prominent_faces,1,1,2,4,5,3,4
excitement_17730,"A live outdoor music festival scene with energetic performers on stage creates a vibrant, high-energy atmosphere that evokes excitement and positive engagement.",6,4,people_present,1,1,2,4,3,5,3
amusement_00366,"Cinderella's Castle lit up in vivid red, blue, and orange with bursting fireworks overhead and a projected character face creates a spectacular, high-energy nighttime celebration that is visually stunning and joyfully overwhelming.",6,5,people_present,1,1,5,4,3,5,5
disgust_06097,"The image shows a heavily soiled, rust-stained, and filthy toilet — a strongly repulsive and unhygienic sight that dominates the viewer's reaction with visceral disgust.",1,3,none,2,5,2,1,1,1,1
fear_09324,"This is a Georgian-era satirical caricature (likely Rowlandson) showing a skeleton/Death figure bursting in on a chaotic domestic scene, causing people to panic and scatter — the macabre subject matter is rendered in an exaggerated, comedic style that blends dark humour with mock-horror, producing a dominant tone of darkly playful amusement.",3,4,people_present,3,2,3,4,1,5,
sadness_07081,"A shadowy, overgrown cemetery with dark gravestones, ivy-covered trees, and fallen autumn leaves conveys a heavy, melancholic atmosphere with mild unsettlement — evoking quiet grief and a faint sense of eerie dread.",2,2,none,2,1,2,1,1,1,3
amusement_03468,"A vibrant teal and yellow paddleboard with tribal Polynesian artwork rests on a warm wooden deck beside a coiled leash, evoking a relaxed, sunny beach lifestyle with mild visual interest from the bold graphics.",6,2,none,1,1,2,3,4,2,4
amusement_07187,"A visually appealing Italian antipasto plate with cured meats, fried vegetables, soft cheese, and condiments evokes mild contentment and appetite — warm, inviting, and pleasantly stimulating.",5,2,none,1,1,2,2,4,2,4
disgust_05637,"A dense, writhing mass of hairy caterpillars tangled in silky webbing evokes a strong visceral revulsion — the combination of swarming insects, matted hairs, and dark frass dots triggers a powerful disgust response with an undercurrent of unease/fear.",2,4,none,3,5,3,1,1,3,1
anger_03995,"A young lion's wide-open roaring mouth with fully extended tongue and exposed sharp teeth dominates the frame — simultaneously alarming (raw predatory power) and oddly comical (exaggerated, almost cartoonish gape), creating a tense yet mildly amusing reaction.",3,4,none,4,2,3,3,2,4,3
disgust_09309,"A homely plate of cooked black-eyed peas, a saucy meat dish, and shredded carrot salad — comforting everyday food that evokes mild contentment but is visually unpolished and unappetising under the warm, slightly murky lighting.",4,1,none,1,2,1,1,3,1,2
contentment_07213,"A smiling U.S. Fish & Wildlife Service worker holds a small wild bird on her hand in a lush green meadow under a bright blue sky, radiating genuine joy and connection with nature.",6,3,prominent_faces,1,1,3,3,4,2,4
fear_04087,"The dark, decayed, narrow corridor with peeling walls, pitch-black doorways, and no visible exit creates a deeply unsettling, claustrophobic atmosphere strongly evoking dread and unease.",2,4,none,4,3,2,1,1,2,2
sadness_08358,"A close-up of a big black dog resting its chin on the floor with large, droopy, soulful eyes conveys a gentle, melancholic calm — the classic ""puppy-dog eyes"" expression that evokes warmth and a touch of wistfulness.",5,1,none,1,1,2,2,4,1,4
awe_00995,"A laughing bride and smiling groom in traditional Scottish kilt outside a stone church conveys a joyful, celebratory wedding moment with warmth and happiness.",7,3,prominent_faces,1,1,2,3,5,2,4
anger_06575,"A car engulfed in large, violent flames at night near a residential building conveys immediate danger, destruction, and threat, evoking strong negative arousal.",2,5,none,5,1,3,1,1,5,2
excitement_12121,"A shirtless man is captured mid-air performing a powerful flying kick at a tree trunk in a sunny garden, conveying high physical energy, athleticism, and excitement.",6,4,people_present,2,1,3,3,3,5,3
fear_01366,"A vampire-themed portrait of a woman with blood dripping from her mouth, piercing blue eyes, and a dark, stormy background — creating a menacing, eerie, and unsettling atmosphere that blends threat with dark aesthetic appeal.",2,4,prominent_faces,4,3,3,1,1,3,4
fear_05900,"The image depicts a bloodied man crouching over a limp body on the ground, evoking a strong sense of violence, distress, and danger — likely staged/theatrical but viscerally disturbing.",2,4,prominent_faces,5,4,2,1,1,3,2
disgust_07217,"A large, vividly-patterned garden spider (Argiope) fills the frame on its web, an inherently fear- and disgust-triggering subject for most viewers, with its long spindly legs, white egg sac, and close-up macro perspective amplifying the unsettling detail.",2,4,none,4,4,3,1,1,2,
sadness_10963,"A black-and-white image of two people absorbed in music — one playing a double bass and consulting sheet music — conveys a quiet, introspective, and slightly melancholic mood reinforced by the dark, moody lighting and serious, downward-cast expressions.",3,2,prominent_faces,1,1,2,1,2,2,4
contentment_03916,"A smiling mother holds her curious baby near blooming pink flowers in a sunny garden, radiating warmth, tenderness, and quiet joy — evoking a deeply positive, calm, and heartwarming mood.",6,2,prominent_faces,1,1,2,3,5,2,4
sadness_02092,"A calm, well-kept chestnut horse grazing peacefully in lush green grass evokes quiet contentment — the gentle posture, soft eye, and pastoral setting radiate tranquility and warmth with no threat or distress.",6,1,none,1,1,2,1,4,1,4
fear_11391,"A dimly lit, unsettling image of what appears to be a person's head pressed against the floor with long dishevelled grey hair splayed out — the dark, shadowy atmosphere, vulnerable prone posture, and eerie composition evoke a strong sense of dread and discomfort.",2,4,people_present,4,2,3,1,1,2,2
disgust_03022,"The image shows slimy, amorphous sea slugs or similar invertebrates on a sandy seafloor — their wet, lumpy, mucus-covered texture and brownish coloration are inherently repulsive to most viewers, driving a strong disgust response.",2,3,none,2,4,3,1,1,1,1
contentment_11309,"Delicate white bougainvillea blooms sharply in focus against soft pink flowers and dark foliage, creating a serene, aesthetically pleasing composition that evokes quiet contentment and gentle beauty.",6,2,none,1,1,2,1,4,2,4
anger_06131,"The image shows a man in a suit being interviewed at a movie premiere (Fury), speaking into a microphone with a composed, professional expression — evoking mild engagement and social neutrality rather than strong positive or negative affect.",4,2,prominent_faces,1,1,2,1,2,2,3
anger_10718,"A large bonfire blazing in the dark with dramatic sparks spiraling high into the night sky creates a powerful, primal scene — simultaneously thrilling and slightly ominous, evoking intense energy and a sense of awe mixed with mild unease.",5,5,people_present,3,1,4,2,3,5,4
disgust_01122,"The scene shows a woman standing in front of a heavily littered and debris-strewn alleyway, evoking a strong sense of disgust and sadness due to the overwhelming environmental decay and filth surrounding her.",2,3,prominent_faces,2,5,2,1,1,2,1
sadness_07903,"A visibly thin, shirtless child sitting alone on bare dirt, leaning against a wooden post with a subdued, pensive expression — the poverty, vulnerability, and isolation of the scene evoke a heavy sense of sorrow and empathy.",2,2,prominent_faces,2,1,2,1,2,1,2
fear_06746,"A towering, looming rabbit sculpture with a slightly unsettling face dwarfs a small child in a shadowy, high-contrast black-and-white woodland setting, creating a sense of eerie unease mixed with surreal wonder.",3,4,people_present,4,1,4,2,1,2,4
anger_04684,"Two boxers are actively exchanging punches in a competitive match, conveying high physical intensity, aggression, and combative energy — evoking strong arousal with an edge of tension and threat.",3,5,prominent_faces,4,1,2,1,1,5,3
excitement_12456,"Two people laughing joyfully while holding a stuffed chicken toy with a handmade ""I Love You"" heart — the scene is warm, silly, and bursting with shared amusement and affection.",7,4,prominent_faces,1,1,3,5,5,4,3
awe_00671,"A serene beach sunset with warm golden light reflecting on calm ocean waves evokes a sense of peaceful wonder and quiet grandeur, blending contentment with mild awe.",6,2,none,1,1,4,1,5,2,5
disgust_07872,"A squirrel perched atop a large pile of black garbage bags is mildly amusing and quirky, but the dominant visual is an unsightly, overflowing heap of trash in front of an otherwise nice home, evoking mild disgust and a touch of playful surprise.",3,2,none,1,3,3,3,1,2,1
awe_08459,"Two hikers on a trail amid sagebrush, dwarfed by a dramatic butte and vast open landscape under a partly cloudy sky, evokes a sense of expansive grandeur and peaceful adventure.",6,3,people_present,1,1,4,2,3,3,4
disgust_03368,"The scene depicts a large, chaotic pile of discarded furniture, boxes, and debris in an outdoor courtyard, with a lone figure standing among the mess — evoking a strong sense of disorder, loss, and desolation.",2,2,people_present,2,3,2,1,1,2,1
sadness_05033,"A man peers through the barred grate of a rusty inmate transport cell, gripping the bars with a stern, intense expression — evoking confinement, tension, and a sense of threat or distress.",2,4,prominent_faces,4,1,3,1,1,3,2
awe_04687,"A sweeping aerial sunset over a vast, partially frozen landscape with mountain silhouettes and golden-orange sky reflections on the water — a scene of grand natural scale that evokes wonder and quiet reverence.",6,3,none,1,1,5,1,3,2,5
amusement_10141,"A vivid, saturated purple wildflower in sharp focus against a softly blurred natural background radiates quiet beauty and gentle serenity, evoking a strong sense of contentment and mild aesthetic delight.",6,2,none,1,1,2,2,4,2,4
contentment_14744,"A serene Japanese garden with a thatched-roof teahouse perfectly mirrored in a still pond under a clear blue sky evokes quiet contentment and gentle wonder — calm, beautiful, and culturally distinctive but peaceful rather than exciting or threatening.",6,2,none,1,1,3,1,4,1,5
fear_10466,"Two cosplayers dressed as Mortal Kombat villains (Mileena and a dark ninja character) strike dramatic, aggressive poses at what appears to be a fan convention — the elaborate dark costumes, menacing masked faces, and combative stances generate high visual energy and excitement.",5,4,prominent_faces,3,1,3,4,2,5,4
contentment_04970,"A cheerful toddler in a green outfit interacts with dogs on a sunny rural deck, evoking a warm, heartwarming sense of innocent joy and domestic contentment.",6,2,prominent_faces,1,1,2,4,5,2,3
disgust_10072,"A highly detailed zombie/creature prop with exposed intestines, decayed skin texture, and a screaming expression — designed to horrify and repulse, evoking strong negative affect through both threat and disgust cues.",1,5,prominent_faces,5,5,3,1,1,3,1
anger_11077,"A group of protesters holding bold red signs demanding an end to foreclosures and evictions conveys collective frustration and civic anger — the imagery is tense, purposeful, and socially charged with little warmth or joy.",2,4,prominent_faces,2,1,2,1,1,4,2
excitement_18986,"A tattooed competitor races a Monster Energy-branded jet ski at high speed, generating massive water spray — the intense action, competitive energy, and explosive motion strongly evoke excitement and high arousal.",6,5,prominent_faces,2,1,3,3,2,5,4
anger_11404,"A woman making an exaggerated, fierce snarl while pointing a ketchup bottle — the theatrical aggression and absurd prop make the scene feel more comedically intense than genuinely threatening, evoking a playful mock-rage.",3,5,prominent_faces,2,1,3,4,2,5,3
contentment_11806,"Two children sitting together on driftwood at the shoreline, gazing at churning golden-hued waves under a clear sky, evokes a sense of quiet wonder and serene companionship — the vast, slightly turbulent sea adding a gentle undercurrent of awe to an otherwise peaceful and heartwarming scene.",6,2,people_present,2,1,4,2,4,3,
anger_01153,"A smiling woman holds a protest sign reading ""STOP THE DEATH PENALTY"" outdoors — the subject appears engaged and purposeful, evoking a mix of mild righteous indignation and determined advocacy, tempered by her positive demeanor.",3,3,prominent_faces,2,1,2,2,2,3,2
fear_01201,"A person in heavy ghoulish makeup gazes at a decayed skull prop in dark, sepia-toned lighting, creating a deeply unsettling, macabre atmosphere dominated by dread and repulsion.",2,4,prominent_faces,4,4,3,1,1,3,2
anger_06858,"The image shows wooden pallets engulfed in intense, roaring flames — the dominant feeling is one of threat and raw elemental power, driven by the overwhelming presence of fire, deep charring, and the sense of uncontrolled destruction.",2,5,none,5,1,3,1,2,5,3
disgust_04568,"A large spider with red markings sits prominently at the center of an intricate web against a pitch-black background — the close-up framing and predatory subject evoke strong unease, revulsion, and fear.",2,4,none,4,4,3,1,1,2,3
anger_02138,"A large tiger prowling in an enclosure evokes alertness and mild unease — the predator's focused, stalking posture and proximity to the fence suggest latent danger, producing a moderately high-arousal, slightly negative valence response.",3,4,none,4,1,3,1,1,4,3
amusement_09595,"A brilliantly lit Ferris wheel blazing in vivid purple, pink, and orange neon against a dark night sky, with its reflections shimmering on the water below, evokes a sense of spectacle and grandeur — visually striking, energetic, and joyfully festive.",6,4,none,1,1,4,4,3,4,5
fear_06221,"The image depicts a dark, violent composite scene with a bloodied, threatening male figure looming over what appears to be a prone, vulnerable figure on stairs, evoking intense dread and menace through its horror-aesthetic staging.",1,5,prominent_faces,5,4,3,1,1,4,2
excitement_04597,"Three children in colorful superhero costumes are running toward the camera with big smiles, radiating joy, playfulness, and high-energy fun — evoking an immediate sense of delight and excitement.",7,4,prominent_faces,1,1,3,5,5,5,4
disgust_10597,"The image depicts a filthy, litter-strewn urban sidewalk covered in scattered trash, papers, and debris — a scene that is visually repulsive and evokes strong negative affect with virtually no warmth, playfulness, or energy.",1,2,none,1,5,1,1,1,1,1
anger_07914,"A dramatic low-angle shot of a rusting electrical pylon with power lines against a deep blue sky, with a strip of intense fire/flames blazing at the base — the combination of industrial danger, looming scale, and flames creates a sense of overwhelming threat and dread.",2,5,none,5,1,4,1,1,5,3
anger_04122,"The image shows a protest scene with women holding signs against Islamophobia and a Muslim ban — a charged, socially serious moment that evokes a mix of righteous anger and determined resolve, with mild warmth from solidarity but overall tension and gravity.",3,4,prominent_faces,2,1,2,1,2,3,3
sadness_02371,"A man in a dark suit solemnly lays a wreath of red flowers on a grave marked with candles, evoking a quiet, mournful atmosphere of loss and remembrance.",2,2,prominent_faces,1,1,2,1,2,1,3
fear_05825,"The image depicts a dark, cramped interior of an old wooden structure with a ladder, bathed in deep red lighting — creating a claustrophobic, ominous, and unsettling atmosphere reminiscent of horror settings.",2,4,none,4,2,3,1,1,2,3
sadness_06302,"The sign's passive-aggressive, guilt-laden message about stolen charity plants — surrounded by visibly dead/dying vegetation — evokes a mix of melancholy and ironic dark humour; the situation is both sad and wryly amusing.",2,2,none,1,1,3,2,2,1,2
amusement_00530,"A warmly lit miniature Christmas village scene with falling snow, glowing houses, decorated trees, and a tiny horseback rider evokes a strong sense of nostalgic contentment and cozy wonder — the magical scale and craftsmanship inspire gentle awe while the festive warmth radiates comfort.",6,2,none,1,1,4,3,5,2,5
awe_04790,"A vivid, close-up red zinnia with bright yellow stamens against a soft dark background radiates natural beauty and gentle warmth, evoking a serene, pleasant feeling.",6,2,none,1,1,2,2,4,2,4
awe_06942,"A breathtaking winter alpine landscape at sunset with snow-covered mountains, a perfectly still reflective pool, and dramatic pink-purple clouds evokes a sense of vast, serene grandeur and quiet wonder.",6,2,none,1,1,5,1,3,2,5
disgust_05427,"A traditional butcher shop with large raw animal carcasses hanging prominently in the foreground is visually striking and likely to evoke strong disgust responses, with the graphic exposure of raw flesh, sinew, and blood dominating the scene.",2,4,people_present,2,4,3,1,1,2,2
contentment_03659,"A charming flat-lay of a watercolour painting of a bunny/cat, surrounded by bright yellow mimosa flowers and a colourful paint palette evokes a gentle, creative contentment — soft colours, delicate brushwork, and cheerful blooms radiate warmth and quiet joy with no threatening elements.",6,2,none,1,1,2,4,4,2,5
fear_08024,"The image features a vivid, boldly-colored foo dog (guardian lion) tattoo covering an upper arm — the fierce red creature with swirling purple clouds evokes a striking mix of intensity and cultural artistry, making the dominant feeling one of dark excitement and mild unease from the aggressive, snarling mythical beast.",3,4,people_present,3,1,4,1,2,4,
amusement_02912,"A close-up pile of vibrant pink Turkish delight coated in shredded coconut with hazelnut centers evokes a strong sense of sweetness, indulgence, and visual delight — the rich color, texture, and abundance create a pleasurable, contented feeling.",6,2,none,1,1,2,3,4,2,4
excitement_10047,"A joyful outdoor pride parade scene with children in matching red ""Together We Are"" shirts, hula hooping and waving rainbow flags — the energy, color, and communal celebration radiate excitement and happiness.",7,4,prominent_faces,1,1,2,5,5,5,4
fear_10690,"A surreal, humorous art installation of a speaker dressed in human clothing standing on a lawn evokes strong amusement and playful surprise — the absurdity is the dominant feeling.",6,3,none,1,1,5,5,3,2,3
anger_11180,"A hippo with its massive jaws wide open, chomping on hay while wearing what appears to be a straw hat, creates a simultaneously comic and mildly threatening scene — the absurd costume detail and feeding behaviour tip the image toward amusement and surprise.",6,4,people_present,3,2,4,5,3,4,3
anger_06311,"A massive structure engulfed in roaring flames against a pitch-black night sky — likely the Burning Man temple burn — radiates overwhelming intensity, sublime scale, and a tension between destruction and spectacle that dominates every emotional channel.",3,5,none,4,1,5,1,1,5,4
amusement_16909,"Vibrant orange flower spikes with two small birds feeding creates a visually striking, lively natural scene that evokes a sense of wonder and contentment through rich color and gentle wildlife activity.",6,3,none,1,1,4,2,4,3,5
sadness_05018,"A weathered gravestone in an overcast cemetery evokes quiet melancholy and solemnity, with muted tones, aged stone, and a mist-like haze reinforcing a somber, reflective mood.",2,2,none,2,1,2,1,1,1,2
awe_13652,"A stark, bare tree silhouetted against a glowing winter sunset over a snow-covered frozen landscape evokes a quiet, melancholic beauty — serene yet tinged with loneliness and the grandeur of nature.",5,2,none,1,1,4,1,2,2,5
awe_03101,"A serene sailboat glides across calm blue water with a forested rocky shoreline and a grand mountain in the background, evoking a strong sense of peaceful contentment and mild awe at the scenic natural grandeur.",6,2,none,1,1,4,2,4,2,5
awe_07742,"A cheeky squirrel caught mid-act raiding a bird feeder — a classic, comical backyard scene that is lighthearted and entertaining with no threat or unpleasantness.",6,3,none,1,1,3,5,3,3,3
excitement_07291,"A focused female percussionist performs intensely on stage, mallet raised over a drum, conveying energetic concentration and the excitement of live musical performance.",6,4,prominent_faces,1,1,3,2,3,5,4
sadness_03439,"A young girl is visibly crying or on the verge of tears, her face scrunched in distress while biting a straw — the dominant feeling is sympathetic sadness mixed with mild distress, evoked by the child's pained facial expression.",2,3,prominent_faces,1,1,2,1,2,2,3
excitement_11103,"A cheerful toddler in a red flannel jacket is mid-stride in a sunny parking lot, grinning and clutching her hands together — the scene radiates pure, lighthearted joy and warmth.",6,3,prominent_faces,1,1,2,5,5,3,4
sadness_02693,"The dominant feeling is one of emotional heaviness and empathy — a young man appears visibly distressed with his head in his hand while a woman leans in with concern, evoking sadness and quiet interpersonal tension.",2,2,prominent_faces,1,1,2,1,2,1,3
anger_07563,"The surreal juxtaposition of roaring fire burning amid blocks of ice on a frozen, desolate shoreline creates a striking, awe-inspiring contradiction — elemental opposites colliding in an otherworldly scene that commands wonder and intense fascination.",5,4,none,2,1,5,2,2,5,5
sadness_10148,"A woman sits hunched over with her head in her hand, eyes downcast, holding what appears to be a tissue — classic posture of grief or distress, evoking a strong sense of sadness and low emotional energy.",2,2,prominent_faces,1,1,2,1,1,1,2
amusement_19404,"A group of cheerful children in party hats with balloons and gifts against a vivid blue background radiates pure celebratory joy and high-energy excitement, making this image overwhelmingly positive and lively.",7,5,prominent_faces,1,1,2,5,5,5,4
fear_06064,"Two masked, dark-robed figures in a dimly lit room holding string lights create a deeply unsettling, threatening atmosphere reminiscent of horror imagery, evoking strong dread and unease.",2,4,prominent_faces,5,1,3,1,1,3,3
excitement_11815,"A lone country musician performs on a warmly lit, intimate stage with red curtains, evoking a cozy, lively atmosphere that blends contentment with mild excitement.",5,3,prominent_faces,1,1,2,3,4,3,3
anger_02946,"Two lions at Chester Zoo — a male yawning widely with teeth and tongue exposed, and a calm lioness beside him — evoke a mix of mild alarm from the open-maw display and lighthearted amusement at the dramatic yawn in a safe zoo context.",5,3,none,2,1,3,3,3,3,4
contentment_14597,"A couple sits peacefully in a wooden boat on a misty lake surrounded by dramatic karst mountains, evoking a strong sense of romantic contentment, serenity, and gentle wonder at the beautiful landscape.",6,2,prominent_faces,1,1,3,2,5,2,5
amusement_06417,"A young toddler with a slightly serious, contemplative expression sits on a colorful playground structure on a sunny day — the scene is safe, cheerful, and sweet, evoking gentle contentment with a touch of mild curiosity rather than overt excitement.",6,2,prominent_faces,1,1,2,3,4,2,4
contentment_08111,"A serene, intimate maternity portrait of a pregnant woman in a bubble bath with rose petals and wine, conveying calm celebration, self-love, and gentle contentment.",6,2,prominent_faces,1,1,2,2,5,1,4
fear_07753,"Two children in matching skeleton Halloween costumes sitting together evoke a playful, festive mood — the spooky imagery is clearly lighthearted and fun rather than genuinely threatening.",6,3,people_present,1,1,2,5,4,2,3
anger_03189,"A wildfire burns along the roadside at dusk, with a lone figure near the flames and smoke rising into a pink-tinged sky — the combination of active fire danger, eerie beauty, and human vulnerability evokes a tense, unsettling awe mixed with dread.",2,4,people_present,5,1,4,1,2,4,3
disgust_04888,"The image shows a smouldering cigarette resting in a small ceramic ashtray filled with ash, alongside a lighter on a decorative tablecloth — a scene associated with addiction, decay, and mild health-related unease, evoking a mildly negative, low-energy, and somewhat repulsive mood.",2,2,none,2,3,2,1,2,2,
fear_09609,"The image shows two people walking together with what appears to be fake/theatrical blood splattered heavily on their clothing and hands, likely a zombie walk or Halloween event — visually striking and mildly disturbing but with an underlying playful/costume context.",3,4,people_present,3,4,3,3,2,3,2
amusement_04598,"Three cheerful girls posing with a Santa Claus on a Segway outdoors creates a festive, joyful, and lighthearted holiday scene that radiates warmth and fun.",6,3,prominent_faces,1,1,3,5,5,3,4
sadness_01798,"A small, weathered grave marker for an infant (John Donald McBride, 1909–1910, lived less than a year) lying flat in overgrown grass evokes profound grief and loss, amplified by the child's extremely short life and the neglected, faded stone.",1,2,none,1,1,2,1,1,1,2
fear_07687,"A white plastic skull wearing Ray-Ban sunglasses against a vivid red background — macabre yet humorous, evoking dark amusement more than genuine fear.",5,3,none,2,2,3,4,1,2,3
sadness_09936,"A dark, fog-shrouded cemetery with black stone monuments, a crucifix, and overcast skies evokes a heavy, somber, and melancholic atmosphere with subtle unsettling undertones.",2,2,none,2,1,2,1,1,1,3
excitement_00812,"A raft has capsized violently in churning white-water rapids, flipping people into the turbulent water — a chaotic, high-danger, high-energy scene that is both thrilling and alarming.",3,5,people_present,5,1,4,2,1,5,3
sadness_03464,"A person lies still and awake in a dimly lit, cool-toned room, staring blankly — the dark purple ambiance, solitary pose, and vacant expression collectively evoke a heavy sense of melancholy and emotional withdrawal.",2,2,prominent_faces,1,1,2,1,1,1,3
fear_12126,"A dimly-lit bust/figurine with eerie red glowing light emanating from its face creates a sinister, unsettling atmosphere strongly associated with dread and unease.",2,4,prominent_faces,4,2,3,1,1,2,2
disgust_08213,"A macro close-up of coral polyps with tentacles extended — intricate and alien-looking, evoking quiet fascination and mild unease due to the unfamiliar texture and organic complexity.",4,2,none,1,2,4,1,2,2,3
anger_05812,"A tiger's intense close-up face with piercing amber eyes, open mouth, and exposed tongue lolling forward creates a powerful, visceral reaction — the predator's gaze and proximity evoke primal unease and heightened alertness.",2,5,none,4,1,3,1,1,4,4
disgust_03652,"The overflowing, graffiti-covered trash bin with litter and wilted plants strewn across a public sidewalk evokes a strong sense of neglect and urban decay, with the dominant emotional response being mild disgust and sadness at the unclean, unkempt environment.",2,2,none,1,4,2,1,1,1,1
contentment_15096,"A close-up of vibrant grape hyacinths (Muscari) in full bloom against a soft green bokeh background evokes a serene, pleasant sense of spring contentment — the rich violet-blue color, natural light, and orderly floral forms are visually attractive but gentle and calming rather than exciting.",6,2,none,1,1,2,2,4,2,
amusement_04220,"The image shows a large, fluffy decorative sphere densely covered in layered coral/peach tissue paper or fabric frills, likely a piñata or ornamental craft object — it is visually striking, warm-toned, and cheerful, evoking a festive, celebratory mood.",6,3,none,1,1,3,4,4,2,4
disgust_07156,"A close-up macro shot of a spider with a vivid crimson abdomen on a green leaf — the unsettling proximity and arachnid subject matter evoke mild fear and disgust, tempered by the striking visual contrast of the red body.",2,4,none,3,3,3,1,1,2,3
fear_11510,"A horror-themed image depicting a glowing jack-o'-lantern looming over a bloodied, screaming human head being held by a hand — strongly disturbing, viscerally threatening, and repulsive, evoking intense dread and revulsion.",1,5,prominent_faces,5,5,3,1,1,4,2
sadness_09739,"The dark, decayed interior of an abandoned concrete structure with crumbling walls and a gloomy atmosphere evokes unease and dread, reinforced by the oppressive darkness, peeling surfaces, and isolated doorway opening onto overgrown vegetation.",2,3,none,4,3,2,1,1,1,2
sadness_06608,"The image shows a young man in profile with a serious, somewhat downcast expression under dim, cool blue lighting, evoking a quiet, melancholic or contemplative mood rather than joy or excitement.",3,2,prominent_faces,1,1,2,1,1,1,3
fear_11335,"A woman in a lab coat wearing a graphic t-shirt depicting grotesque, bloody horror-movie-style faces holds a microphone on a busy street — the disturbing imagery on the shirt combined with her animated expression creates a mix of unease and dark amusement.",3,4,prominent_faces,2,4,4,3,1,4,2
anger_02747,"A large alligator is actively biting and consuming a fish in murky swamp water — a vivid predatory feeding scene that evokes visceral threat, repulsion, and raw natural aggression.",2,5,none,5,4,3,1,1,5,2
amusement_18748,"A towering, vividly colourful Ferris wheel against a bright blue sky evokes a sense of joyful excitement and mild awe at its scale, with strong playful and festive energy typical of an amusement park setting.",6,4,none,1,1,4,5,3,4,4
fear_14831,"The image depicts a person in zombie/horror makeup with fake blood and a ""PATIENT"" gown in a dark, eerie setting, designed to provoke fear and mild disgust through its haunted-attraction aesthetic.",2,4,prominent_faces,4,3,2,2,1,3,2
excitement_12426,"A vibrant Pride parade scene with two joyfully costumed people posing together under a frilly white parasol — the colorful outfits, big smiles, and festive crowd create an overwhelming sense of celebration and lighthearted fun.",6,4,prominent_faces,1,1,3,5,4,4,4
anger_05446,"The digitally manipulated image shows a face with a fierce, intense glare and furrowed brow rendered in stark blue-white contrast with a radial zoom-burst effect, projecting strong hostility and menace.",2,5,prominent_faces,4,1,3,1,1,5,3
disgust_07925,"A close-up of dark, wet seaweed and algae on rocky tidal flats with slender orange sea creatures (likely ribbon worms or flatworms) winding through the dense, slimy-looking vegetation — the scene is visually murky and texturally repulsive, evoking discomfort more than wonder.",2,3,none,2,4,3,1,1,2,
disgust_01461,"Raw, uncooked meat sitting heavily in a dark pan on a stovetop with seasoning bottles nearby — the image evokes a mild sense of unease due to the visceral, glistening texture of raw flesh, which is the dominant affective driver.",2,2,none,1,4,2,1,1,1,2
anger_01921,"A street protest scene with ""Black Lives Matter"" signs evokes strong moral urgency and collective tension — the raised signs, crowd energy, and social justice context generate high arousal with a mix of righteous determination and underlying grief/anger.",3,4,people_present,2,1,2,1,2,4,3
disgust_09059,"Overflowing green dumpsters surrounded by scattered trash and litter on a street evoke a strong sense of disgust and mild urban sadness/neglect, with no people, threat, or beauty present.",2,2,none,1,4,2,1,1,1,1
disgust_03068,"A spilled and shattered container on dirty asphalt with a dark, messy splatter evokes a sense of neglect, waste, and mild disgust — the scene is unpleasant, littered, and uninviting.",2,2,none,2,3,2,1,1,1,1
sadness_11844,"A man sits alone in a Burger King booth with his face buried in his hands, conveying dejection or distress in a mundane fast-food setting, evoking a strong sense of sadness or despair.",2,2,people_present,1,1,2,1,1,1,2
contentment_06796,"A cheerful young girl poses confidently in a bike helmet at a doorway, radiating playful energy and lighthearted charm — evoking warmth and amusement.",6,3,prominent_faces,1,1,2,5,4,3,3
excitement_16907,"A man with wide eyes, a huge open-mouthed grin, and a thumbs-up gesture on what appears to be an open-top bus radiates infectious excitement and playful energy, making the dominant feeling one of high-arousal positivity and fun.",7,5,prominent_faces,1,1,3,5,4,5,3
excitement_06717,"A theatrical street performer in an elaborate blue-and-white costume with dramatic face paint, clawed gloves, and feathered accessories waves to a crowd — the unsettling grin and ghoulish makeup create a tension between playful carnival fun and mild eeriness, making it simultaneously entertaining and slightly unnerving.",5,4,prominent_faces,2,1,4,4,2,4,
sadness_10488,"A lone person surrounded by all their belongings sits on the steps of a grand bank building — the stark contrast between institutional wealth and individual poverty evokes a heavy, melancholic tone with little warmth or energy.",2,2,prominent_faces,1,1,2,1,1,1,3
excitement_07174,A competitive fencing tournament with athletes actively mid-bout in dynamic lunging stances conveys high-energy sporting excitement and engagement.,6,4,people_present,2,1,3,2,2,5,3
fear_03423,"A heavily cracked and deteriorating antique porcelain doll face with hollow, glassy eyes and a decayed nose evokes a strong sense of unease and dread — its uncanny, damaged appearance is visually disturbing and unsettling.",2,4,none,4,4,3,1,1,2,1
sadness_04941,"A tiny baby yawning widely with eyes squeezed shut, wrapped in a cozy purple fleece blanket — the scene is overwhelmingly cute and lighthearted, evoking warm amusement and delight in the viewer.",6,2,prominent_faces,1,1,2,4,5,2,4
disgust_03639,"The image shows a chaotic pile of shredded paper, plastic bags, newspapers, and miscellaneous rubbish, evoking a strong sense of disorder and unpleasantness that is visually repulsive and mildly distressing.",2,2,none,1,4,2,1,1,1,1
disgust_04164,"A close-up macro shot of a large spider on its web triggers a visceral, unsettling response — its prominent fangs, hairy legs, and direct frontal orientation provoke classic arachnophobic fear and mild disgust, with little warmth or playfulness.",2,4,none,4,4,3,1,1,2,2
disgust_00391,"The dominant feeling is mild disgust and disappointment — a pleasant apple orchard setting is marred by scattered litter and food waste around a ""Golden Delicious"" sign, creating a sense of neglect and environmental carelessness.",2,2,none,1,4,2,1,1,1,1
excitement_08944,"A lively Pride parade scene with people in colorful, expressive outfits celebrating openly — the central figure is laughing and raising her arm in joy, conveying high-energy collective elation and festive excitement.",6,5,prominent_faces,1,1,3,5,4,5,3
awe_12315,"A toddler standing at a pool fence looking back with a slightly wary, wide-eyed expression evokes mild concern mixed with innocence — the child's curious yet uncertain gaze and the safety-fence context create a subtly tense but overall warm, everyday scene.",4,2,prominent_faces,2,1,2,2,3,2,3
awe_06726,"The vast, ancient desert landscape with towering sandstone formations, rippled red dunes, and traditional Bedouin tents evokes a sense of serene grandeur and quiet awe — the sheer scale and otherworldly beauty of the environment dominates the emotional tone.",6,2,none,1,1,5,1,3,1,5
excitement_05368,"A group of cyclists racing at high speed in wet, rainy conditions with motion blur conveys intense physical energy and competitive excitement.",6,5,people_present,2,1,3,2,2,5,3
fear_05383,"A smiling woman poses cheerfully next to a man in a gory zombie/horror costume holding a bloody STIHL chainsaw — the Halloween-style theatrical setup is playful and humorous despite the disturbing props and fake blood, suggesting amusement overlaid with mild staged fear cues.",5,4,prominent_faces,4,3,3,4,2,4,2
amusement_00517,"A cheerful Mickey Mouse costumed character in a bright blue tracksuit poses playfully at a Disney park, evoking strong feelings of fun, joy, and lighthearted excitement.",7,3,people_present,1,1,2,5,5,3,3
awe_01750,"A wedding couple stands before an elaborately decorated cake adorned with fresh fruit and flowers, evoking warmth, joy, and celebratory contentment — a positive, intimate milestone moment.",6,2,prominent_faces,1,1,2,2,5,2,4
sadness_05053,"A lone figure hunched over on a city sidewalk, head buried in their knees beside a colorful bag — the selective-color technique isolates the vivid bag against a bleak grey world, amplifying the contrast between the person's isolation/despair and the indifferent bustle of everyday life, evoking a deep sense of sorrow and helplessness.",2,2,people_present,2,1,3,1,1,1,
disgust_06103,"An overflowing street litter bin surrounded by a large pile of food waste and rubbish on a busy London pavement dominates the scene, evoking a strong sense of repulsion and mild frustration at public disorder and uncleanliness.",2,3,people_present,2,5,2,1,1,2,1
amusement_06107,"People are suspended high in the air on a spinning fairground ride, dangling legs visible against a pale sky — the image conveys thrilling, high-energy excitement with a mild edge of vertigo-inducing danger.",6,5,people_present,3,1,3,4,2,5,3
sadness_07532,"A solemn cemetery scene with a bowed marble angel statue over gravestones on a grey, leafless autumn day evokes quiet mourning and melancholy, with an undercurrent of solemnity and reverence for the dead.",2,2,none,2,1,2,1,1,1,3
contentment_11454,"A young child beaming with a big smile while holding a snack in a casual restaurant setting radiates pure joy and warmth, evoking strong positive affect.",7,2,prominent_faces,1,1,2,4,5,2,4
anger_07191,"A white Bengal tiger walking through a forested enclosure commands attention with its rare, striking appearance and predatory poise — evoking a mix of awe at its beauty and a low-level undercurrent of threat from its sheer power.",5,4,none,3,1,5,1,2,3,5
excitement_14512,"A sunny outdoor football/soccer scene with players on a green pitch, palm trees, and a goalpost in the background — the overall mood is active, pleasant, and sporting, evoking mild positive engagement and contentment.",5,3,people_present,1,1,2,3,3,3,3
contentment_15383,"A generous pile of freshly made, golden-brown waffles stacked on a plate next to a stove evokes a cozy, satisfying feeling of home cooking and comfort food.",6,2,none,1,1,2,2,5,1,3
fear_03094,"A grotesque horror-clown costume with fanged teeth and wild red hair is theatrically ""biting"" a man's neck at what appears to be a convention, creating a mix of mock-threat and dark humor that is simultaneously unsettling and comical.",3,4,prominent_faces,4,3,4,3,1,4,2
fear_11212,"This horror book cover depicts a man with blood dripping from his lips while hands with dark green nails cover his eyes, evoking strong threat, menace, and visceral unease — the dominant feeling is dark dread with a repulsive edge.",2,4,prominent_faces,5,4,3,1,1,3,3
excitement_18159,"Two guitarists performing energetically on a lit stage evokes excitement and high-energy engagement, with dynamic postures and vivid stage lighting creating an electrifying atmosphere.",6,4,prominent_faces,1,1,2,3,3,5,4
fear_04777,"The green-lit escalator tunnel receding into darkness creates a surreal, eerie atmosphere — the dramatic perspective, dim lighting, and unsettling colour cast evoke unease and a mild sense of dread or awe.",2,4,people_present,3,1,4,1,1,3,3
contentment_04996,"The diptych pairs a ghostly, motion-blurred treeline (evoking transience and melancholy) with a solitary goose gliding on still, misty water in monochrome — the overall mood is quiet, introspective, and tinged with gentle sadness or wistful contemplation.",3,2,none,1,1,3,1,2,2,
contentment_16414,"A wild cottontail rabbit nestled near the hollow base of a tree evokes a gentle, charming sense of contentment and delight — the small, alert creature in its natural habitat feels peaceful yet endearing.",6,2,none,1,1,2,3,4,2,4
awe_09850,"A couple in wedding attire bowing together at a beautifully decorated reception table with white roses evokes warmth, tenderness, and quiet joy — a deeply positive, intimate moment.",6,2,people_present,1,1,2,1,5,2,4
sadness_06373,"A close-up of a person's face with tears streaming down their cheek and reddened eyes strongly evokes grief and emotional pain, making this a distinctly negative-valence, moderately high-arousal image centered on visible human suffering.",2,3,prominent_faces,1,1,2,1,1,2,3
anger_07649,"Two large tigers resting in an enclosure — one yawning wide with teeth fully bared — while a tiny magpie stands boldly just inches away, creating a striking size contrast and latent danger that simultaneously reads as comically absurd and mildly threatening.",5,4,none,4,1,4,4,2,3,4
awe_03748,"A vivid, close-up sunflower in full bloom alongside a budding companion, surrounded by lush green foliage — the rich colours, natural harmony, and serene vitality evoke a quietly uplifting, contented feeling.",6,2,none,1,1,2,2,4,2,4
disgust_08796,"A close-up of dark, moist soil/compost in a terracotta pot with scattered debris — mundane, slightly unpleasant in texture, evoking mild aversion but no strong threat or beauty.",3,2,none,1,3,2,1,1,1,1
disgust_03586,"A close-up of a black-and-yellow striped caterpillar on weathered wood — mildly creepy/crawly for many viewers, evoking mild disgust or unease, but also naturalistic curiosity; low warmth, low threat, slight aversion.",3,2,none,2,3,3,1,1,2,2
awe_07610,"A breathtaking golden sunset silhouettes a small island of pine trees over a perfectly still lake, with dramatic rays of light bursting through the clouds and reflecting warmly on the water — evoking a profound sense of grandeur, beauty, and peaceful wonder.",6,3,none,1,1,4,1,5,2,5
awe_05952,"A traditional Indian wedding ceremony showing a groom placing a garland on the bride in red bridal attire — a joyful, culturally rich milestone moment that evokes warmth, celebration, and positive emotional resonance.",6,3,prominent_faces,1,1,3,2,5,2,4
excitement_13681,"Two people share a joyful, laughing moment of close physical affection — one gently cupping the other's face — radiating warmth, genuine happiness, and lighthearted playfulness with no negative elements present.",7,3,prominent_faces,1,1,2,5,5,3,4
contentment_12834,"A joyful toddler playing in a sunlit field of dandelions with arms outstretched evokes a strong sense of innocent delight, warmth, and carefree energy — the soft bokeh, bright greenery, and the child's beaming smile create an overwhelmingly positive and heartwarming atmosphere.",7,3,prominent_faces,1,1,2,5,5,3,
awe_08417,"A silhouetted bare tree against a glowing golden sunset over still water evokes a tranquil yet melancholic grandeur — the dramatic contrast, vast sky, and reflective lake surface inspire quiet awe and gentle wistfulness.",5,2,none,1,1,4,1,3,2,5
amusement_12114,"A quiet Japanese streetside scene with cheerful hanging flower baskets and a quaint red mailbox evokes a calm, pleasant sense of domestic charm and everyday contentment.",6,2,none,1,1,2,2,5,2,4
anger_06404,"The scene shows a political protest with people holding anti-racism signs from the Workers World Party, evoking a sense of civic tension and moral urgency — a mix of righteous indignation and collective solidarity rather than calm or joy.",3,4,prominent_faces,2,1,2,1,2,4,2
fear_05239,"A heavily body-painted figure in crimson red with grotesque prosthetic claws covering the face and mechanical bolts/chains, set against a pitch-black background — the imagery is viscerally disturbing and menacing, evoking a strong sense of dread and revulsion.",1,5,prominent_faces,5,4,4,1,1,3,3
sadness_06456,"A weathered 19th-century gravestone commemorating a deceased father evokes quiet grief and solemnity, with muted tones and an epitaph about loss and God's comfort.",2,2,none,1,1,2,1,2,1,3
excitement_13639,"A joyful woman riding on a man's shoulders at a lively outdoor music festival, surrounded by colorful flags and tents, radiates high-energy excitement and fun.",6,4,prominent_faces,1,1,2,5,4,5,3
sadness_10661,"A middle-aged man with graying hair and a mustache looks downward in a warmly lit indoor setting, conveying a quiet, introspective mood — calm and slightly melancholic, with no threat or drama.",3,2,prominent_faces,1,1,2,1,3,1,3
anger_04928,"A forest wildfire with active flames and heavy smoke conveys a powerful sense of danger and destruction, evoking strong negative emotional arousal through the visible threat to the natural environment.",2,5,none,5,1,3,1,1,5,2
fear_02984,"A macro close-up of red ants swarming over and dismembering what appears to be prey on gravel — the visceral, predatory scene evokes disgust and mild unease due to the insect swarm and implied death/consumption.",2,3,none,3,4,2,1,1,3,2
amusement_08578,"A beautifully plated, appetizing Bavarian-style meal — potato salad garnished with cherry tomatoes and parsley, sliced meatloaf, and pickles — evokes a warm, comforting, and pleasantly satisfying feeling with no negative elements.",6,2,none,1,1,2,2,5,2,4
anger_01090,"A man shouting intensely into a megaphone at what appears to be a nighttime street protest, surrounded by a crowd — the scene radiates confrontational energy, urgency, and collective tension.",2,5,prominent_faces,3,1,2,1,1,5,3
fear_11754,"The image depicts two people covered in blood and wounds in what appears to be a horror film still (Dark Storm Films), evoking strong disgust and fear responses due to the graphic gore and threatening atmosphere.",1,4,prominent_faces,5,5,2,1,1,3,2
fear_00077,"A clinical pelvic X-ray displayed on a medical monitor evokes a detached, mildly unsettling feeling due to its impersonal anatomical exposure and the implication of medical concern, with low warmth and moderate arousal from the clinical context.",3,2,none,2,2,2,1,1,1,2
sadness_00262,"A fallen tree in a cemetery has been lovingly decorated with small angel and fairy figurines, garden ornaments, and trinkets — a poignant, whimsical memorial that blends mild melancholy (gravestones in the background) with a gentle, playful human touch.",4,2,none,1,1,3,3,3,1,3
amusement_11817,"A woman is laughing heartily with her head thrown back, glasses askew, in a warm indoor setting — the dominant feeling is infectious, joyful amusement radiating from her uninhibited expression.",7,4,prominent_faces,1,1,2,5,4,4,3
awe_07431,"A vast, sun-drenched snow slope with mountain peaks and forest below evokes a sense of expansive natural grandeur and tranquil beauty, suggesting awe and contentment.",6,2,none,1,1,4,1,2,2,5
disgust_10755,"The scene shows a neglected, graffiti-tagged mailbox surrounded by scattered, weathered newspapers and litter piled in overgrown grass behind a chain-link fence — evoking a sense of urban decay, abandonment, and mild repulsion.",2,2,none,1,3,2,1,1,1,1
excitement_14626,"A grinning young man carries a wide-eyed toddler in a baby carrier, creating a warm, playful, and lighthearted family moment that strongly evokes amusement and joy.",6,3,prominent_faces,1,1,2,5,5,3,4
amusement_14416,"A lively outdoor festival crowd with smiling people in matching green outfits holding percussion instruments, radiating high energy, joy, and social warmth.",7,4,prominent_faces,1,1,3,5,4,5,4
disgust_03353,"The heavily corroded, pitted, and flaking rust surface evokes a sense of decay and repulsion — the dominant feeling is mild disgust combined with a hint of sadness at deterioration, driven by the irregular, bubbling texture and muted, brownish-orange palette of oxidation.",2,2,none,2,4,2,1,1,1,2
sadness_03435,"A mourning female statue leaning sorrowfully against a grave cross in a cemetery surrounded by autumn foliage evokes quiet grief and melancholy, softened by the beauty of the sculpted figure and golden leaves.",2,2,none,1,1,3,1,2,1,4
disgust_08426,"Raw, unrefrigerated cuts of meat laid out on a weathered wooden boat with a butcher's cleaver and a scale evokes a visceral, unsettling reaction — the combination of blood-red flesh, rustic setting, and lack of hygiene cues makes this image primarily repulsive and mildly disturbing.",2,3,none,2,4,3,1,1,2,
awe_06077,"A solemn Christian communion/Eucharist ceremony in a church, with robed clergy administering the chalice — the scene conveys reverence, peace, and spiritual warmth rather than excitement or threat.",6,2,prominent_faces,1,1,2,1,4,2,3
sadness_02478,"The close-up portrait of an elderly woman with deeply weathered skin, praying hands, and a solemn, downcast expression evokes a profound sense of hardship, resignation, and quiet suffering — drawing the viewer toward feelings of melancholy and compassionate sorrow.",2,2,prominent_faces,1,1,3,1,2,1,4
sadness_04196,"A close-up black-and-white self-portrait of a young man with a subtle smirk and a winking/squinting eye, suggesting mild amusement or playful self-confidence, with a relaxed but slightly mischievous expression.",5,2,prominent_faces,1,1,2,3,2,2,3
excitement_02387,A delighted toddler on a swing with mouth wide open in joy and excitement evokes pure high-energy playfulness and warmth.,7,5,prominent_faces,1,1,2,5,5,5,4
fear_14986,"A large, dark spider clinging to a white wall at close range — its prominent legs and fangs create a visceral sense of creepiness and threat, likely evoking fear and/or disgust in most viewers.",2,4,none,4,4,2,1,1,2,1
disgust_09595,"A rubbish bin overflowing with discarded toys, rotting bananas, plastic bags, and alcohol bottles evokes a strong sense of disgust and sadness — cherished children's items reduced to filthy waste alongside decomposing food and litter.",2,3,none,1,4,2,1,1,2,1
fear_00295,"A bold, aggressive graffiti mural of a demonic devil figure with sharp horns, menacing yellow eyes, and a snarling grin painted in vivid reds and yellows on a brick wall — the imagery is simultaneously threatening/unsettling and cartoonishly playful, producing a mix of unease and dark amusement.",3,4,none,4,2,3,3,1,4,
anger_11026,"The central figure is visibly angry and confrontational, speaking forcefully into a microphone with a tense, aggressive facial expression, surrounded by a crowd — evoking high arousal and strongly negative valence.",2,5,prominent_faces,3,1,2,1,1,5,2
fear_00046,"A person in elaborate vampire/undead Halloween costume with stark white face paint, dark red eye makeup, and blood effects poses in a dark, dimly lit haunted-house-style setting with dark drapery — the overall effect is deliberately creepy and unsettling, evoking a mild fear/spooky response with a slight undercurrent of amusement from the theatrical costume.",3,3,prominent_faces,3,2,3,3,1,2,
amusement_10207,"A warmly lit, beautifully decorated Christmas tree glowing with white lights, red ribbons, and a star topper against a cozy brick wall evokes deep contentment and festive warmth.",6,2,none,1,1,2,2,5,2,4
amusement_08851,"A dense cluster of bright white-and-yellow daisies in full bloom conveys gentle joy and serene natural beauty, evoking a calm, pleasant, and uplifting mood with no threat or negativity.",6,2,none,1,1,2,2,4,2,4
excitement_05062,"A cheerful toddler running across a sunny green lawn while clutching a bright blue ball evokes warmth, playfulness, and gentle excitement — the dominant feeling is light-hearted joy and contentment.",6,3,prominent_faces,1,1,2,5,5,3,4
anger_06030,"A street bonfire burning at night with text overlaid — the aggressive, uncontrolled flames on a dark urban street evoke a sense of danger, unrest, and tension, suggesting civil disturbance or protest.",2,4,none,4,1,3,1,1,4,2
sadness_06383,"A figure — appearing painted or sculptural in style — sits alone on a public bench with their face buried in their hands, conveying deep grief or despair in an otherwise bright, open urban space; the contrast between the sunny, indifferent environment and the hunched, withdrawn posture amplifies the sense of isolation and sorrow.",2,2,prominent_faces,1,1,4,1,2,1,
disgust_10313,"The image shows bacterial/fungal colonies growing on a blood agar plate — a visually unsettling microbiology specimen with slimy, spreading growths on a deep red medium, evoking a strong sense of repulsion and unease.",2,3,none,3,5,2,1,1,2,1
amusement_05029,"A soldier in full combat gear cuts through a metal door with an angle grinder, sending a dramatic explosive cascade of sparks in all directions — the scene radiates intense energy, danger, and raw kinetic force, evoking high arousal and moderate threat alongside visual spectacle.",4,5,people_present,4,1,4,1,1,5,4
contentment_11536,"A ewe resting in lush green grass surrounded by small, fluffy lambs evokes a strong sense of pastoral peace, nurturing warmth, and gentle contentment — soft textures, natural light, and the innocence of young animals dominate the scene.",6,2,none,1,1,2,3,5,2,4
fear_07593,"The two eerie, pallid sculpted heads with hollow painted eyes, deep wrinkles, and blood-red lips create a strong uncanny-valley unease — simultaneously grotesque and artistically crafted, evoking dread and revulsion.",2,4,prominent_faces,4,3,4,1,1,2,3
contentment_12942,"A young boy lies relaxed on a grassy curb with hands behind his head and a faint smile, radiating carefree contentment and lazy summer ease.",6,1,prominent_faces,1,1,2,3,5,1,3
fear_12191,A large group of people dressed as zombies with fake blood and torn clothing suggests a Halloween or zombie-walk event — simultaneously unsettling/disgusting in appearance yet clearly playful and theatrical in context.,4,4,prominent_faces,3,4,3,4,2,3,2
excitement_11696,"A laughing child splashing down a water slide into a backyard pool conveys pure joyful excitement — high energy, high positive valence, very playful, and warm/safe despite the action.",7,4,prominent_faces,1,1,2,5,4,5,3
disgust_09475,"The image shows overflowing, overstuffed garbage bins on a dull urban street — a scene that is visually unpleasant and evokes a sense of neglect and uncleanliness, making disgust and mild sadness the dominant affective responses.",2,2,none,1,4,2,1,1,1,1
anger_00637,"Two terns facing off beak-to-beak in an aggressive squabble evokes tension and confrontational energy, with a hint of comic absurdity from the dramatic open-mouthed poses.",3,4,none,3,1,3,3,1,4,3
fear_06805,"A lone figure in a black hooded jacket wearing a white gas mask stands against a near-black background with faint bokeh lights — the concealed identity, protective/threatening gear, and dark oppressive atmosphere evoke a strong sense of unease and dread.",2,4,people_present,4,1,3,1,1,2,3
excitement_04002,"A young woman in a wetsuit is actively surfing ocean waves with her arms spread wide and mouth open in exhilaration, conveying high-energy excitement and joyful triumph against a dramatic, churning sea backdrop.",6,5,prominent_faces,2,1,3,4,2,5,4
excitement_00094,"A motocross rider launches airborne off a jump at speed, conveying high kinetic energy and the thrilling yet slightly risky nature of extreme sport — evoking excitement and a mild edge of danger.",6,5,people_present,2,1,3,3,2,5,3
sadness_01580,"The image depicts a decayed, abandoned interior with debris on the floor and deteriorating walls, evoking a strong sense of desolation and melancholy with no warmth or vitality.",2,2,none,2,2,2,1,1,1,2
disgust_10903,"The image shows a filthy, debris-strewn floor covered in broken bottles, crushed cans, rotting garbage, and unidentifiable waste in what appears to be an abandoned or neglected space, evoking strong repulsion and a sense of decay and neglect.",1,3,none,2,5,2,1,1,1,1
fear_00011,"A zombie-like figure looming over the camera with blood-splattered clothing and a menacing expression, shot in high-contrast black-and-white with a dramatic sun flare — this image is intensely threatening and unsettling, designed to provoke visceral dread.",1,5,prominent_faces,5,4,3,1,1,4,3
excitement_02588,"A middle-aged male guitarist performing live on stage with high energy — singing into a mic, wearing a sleeveless vest and leopard-print guitar strap — conveys an upbeat, high-energy concert atmosphere that feels exciting and vibrant.",6,4,prominent_faces,1,1,3,3,3,5,4
excitement_13918,"Two performers rapping energetically on stage with microphones, dynamic crouching poses, and a lively concert atmosphere convey high-energy excitement and engagement.",6,5,prominent_faces,1,1,3,3,3,5,3
awe_04836,"A dramatic coastal sunset with a historic castle silhouetted on a rocky promontory evokes a profound sense of grandeur and serene wonder — the sweeping sky, warm golden horizon, and ancient structure combine to produce an expansive, awe-tinged tranquility.",6,3,none,1,1,5,1,3,3,5
contentment_06981,"A smiling woman cuddles a fluffy dog dressed in a coat inside a car, alongside a cheerful promotional text — the scene radiates warmth, joy, and lighthearted affection between human and pet.",6,2,prominent_faces,1,1,2,4,5,2,3
awe_04213,"A breathtaking city skyline reflected across a rushing river at sunset, with vivid pink-purple hues and lush greenery creating a grand, serene yet visually stunning scene that inspires wonder and expansive calm.",6,3,none,1,1,4,1,3,3,5
amusement_18908,"A palm tree with vividly blue-painted fronds atop a white balcony against a flat grey sky — the surreal, quirky colour choice is visually striking and playful, evoking a light, amused, mildly awe-struck response.",6,3,none,1,1,4,4,2,2,4
disgust_04439,"The extreme close-up of murky, bubbling, dark liquid with greenish algae-like patches and unidentifiable sediment creates a viscerally unpleasant and repulsive impression, evoking strong disgust with no warmth or positivity.",2,3,none,2,5,2,1,1,2,1
anger_09067,"A snarling tiger with bared teeth and an outstretched paw conveys raw predatory aggression and immediate threat, evoking strong fear and/or excitement in the viewer.",2,5,none,5,1,3,1,1,5,3
anger_00628,"A sea lion with its mouth wide open mid-bark/roar, captured in sharp close-up — the dramatic open jaw and intense gaze create a mix of comedic surprise and mild alarm, leaning toward energetic amusement with a slight edge of startlement.",5,4,none,2,1,3,4,2,4,4
disgust_01661,"A dark, cluttered pile of broken, dusty, cobweb-covered discarded objects evokes a strong sense of decay and neglect, primarily triggering disgust and sadness through its visual disorder and grime.",2,2,none,2,4,2,1,1,1,2
amusement_03575,"A group of friends raising glasses in a celebratory toast conveys a strong sense of joy, social bonding, and festivity, producing a warm and energetic positive emotional response.",6,4,people_present,1,1,2,4,4,4,3
fear_03057,"A giant hanging great white shark prop from the JAWS attraction at a theme park evokes a mix of thrilling unease and playful excitement — the menacing open jaws and imposing scale create a sense of mock-danger, while the theme-park crowd and colorful surroundings soften it into a novelty spectacle.",5,4,people_present,3,1,4,4,2,4,
sadness_11395,"A man reclines with earphones in on what appears to be a train, gazing upward with a relaxed, slightly introspective expression — evoking a quiet, mellow sense of contentment or mild wistfulness.",5,2,prominent_faces,1,1,2,1,3,1,3
amusement_18598,"A smiling young woman swings in a macramé hammock chair surrounded by lush plants, pink balloons, party food, and fairy lights, radiating carefree celebration and joy.",6,3,prominent_faces,1,1,2,4,5,3,4
contentment_04268,"Two cats cuddled together sleeping on a cozy sofa evoke a strong sense of warmth, peace, and gentle contentment with minimal arousal or threat.",6,1,none,1,1,2,2,5,1,3
anger_06636,"A close-up of a grey cat with vivid green eyes and an open mouth showing its tongue — the slightly confrontational upward gaze and open mouth give a mildly threatening/hissing vibe, but the fluffy, cute face and striking eyes also make it visually appealing and somewhat amusing.",5,4,none,2,1,3,4,3,4,4
sadness_08388,"The close-up black-and-white portrait of an orangutan with a downcast, introspective gaze and somber expression evokes a deep sense of melancholy and quiet contemplation, amplified by the dark, shadowy tones and stillness of the composition.",2,2,none,1,1,3,1,1,1,4
awe_02997,"The image presents a majestic snow-capped mountain range under a clear blue sky, framed by lush green conifers and vibrant pink blossoms in the foreground — a serene, grand, and visually stunning natural scene that evokes a strong sense of awe and peaceful wonder.",6,3,none,1,1,5,1,3,2,5
awe_01795,"A stunning tropical beach sunset with vivid golden light, dramatic clouds, swaying palm trees, and a lifeguard tower evokes a powerful sense of awe and serene contentment through its grand natural beauty and peaceful solitude.",6,3,none,1,1,4,2,4,3,5
sadness_12568,"An abandoned, decaying elevator with blood-like writing reading ""DON'T OPEN DEAD INSIDE"" and a handprint creates a deeply unsettling, threatening atmosphere evoking dread and unease.",1,4,none,5,3,3,1,1,2,2
contentment_09561,"A warm, tender scene of an older man sitting with a small child on his lap, both looking at a map together outdoors — evoking quiet contentment, familial warmth, and gentle connection.",6,2,prominent_faces,1,1,2,2,5,1,3
contentment_00070,"A mother tenderly nuzzles her newborn baby on a soft bed, radiating deep warmth, love, and contentment — one of the most emotionally positive and intimate human moments possible.",7,2,prominent_faces,1,1,2,2,5,1,5
anger_11395,"A group of suited men march in a protest, carrying signs with satirical Dutch/French slogans mocking the rich — the scene is politically charged and darkly humorous, evoking a mix of ironic amusement and underlying social tension.",4,3,people_present,1,1,3,4,2,3,2
amusement_02872,"A mother and young child share a joyful, sun-drenched moment outdoors with a colorful pinwheel — both are laughing broadly, radiating warmth, playfulness, and carefree happiness.",7,4,prominent_faces,1,1,2,5,5,4,4
disgust_01941,"The image depicts a heavily soiled, unflushed toilet in a grimy, neglected bathroom — the dominant feeling is visceral disgust driven by the visible filth, staining, and unhygienic conditions.",1,3,none,2,5,1,1,1,1,1
awe_03434,"The ancient Incan ruins of Machu Picchu set against towering, cloud-shrouded mountains evoke a profound sense of grandeur and wonder — the sheer scale, historical weight, and dramatic misty landscape inspire reverence and expansive awe.",6,3,none,1,1,5,1,2,2,5
amusement_00970,"A neatly arranged platter of colorful appetizers — cherry tomatoes, white cheese cubes, and green olives on toothpicks — evokes a pleasant, appetizing, and inviting feeling associated with social gatherings and good food.",6,2,none,1,1,2,3,4,2,4
sadness_00122,"A fog-shrouded autumn cemetery blanketed in vivid red-orange fallen leaves evokes a melancholic yet visually striking mood — the natural beauty of the fall foliage contrasts with the solemnity of gravestones, producing a bittersweet, somber atmosphere tinged with an eerie stillness.",2,2,none,2,1,3,1,2,1,
sadness_10952,"A golden puppy curled up asleep on a soldier's military gear and boots alongside a Redskins blanket evokes a bittersweet, tender poignancy — the innocence and vulnerability of the dog contrasted with the rugged, worn military equipment suggests longing, loyalty, and quiet sadness softened by warmth.",3,2,none,1,1,3,1,3,1,
disgust_07150,"The image shows shredded cooked meat (likely pulled pork or chicken) being cooked in a red Dutch oven — a mundane, everyday cooking scene with warm, golden-brown tones that is neither particularly exciting nor distressing.",4,2,none,1,2,1,1,3,1,2
contentment_16354,"Two pronghorn antelope standing alertly in a sun-drenched grassland dotted with yellow wildflowers evoke a gentle, tranquil sense of natural beauty and peaceful coexistence with the wild.",6,2,none,1,1,3,2,4,2,4
amusement_03729,"A brilliantly lit Ferris wheel blazing with multicoloured gondolas against a deep night sky radiates festive excitement and visual wonder — the vibrant colours, towering scale, and dynamic upward angle all amplify energy and awe.",6,4,none,1,1,4,4,3,5,5
awe_01339,"A sweeping mountain landscape at golden sunset with wildflowers in the foreground and a glowing sea in the distance creates a sense of vast, sublime beauty that overwhelms the senses with grandeur and wonder.",6,4,none,1,1,5,1,4,3,5
disgust_10098,"An overflowing, messy trash bin in a park with litter spilling onto the ground evokes a sense of disgust and mild frustration — the visual clutter, rotting waste, and environmental neglect are repulsive and disheartening.",2,2,none,1,4,2,1,1,1,1
awe_09608,"A sweeping glacial lake scene with snow-capped mountains, clear turquoise water, scattered boulders, and a vast open sky conveys a sense of grand, serene majesty that is quietly overwhelming in scale.",6,2,none,1,1,5,1,2,2,5
anger_07230,"A smoldering leaf pile burning close to dry grass and shrubs signals potential uncontrolled fire spread, evoking moderate threat and unease despite the mundane autumn yard-cleanup context.",3,3,none,4,1,2,1,2,3,2
sadness_09911,"The black-and-white image of a decayed, abandoned wooden church with boarded windows evokes a strong sense of desolation and unease — its deteriorating structure, empty lot, and gothic silhouette suggest neglect, isolation, and a faintly ominous atmosphere.",2,3,none,3,2,3,1,1,2,3
amusement_01013,"A young girl is smiling brightly while spinning a red plate on a stick outdoors at what appears to be a fun group activity, radiating joy and lighthearted playfulness.",6,3,prominent_faces,1,1,2,5,4,3,3
anger_09386,"A person in a protective suit is engulfed in intense flames, creating a viscerally alarming and dangerous scene that dominates the frame with bright, aggressive fire.",2,5,people_present,5,1,4,1,1,5,2
anger_05249,"A close-up of a snarling carousel tiger with bared teeth and an intense expression creates a playful-yet-unsettling tension — it's a decorative fairground figure that mimics threat, evoking a mix of startled amusement and mild unease.",4,4,none,3,1,3,4,2,4,3
awe_10175,"A vivid rainbow glimpsed through dark, bare silhouetted tree branches against a brooding overcast sky evokes a sense of wonder and quiet uplift — the contrast between the moody, muted landscape and the brilliant spectral arc creates a feeling of unexpected grandeur and gentle awe.",6,2,none,1,1,4,1,2,2,4
awe_07246,"The image shows a dramatic industrial spiral staircase with vivid orange railings wrapping around a tall cylindrical tower against a deep violet-blue twilight sky — the striking HDR palette, bold geometric ascent, and monumental scale create a sense of visual grandeur and awe-inducing wonder.",6,4,none,2,1,5,1,2,4,5
amusement_05272,"A delightful toddler clapping her hands with a gentle smile amid softly falling snowflakes creates an overwhelmingly warm, joyful, and tender scene — evoking gentle contentment and innocent delight.",6,2,prominent_faces,1,1,2,4,5,2,5
fear_07519,"A large spider illuminated against a pitch-black background on its intricately detailed web — the stark contrast, creeping arachnid, and dark atmosphere strongly evoke unease and dread, with the web's geometric precision adding a faint sense of macro-photography novelty.",2,4,none,4,3,3,1,1,2,3
amusement_08616,"Smiling children in vibrant traditional folk costumes posing together radiates warmth, joy, and innocent celebration, evoking strong positive affect with high social warmth and playfulness.",7,3,prominent_faces,1,1,3,4,5,3,5
disgust_04183,"A dark millipede crawling across a mossy, damp stone surface evokes mild unease and repulsion — the worm-like segmented creature is a classic disgust/creepiness trigger, set against an otherwise natural and textured nature scene.",2,3,none,2,4,2,1,2,2,2
awe_08946,"The sweeping panoramic view of Edinburgh's historic skyline set against the dramatic volcanic bulk of Arthur's Seat under a bright, partly cloudy sky evokes a sense of grandeur and elevated wonder — the kind of awe inspired by the combination of human heritage and imposing natural geology.",6,3,none,1,1,4,1,3,2,5
amusement_19312,"A lively outdoor Disney parade featuring Pluto and Donald Duck costumes interacting with a cheerful crowd evokes strong joy and amusement through bright colors, playful characters, and festive energy.",6,4,people_present,1,1,2,5,4,4,3
fear_10989,"The image of a decayed, paint-peeling, dirty abandoned window evokes a strong sense of neglect, decay, and melancholy — the deterioration and grime create an unsettling, somber atmosphere with mild creepiness.",2,2,none,2,3,2,1,1,1,2
amusement_04751,"A young boy beams with a wide, gap-toothed grin while proudly holding a blue-painted craft bottle in what appears to be a kids' art class — the scene radiates pure, infectious joy and lighthearted fun.",7,4,prominent_faces,1,1,2,5,5,4,3
excitement_08183,"Two smiling, tanned people taking a selfie while pointing at a colorful map — radiating joy, wanderlust, and shared excitement about travel plans.",6,4,prominent_faces,1,1,3,4,4,4,3
excitement_12556,"A man wakeboarding on choppy water with dynamic splashing and an athletic crouched stance conveys high-energy excitement and physical thrill, with an overall positive, active mood.",6,4,prominent_faces,2,1,3,4,2,5,3
contentment_09311,"A beautifully presented sushi platter with vibrant colors and fresh ingredients evokes a pleasant, appetizing sense of contentment and mild delight.",6,2,none,1,1,2,2,3,2,4
anger_08003,"A woman screaming with an intensely furrowed brow and wide-open mouth dominates the frame, conveying raw, confrontational rage that feels threatening and deeply unsettling.",1,5,prominent_faces,4,1,2,1,1,5,2
sadness_10045,"A woman dressed as a nun in a theatrical performance stands with downcast eyes and clasped hands, conveying quiet solemnity, introspection, and a subdued, melancholic mood.",3,2,prominent_faces,1,1,2,1,2,1,3
awe_10067,"The sweeping, vivid orange-and-pink sunset sky with dramatic light rays over a calm ocean and silhouetted rocky island creates an overwhelming sense of grandeur and serene beauty, evoking deep emotional uplift.",6,3,none,1,1,5,1,4,3,5
excitement_05682,"A young woman with wet hair, sunglasses, and red lipstick is caught mid-cheer with her arm raised and mouth wide open in a joyful shout, radiating high-energy exuberance and celebratory excitement.",7,5,prominent_faces,1,1,2,4,3,5,4
excitement_01197,"A roller derby bout mid-action with players physically clashing, wearing helmets and pads, showing intense competition and physical contact, which conveys high energy, excitement, and mild threat from aggressive body contact.",5,5,prominent_faces,3,1,3,3,2,5,3
disgust_01155,"The cross-section of a root vegetable (likely taro) reveals a moist, fibrous interior with an unusual deep purple-to-cream gradient — visually intriguing but also somewhat visceral and off-putting due to the wet, fleshy texture and earthy tones.",3,2,none,1,3,3,1,2,1,2
excitement_01759,"A rock climber dangles dramatically from a sheer overhanging cliff face bathed in deep red sunset light, silhouetted against an open sky — the precarious, gravity-defying pose and implied danger evoke high arousal and a mix of awe and visceral tension.",5,5,people_present,4,1,4,1,2,5,5
awe_05709,"A frozen lake at golden-hour sunset with snow-covered banks and bare silhouetted trees evokes quiet, melancholic beauty — serene yet tinged with winter's coldness and isolation.",5,2,none,1,1,4,1,2,2,5
awe_12838,"Two tourists stroll along a sunny Mediterranean waterfront toward a massive, gleaming cruise ship (Costa Mediterranea), evoking a sense of pleasant anticipation and travel excitement — the grand scale of the vessel against the bright blue sky and calm water creates a mildly awe-inspiring, broadly positive mood.",6,3,people_present,1,1,4,2,3,3,4
sadness_02717,"The decaying, rust-eaten shipwreck stranded on a desolate shoreline evokes a strong sense of melancholy and loss — the slow decay of something once purposeful, set against a grey, overcast sky, amplifies feelings of abandonment and sadness.",2,2,none,2,2,3,1,1,1,3
excitement_16234,"A vibrant stage performance with dancers in elegant costumes under dramatic purple and pink lighting conveys high energy, visual spectacle, and celebratory excitement — the lead dancer's extended leg and graceful pose are both technically impressive and aesthetically striking.",6,4,prominent_faces,1,1,4,3,3,5,5
fear_14095,"A dark, isolated stairwell at night with a single harsh light casting deep shadows — the scene is ominous and unsettling, evoking a strong sense of unease and vulnerability.",2,4,none,4,1,2,1,1,2,2
anger_00691,"A magnificent white tiger yawning/roaring mid-stretch in sunlight evokes a mix of awe at its rare beauty and mild unease at its exposed fangs and raw power, with an overall sense of majestic calm.",5,3,none,2,1,4,2,3,3,5
awe_07312,"An aerial view from a small plane over a vast, frozen Alaskan wilderness with snow-covered tundra, a frozen river, dense conifer forest, and towering snow-capped mountains in the distance evokes a profound sense of grandeur and vast, awe-inspiring scale.",6,4,none,2,1,5,1,1,3,5
amusement_09047,"A chubby-cheeked baby in denim overalls gazes at the camera with a neutral, slightly curious expression next to a Santa Claus plush toy — the scene is warm, festive, and endearing, evoking gentle contentment and mild amusement.",6,2,prominent_faces,1,1,2,4,5,2,4
anger_02543,"A moody, high-contrast black-and-white portrait of an alert, watchful cat emerging from near-total darkness evokes a quiet, brooding tension — aesthetically striking but emotionally cool and slightly unsettling.",3,3,none,2,1,3,1,1,2,4
sadness_09281,"A monochrome stone funerary statue of a young woman holding roses — likely a cemetery memorial — evokes quiet grief and solemnity through its still, downcast figure, cold stone texture, and muted black-and-white tones.",2,2,prominent_faces,1,1,2,1,1,1,3
fear_09394,"The image shows a handmade papier-mâché or decoupage hand sculpture covered in religious imagery (Jesus, Virgin Mary, saints, scripture), displayed in a cozy, lived-in home setting — evoking a sense of quiet spiritual reverence and creative curiosity, with mild novelty from the unusual folk-art object.",5,2,none,1,1,4,2,4,2,
contentment_05414,"A young woman wrapped in a cozy, colourful blanket-poncho holds a vintage camera in a lush green fern forest, evoking a gentle sense of peaceful, artistic contentment with a touch of nostalgic warmth.",6,2,prominent_faces,1,1,2,2,4,2,4
amusement_08485,"A vibrant carnival/parade scene with elaborately costumed dancers in blue, pink, and gold outfits with feathered hats, conveying festive celebration and high-energy excitement.",6,4,prominent_faces,1,1,4,5,4,5,4
awe_13297,"A lone, bare, moss-draped dead tree stands against a misty, steep forested mountainside with diffused light — evoking solemnity, quiet melancholy, and a touch of grandeur through the dramatic scale and atmospheric haze.",3,2,none,1,1,4,1,2,2,4
contentment_04779,"A neatly styled overhead food shot of oat porridge with fresh fruit and milk evokes quiet contentment and comfort — warm, wholesome, and appetising with low arousal and high warmth.",6,2,none,1,1,2,2,5,2,4
sadness_06535,"Two people sitting quietly together on a low wall under birch trees on a sunny day evokes a gentle, peaceful, and content feeling — calm companionship in a pleasant outdoor setting.",6,1,people_present,1,1,1,2,4,1,3
amusement_04505,"A gleefully smiling toddler in a diaper and knee-high argyle socks toddling down a home hallway surrounded by colorful toys radiates pure joy and lighthearted playfulness, evoking warmth and delight in the viewer.",7,3,prominent_faces,1,1,2,5,5,3,4
excitement_06413,"A lively outdoor street festival scene with a laughing woman in festive costume accessories, capturing high-energy celebration and playful social interaction under bright sunlight.",6,4,prominent_faces,1,1,3,5,3,5,3
sadness_03285,"A visibly frail, disabled man slumped exhausted in a worn wheelchair on a bare street with a begging bowl nearby conveys deep human suffering and social marginalization, evoking heavy sadness and helplessness.",1,2,prominent_faces,2,1,2,1,1,1,2
sadness_08399,"A snow-covered Victorian graveyard at night, dominated by a dark Celtic cross draped in ivy, evokes a heavy, melancholic dread — the combination of death symbolism, deep shadow, cold silence, and eerie distant light creates a distinctly unsettling and sorrowful atmosphere.",2,3,none,3,1,3,1,1,1,3
anger_07668,"Two lions roaring/yawning with wide-open jaws evokes a mix of raw power and mild threat, producing arousal and tension, though their relaxed lying posture softens it slightly toward excitement/awe rather than pure fear.",4,4,none,3,1,4,2,2,4,4
awe_00344,"The sweeping mountain vista with rocky cliffs, dense pine forests, and a dramatic depth of layers evokes a sense of grandeur and sublime natural beauty, inspiring quiet awe and contentment.",6,2,none,1,1,4,1,3,2,4
excitement_16442,"A person in safety gear (helmet, life vest, harness) stands triumphantly on a rocky ledge beside a waterfall and jungle pool, giving a thumbs-up — radiating adventurous excitement and positive energy in a thrilling outdoor setting.",6,4,prominent_faces,2,1,3,3,3,4,3
disgust_01719,"The scene shows a deteriorated, graffiti-marked stone structure littered with debris—wilted roses, broken bricks, an empty liquor bottle, scattered rubbish and pebbles—evoking a sense of decay, neglect, and melancholy with a mildly repulsive undertone.",2,2,none,2,3,2,1,1,1,
disgust_01285,"The image shows heavily charred, blackened meat or animal carcasses piled on a smoky grill in a grimy, dilapidated setting — the burnt, visceral appearance and unsanitary environment are visually repulsive and aversive.",2,3,none,2,5,3,1,1,2,1
contentment_06575,"A joyful couple plays in a snowy winter forest — the man gives the woman a piggyback ride as she laughs and spreads her arms wide, radiating warmth, playfulness, and romantic happiness.",6,4,prominent_faces,1,1,2,5,5,4,4
disgust_08908,"The aerial view of heavily littered railway tracks evokes a strong sense of neglect and environmental degradation, with scattered trash, a discarded hubcap, and debris creating a visually repulsive and dispiriting scene.",2,2,none,2,4,2,1,1,1,1
excitement_03263,"A smiling couple in swimwear at a lively, sunny pool party with a crowd in the background evokes a strong sense of fun, social excitement, and summer joy.",6,4,prominent_faces,1,1,2,4,4,4,3
disgust_10711,"The image shows a pile of animal feces on bare ground — a classically disgusting stimulus with no redeeming aesthetic or emotional warmth, evoking strong visceral repulsion.",1,3,none,1,5,1,1,1,1,1
anger_01690,"A law enforcement officer is forcibly pressing a civilian face-first against a fence in what appears to be an arrest or detainment, conveying tension, threat, and a negative power dynamic that evokes unease or anger in the viewer.",2,4,prominent_faces,4,1,2,1,1,4,1
sadness_11015,"A weathered 19th-century child's gravestone for Henry, son of D. & E. Ruffner, set in a quiet green cemetery — the combination of mortality, childhood death, and somber stone evokes a heavy, melancholic feeling.",2,2,none,1,1,2,1,1,1,2
sadness_08448,"A clown in full colourful costume stands alone in the rain under a Union Jack umbrella — the vibrant, incongruous outfit and face paint inject humour and whimsy, while the grey rainy street and the clown's slightly downcast posture add a tinge of melancholy, creating a bittersweet but predominantly playful and amusing scene.",5,3,prominent_faces,1,1,4,5,2,2,
anger_08992,"A dark urban night scene showing multiple open fires burning on the street with silhouetted figures nearby, evoking a strong sense of danger, unrest, and hostility — the chaos and threat of the flames dominate the emotional tone.",2,5,people_present,5,1,3,1,1,5,2
sadness_03691,"The image shows a dark, cluttered interior space filled with tangled cables, mechanical equipment, and industrial-looking apparatus — the dim lighting and disorganized chaos create a sense of unease and mild tension rather than comfort or joy.",2,2,none,2,1,3,1,1,1,1
anger_11148,"The dark, dramatic lighting combined with the man's unsettling sneer, discolored teeth, and tilted head framing create a menacing, sinister atmosphere that evokes unease and mild threat.",2,4,prominent_faces,4,3,2,1,1,3,2
excitement_04504,"Two smiling young women posing playfully with bicycles on a sunny day evokes a lighthearted, fun, and socially warm mood.",6,3,prominent_faces,1,1,2,4,4,3,3
excitement_04729,"A shirtless man actively surfing a wave in clear turquoise water, arms outstretched for balance — the scene radiates energetic outdoor fun and sunny positivity with strong physical dynamism.",6,4,prominent_faces,2,1,3,4,3,5,4
amusement_15225,"A laughing baby sitting outdoors on a blanket radiates pure joy and delight, making this image overwhelmingly positive, warm, and playful with high emotional energy from the gleeful expression.",7,4,prominent_faces,1,1,2,5,5,4,4
awe_02515,"A flock of sandpipers foraging along a glowing golden-pink shoreline at sunset evokes a serene, visually rich sense of natural beauty and peaceful vitality.",6,2,none,1,1,3,3,5,3,5
amusement_06099,"A cheerful Christmas mall scene with people dressed as Santa, Mrs. Claus, and elves smiling and posing, evoking festive joy and lighthearted fun.",6,3,prominent_faces,1,1,2,5,5,3,3
disgust_07546,"A vast, overwhelmingly cluttered landfill filled with mountains of waste and a bulldozer working through it evokes a strong sense of revulsion and environmental despair, driven by the visual excess of filth and decay.",2,3,none,2,5,2,1,1,2,1
excitement_17589,"A shirtless man dances exuberantly in a blue sequined vest surrounded by a crowd in pink shirts at what appears to be a festive parade or outdoor party, radiating high-energy celebration and joy.",6,5,prominent_faces,1,1,3,5,4,5,3
anger_09886,"Two boxers mid-bout in an intense exchange of punches under arena lights — the aggression, physical confrontation, and high-stakes competition drive strong arousal and a negatively-tinged valence.",3,5,prominent_faces,4,1,2,1,1,5,3
fear_10554,"The image is a dark, surreal composite of animal skulls, severed-looking hands with holes pierced through them, bare dead branches, and cruciform wooden structures — all arranged symmetrically against a pitch-black background, creating a deeply unsettling, macabre, and threatening atmosphere.",1,4,none,5,4,4,1,1,3,3
sadness_02334,"A weathered WWII military gravestone for a 24-year-old soldier dominates the foreground, set in a misty, dark cemetery with blurred headstones receding into the background — evoking deep solemnity, grief, and mortality.",2,2,none,1,1,2,1,1,1,3
contentment_08503,"A joyful family moment at the beach — parents swinging a laughing child over the water in golden sunset light — radiates warmth, playfulness, and positive energy with no threat or negativity.",7,4,prominent_faces,1,1,2,5,5,4,4
contentment_05180,"A meticulously crafted Japanese bento box featuring a cute snail made from food, bright colorful vegetables, and charming decorative elements evokes delight and lighthearted amusement — the playful artistry and cheerful palette make it visually appealing and fun.",6,3,none,1,1,4,5,4,2,5
anger_09028,"A man's face is captured mid-scream with wide, bulging eyes and a gaping mouth in a high-contrast, washed-out black-and-white style — the extreme facial expression radiates intense negative arousal, shock, and alarm.",2,5,prominent_faces,4,1,3,2,1,5,2
fear_06128,"A vividly purple/violet crayfish or lobster-like crustacean photographed up close in an aquatic setting — its striking unnatural coloration and raised claws create a mix of visual novelty and mild unease, but the alien beauty of the creature dominates.",4,3,none,2,2,5,2,2,3,4
contentment_11173,"A young woman smiling among a herd of cattle on a green hillside conveys a relaxed, pleasant rural moment with mild novelty from the pastoral setting.",5,2,prominent_faces,1,1,2,3,4,2,3
fear_07264,"A shark lurking just beneath the dark, murky water surface near a baited rope evokes a primal sense of threat and unease, with the predator's proximity and the swarm of small fish amplifying tension and danger.",2,4,none,4,1,3,1,1,3,3
excitement_07712,"A vibrant nighttime aquatic acrobatic show featuring performers in elaborate red-and-white costumes executing impressive lifts and formations in a pool, creating a high-energy, visually spectacular scene.",6,5,prominent_faces,1,1,4,3,3,5,4
fear_11567,"The image depicts detailed collectible figures of Frankenstein's Monster and his Bride — iconic horror characters — posed in a dramatic, almost romantic embrace, which blends mild eeriness with nostalgic playfulness and camp appeal.",4,3,none,2,1,3,4,2,2,3
sadness_06155,"A solemn nighttime memorial for Liu Xiaobo's 1st anniversary of death, with flowers, candles, a statue, and commemorative banners evokes quiet grief and reverence.",2,2,none,1,1,2,1,2,1,3
anger_08211,"The image shows a protest scene where a person holds a sign invoking religious freedom against mandated birth control coverage — a politically charged and polarizing message that evokes strong opinions, mild social tension, and activist energy rather than warmth or playfulness.",3,4,prominent_faces,2,1,2,1,1,4,2
sadness_04996,"A black-and-white street scene showing a group of men in traditional Islamic dress sitting and standing on a public pavement, evoking a quiet, subdued, somewhat melancholic atmosphere of rest or waiting in an urban setting.",3,2,prominent_faces,1,1,2,1,2,2,2
contentment_05061,"A person stands with arms outstretched inside the hollow base of an enormous ancient tree, gazing upward — the sheer scale of the tree relative to the human figure and the cathedral-like arch of the hollow evoke a sense of wonder and grandeur in a lush, mystical forest setting.",6,3,prominent_faces,1,1,5,2,3,2,5
excitement_13437,"A flamboyantly costumed performer in a feathered headdress struts through a vibrant street parade before a large cheering crowd, radiating festivity, celebration, and high energy.",6,4,prominent_faces,1,1,4,5,4,5,4
excitement_16620,"A middle-aged man smiles warmly while tipping his sailing cap, radiating cheerful contentment and approachability in a casual outdoor setting.",6,2,prominent_faces,1,1,2,3,4,2,3
amusement_00563,"Children riding a helicopter-shaped carnival ride at a fair evokes a lively, joyful atmosphere full of youthful energy and fun, suggesting amusement and excitement.",6,4,prominent_faces,1,1,3,5,4,4,3
fear_09353,"Three eerily detailed horror-themed figurines (resembling Dracula, Nosferatu, and a wide-eyed ghoulish character) encased in glass domes evoke a creepy, unsettling yet oddly campy and collector-quirky vibe — blending mild dread with dark novelty and a hint of dark humor.",3,3,none,3,2,4,3,1,2,
amusement_00112,"The image features vibrantly colored Easter eggs on decorative white plates alongside fresh yellow tulips and dyed-liquid glasses, creating a cheerful, festive, and warmly inviting spring holiday scene with soft pastel and bright tones.",6,2,none,1,1,2,4,5,2,4
awe_01719,"A traditional Japanese Shinto wedding procession at a shrine evokes quiet reverence and contentment — the ceremonial attire, ritual parasol, and dignified atmosphere create a sense of cultural beauty and serene celebration.",6,2,prominent_faces,1,1,4,1,4,2,5
contentment_01180,"An older woman smiling warmly in a tropical resort pool with palm trees and a tiki bar evokes a strong sense of relaxed, joyful contentment — the bright blue water, sunshine, and genuine smile radiate leisure and happiness.",6,2,prominent_faces,1,1,2,3,5,2,4
sadness_00416,"A weathered bronze dog statue resting loyally on a stone pedestal in what appears to be a cemetery or memorial garden evokes a quiet, melancholic reverence — the patina and funerary context suggest gentle sadness and dignified remembrance.",3,2,none,1,1,3,1,2,1,4
contentment_15150,"A smiling woman relaxing at an outdoor café terrace evokes a pleasant, calm sense of contentment and social ease.",6,2,prominent_faces,1,1,2,2,4,2,3
excitement_11582,"Two women are laughing and posing cheerfully while cooking together in a cozy kitchen, radiating warmth, fun, and lighthearted social connection.",6,3,prominent_faces,1,1,2,4,5,3,3
excitement_15154,"A lone runner with a race bib crosses a bridge over a calm green river, flanked by forested hills under a clear summer sky — evoking a sense of active contentment and mild excitement from the physical effort and pleasant natural surroundings.",6,3,prominent_faces,1,1,2,2,3,3,3
sadness_04839,"A carved angel relief on a granite cemetery tombstone under an overcast sky evokes solemnity and grief, with the funerary setting and muted tones conveying quiet mourning and loss.",2,2,none,1,1,2,1,1,1,3
disgust_00803,"A murky, greenish-brown liquid in a plain saucepan on a stovetop — visually unappealing and somewhat repulsive in color and texture, evoking mild disgust with no other strong emotional stimuli.",2,2,none,1,3,1,1,2,1,1
contentment_14187,"A smiling young girl wading barefoot through a shallow pond in a lush green field, wearing vibrant traditional clothing — the scene radiates innocent joy, warmth, and carefree playfulness in a peaceful rural setting.",6,2,prominent_faces,1,1,2,4,5,2,4
sadness_01792,"The black-and-white image shows three people in what appears to be a tense or serious conversation — a man on the phone looking downcast, a woman gesturing expressively, and an older man observing — conveying a mood of conflict, stress, or distress.",2,3,prominent_faces,2,1,2,1,1,3,3
sadness_03042,"A black-and-white close-up portrait of an elderly woman with deeply lined features and a distant, sorrowful gaze evokes a strong sense of melancholy and quiet suffering — her expression and the stark monochrome treatment amplify emotional weight and gravity.",2,2,prominent_faces,1,1,2,1,2,1,4
disgust_09327,"A rotting apple clinging to a branch evokes mild disgust and melancholy — the decay and dark lesions on the fruit are visually unpleasant and symbolise decline, set against a lush but indifferent natural background.",2,2,none,1,4,2,1,2,1,2
disgust_06397,"The image shows a filthy, heavily stained squat toilet or pit latrine with rust-brown staining, grime, and a dark hole — strongly repulsive and unsanitary, evoking visceral disgust with no redeeming aesthetic or positive qualities.",1,3,none,2,5,2,1,1,1,1
awe_03293,"A small child in a pink dress stands facing a piñata that reads ""Beat the Hell Outa U"" — the contrast between the innocent, cute child and the aggressively worded piñata creates strong humour and irony, making amusement the dominant response, with mild surprise at the unexpected message.",6,3,people_present,1,1,4,5,3,2,
disgust_06334,"A narrow, grimy alleyway crammed with discarded litter — broken glass, crushed cups, plastic bags, and a cigarette packet — conveys urban neglect and filth, evoking a strong sense of repulsion and mild unease.",2,2,none,2,4,2,1,1,1,1
sadness_00495,"A gravestone memorial scene with a framed portrait of the deceased, flowers, and a mourning wreath evokes a strong sense of grief and solemnity, naturally inducing sadness.",2,2,prominent_faces,1,1,2,1,2,1,3
excitement_13515,"A massive, colorful crowd filling a sun-drenched urban street during what is clearly a Pride parade — rainbow flags, festive accessories, and joyful expressions create a vibrant, high-energy celebratory atmosphere.",6,4,prominent_faces,1,1,3,5,4,5,3
sadness_07037,"A weathered stone angel monument in a cemetery evokes solemnity and quiet melancholy — the grand, detailed sculpture against lush greenery inspires a sense of awe tinged with sadness, as the funerary context and aged stone reinforce themes of mortality and reverence.",3,2,none,1,1,4,1,2,2,4
sadness_11627,"A crying newborn baby being held by a caring adult evokes a bittersweet mix of concern and tenderness — the infant's distress pulls valence slightly negative, but the protective, loving context adds warmth and humanness.",3,3,prominent_faces,1,1,2,1,4,2,3
disgust_09638,"The image shows an overturned trash can with garbage and plastic bags strewn across a wooden deck — a messy, unpleasant scene that evokes mild disgust and a sense of disorder or neglect.",2,2,none,1,4,2,1,1,2,1
anger_03273,"A young male lion lying in dry savanna grass with mouth wide open and tongue out — simultaneously powerful/wild and oddly relaxed, evoking a mix of mild threat-awareness and primal awe at the animal's raw presence.",5,4,none,3,1,4,2,2,3,4
excitement_18360,"A smiling woman posing playfully with the Pluto Disney character mascot at a theme park evokes lighthearted fun and joy — the matching raised arms, big costume smile, and festive setting all radiate cheerful, high-energy amusement.",6,4,prominent_faces,1,1,3,5,4,4,3
contentment_04700,"A small monkey contentedly clutching and nibbling a red apple on a rocky ledge evokes a charming, lighthearted warmth — the creature's focused, hunched posture and the mundane-yet-endearing act of eating stolen fruit makes the scene gently amusing and cozy.",6,2,none,1,1,3,4,4,2,4
excitement_02875,"A large, jubilant crowd of people in matching purple Yahoo t-shirts dancing and celebrating at a Pride parade, with rainbow flags and signs, radiating high collective energy and positive community spirit.",7,5,prominent_faces,1,1,3,5,4,5,4
disgust_02313,"A large, vividly-marked black-and-yellow garden spider (Argiope aurantia) sits prominently in its web among green garden foliage — an unsettling, close-up encounter with an arachnid that most viewers find creepy or repulsive, evoking threat and disgust despite the natural setting.",2,4,none,4,4,3,1,1,2,
amusement_02026,"A warmly styled Christmas flat-lay with a gold picture frame mockup surrounded by frosted pine cones, shiny red and gold ornaments, and festive greenery on a dark wood surface — evoking cozy holiday contentment with no threat or negativity.",6,2,none,1,1,2,2,5,2,4
excitement_01911,"A muddy cyclocross racer charging hard through a cold, snowy winter course conveys intense athletic effort and competitive excitement — energetic and dynamic but not threatening or joyful in a soft way.",5,4,prominent_faces,2,2,3,2,1,5,3
awe_09184,A silky waterfall cascading into a vivid turquoise pool framed by layered sandstone cliffs and lush greenery evokes a sense of serene grandeur and natural awe.,6,3,none,1,1,4,1,3,3,5
disgust_03372,"The close-up of a hand heavily coated in dark, lumpy mud/sludge is visually repulsive and unsettling, evoking strong disgust as the dominant emotional response.",2,3,people_present,2,4,2,1,1,2,1
awe_05666,"The vast, ancient red-rock landscape of Monument Valley evokes a powerful sense of grandeur and geological timescale, dominated by sweeping open space, towering mesas, and dramatic scale that dwarfs the viewer.",6,3,none,1,1,5,1,2,2,5
disgust_00960,"A close-up macro shot of a large garden spider actively consuming prey on its web evokes visceral unease — the predatory act, the alien appearance of the arachnid's body, and the trapped victim combine to produce strong disgust and fear responses.",2,4,none,4,4,3,1,1,3,2
contentment_03025,"A young woman gazes pensively through a cracked, deteriorating window in a dilapidated space, evoking a quiet, melancholic mood reinforced by muted tones, isolation, and the symbolism of brokenness surrounding her.",2,2,prominent_faces,2,1,2,1,2,1,4
awe_10199,"Two people scaling and standing atop dramatic rocky cliffs under a vivid blue sky evokes a sense of adventure and exhilaration, with a slight edge of danger from the height, but overall dominated by energetic, awe-inspiring grandeur.",6,4,people_present,3,1,4,3,2,4,4
anger_09654,"Two young women in a car at night — one looking bored/indifferent, the other making a wide-mouthed, tongue-out silly face directly at the camera, creating a humorous, goofing-around atmosphere.",6,3,prominent_faces,1,1,2,5,3,3,2
anger_01953,"A jaguar is rolling playfully on its back with mouth wide open in what appears to be a yawn or playful vocalization, conveying a mix of wild energy and lighthearted animal behavior that feels dynamic yet also mildly unsettling due to exposed fangs.",5,4,none,3,1,3,4,2,4,4
anger_09075,"The image is a jarring digital composite of a snarling, teeth-baring human face ""bursting through"" a classical marble sculpture, creating a grotesque, unsettling, and viscerally aggressive visual that provokes strong negative and disturbing reactions.",2,5,prominent_faces,4,4,4,2,1,5,2
contentment_15071,"A tender family moment — a man kissing a woman's temple while she holds their baby amid spring blossoms — radiates quiet love and contentment, with soft light and gentle expressions conveying deep warmth and peace.",6,2,prominent_faces,1,1,2,2,5,1,4
contentment_08722,"The scene shows tourists on a traditional wooden abra boat on the Dubai Creek, with a man photographing a relaxed woman in a white dress — a pleasant, leisurely travel moment that evokes mild contentment and curiosity with warm golden-hour light and a lively waterfront backdrop.",6,2,prominent_faces,1,1,3,2,4,2,4
anger_04429,"A rare white lion cub with striking blue eyes rests its chin on a log with its mouth open in a sleepy yawn, conveying irresistible cuteness and gentle playfulness that strongly evokes amusement and contentment.",6,2,none,1,1,4,4,5,2,5
excitement_17510,"Two people are mid-air doing energetic high kicks on a sports field with a crowd around them, conveying a strong sense of fun, movement, and youthful excitement under a dramatic cloudy sky.",6,5,people_present,1,1,3,5,2,5,3
awe_04872,"A vivid cluster of bright red-orange Pentas flowers against a lush, blurred yellow-green background creates a visually striking, cheerful, and uplifting natural scene with high colour saturation and beautiful botanical detail.",6,3,none,1,1,3,2,4,3,5
disgust_02238,"The image shows two overripe, bruised, and partially decayed tomatoes lying on a grimy street surface — their wrinkled, oozing skins and exposed seeds evoke a strong sense of repulsion and waste, which is the dominant affective response.",2,3,none,1,4,2,1,1,2,1
contentment_16191,"A giggling baby gleefully grabbing a friendly golden/red dog's open mouth creates an instantly charming, funny scene full of warmth and lighthearted joy.",6,3,prominent_faces,2,1,3,5,5,3,4
fear_12224,"A young man in a convincing zombie Halloween costume — pale grey face paint with fake blood, heavily torn and blood-soaked shirt — evokes a mix of theatrical horror and playful spookiness, leaning toward amusement and mild fear.",3,3,prominent_faces,3,3,2,4,1,2,2
disgust_05477,"The image shows a heavily corroded, grimy drain or pipe opening clogged with decomposing debris and sludge, which is visually repulsive and unpleasant with no redeeming aesthetic qualities.",2,3,none,2,5,2,1,1,1,1
excitement_17249,"A packed stadium soccer match with a large, energetic crowd dressed in bright green creates a high-energy, exciting atmosphere typical of competitive live sports.",6,4,people_present,1,1,2,3,3,5,3
fear_02514,"The image shows a close-up of a human skull and bones stacked among many other skulls and bones (likely a catacomb or ossuary), evoking a strong sense of dread, morbidity, and unease due to the direct confrontation with human remains.",2,4,none,4,4,3,1,1,2,2
awe_14081,"A solemn religious procession carrying an ornate Virgin Mary statue through a crowd of devoted participants evokes a sense of reverence, communal warmth, and quiet awe.",6,2,people_present,1,1,4,1,4,2,4
excitement_18298,"Three people in elaborate, theatrical drag costumes with heavy white face makeup, colorful accessories, and drinks are posing together cheerfully at what appears to be an outdoor festival or parade, conveying a strong sense of fun, humor, and celebratory energy.",6,4,prominent_faces,1,1,4,5,4,4,3
fear_01861,"An extreme macro close-up of a vividly colored but unsettling insect dominates the frame — the alien compound eye, glistening exoskeleton, and unexpected scale trigger mild revulsion and unease in most viewers.",2,4,none,3,4,4,1,1,2,3
excitement_05280,"A model confidently striding down a fashion runway in an elegant, artistically styled outfit evokes a sense of excitement and contentment — the scene is polished, glamorous, and energetic without being threatening or negative.",6,3,prominent_faces,1,1,3,2,3,3,4
contentment_00395,"A peacefully sleeping newborn baby secured in a car seat evokes an overwhelming sense of warmth, tenderness, and quiet joy — the soft smile on the infant's face and cozy blanket amplify feelings of contentment and safety.",6,1,prominent_faces,1,1,2,2,5,1,4
amusement_09537,"A young girl in a vibrant, colorful traditional Korean hanbok performs on stage with confidence and joy, evoking a festive, celebratory atmosphere filled with cultural pride and delight.",6,4,prominent_faces,1,1,3,4,4,4,4
disgust_00709,"A densely hairy, black-and-rust caterpillar photographed up close on bare earth evokes unease and mild revulsion — its bristly, spiky texture and dark colouration trigger instinctive wariness while also being visually striking and unusual.",2,3,none,3,3,4,1,1,2,2
contentment_00600,"A chubby-cheeked toddler sitting in a stroller, clutching a chocolate-covered snack with a slightly messy, wide-eyed gaze — the scene radiates innocence and everyday warmth, evoking gentle amusement and contentment.",6,2,prominent_faces,1,1,2,4,5,2,4
disgust_09602,"A dense cluster of caterpillars (likely cabbage white larvae) writhing on a plant stem evokes a strong sense of disgust and mild unease due to the squirming, worm-like mass of insects devouring a garden plant.",2,3,none,2,4,2,1,1,2,2
contentment_06711,"A macro shot of dewy grass blades with sparkling bokeh light creates a serene, refreshing, and quietly beautiful natural scene evoking gentle contentment and peaceful wonder.",6,2,none,1,1,3,2,4,2,5
sadness_04692,"A lone young man sits quietly on a grassy hill gazing into the distance under a wide open sky with soft clouds, conveying a mood of reflective solitude and quiet introspection — evoking gentle melancholy or peaceful contemplation rather than joy or distress.",3,2,people_present,1,1,2,1,2,1,3
amusement_16285,"A dazzling long-exposure night shot of a spinning illuminated Ferris wheel beside a grand floodlit civic building creates a sense of festive spectacle, motion blur, and urban grandeur that is both energising and awe-inspiring.",6,5,none,1,1,5,4,4,5,5
contentment_13046,"A lush, close-up bouquet of vibrantly coloured parrot and peony tulips in pink, magenta, red, orange, and yellow evokes a strong sense of joy and beauty — the saturated hues, soft petal textures, and abundant blooms create a visually uplifting and pleasant scene with no negative elements whatsoever.",7,3,none,1,1,2,3,5,2,
anger_10744,"A person with eyes tightly shut, teeth clenched/bared, and a fist raised near their head conveys intense emotional strain — consistent with rage or extreme frustration, producing a highly arousing, negatively valenced reaction in the viewer.",2,5,prominent_faces,4,1,2,1,1,5,2
amusement_07464,"A cheerfully decorated Christmas-themed Kleenex tissue box shaped like Santa's Workshop evokes a warm, lighthearted, festive mood with bright reds, greens, and a cartoonish Santa illustration.",6,2,none,1,1,2,4,5,2,3
sadness_07823,"A dense nighttime crowd of men praying in unison at what appears to be a large public gathering or protest, shot in stark black-and-white — the collective solemnity, raised hands in supplication, and vast scale of the assembly evoke a powerful sense of communal gravity and awe-tinged solemnity.",3,4,prominent_faces,2,1,4,1,2,4,
anger_10356,"The image shows a weathered older man with a deeply furrowed brow, squinting, intense eyes, and a stern expression — conveying strong displeasure or confrontation, which dominates the emotional tone of the image.",2,4,prominent_faces,3,1,3,1,1,3,3
amusement_07423,"A lavishly decorated wedding venue with an abundant, colorful floral arrangement surrounding a seating chart — the lush blooms, elegant glass conservatory, and celebratory setting evoke a strong sense of beauty, warmth, and joyful contentment.",6,2,none,1,1,3,2,5,2,5
fear_05565,"A dark, gothic cathedral corridor lit only by dim wall sconces creates a deeply foreboding, eerie atmosphere — the oppressive darkness, receding arches, and near-total absence of light evoke dread and unease.",2,4,none,4,1,3,1,1,2,3
contentment_04894,"A striking hoopoe bird with a vivid crest forages calmly on lush green grass — visually pleasant and mildly novel, evoking quiet contentment and gentle delight in nature.",6,2,none,1,1,3,2,4,2,4
fear_03076,"A theatrical stage performance featuring heavily costumed/made-up performers in an intense, dramatic confrontation scene at what appears to be a dark carnival or sideshow (""Dr. Haze's Hall of Curiosities""), evoking a mix of unsettling theatricality and high-energy tension.",3,5,prominent_faces,4,3,4,2,1,5,3
sadness_04656,"An overgrown, abandoned cemetery with mossy, weathered gravestones and bare winter trees under an overcast sky evokes a distinctly somber, eerie atmosphere — melancholic stillness with a mild undercurrent of unease.",2,2,none,2,1,2,1,1,1,2
contentment_02563,"A young woman smiles softly while holding a bouquet of flowers near a sunlit window, radiating quiet joy and gentle warmth that evokes contentment.",6,2,prominent_faces,1,1,2,2,5,2,4
awe_14516,"The image shows a sweeping mountain landscape under a vivid blue sky with lush green vegetation in the foreground, evoking a sense of grandeur, openness, and serene natural beauty.",6,2,none,1,1,4,1,3,2,4
awe_07298,"A winding path leads through golden grassland to a white lighthouse on a hill, with two silhouetted figures embracing at the summit — evoking quiet wonder, romantic serenity, and a sense of journeying toward something meaningful under a vast, clear sky.",6,2,people_present,1,1,4,1,3,2,4
amusement_11431,"Children and adults at what appears to be a summer camp are cheering and celebrating a go-kart race, with arms raised and joyful expressions conveying high-energy excitement and fun.",7,5,prominent_faces,1,1,2,5,4,5,3
disgust_02041,A large illegal dump of mixed waste and debris strewn at the edge of an otherwise natural woodland setting evokes a strong sense of disgust and sadness at environmental degradation.,2,3,none,2,5,2,1,1,2,1
sadness_02611,"A grey cat resting on a carpeted cat tree with a low, steady, slightly intense gaze conveys a quiet but alert watchfulness — evoking mild contentment tinged with a hint of brooding intensity, typical of a relaxed but vigilant feline.",5,2,none,1,1,2,2,4,1,3
excitement_18122,"A laughing woman in festive Pride parade attire rides a motorcycle through a cheering crowd waving rainbow flags, radiating joy, freedom, and celebratory energy.",7,5,prominent_faces,1,1,3,5,4,5,4
awe_00259,"Ancient weathered chedis (Buddhist stupas) in a serene, well-kept temple complex evoke a quiet, contemplative grandeur — the combination of historical scale, partial ruin, and lush greenery inspires a sense of reverence and wonder rather than strong negative or positive arousal.",5,2,none,1,1,4,1,3,2,4
sadness_10448,"A man sitting alone at a restaurant table, looking downward with a subdued, introspective expression, suggesting mild melancholy or quiet contemplation rather than positive engagement.",3,2,prominent_faces,1,1,2,1,2,1,3
contentment_09351,"A couple relaxing together on a quiet beach at dusk evokes a warm, intimate sense of contentment — the gentle waves, soft light, and tender interaction create a peaceful, romantic mood.",6,2,people_present,1,1,2,2,5,1,4
amusement_10979,"A warmly lit Christmas tree decorated with handmade ornaments, tinsel, and twinkling lights evokes a cozy, festive, and nostalgic feeling — the kind associated with holiday contentment and family joy.",6,2,none,1,1,2,4,5,2,3
awe_01237,"The image is a surreal double-exposure or flipped composite of a serene lake/forest scene with warm autumn tones and a mountain vista, creating an otherworldly, dreamlike quality that evokes a sense of grandeur and wonder rather than a simple, calm landscape.",6,3,none,1,1,5,2,3,2,5
contentment_12049,"Two people laughing and embracing in crashing ocean waves on a sunny day radiates high-energy joy and playful excitement — the dynamic splashing, bright expressions, and physical closeness collectively produce a strongly positive, energizing mood.",7,5,prominent_faces,1,1,2,5,4,5,4
disgust_04021,"The image shows a severed pig's head hanging on display alongside piles of raw/cured meats at a market stall — visceral and graphic content that is likely to trigger strong disgust responses, with low warmth and negative valence.",2,4,none,2,4,3,1,1,2,1
fear_00178,"A Halloween-style costume party scene featuring a woman in a creative DIY cyborg/robot arm costume with metallic face paint and a mechanical arm prop, alongside another person in a medical costume — the playful, crafty costumes and party atmosphere evoke amusement and mild excitement.",5,3,prominent_faces,1,1,3,4,3,3,3
amusement_13692,"A vibrant nighttime carnival/fairground scene with a glowing Ferris wheel, colorful rides, and crowds of people in motion — the dazzling lights, movement blur, and festive atmosphere create a strong sense of joyful excitement and sensory stimulation.",6,5,people_present,1,1,3,5,4,5,4
contentment_01244,"A kudu antelope stands alert and watchful among lush green bush, evoking a quiet sense of wonder and gentle contentment at encountering wildlife in its natural habitat.",5,2,none,1,1,3,1,3,2,3
excitement_18983,"A lively Pride parade scene with colorfully costumed participants, humorous signage, and festive energy evokes strong amusement and excitement.",6,4,prominent_faces,1,1,4,5,4,4,3
amusement_06393,"A gleefully laughing child surrounded by colorful balloons radiates pure joy and high-energy playfulness, evoking strong positive affect and excitement.",7,4,prominent_faces,1,1,2,5,4,4,4
contentment_04864,"A young woman smiling warmly and directly at the camera with stylish accessories evokes a bright, pleasant, and socially engaging feeling — cheerful and approachable.",6,2,prominent_faces,1,1,2,3,4,2,4
fear_00724,"The dark, moody fabric covered in skull motifs bathed in cold blue light creates an eerie, unsettling atmosphere that leans toward dread and unease, with mild stylistic edge that prevents full horror.",2,3,none,3,2,3,2,1,2,3
contentment_16306,"A smiling young woman sits relaxed on a weathered bench surrounded by lush green grass and delicate white wildflowers, radiating gentle joy and ease in a serene natural setting.",6,2,prominent_faces,1,1,2,2,4,2,4
awe_04140,"A tranquil harbor bathed in a stunning pink-magenta sunset glow, with silhouetted sailboats on mirror-calm water — the scene is visually spectacular and serene, evoking a sense of vastness and natural beauty that inspires quiet wonder.",6,2,none,1,1,5,1,4,2,5
fear_01594,"A dark, decaying stairwell with heavily peeling paint and rusted metal grating evokes a strong sense of dread and unease — the oppressive darkness, confined space, and signs of abandonment create an unsettling, threatening atmosphere.",2,4,none,4,3,3,1,1,2,2
fear_09546,"A derelict, ivy-smothered building with a pointed turret emerges from a tangle of bare, skeletal branches in stark black-and-white — the decay, darkness, and gothic atmosphere evoke a strong sense of dread and unease.",2,4,none,4,2,3,1,1,2,3
awe_06558,"A smiling couple dressed formally — woman in elegant grey gown holding vibrant yellow flowers, man in dark suit with gold tie and boutonnière — walking together at what appears to be a wedding ceremony, radiating joy and warmth.",6,3,prominent_faces,1,1,2,2,4,2,4
awe_09078,"A smiling couple in wedding attire posed against a warm golden sunset over water — the scene radiates joy, love, and celebration, evoking strong positive valence and gentle warmth with low threat.",7,3,prominent_faces,1,1,2,2,5,2,4
contentment_01723,"A young woman lying peacefully in a golden wheat field at sunset, bathed in warm glowing light and wearing a white dress, radiates serene contentment and quiet beauty.",6,2,prominent_faces,1,1,2,2,5,1,5
excitement_07405,"A person stands chest-deep in clear turquoise water with arms raised joyfully under a bright blue sky, conveying a strong sense of freedom, celebration, and summer bliss.",6,3,people_present,1,1,2,3,4,3,4
awe_07884,"A pristine, sunlit winter forest blanketed in deep snow evokes serene wonder — the cool blue palette, undisturbed snowscape, and cathedral-like tree archway inspire quiet awe and calm contentment.",6,2,none,1,1,4,1,2,1,5
anger_04265,"A wildfire actively burning through a pine forest with visible flames and smoke creates a strong sense of danger, threat, and foreboding — the scene is destructive, urgent, and visually alarming despite the natural setting.",2,4,none,5,1,3,1,1,5,2
sadness_03363,"A young woman is quietly absorbed in reading a book at a wooden desk in a dim, warmly-lit rustic setting, conveying a mood of calm, focused introspection with a slight undertone of solemnity.",4,2,prominent_faces,1,1,2,1,3,1,3
excitement_12358,"Two young women laughing and waving an American flag inside a van radiate carefree, high-energy joy — a classic road-trip celebration scene that feels vibrant, warm, and socially engaging.",7,4,prominent_faces,1,1,2,5,5,5,4
anger_03470,"A wild, shaggy horse bares its teeth aggressively in a blizzard, its wide-open mouth and fierce expression projecting raw aggression and primal threat amid a harsh, cold environment.",2,5,none,4,2,4,1,1,5,3
amusement_15294,"The image shows a vibrant, loud carnival/festival scene with elaborately costumed devil-like figures in fiery reds, yellows, and blacks — visually striking and energetic, evoking simultaneous excitement and mild unease due to the menacing mask designs.",5,5,people_present,3,1,4,4,2,5,4
contentment_07211,"Two colorful red-shanked douc langur monkeys (an adult and a juvenile) resting on rocks amid lush green forest foliage evokes a calm, pleasant sense of nature and wildlife wonder, with mild novelty from the vividly colored rare primates.",6,2,none,1,1,4,2,3,2,4
amusement_13388,"A cheerful, glossy Woodstock figurine (from Peanuts) perched on a railing outdoors evokes a lighthearted, nostalgic, and playful mood — the bright yellow colour, smiling face, and cute cartoon character inspire warmth and gentle amusement.",6,2,none,1,1,2,5,4,2,4
awe_08284,"A young child sitting contentedly on a sunny beach with a sandcastle she has built, wearing a bright blue swimsuit and pink sun hat — the scene radiates gentle warmth, innocence, and quiet joy.",6,2,prominent_faces,1,1,2,4,5,2,4
anger_02466,"Armed soldiers in full combat gear advance toward a massive explosion, conveying intense danger, urgency, and threat — a viscerally high-arousal, negatively-valenced scene dominated by violence and peril.",2,5,people_present,5,1,4,1,1,5,3
amusement_00285,"A quirky, colourful decorative gorilla sculpture on a canal boat beside a tall-masted sailing vessel in a sunny urban harbour creates a lighthearted, whimsical scene that is visually engaging and gently amusing.",6,3,none,1,1,4,5,3,3,4
amusement_08931,"A young woman smiling gently while listening to music outdoors in a lush green park evokes a relaxed, pleasant sense of contentment and quiet joy.",6,2,prominent_faces,1,1,2,2,4,2,4
contentment_16217,A close-up of a beautifully crafted latte with swirling milk foam art on a warm wooden table evokes quiet comfort and contentment — the cozy aesthetic and inviting warmth of the scene are dominant.,6,2,none,1,1,2,2,5,1,4
sadness_08835,"A young child is pouting with a pouty lip and droopy eyes, conveying a sulky, sad, or displeased expression that evokes a mix of amusement (from the exaggerated pout) and mild sadness/displeasure in the viewer.",3,2,prominent_faces,1,1,2,3,3,1,3
anger_06728,"A large, densely packed crowd of young protesters holding signs demanding gun control and reproductive rights in cold weather conveys collective outrage, urgency, and social tension — strongly activating rather than calm or positive.",3,4,prominent_faces,2,1,3,2,2,4,3
anger_04982,"A firefighter battles a roaring open flame at close range amid thick smoke, conveying intense danger, urgency, and dramatic visual tension that dominates the scene.",2,5,prominent_faces,5,1,3,1,1,5,3
sadness_02813,"A man in a pirate costume (tricorn hat, eye patch) wearing a Dr Pepper t-shirt poses with a comically stern expression in what appears to be an office setting, which is inherently humorous and lighthearted.",6,2,prominent_faces,1,1,3,5,3,2,2
awe_04138,"The sweeping vista of Table Mountain bathed in warm golden-hour light, reflected across calm ocean shallows, evokes a sense of serene grandeur and sublime awe — the iconic flat-topped mountain dominates the horizon with quiet majesty.",6,2,none,1,1,4,1,4,2,5
excitement_06807,"Two laughing women share a joyful piggyback moment in a sunny green forest setting, radiating warmth, happiness, and playful connection.",7,3,prominent_faces,1,1,2,5,5,3,4
anger_06396,"A blazing bonfire in the foreground mirrors a glowing sun setting behind silhouetted trees, creating a scene of raw, primal energy and dramatic intensity that evokes a sense of awe tinged with unease.",5,4,none,3,1,4,1,3,5,4
fear_08325,"A weathered, grotesque stone gargoyle carved into a Gothic cathedral wall dominates the frame with its eroded, skull-like open mouth and hollow eyes, evoking unease and dark grandeur simultaneously.",2,4,none,4,3,4,1,1,2,3
awe_11234,"The scene combines a wide coastal vista with seagulls in motion, a faint rainbow, dramatic cloud-streaked blue sky, and a weathered pier — evoking a sense of expansive, breezy natural beauty that feels peaceful yet subtly grand.",6,3,none,1,1,4,2,3,3,4
contentment_04937,"A smiling couple holding hands and strolling through a sunny tropical resort setting evokes a strong sense of joy, relaxation, and romantic contentment.",6,2,prominent_faces,1,1,2,3,5,2,4
anger_00932,"A sleek black cat licking its lips in extreme close-up — the sharp teeth, intense yellow-green eyes, and predatory posture create a simultaneously playful and mildly unsettling tension, evoking a mix of amusement at feline quirkiness and a slight edge of menace.",5,3,none,2,1,3,4,2,3,4
fear_13275,"A dark, deserted, wet underground parking garage with harsh fluorescent lights receding into shadow evokes a strong sense of unease and dread — the emptiness, darkness, and isolation are classically threatening and oppressive.",2,4,none,4,1,2,1,1,2,3
contentment_09863,"A rustic thatched-roof pier extending over calm water at golden hour evokes a deep sense of tranquility and serene beauty, with the warm backlit glow and leading lines drawing the viewer into a peaceful, almost reverie-like state.",6,2,none,1,1,4,1,4,1,5
sadness_12567,"Two young Holstein calves nuzzling together in a grassy field — their close physical contact, soft markings, and gentle expressions radiate innocence and warmth, evoking a strong sense of tenderness and contentment.",6,2,none,1,1,2,3,5,2,4
anger_06545,"A blacksmith works intensely at a forge with open flames and glowing coals, bathed in dramatic orange firelight — the scene evokes primal power, focused labor, and raw elemental energy.",5,4,prominent_faces,3,1,4,1,3,5,4
excitement_03142,"Two people bodyboarding/bodysurfing in crashing ocean waves with big smiles and splashing energy conveys a lively, fun, high-energy recreational scene that is predominantly joyful and exciting.",6,4,prominent_faces,2,1,2,5,3,5,3
contentment_02344,"Birthday cupcakes with lit candles on a plate evoke warm celebration and joy — the colorful sprinkles, flickering flames, and festive presentation create a cheerful, inviting mood with no negative elements.",6,3,none,1,1,2,4,5,3,4
sadness_08287,"The close-up portrait of a macaque with a slightly open mouth and an alert, somewhat tense gaze evokes mild unease or melancholy — the animal's expression reads as watchful and serious, with subtle emotional ambiguity that leans slightly negative.",3,2,none,2,1,2,1,2,2,3
fear_06174,"A zombie/monster action figure in a suit with clawed hands and a grotesque face evokes creepiness and mild horror, tempered by the fact it is clearly a toy collectible displayed on a shelf.",2,3,none,3,3,3,2,1,2,2
sadness_01045,"A weathered stone funerary statue of a veiled, downcast female figure leaning against a monument column evokes quiet solemnity and melancholy — the bowed head, muted tones, aging stone, and cemetery setting collectively produce a subdued, sorrowful mood.",2,2,prominent_faces,1,1,3,1,1,1,4
amusement_18321,"A laughing baby being held up by a smiling father in a sunny backyard, clutching a toy car — a joyful, warm, playful family moment that evokes clear amusement and delight.",7,4,prominent_faces,1,1,2,5,5,4,3
contentment_07287,"A beaming baby with a wide, toothless grin sitting on an adult's lap with a gift bag conveys pure joy and warmth, evoking delight and lighthearted amusement.",7,3,prominent_faces,1,1,2,5,5,3,4
sadness_10219,"A young woman rests her head down with closed or downcast eyes and a subdued, introspective expression, conveying quiet melancholy or weariness — the soft, diffused lighting and still posture reinforce a low-energy, mildly negative mood.",2,1,prominent_faces,1,1,2,1,2,1,3
awe_12329,"A vivid rainbow arcing over mist-shrouded forested mountains with soft golden light breaking through dramatic clouds evokes a sense of grandeur and uplifting wonder — the rare optical spectacle against a moody, stormy sky creates a feeling of awe and serene positivity.",6,3,none,1,1,5,1,3,2,5
awe_03262,"A sweeping panoramic vista of Reykjavik with snow-capped mountains, a calm bay, evergreen forests, and a vibrant cityscape under a dramatic partly-cloudy sky evokes a sense of grandeur and serene admiration.",6,3,none,1,1,5,1,2,2,5
amusement_02456,"A dramatically lit Ferris wheel shot from below against a deep twilight blue sky evokes a sense of grandeur, wonder, and festive excitement — the glowing gondolas and geometric spokes create a visually striking, upward-sweeping composition that feels both thrilling and joyful.",6,4,none,1,1,4,4,3,4,5
disgust_02908,"A large black-and-white close-up portrait of a person's face is discarded in an overflowing red skip/dumpster full of paper waste, evoking a sense of abandonment, neglect, and mild melancholy — discarding a human image like trash carries a subtly unsettling, sorrowful tone.",2,2,prominent_faces,1,3,3,1,1,2,
anger_11210,"A large, roaring bonfire of brush and branches dominates the frame with tall, vivid orange flames and billowing smoke, evoking raw elemental energy and mild threat from the uncontrolled-looking blaze.",4,4,none,3,1,3,2,3,5,3
awe_02502,"An outdoor wedding ceremony in a lush green setting with a flower arch, rose petal aisle, and gathered guests evokes a warm, joyful, and celebratory feeling — dominated by contentment and gentle happiness.",6,2,people_present,1,1,2,1,5,2,4
fear_08271,"The mural depicts aggressive, open-mouthed sharks with blood-red drips alongside flowers and the text ""face your fears & watch them melt into roses"" — a striking, edgy street art piece that blends menace with poetic contrast, evoking unease and dark fascination in a decayed urban setting.",3,4,none,4,2,4,2,1,4,
anger_10417,"An open fire burning in a grassy meadow near a crumbling log cabin with a lone person standing nearby evokes a mix of mild unease and rugged wildness — the untamed flames, decaying structure, and isolated setting create a slightly tense but also strangely compelling outdoor scene.",3,4,people_present,4,1,3,1,2,4,3
fear_03217,"A vulture staring directly at the camera from behind a wire cage evokes unease and mild dread — its intense gaze, hooked beak, and dark ruff feathers give it a menacing, ominous quality, while the confined setting adds a note of melancholy.",2,3,none,3,3,3,1,1,2,2
contentment_03344,"A smiling, drooling baby lying on a colorful play mat, looking directly at the camera with bright eyes and a raised fist — the scene radiates pure joy and warmth, evoking immediate delight and lighthearted amusement in the viewer.",7,3,prominent_faces,1,1,2,5,5,3,4
amusement_03328,"A father tenderly holds his bundled-up infant in a snow-covered forest, evoking deep warmth, familial love, and quiet contentment despite the cold winter setting.",6,2,prominent_faces,1,1,2,2,5,2,4
anger_07062,"A white tiger's face fills the frame in close-up, teeth slightly bared and eyes locked forward — a piercing, predatory gaze that evokes tension and unease, tilting toward fear and threat.",2,4,none,4,1,4,1,1,4,4
contentment_02432,"A laughing baby in a bath tub and a smiling adult sharing a joyful, intimate moment radiates pure warmth, delight, and playful connection — one of the most universally positive scenes imaginable.",7,3,prominent_faces,1,1,2,5,5,3,4
excitement_14527,"A young woman is performing on stage, singing into a microphone with evident passion and engagement, backed by a guitarist — the live-performance energy and confident expression evoke a positive, uplifting, moderately high-energy feeling.",6,4,prominent_faces,1,1,2,3,3,4,4
contentment_12344,"The festive scene of champagne flutes, red and gold ornaments, and shimmering ribbons evokes a celebratory, warm, and joyful mood — classic symbols of holiday cheer and social celebration.",6,3,none,1,1,2,3,5,3,4
excitement_08059,"A mountain biker is caught mid-air during a downhill race through a forest, conveying high speed, physical risk, and competitive energy — evoking excitement and a mild edge of fear.",6,5,people_present,3,1,3,2,1,5,4
awe_14300,"A sweeping bridge silhouetted against a vivid orange-red sunset over calm water evokes a sense of grand, serene beauty and quiet awe — the expansive scale, rich warm colors, and tranquil water create a deeply positive yet contemplative mood.",6,2,none,1,1,4,1,4,2,5
amusement_13787,"A vibrant Chinese lion dance costume mid-performance in a shopping mall, with stacked ceremonial drums in the foreground — a culturally rich, festive, and energetic scene that evokes celebration and spectacle.",6,4,people_present,1,1,4,4,3,5,4
awe_00045,"A delicate frangipani flower rests on a weathered wooden dock at golden-hour sunset over calm water with distant boats — the scene is serene, quietly beautiful, and gently melancholic, evoking a sense of peaceful wonder and transience.",6,2,none,1,1,4,1,4,1,5
anger_00412,"The image shows a heated political confrontation with people visibly shouting and pointing at each other in an aggressive manner, evoking strong negative emotional intensity.",2,5,prominent_faces,4,2,2,1,1,5,2
disgust_03641,"A black-and-white urban scene dominated by an enormous, overflowing pile of garbage bags, dumpsters, and waste in a run-down neighbourhood — evoking strong disgust and sadness through visual pollution, decay, and neglect.",2,3,none,2,5,2,1,1,2,1
fear_10767,"A makeshift memorial with a Norwegian flag, wilted flowers, candles, and a small stuffed animal on a bed of dead leaves evokes profound collective grief — the scene is heavy, somber, and emotionally sorrowful with no warmth or playfulness.",1,2,none,2,1,2,1,2,1,3
amusement_02349,"A cheerfully smiling young girl in a pretty pink dress surrounded by red Christmas gifts and a decorated tree radiates festive joy and warmth, evoking strong positive feelings of delight and contentment.",7,3,prominent_faces,1,1,2,4,5,3,5
anger_10457,"A vast wildfire rages across a dry scrubland with a lone figure dwarfed by the wall of flames and billowing black smoke, conveying acute danger, urgency, and dread.",2,5,people_present,5,1,4,1,1,5,3
contentment_05100,"A couple shares a tender, intimate embrace in a warm, colorful café setting — the man smiles softly while the woman leans into him, conveying deep affection and quiet contentment.",6,2,prominent_faces,1,1,2,2,5,2,4
sadness_05827,"A young woman dressed entirely in black stands alone in a dim, leaf-strewn forest, gazing downward with a pensive, withdrawn expression — the muted tones, solitary figure, and introspective posture collectively evoke a melancholic, subdued mood.",2,2,prominent_faces,1,1,2,1,2,1,4
fear_09839,"A gothic-style doll dressed entirely in black with long dark hair and a tiny top hat stands alone among fallen autumn leaves before a dark, arched stone mausoleum — the combination of eerie aesthetic, cold autumn setting, and somber imagery evokes a melancholic and unsettling mood.",2,3,none,2,1,3,2,1,2,3
contentment_02893,"A poised, elegantly dressed young woman holds a hat amid lush white-flowering greenery, projecting quiet confidence and gentle charm — evoking contentment and soft aesthetic pleasure.",6,2,prominent_faces,1,1,2,2,4,2,4
fear_09826,"Three people in highly detailed, grotesque Halloween horror masks (zombie soldier, giant skull with top hat, grim reaper skull) photographed at night, creating a strongly threatening and unsettling atmosphere with deliberate scare-intent costuming.",2,4,people_present,4,4,3,2,1,3,2
amusement_12872,"The warm orange-red autumn foliage against a pale, overcast sky evokes a gentle melancholy and quiet beauty — the fading of the season carries a bittersweet, reflective mood rather than joy or threat.",3,2,none,1,1,2,1,3,2,4
disgust_10303,"Raw marinating meat in a plastic bag is a moderately unpleasant, mundane food-prep image — the glistening raw flesh and bloody marinade trigger mild disgust, while the overall scene is low-energy and unremarkable.",2,2,none,1,3,1,1,1,1,2
anger_06241,"A massive wildfire engulfs the sky with billowing orange-red smoke columns towering over a blocked highway with traffic cones, conveying imminent, overwhelming danger and dread.",1,5,none,5,1,4,1,1,5,3
awe_11429,"A dense, vibrant field of predominantly yellow tulips with accents of purple and pink evokes a cheerful, uplifting spring mood — bright saturated colors and lush abundance create a visually rich and pleasant scene.",6,2,none,1,1,2,3,5,2,4
disgust_08161,"The image shows people sorting through a large spread of beach debris and litter — cigarette butts, plastic fragments, and other waste — for an environmental cleanup survey, evoking a strong sense of disgust at the pollution combined with underlying sadness about environmental degradation.",2,3,people_present,2,4,2,1,1,2,1
disgust_10960,"The image shows dozens of discarded cigarette butts scattered across a dirty, rust-stained metal grate surface, evoking feelings of disgust and mild sadness due to the filth, pollution, and neglect on display.",2,2,none,2,4,2,1,1,1,1
anger_10020,"A lone firefighter stands in full gear facing a massive, roaring fire with billowing black smoke amid industrial pipes — the scene radiates intense danger, urgency, and dramatic tension.",2,5,people_present,5,1,4,1,1,5,4
amusement_16860,"Children joyfully wading through a stream with nets and waders evokes lighthearted excitement and contentment — an energetic, wholesome outdoor activity full of youthful curiosity and play.",6,3,prominent_faces,1,1,3,4,4,3,3
contentment_09244,"A close-up of vibrant purple aster flowers in full bloom evokes a calm, pleasant, and visually pleasing feeling, dominated by soft natural beauty and tranquility.",6,2,none,1,1,2,2,4,2,4
contentment_05832,"Two women in vibrant traditional indigenous attire are smiling warmly at the camera, radiating joy, cultural pride, and human connection — evoking a strong sense of contentment and warmth.",6,2,prominent_faces,1,1,3,2,5,2,4
disgust_00855,"A strikingly textured, hairy caterpillar (likely a tussock moth larva) clings to a partially eaten leaf — its unusual spiky appearance and the unsettling associations with stinging/venomous hairs trigger mild disgust and unease, while its vivid coloration and macro detail carry some novelty and visual interest.",2,3,none,2,3,3,1,1,2,
amusement_15598,"A beautifully decorated Christmas cake with festive cookies, citrus, and cinnamon, set against a holiday tree with ornaments — evokes warm, joyful contentment and celebratory cheer.",6,2,none,1,1,3,3,5,2,5
amusement_12811,"Two smiling women in Miami Hurricanes fan gear, posing closely together at what appears to be a tailgate party — the scene radiates cheerful social energy, warmth, and lighthearted fun.",6,4,prominent_faces,1,1,2,5,4,4,3
contentment_05328,"A smiling couple embracing warmly among autumn leaves in a sun-dappled park radiates joy, affection, and contentment, with no negative or threatening elements present.",7,2,prominent_faces,1,1,2,3,5,2,4
fear_14163,"A black-and-white overhead photograph of what appears to be charred, skeletal human remains amid debris and dark scorched earth, evoking strong negative affect through its graphic depiction of death and destruction.",1,4,people_present,5,5,2,1,1,2,1
excitement_16033,"A smiling man is energetically splashing through ocean waves with others in the background, conveying joyful, high-energy water play that feels exciting and fun.",6,4,prominent_faces,1,1,2,5,3,5,3
amusement_01017,"Warm, glowing Christmas tree ornaments — a shiny trumpet and red bauble — evoke a cozy, nostalgic holiday feeling with soft bokeh lights in the background, producing a strong sense of comfort and contentment.",6,2,none,1,1,2,3,5,2,4
anger_04901,"Two lionesses lounging in a naturalistic enclosure — one calmly gazing at the camera, the other mid-yawn with wide-open mouth — evokes a relaxed, mildly amusing scene with a subtle edge of wildness from the exposed teeth and powerful bodies.",5,2,none,2,1,3,3,3,2,4
excitement_10551,"Hikers scrambling up dramatic red sandstone formations under a vivid blue sky evokes a sense of adventure and physical exertion, with the towering rock walls and exposed terrain suggesting mild risk but overall energetic positivity.",6,4,people_present,2,1,4,2,3,4,4
contentment_10703,A charmingly shaggy donkey grazing peacefully among wildflowers in a lush green meadow evokes gentle contentment and a touch of amusement from the animal's endearingly fluffy appearance.,6,2,none,1,1,3,3,4,2,4
excitement_05313,"A competitive cyclist in race kit and helmet rides hard on a gravel course, conveying focused athletic energy and excitement without any negative or threatening elements.",6,4,prominent_faces,1,1,2,2,2,4,3
awe_04661,"A sweeping natural sandstone arch frames a vast, sunlit canyon landscape under dramatic billowing clouds, evoking a profound sense of grandeur and sublime wonder.",6,3,none,1,1,5,1,3,2,5
contentment_11779,"A pregnant woman in a white dress tenderly cradles her belly in a sun-dappled garden, conveying quiet, intimate joy and peaceful anticipation — evoking warmth and gentle contentment.",6,2,prominent_faces,1,1,2,1,5,1,4
excitement_09750,"A lively outdoor Pride celebration with people in colorful outfits, leis, and rainbow accessories, raising drinks and smiling broadly — the scene radiates high-energy festive joy and communal celebration.",6,4,prominent_faces,1,1,3,5,4,5,3
excitement_09318,"Two women laughing and embracing enthusiastically at what appears to be a branded social event, radiating joy and high energy.",7,4,prominent_faces,1,1,2,5,4,4,3
sadness_11755,"A large, droopy-faced Mastiff resting with its head down in a yellow doghouse evokes a quiet, slightly melancholic contentment — the dog looks tired and sullen, which is endearing but carries a faint note of sadness.",3,1,none,1,1,2,1,3,1,3
contentment_05096,"A bride smiling warmly while the groom kisses her cheek in front of a lush floral wall backdrop evokes deep contentment and romantic joy — the intimate gesture, elegant setting, and celebratory context generate strong positive valence and gentle warmth.",7,2,prominent_faces,1,1,2,2,5,2,5
disgust_03817,"The image shows bananas with extensive dark, mouldy, and rotting patches covering their skin — visually repulsive decay that dominates the scene and triggers a strong disgust response.",2,3,none,2,5,2,1,1,1,1
amusement_19408,"A chubby, alert baby lying on a colorful playmat wearing a humorous ""Feed Me More Footy"" West Coast Eagles bib — the combination of an adorable infant and the witty sports bib creates a lighthearted, charming scene that invites smiles and warmth.",6,2,prominent_faces,1,1,3,5,5,2,4
sadness_05426,"The high-contrast black-and-white image of a hooded, shadowy figure leaning against a dark urban wall evokes unease and menace — the obscured face, dramatic chiaroscuro lighting, and hunched posture create a strongly threatening, ominous atmosphere.",2,4,people_present,4,1,3,1,1,3,3
fear_10909,"The image shows a person in elaborate zombie costume/makeup with fake blood and gore, likely at a cosplay or zombie walk event — visually striking and disgusting-looking by design, yet clearly theatrical and playful in context.",3,4,prominent_faces,3,4,3,4,1,3,2
amusement_10598,"A glowing Christmas tree with a large red ornament reading ""Merry Christmas from Jeffrey Simms Photography"" radiates holiday warmth, festivity, and cozy celebration, evoking a strongly positive, comfortable, and mildly cheerful emotional tone.",6,2,none,1,1,2,3,5,2,4
anger_10804,"A crowd of protesters holding signs demanding the return of children from Norwegian child services (Barnevernet), expressing collective grievance and urgency — the dominant feeling is righteous indignation and distress.",2,4,prominent_faces,2,1,2,1,1,4,2
anger_02560,"A large, roaring bonfire or wildfire consumes trees at night, with embers flying and intense orange flames against a dark blue sky — the dominant feeling is a mix of awe and threat, driven by the fire's raw, uncontrolled power and dramatic visual contrast.",2,5,none,4,1,4,1,2,5,4
sadness_02143,"A small black dog sits alone on bare concrete, gazing upward with an expectant, slightly wistful expression — evoking gentle tenderness mixed with mild melancholy.",5,2,none,1,1,2,2,4,1,4
amusement_08320,"A charming, fuzzy white Santa Claus figurine with round spectacles and blue eyes sits against a softly bokeh-lit golden Christmas tree, evoking a sense of festive warmth, gentle delight, and nostalgic contentment.",6,2,none,1,1,2,3,5,1,4
excitement_04253,"A smiling woman poses with arms outstretched in a grand Parisian square, radiating joyful freedom and positive energy against a backdrop of elegant Haussmann-style architecture.",6,3,prominent_faces,1,1,3,4,4,3,4
sadness_03097,"A young child sits crying/grimacing on the back of a loaded cargo tricycle in busy city traffic, surrounded by stacked boxes — the scene evokes sadness and concern for the child's welfare, tempered by a touch of unexpected, almost darkly comic incongruity.",2,3,prominent_faces,3,1,4,2,1,3,2
excitement_04785,"A group of military trainees in a rubber raft are being slammed by crashing waves against rocks, with one person visibly struggling to hold on — the chaotic water, physical struggle, and high-stakes situation create intense feelings of excitement and urgency.",5,5,prominent_faces,4,1,3,1,1,5,3
amusement_05650,"A snow-dusted outdoor Christmas tree glowing with colorful lights against a dark night sky evokes a warm, nostalgic, and quietly joyful holiday feeling — cozy yet visually enchanting.",6,2,none,1,1,2,2,5,2,4
fear_10233,"The image features a gritty, urban outdoor space covered in graffiti, skull-and-crossbones symbols, dark imagery, and chaotic visual elements — evoking a mildly unsettling, edgy atmosphere with some quirky novelty.",3,3,none,3,2,3,2,1,3,2
awe_03067,"The sweeping natural sandstone arch and dramatic desert landscape evoke a sense of grandeur and vastness, inspiring quiet wonder at geological scale and beauty.",6,3,none,1,1,5,1,3,2,5
excitement_06587,"A surfer actively riding a crashing wave with dynamic body movement and spray all around evokes high energy and excitement, with an athletic performance that is visually thrilling and aesthetically striking.",6,5,prominent_faces,2,1,3,3,2,5,4
anger_02699,"A person shouting with mouth wide open at what appears to be a protest or rally, wearing a bandana and beanie, surrounded by a crowd — the scene conveys tension, intensity, and confrontational energy.",2,5,prominent_faces,3,1,2,1,1,5,2
fear_07239,"A person in an elaborate, unsettling costume featuring a large spiral-toothed mouth where the face should be, posing playfully at what appears to be a convention — simultaneously creepy/disgusting and humorous in its theatrical absurdity.",3,4,people_present,3,4,5,4,2,4,3
fear_11448,"A ceramic skull-like mask with horns lying among dry straw, dark wood, and a snake coiled through it creates an eerie, unsettling, and macabre atmosphere that is visually striking but deeply disturbing.",2,4,none,4,3,4,1,1,2,3
excitement_08011,"A young woman with a beaming smile is covered in vibrant Holi festival powder paints, radiating pure joy and festive energy — the vivid colors, laughter, and celebratory context make this overwhelmingly positive and lively.",7,4,prominent_faces,1,1,3,5,4,4,4
anger_02373,"A wooden structure is being dramatically consumed by towering flames and billowing black smoke in an open field, creating a scene of intense destruction and danger that dominates the visual experience.",2,5,none,5,1,3,1,1,5,3
contentment_08109,"A tender maternity photo of a couple in a lush garden setting — the man kneeling and lovingly touching the woman's pregnant belly while she smiles warmly — radiates deep contentment, intimacy, and joy, with no threat or negativity present.",6,2,prominent_faces,1,1,2,2,5,2,4
sadness_05956,"A partially demolished urban building covered in graffiti, with collapsed roof beams, rubble, and a security fence — the scene of destruction and decay evokes a strong sense of loss and desolation, with undertones of disorder and urban blight.",2,3,none,4,3,2,1,1,2,2
contentment_14373,"A couple kissing in a golden wheat field at sunset radiates deep romantic warmth and tenderness, evoking a strong sense of contentment and serene joy through soft golden light, intimate closeness, and idyllic natural surroundings.",6,2,people_present,1,1,2,2,5,2,5
fear_06568,"This is a highly detailed, grotesque fantasy illustration featuring a large monstrous creature with exposed teeth, a dangling eyeball, tumorous growths, intestinal coils, and tentacles, alongside a smaller creature nestled within it — the imagery is viscerally repulsive yet rendered with intricate artistic craft, evoking strong disgust with a undercurrent of dark curiosity.",2,4,none,3,5,4,2,1,3,
fear_08219,"A highly detailed wax/prop mummy figure resting in a coffin with arms crossed — classic horror-monster imagery that evokes unease and mild fear, with some creepy fascination; the decayed, bandaged figure with glassy eyes and a gemstone ring creates a distinctly eerie, unsettling atmosphere.",2,3,prominent_faces,3,3,3,1,1,2,
amusement_02010,"A cheerful ceramic snowman figurine surrounded by soft, colorful bokeh Christmas lights evokes a warm, festive, and playful holiday mood with no threat or negativity.",6,2,none,1,1,2,4,5,2,4
anger_07057,"The image shows a political protest with signs labeling a public figure a ""War Criminal"" and calling out a ""whitewash,"" evoking strong collective anger and moral outrage.",2,4,prominent_faces,2,3,2,1,1,4,2
fear_13085,"Grotesque alien action figures with exposed brains, skull-like faces, and unsettling expressions evoke a mix of creepy repulsion and campy sci-fi humor, leaning toward playful unease.",3,3,none,3,4,3,4,1,2,2
fear_08819,"Dark, wet rocks with black streaks (possibly oil or tar) dominate the foreground against churning white surf, evoking a sense of environmental unease and somber desolation — beautiful in composition but unsettling in implied contamination.",2,3,none,3,4,3,1,1,3,3
sadness_09942,"A weathered gravestone in a quiet cemetery at dusk evokes a solemn, melancholic mood — mortality and loss are the dominant themes, with no warmth, playfulness, or threat present.",2,2,none,1,1,2,1,1,1,2
disgust_09671,"The image shows visibly rotting, shriveled, and mold-spotted red grapes — overripe and decaying food that triggers a strong disgust response due to the unpleasant texture, discoloration, and spoilage cues.",2,3,none,2,4,2,1,1,1,1
sadness_11514,"A weathered elderly man in profile with a flat cap gazes into the distance with a solemn, pensive expression — his lined face and downward set of the mouth evoke quiet melancholy or resigned contemplation.",2,2,prominent_faces,1,1,2,1,2,1,3
awe_12288,"A dramatic coastal landscape featuring a rocky sea arch, lush green ferns, and a small red-roofed structure atop a clifftop peninsula under a clear blue sky — the grand scale, geological uniqueness, and serene beauty together evoke a sense of wonder and peaceful admiration.",6,3,none,1,1,5,1,3,2,5
amusement_01707,"A smiling child rides a colorfully decorated carousel horse under warm, glowing fairground lights, radiating joy, fun, and carefree energy typical of an amusement ride.",6,4,prominent_faces,1,1,2,5,4,4,4
disgust_06615,"The image shows an overflowing, filthy public trash bin surrounded by scattered litter — evoking a strong visceral reaction of disgust and mild sadness at urban neglect, with very low aesthetic appeal.",2,3,none,2,5,2,1,1,2,1
fear_12269,"A large bat (likely a prop/decoration) hangs upside down from a bare tree at night above a fence with a high-voltage/no-trespassing warning sign — the dark, ominous atmosphere, threatening signage, and creepy nocturnal scene combine to produce a predominantly unsettling, fear-inducing response.",2,4,none,4,2,3,2,1,3,
excitement_18609,"A woman dressed in an elaborate nature-goddess costume of flowers and leaves marches in what appears to be a festive Seattle parade, evoking amusement and delight through her creative, playful outfit and cheerful expression.",6,3,prominent_faces,1,1,4,5,3,3,3
anger_10712,"A man with wide, bug-eyed stare and a bloody wound inside his mouth points to the injury with a dramatic, exaggerated expression — evoking a mix of disgust and dark humor/shock.",2,4,prominent_faces,2,4,3,3,1,4,1
excitement_03201,"A person wearing a vibrant rainbow mohawk wig and oversized sunglasses at what appears to be a Pride parade, surrounded by festive crowds and a rainbow flag — the scene radiates celebratory energy, joy, and self-expression, evoking strong positive arousal.",6,4,prominent_faces,1,1,3,5,4,4,3
amusement_14988,"A group of laughing, smiling children with backpacks are gathered around a camera outdoors, radiating genuine joy and social warmth — the dominant feeling is lighthearted amusement and delight.",6,4,prominent_faces,1,1,2,5,5,4,3
disgust_03981,"The image shows scattered litter and rubbish on the ground — crushed cans, torn packaging, a spilled Tesco bag, and food waste — which evokes a strong sense of repulsion and disorder.",2,3,people_present,1,4,2,1,1,2,1
sadness_01786,"A close-up of a toddler's face with tearful, squinting eyes and a downturned expression evokes sadness and distress — the child appears to be crying or on the verge of tears, which generates empathy and a predominantly negative emotional response.",2,3,prominent_faces,1,1,2,1,3,2,3
disgust_01150,"A large ashtray overflowing with dozens of used cigarette butts dusted with snow evokes a strong sense of repulsion and grim despondency — the accumulated waste is visually unpleasant and carries connotations of addiction, pollution, and neglect.",2,2,none,2,4,2,1,1,1,1
anger_02212,"A tabby cat mid-yawn with wide-open mouth and exposed fangs on a cat tree creates a comically fierce, high-energy scene that is more amusing than threatening, with the exaggerated expression lending strong playfulness and moderate arousal.",6,4,none,2,1,3,5,3,4,4
awe_14016,"A sleek white-and-red private helicopter (registration 2-HELO) sits on a grassy field under an overcast sky, conveying mild excitement and interest from the impressive aircraft, but the grey weather and still setting keep the mood largely neutral-to-mildly positive.",5,3,none,1,1,3,1,2,3,3
awe_07244,"Cinderella's Castle at a Disney park decorated for Christmas, shot on a grey rainy day with crowds holding umbrellas — the iconic, towering fairy-tale architecture evokes grandeur and wonder, while the overcast weather and rain add a mild melancholic dampness to an otherwise joyful, magical scene.",5,3,people_present,1,1,4,3,3,2,
disgust_05979,"The image shows an unappetizing blob of wet, lumpy, brownish paste-like substance on a dark surface — visually ambiguous and texturally repulsive, strongly evoking a visceral negative reaction due to its resemblance to waste or vomit.",2,3,none,1,4,2,1,1,1,1
fear_13056,"A person in elaborate zombie makeup with fake blood streaks, darkened eyes, and a dirty bicycle helmet stares intensely at the camera — the theatrical horror aesthetic is visually striking and slightly unsettling, evoking a mix of creepiness and dark fascination.",2,4,prominent_faces,4,3,3,2,1,3,3
anger_05766,"A man is aggressively snarling directly at the camera while raising his middle finger — his wide eyes, bared teeth, and confrontational gesture project intense hostility and negative affect toward the viewer.",1,5,prominent_faces,4,2,2,1,1,5,1
awe_11413,"A serene winter sunrise over a misty pond with frost-covered reeds and silhouetted trees reflecting golden-orange light — the scene is visually stunning and tranquil, evoking a sense of vast natural beauty and quiet wonder.",6,2,none,1,1,4,1,4,2,5
awe_09341,"A dramatic sunrise bursting through Mesa Arch in Canyonlands frames an vast, ancient landscape in warm golden light — evoking overwhelming grandeur, majesty, and a sense of being humbled by nature's scale and beauty.",6,4,none,1,1,5,1,4,4,5
disgust_09026,"A hairy, spiny caterpillar crawling on rough porous rock evokes mild unease and disgust — its bristly texture and segmented body are visually repulsive to many viewers, while the macro close-up amplifies the creepy-crawly effect.",2,3,none,2,4,3,1,1,2,2
fear_00786,"The image shows people helping an actor into a large, elaborate creature/alien costume with sprawling appendages in what appears to be a film or TV production hallway — the grotesque, insectoid monster suit is visually striking and unsettling, evoking a mix of unease and fascinated curiosity.",3,4,people_present,3,3,5,2,1,3,
amusement_04556,"Close-up of delicate, intricately patterned mimulus flowers with soft pink, white, yellow, and deep purple markings evokes quiet contentment and gentle beauty.",6,2,none,1,1,3,2,4,2,5
fear_02925,"A person in a vivid Halloween costume with red face paint, fake fangs, chains, and a toy spider creates a theatrical horror display that is simultaneously spooky and playfully campy.",3,4,prominent_faces,3,2,3,4,1,4,2
disgust_06162,"A crisp macro photograph of a grasshopper perched on a blade of grass amid lush green bokeh — visually fresh and nature-forward, evoking mild curiosity and gentle contentment with a slight edge of creepiness from the close-up insect detail.",5,2,none,1,2,3,2,3,2,4
sadness_10418,"This weathered gravestone bearing multiple family deaths—including infants and young children—evokes a deep, quiet sorrow; the aged stone, cemetery setting, and inscriptions memorialising early deaths collectively produce a melancholic, contemplative mood.",2,2,none,1,1,2,1,1,1,3
anger_09682,"A black-and-white colobus monkey with its mouth wide open in a vocalizing/threatening display creates a lively, slightly startling scene that leans toward amusement or mild alarm.",5,4,none,2,1,3,4,2,4,3
disgust_00604,"The image shows a man hunched over and visibly vomiting or drooling a stream of liquid onto his own lap, which is strongly repulsive and unpleasant to view, making disgust the dominant emotional response.",1,3,prominent_faces,2,5,2,1,1,2,1
awe_08160,"Two white water lilies blooming serenely over lily pads on a still pond evoke a sense of quiet peace and natural beauty, with soft tones and gentle reflections reinforcing calm contentment.",6,1,none,1,1,2,1,4,1,5
fear_12107,"The high-contrast black-and-white image of a lone figure with head bowed, standing in a narrow corridor-like space, conveys isolation, introspection, and a brooding melancholy — evoking a subdued yet emotionally heavy mood.",2,2,people_present,2,1,3,1,1,2,3
anger_06519,"A protest scene with people holding anti-fracking signs conveys collective civic anger and high-energy confrontational sentiment, with a central figure defiantly raising a sign overhead.",2,4,prominent_faces,2,1,2,2,2,4,3
disgust_08177,"A dimly lit urban crosswalk at night littered with discarded trash — a food wrapper, a small box, and a plastic bag — conveys neglect, urban decay, and mild unpleasantness, evoking a low-energy, mildly negative mood.",2,2,none,2,3,2,1,1,1,1
anger_08007,"The scene depicts police officers detaining/handcuffing protesters at what appears to be a civil rights demonstration, conveying tension, conflict, and a sense of injustice that evokes strong negative arousal.",2,4,prominent_faces,4,1,2,1,1,4,2
disgust_10995,"The image shows a heavily corroded, filthy, out-of-order sink with rust, grime, and dark staining throughout, evoking a strong sense of revulsion and neglect.",1,3,none,2,5,2,1,1,1,1
contentment_06181,"A close-up of delicate purple wildflowers with soft bokeh background evokes a gentle, serene sense of natural beauty and quiet contentment.",6,2,none,1,1,2,2,4,2,4
contentment_11171,"A close-up of a calm, fluffy rabbit resting on a soft grey towel evokes gentle contentment and warmth — the animal appears relaxed and the scene is cozy and intimate.",6,1,none,1,1,2,2,5,1,4
contentment_15878,"A young boy seated in a car holds up a small green plastic toy soldier with a focused, slightly serious expression, evoking mild amusement and childhood playfulness in an everyday, safe setting.",5,2,prominent_faces,1,1,2,4,3,2,3
awe_13679,"A vividly patterned black swallowtail butterfly perched on delicate white blossoms against a soft green background evokes a serene, quietly beautiful natural moment with gentle visual delight.",6,2,none,1,1,3,2,4,2,4
contentment_14733,"A couple shares a playful, tender moment on a snowy winter road — the woman laughs and reaches up to touch the man's face, conveying warmth, joy, and gentle amusement in a beautiful, softly lit seasonal setting.",6,2,prominent_faces,1,1,2,4,5,2,4
sadness_04364,"A small, isolated white chapel surrounded by bare, leafless trees in a bleak late-autumn landscape evokes a quiet, melancholic solitude — the emptiness and stark lighting suggest loneliness and quiet contemplation rather than warmth or joy.",3,2,none,1,1,3,1,2,1,3
contentment_10332,"A dressed-up baby sits contentedly on a beautifully decorated first-birthday dessert table, radiating innocence, warmth, and gentle joy — evoking delight and tender happiness.",6,2,prominent_faces,1,1,2,4,5,2,4
disgust_10232,"A large, hairy brown spider photographed in close-up macro detail evokes strong aversion and unease — its prominent fangs, bristly legs, and predatory posture trigger instinctive threat and disgust responses.",2,4,none,4,4,2,1,1,3,2
amusement_16687,"A vivid, close-up red lily with glistening raindrops against lush green foliage evokes a sense of natural beauty and quiet contentment — the saturated colours and delicate water droplets are visually striking but serene.",6,2,none,1,1,3,1,4,2,5
excitement_00079,"A joyful female performer in a sparkling red dress sings passionately under vibrant green-yellow stage lights, radiating high energy and celebratory positivity.",7,5,prominent_faces,1,1,3,4,4,5,5
excitement_09661,"Two young women laughing and hitchhiking beside a vintage convertible on an open road evokes a strong sense of freedom, fun, and carefree adventure — high positive energy with playful, youthful vibes.",7,4,prominent_faces,1,1,2,5,4,4,4
excitement_10078,"Two belly dancers in vibrant, flowing costumes (red and blue) performing energetically on stage, conveying excitement and joyful celebration through dynamic movement and expressive choreography.",6,4,prominent_faces,1,1,3,4,4,5,4
fear_08987,"A severed, damaged doll head with misaligned eyes and a painted smirk lying on dirty, broken ground in near-darkness evokes strong unease and dread through its uncanny, unsettling appearance.",2,4,none,4,3,3,1,1,2,1
disgust_01790,"A crowded open-air meat market with large cuts of raw flesh hanging from hooks and coils of sausages overhead evokes strong visceral discomfort and repulsion, with the blood, exposed tissue, and unsanitary-looking environment dominating the viewer's reaction.",2,4,people_present,2,5,3,1,1,3,1
fear_13451,"Two cartoon villain action figures — a menacing red creature looming aggressively and a sly green bald figure — create a theatrical, darkly playful scene that blends mock-menace with comic absurdity.",3,4,none,3,1,3,4,1,4,3
excitement_17669,"Two men in the foreground are taking an exuberant selfie with wide-open mouths and big grins at what appears to be a lively, packed live event or concert, radiating infectious high-energy joy and excitement.",7,5,prominent_faces,1,1,2,5,4,5,3
amusement_05325,"A palomino horse with its mouth wide open in a grin-like expression outside a stable creates an unmistakably comic, lighthearted scene that evokes laughter and delight.",6,3,none,1,1,3,5,3,3,3
anger_10451,"A man laughing/grimacing while holding a coffee mug outdoors against a blue wall evokes a light, humorous mood — likely reacting with exaggerated disgust or amusement at the drink's taste, making the scene feel playful and socially warm.",6,3,prominent_faces,1,2,2,4,3,3,3
contentment_05012,"A decorative bowl overflowing with vibrant pink and red flower petals, set on a rustic wooden stand on a deck overlooking a lush tropical landscape with palm trees and water — evoking serene beauty and peaceful contentment.",6,2,none,1,1,3,2,4,2,4
sadness_03777,"The image shows a closed or abandoned café with a worn, moss-covered awning and empty shopfront, evoking a quiet sense of melancholy and neglect — the faded grandeur of a once-bustling establishment now seemingly shuttered.",2,2,none,1,2,2,1,1,1,2
sadness_10814,"The person appears visibly tired, dejected, or distressed — resting their head in their hand with heavy-lidded eyes and a slumped posture in a dim, cluttered room, evoking a strong sense of low-energy melancholy or resignation.",2,2,prominent_faces,1,1,2,1,1,1,2
excitement_06186,"A jubilant woman in rainbow and red festive costume dances energetically at what appears to be a Pride parade, radiating high-energy celebration and joy.",6,5,prominent_faces,1,1,3,5,4,5,3
fear_00461,"A person wearing a large, realistic skull mask in a dark, gritty black-and-white urban setting evokes unease and mild dread, balanced by a slightly theatrical, costume-like playfulness.",2,4,prominent_faces,4,2,4,2,1,3,3
awe_02121,"Two zebras peacefully grazing in an open grassy field evokes a calm, pleasant sense of contentment — the natural scene is visually appealing, non-threatening, and gently engaging without being dramatic.",6,2,none,1,1,3,2,3,2,4
excitement_11287,"A young child is rock climbing near a steep ledge with safety gear — the effort and slight danger of the height create a mix of excitement and mild tension, but the active, outdoor achievement scene is energizing and broadly positive.",5,4,prominent_faces,3,1,3,2,3,4,3
excitement_10832,"A smiling young woman in a white dress with a flower in her hair holds a drink at what appears to be a lively party, radiating joy and social energy.",6,4,prominent_faces,1,1,2,4,4,4,4
contentment_03551,"A happy young family — man, woman, and baby — smiling together in front of dramatic bronze sculptures at what appears to be an outdoor museum, conveying warmth, contentment, and mild awe from the grand setting.",6,2,prominent_faces,1,1,3,2,5,2,4
awe_10023,"A cheerful costumed group at what appears to be a festive outdoor party — a woman in an elaborate red dress and wig poses with a man in a bowler hat and white scarf, evoking fun, laughter, and lighthearted celebration.",6,4,prominent_faces,1,1,3,5,4,4,3
contentment_00611,"A small deer with unusual, gnarly antlers stands alertly in a naturalistic enclosure — the curious, slightly comical pose and harmless wildlife subject evoke mild amusement and gentle contentment.",5,2,none,1,1,3,3,3,2,3
disgust_00772,"The image shows an overflowing recycling bin with mixed waste items on a drab concrete sidewalk — a mundane, slightly messy scene that evokes mild displeasure and dullness with no energy, beauty, or positive engagement.",2,2,none,1,3,1,1,1,1,1
awe_05066,"Two seagulls soaring freely against a vivid blue sky, wings fully spread and one calling out, evokes a feeling of exhilarating freedom and uplifting joy.",6,4,none,1,1,3,3,3,4,4
awe_12426,"A vivid rainbow arches over the iconic O2 Arena and Canary Wharf waterfront in London, creating a striking contrast between the dramatic overcast sky and the colourful arc — a visually grand, uplifting urban panorama that evokes wonder and a sense of grandeur.",6,3,none,1,1,4,2,2,2,5
fear_00385,"A woman has a skeletal X-ray image projected onto her face and torso, creating an eerie, macabre double-exposure effect that blends the living with death imagery, evoking a strong sense of unease and dread.",2,4,prominent_faces,4,3,4,1,1,2,3
fear_08203,"A person in a creepy clown costume with exaggerated features, skull-and-bloodstain pants, spider webs, and a ghost decoration in a Halloween haunted-tent setting — simultaneously unsettling and absurd, evoking a mix of unease and dark humor.",3,4,prominent_faces,3,3,3,3,1,3,2
disgust_00814,"The image shows a large illegal dumping site with piles of rubble, trash, and debris against a graffiti-covered concrete wall topped with barbed wire — a scene of urban neglect and squalor that evokes strong disgust and sadness.",2,3,none,2,5,2,1,1,2,1
awe_01585,"A sweeping alpine meadow with vivid green grass, dramatic purple-hued sky, billowing clouds, and mountain peaks creates a scene of grand natural beauty that evokes peaceful wonder and quiet awe.",6,2,none,1,1,4,1,3,2,5
awe_00514,"A close-up macro shot of a fuzzy bumblebee foraging on vibrant purple lavender blossoms evokes a serene, pleasant appreciation of nature's beauty and quiet industriousness.",6,2,none,1,1,3,2,4,2,5
fear_04218,"A person in dramatic white face paint with dark eye makeup and black lips sits across a table with tarot cards and alcohol bottles, evoking a mix of eeriness, theatrical drama, and dark playfulness — the costume and setting suggest a Halloween or gothic roleplay scene that is unsettling yet intriguing rather than genuinely threatening.",3,3,prominent_faces,3,2,3,3,1,2,
excitement_18092,"A male rock vocalist with long dreadlocks and tattoos performs passionately on a dramatic, smoke-filled stage — the raw intensity of live performance evokes high energy and excitement.",6,5,prominent_faces,1,1,3,2,2,5,4
anger_00891,"An extreme close-up of a man's face snarling/baring his teeth aggressively at the camera — the confrontational expression, wide-open mouth, and invasive framing create an intense, threatening, and mildly unsettling feeling.",2,5,prominent_faces,4,3,2,1,1,5,1
contentment_06085,"A smiling couple proudly holding their newborn baby outdoors in a lush green setting radiates joy, warmth, and tenderness — the dominant feeling is wholesome familial happiness with no threat or negativity present.",7,2,prominent_faces,1,1,2,2,5,2,4
awe_05841,"A warm, intimate church wedding ceremony with a smiling bride and groom at the altar evokes strong feelings of joy, love, and contentment — heightened by the soft golden lighting, floral arrangements, and celebratory gathering of loved ones.",6,2,prominent_faces,1,1,2,1,5,2,4
sadness_00196,"A lone swan at the misty edge of a still lake, rendered in black-and-white with bare weeping willow branches overhead, evokes quiet melancholy and gentle solitude — the muted tones, stillness, and isolation are the dominant mood drivers.",3,2,none,1,1,2,1,2,1,4
excitement_02118,"A group of people white-water rafting through churning rapids with arms raised and smiling — the scene radiates high-energy thrills, joy, and adventurous excitement.",6,5,prominent_faces,3,1,3,4,3,5,4
sadness_12633,"A handsome, calm golden retriever sitting obediently on lush green grass with soft natural light evokes a strong sense of warmth, comfort, and gentle positivity — characteristic of contentment.",6,2,none,1,1,2,2,5,2,4
contentment_14400,"Vivid red tulips in full bloom under bright sunlight against a lush green background evoke a strong sense of joy, vitality, and natural beauty — the bold colour contrast and radiant light make the scene feel alive and uplifting.",6,3,none,1,1,2,2,4,3,5
excitement_03588,"A football player in a dynamic kicking pose mid-action on a well-lit field conveys athletic excitement and energetic competition, evoking high-energy positive engagement.",6,4,prominent_faces,1,1,2,3,3,5,4
fear_00529,"A snarling, winged gargoyle statue perched on a stone pillar with gothic ironwork evokes a dark, foreboding atmosphere — its aggressive open-mouthed pose and demonic features generate unease and mild dread despite being inanimate stone.",2,4,none,4,2,3,1,1,3,3
excitement_05115,"Five young women are mid-air in a joyful group jump across an open meadow at golden hour, holding hands and laughing — radiating high-energy celebration, friendship, and freedom in a beautiful natural setting.",7,5,prominent_faces,1,1,3,5,5,5,5
contentment_07906,"A close-up of a beaming, chubby-cheeked baby with a wide open-mouthed grin radiates pure joy and warmth, evoking strong positive affect with virtually no threat or negative content.",7,3,prominent_faces,1,1,2,5,5,3,4
contentment_09522,"A man tenderly holds a cheerful baby in a pink bib outdoors — the infant's curious, slightly smiling expression and the caring physical closeness evoke warmth, gentle joy, and contentment.",6,2,prominent_faces,1,1,2,3,5,2,4
amusement_01557,"A vibrant, lush bouquet of mixed flowers in warm oranges, whites, yellows, and pinks sits on a wooden table, evoking cheerfulness, warmth, and pleasant aesthetic delight with no negative elements present.",6,2,none,1,1,2,2,5,2,4
amusement_02698,"A young child beaming with a wide smile on a playground swing captures pure joy and lighthearted fun, radiating high positive energy and playfulness with no threat or negativity present.",7,4,prominent_faces,1,1,2,5,4,4,4
contentment_08084,"A white-and-grey cat is peacefully sleeping nestled in soft, warm fabric — the scene radiates calm, safety, and comfort, evoking deep contentment with no threat or negativity.",6,1,none,1,1,2,2,5,1,4
fear_08532,"A man appears to be defying gravity, floating horizontally in a mundane kitchen — a clever, surreal photo trick that is visually striking and immediately humorous.",6,3,people_present,1,1,4,5,3,3,4
excitement_03841,"A grinning person in leather riding a Harley-Davidson in what appears to be a Pride parade, radiating infectious joy and confident rebellion — the crowd, rainbow flag, and big smile create a lively, celebratory atmosphere.",6,4,prominent_faces,1,1,3,4,3,4,4
sadness_04148,"Two athletes in fencing gear have their heads in their hands and appear to be crying or deeply distressed, strongly evoking sadness and emotional defeat after a competition loss.",2,3,prominent_faces,1,1,2,1,2,2,2
sadness_03445,"A quiet cemetery gravestone marking the deaths of a father and mother evokes a calm, melancholic solemnity — the stillness of the scene, muted stone tones, and funerary context produce a subdued, reflective sadness with no threat or energy.",2,2,none,1,1,2,1,2,1,3
disgust_09581,"A close-up black-and-white image of a hand holding a lit cigarette evokes a sense of unease and mild disgust — the burning tip with crumbling ash, the association with harm and addiction, and the cold monochrome palette create a somber, slightly repulsive mood with little warmth or playfulness.",2,2,people_present,3,3,2,1,1,2,
awe_05142,"Two bare, frost-covered trees stand in a snow-blanketed field under a cold, grey overcast sky — the stark, monochromatic palette and quiet desolation evoke a melancholic, introspective stillness.",2,2,none,1,1,2,1,1,1,3
fear_13649,"The extreme close-up of a jumping spider's face — with its large, glossy forward-facing eyes staring directly at the viewer — triggers a visceral mix of fascination and unease; the hairy, alien-like appearance and confrontational gaze are inherently unsettling for many observers, while the vivid macro photography also carries a degree of visual novelty and aesthetic craft.",2,4,none,3,3,4,1,1,3,
amusement_03887,"A close-up dahlia in soft pink and cream with delicate water droplets radiates serene natural beauty, evoking gentle contentment and calm admiration through its perfect symmetry and pastel palette.",6,2,none,1,1,3,1,4,2,5
amusement_12554,"A neatly presented European-style breakfast spread with cold cuts, boiled egg, fruit, cheese, and coffee evokes quiet, pleasant contentment — warm, inviting, and comforting with no threat or unpleasantness.",6,2,none,1,1,2,2,4,2,4
fear_07520,"Bizarre green monster costumes/figures with grotesque exaggerated features (bulging eyes, oversized glasses, warty skin) photographed at night on a city street with a police car in the background — the scene is inherently comedic and absurd, evoking playful amusement while the grotesque appearance carries a mild edge of disgust or unease.",5,3,people_present,2,3,4,5,2,3,
contentment_06506,"A golden Labrador sits calmly in a snowy winter landscape with a bare tree and overcast sky — the scene is peaceful and mildly charming, evoking quiet contentment with a touch of wistfulness from the cold, grey atmosphere.",5,2,none,1,1,2,2,3,2,4
disgust_00896,"A large, dark, dome-shaped cockroach-like insect crawling on reddish sandy ground triggers a visceral sense of repulsion and unease due to its segmented, alien appearance and association with creepy-crawlies.",2,3,none,2,4,3,1,1,2,2
disgust_06125,"A man is hunched over, appearing to vomit into a bag — a distressing, unpleasant scene that primarily evokes disgust and sadness, with low warmth and low playfulness.",2,3,people_present,2,4,2,1,1,2,1
amusement_13577,A warmly decorated Christmas tree with red ornaments and gold tinsel in a cozy home setting evokes festive contentment and comfort.,6,2,none,1,1,2,3,5,2,3
excitement_07225,"A vibrant Pride parade scene with a joyfully performing drag queen in a sparkling green gown and crown, arms raised high, surrounded by a cheerful crowd — radiating celebration, energy, and festive positivity.",6,4,prominent_faces,1,1,3,5,4,5,4
awe_01414,"The iconic Hogwarts Castle replica towering dramatically over a dense, excited crowd at a theme park evokes a strong sense of grandeur and wonder, with the imposing gothic architecture and lively atmosphere generating both awe and excitement.",6,4,people_present,1,1,5,3,2,4,4
excitement_14384,"A woman riding on a man's shoulders is shouting with joy in a crowd at what appears to be a celebratory public event, radiating high-energy excitement and collective euphoria.",6,5,prominent_faces,1,1,2,4,3,5,3
awe_06768,"A hummingbird caught mid-hover feeding from vivid purple-blue blooms against a lush green background — the frozen motion, brilliant natural colours, and delicate intimacy of the scene evoke a strong sense of wonder and serene delight.",6,3,none,1,1,4,2,4,4,5
amusement_06782,"A chubby, smiling baby sitting upright in a colorful nursing pillow radiates pure joy and innocence, evoking strong warmth, positivity, and gentle delight with no negative elements whatsoever.",7,2,prominent_faces,1,1,2,4,5,2,4
anger_06205,"A large crowd of women marching under a bold ""Million Women Rise"" banner demanding an end to male violence — the scene carries strong collective energy, moral urgency, and righteous defiance, evoking a charged but purposeful emotional response.",5,4,prominent_faces,2,1,3,1,3,5,3
amusement_00814,"A man with sunglasses and an exaggerated open-mouthed grin poses cheek-to-cheek with a colorful, cartoonish mannequin also frozen in a wide laugh — the playful mirroring of exaggerated expressions makes this image highly humorous and energetic.",6,4,prominent_faces,1,1,3,5,3,4,3
awe_11759,"A serene, sunlit coastal scene with gentle waves, scattered rocks, and an empty sandy beach evokes quiet tranquility and mild awe at nature's beauty, with the glowing backlight adding a sense of peaceful grandeur.",6,2,none,1,1,3,1,4,2,4
awe_07883,"A vast, sunlit alpine ski resort panorama with snow-covered peaks, evergreen trees, and crisp blue sky evokes a strong sense of awe and serene contentment — the grand scale and pristine beauty dominate the emotional response.",6,3,people_present,1,1,4,2,2,2,5
sadness_07863,"The black-and-white image of a person with their head bowed and face hidden, holding a phone in the dark, conveys deep introspection or distress — the shadowed composition, downward posture, and concealed face strongly suggest sorrow or withdrawal.",2,2,people_present,1,1,2,1,1,1,3
anger_08790,"A street protest in a city pedestrian mall, with people holding signs showing distressing imagery and a Kurdish flag emblem, while someone speaks through a megaphone — the scene conveys civic urgency, collective grievance, and mild tension rather than joy or calm.",3,3,people_present,2,1,2,1,2,3,2
fear_00177,"Three small paintings on a wall — a bloodshot, swirling monstrous eye on a dark canvas, a flaming skull, and a partial portrait — combine to create an unsettling, darkly intense mood dominated by macabre and horror imagery.",2,4,prominent_faces,4,3,3,1,1,3,3
amusement_15095,"Four smiling friends gathered closely together in a lush greenhouse, sharing delight over photos on a camera and phone — the scene radiates social warmth, lighthearted fun, and positive shared energy.",6,3,prominent_faces,1,1,2,4,5,3,4
disgust_00137,"A Yukon wildlife interpretive sign has been vandalized with bullet holes, with the torn, jagged edges of the punctured material forming a visually repulsive and unsettling pattern that dominates the image, evoking a strong negative reaction.",2,3,people_present,4,4,3,1,1,2,1
awe_08332,"A sweeping ocean sunset with crashing waves and golden-orange light reflecting on the water evokes a sense of serene grandeur and natural beauty, leaning strongly toward awe and contentment.",6,3,none,1,1,4,1,5,3,5
sadness_11654,"A snow-covered military cemetery during a blizzard, with a wilting rose left at a headstone — the scene is heavy with grief, loss, and solemnity, evoking quiet mourning.",2,2,none,1,1,2,1,1,2,3
disgust_08673,"The image shows a chaotic, overflowing pile of garbage including broken electronics, plastic bottles, magazines, and waste — visually repulsive and disorderly, evoking strong negative affect primarily through disgust and mild sadness at neglect/waste.",2,3,none,2,5,2,1,1,2,1
awe_06723,"A sunlit autumn park lake with graceful swans, weeping willows reflected in calm water, and a vivid blue sky evokes serene, peaceful contentment with a touch of awe at the natural beauty.",6,2,none,1,1,3,1,4,2,5
contentment_06186,"A mother tenderly holding a toddler outdoors on a sunny day evokes warmth and quiet contentment — the gentle parental bond and soft natural light create a calm, positive emotional tone.",6,2,prominent_faces,1,1,2,2,5,2,4
fear_05600,"A person in a zombie Elvis costume with fake blood and gore reaches toward the camera in a theatrical, over-the-top Halloween/cosplay context — simultaneously creepy/disgusting and clearly playful/humorous.",3,4,prominent_faces,3,4,3,4,1,4,3
awe_12968,"A Harris's hawk stands on green grass with a piece of raw flesh in its beak — a visceral predator-feeding scene that triggers mild disgust and unease, tempered by the natural beauty of the bird's striking plumage.",3,3,none,3,3,3,1,2,3,3
contentment_04705,"A young woman in traditional Southeast Asian attire (likely Myanmar) with thanaka face paint and a conical bamboo hat gazes calmly at the camera — the dominant feeling is gentle contentment and cultural warmth, evoking curiosity and mild positivity.",5,2,prominent_faces,1,1,4,2,4,2,4
fear_04353,"A damaged ancient stone or wooden funeral/theatrical mask emerging from pure black darkness evokes a deeply unsettling, eerie solemnity — the hollow, lifeless eyes and chipped, deteriorating surface create a haunting, uncanny presence that sits between fear and sadness.",2,3,prominent_faces,3,2,3,1,1,1,3
excitement_04847,"A man in vibrant African-print attire joyfully waves a rainbow Pride flag at what appears to be a Pride parade, radiating infectious enthusiasm and celebratory energy.",7,4,prominent_faces,1,1,3,4,4,5,4
contentment_03964,"A cheerful young girl with cake or frosting on her face grins playfully inside a colorful bounce house at what appears to be a birthday party, radiating pure delight and lighthearted fun.",7,3,prominent_faces,1,1,2,5,5,3,3
excitement_10886,"A woman with wide eyes and an open mouth is gleefully about to bite into a piece of cauliflower, her expressive, animated face radiating playful excitement and lighthearted fun.",6,4,prominent_faces,1,1,2,5,4,4,3
amusement_06147,"A cheerful Easter scene of colorful dyed eggs, fresh tulips, candy, and dye cups arranged neatly on a decorative white tray evokes a light, festive, and pleasant feeling of springtime celebration.",6,2,none,1,1,2,4,4,2,4
disgust_01375,"A close-up macro shot of a dark spider on decayed, hole-riddled wood evokes a creeping unease — the predatory arachnid, its web visible nearby, triggers instinctive aversion and mild threat responses in many viewers.",2,4,none,3,4,2,1,1,2,2
anger_02307,"A tabby cat mid-yawn with mouth wide open, teeth and tongue fully exposed, and eyes squeezed shut — the expression looks comically aggressive or exuberantly dramatic, evoking laughter and lightness rather than genuine threat.",6,4,none,2,1,2,5,3,4,3
fear_09271,"Two grotesque horror figures in bloody doctor costumes — one with a ghoulish green bald mask and dark hollow eyes, the other with a distorted decaying face — photographed in near-darkness, creating a strongly threatening and repulsive atmosphere.",1,5,prominent_faces,5,5,3,1,1,3,1
amusement_06962,"A richly ornate, brightly lit carousel glowing against a dark night sky evokes a sense of magical wonder and festive joy — the warm golden lights, vivid colors, and spinning fairground energy are visually arresting and delightfully playful.",6,4,people_present,1,1,4,5,4,4,5
contentment_08030,"A lush, vibrant floral arrangement in warm yellows, vivid pinks, and blue thistle pops against a moody dark-blue interior, evoking quiet pleasure and aesthetic delight — the dominant feeling is gentle contentment tinged with visual richness.",6,2,none,1,1,3,2,4,2,5
contentment_13405,"A group of smartly dressed young people posing together on grand steps, suggesting a celebratory occasion like a graduation or formal event, evoking warmth, pride, and contentment.",6,2,prominent_faces,1,1,2,2,4,2,3
fear_01742,"The image features people in unsettling Halloween-style costumes — one wearing a pale rat/mouse mask looming from behind a door, another with dark gothic vampire makeup — creating a creepy, eerie atmosphere that is visually striking but disturbing.",2,4,prominent_faces,4,2,4,2,1,3,3
disgust_05051,"The scene shows a woodland hillside heavily littered with dumped rubbish and debris, evoking a strong sense of environmental neglect and decay — the dominant feeling is dismay/disgust at the despoiling of a natural space.",2,2,none,2,4,2,1,1,1,1
excitement_12746,"A stunt rider performing a dramatic wheelie on a bright green Kawasaki sportbike — the high-speed, gravity-defying maneuver radiates intense excitement and adrenaline, with an undercurrent of perceived danger.",6,5,people_present,4,1,4,3,2,5,4
awe_04248,"Two people sit peacefully on a rocky overlook gazing at a vast, mirror-calm lake surrounded by forests and mountains under a bright blue sky, evoking a strong sense of serene grandeur and shared wonder.",6,2,people_present,1,1,4,1,4,2,5
fear_03129,"A person in an elaborate Beetlejuice Halloween costume — wild grey-green wig, horror makeup with fake wounds, black-and-white striped suit, and fake cobwebs with a plastic spider covering the face — creates a playful yet creepy atmosphere typical of spooky cosplay fun.",5,4,prominent_faces,2,2,4,5,2,4,3
fear_12179,"A dark, moody night scene on a bridge with silhouetted steel towers, deep blue sky, and two glowing headlights approaching in the darkness — the composition is ominous, tunnel-like, and unsettling, evoking a strong sense of dread or unease.",2,4,none,4,1,3,1,1,3,3
disgust_04252,"A large spider clinging to its web is the dominant subject — spiders are a common phobia trigger and the close-up framing amplifies the unsettling, creepy quality, making the image likely to evoke fear and mild disgust.",2,4,none,4,3,2,1,1,2,2
disgust_03051,"A monarch caterpillar in the process of forming its chrysalis hangs from a green stem — a striking natural transformation scene that is simultaneously fascinating/novel and slightly unsettling due to the writhing, dark, alien-looking morphology mid-metamorphosis.",4,3,none,1,2,4,1,2,2,4
fear_09130,"A person with a stern, slightly menacing expression peers through dense corn stalks, creating a slightly unsettling, suspenseful mood reminiscent of a horror movie scene — evoking mild unease and tension.",2,3,prominent_faces,3,1,3,2,1,2,2
anger_04850,"A firefighter battles a massive, raging blaze amid the rubble of a completely destroyed building at night — the orange inferno, billowing smoke, and total structural collapse create an overwhelmingly intense, dangerous, and distressing scene.",2,5,people_present,5,1,3,1,1,5,3
anger_00866,"A young man with a furrowed brow and tense expression speaks on an old corded phone in dim evening lighting, conveying brooding unease or quiet distress rather than joy or excitement.",2,2,prominent_faces,1,1,2,1,2,1,2
fear_13913,"A creepy vampire/monster action figure with a ghoulish face, dramatic black-and-red cape, and an ominous shadow cast on the wall — designed to unsettle and evoke dread, yet its toy nature adds a slight campy/playful undertone.",2,4,none,4,3,3,2,1,3,3
fear_12588,"The heavily processed, high-contrast image of a dark urban building viewed through a chain-link fence, with deep purple-black tones, bare branches, and an eerie blue sky, creates a foreboding, unsettling atmosphere suggesting danger or entrapment.",2,4,none,4,1,3,1,1,2,3
excitement_00703,"A vibrant carnival performer in an elaborate feathered costume dances in the street before a large, engaged crowd, radiating festive energy and celebratory excitement.",6,4,prominent_faces,1,1,4,5,3,5,4
contentment_06959,"Two bicycles with fishing rods parked on a sunny, gently-lapping shoreline evoke a quiet, leisurely day out — charming and mildly novel in their combination, radiating peaceful contentment with a slight whimsical touch.",6,2,none,1,1,3,3,4,2,4
fear_01590,"The image depicts a highly detailed figurine of the Marvel villain Red Skull — a grotesque, skull-like red face wearing a Nazi officer's cap — evoking a strong sense of menace, unease, and repulsion due to its monstrous appearance and threatening symbology.",2,4,none,4,4,3,1,1,3,2
disgust_04268,"Vivid orange bracket fungi growing on a dark, decaying log in a damp forest floor setting — the rich natural colours and unusual organic forms are visually striking and slightly otherworldly, evoking quiet wonder at nature's detail rather than strong positive or negative emotion.",5,2,none,1,2,4,1,2,1,4
disgust_05323,"A crumbling, dilapidated brick wall with a jagged hole spilling out tangled blue plastic sheeting and debris evokes a sense of urban decay, neglect, and desolation — the dominant feeling is one of melancholy and mild repulsion at the squalor.",2,2,none,2,3,2,1,1,2,2
contentment_01350,"A beautifully crafted cappuccino with latte art in the shape of a heart, accompanied by small cookies on a white saucer atop a warm wooden table — the scene radiates comfort, care, and quiet pleasure.",6,2,none,1,1,2,2,5,1,4
contentment_04893,"A warm, tender portrait of an older man gently embracing a young boy — the adult's soft smile and protective closeness evoke quiet contentment and familial love, while the child's slightly pensive gaze adds a gentle emotional undercurrent.",6,2,prominent_faces,1,1,2,2,5,1,4
sadness_01988,"The scene depicts an overgrown, abandoned industrial site with a crumbling brick chimney and decaying structures under a flat, overcast sky — evoking a mood of quiet melancholy and desolation with a subtle undercurrent of unease.",2,2,none,2,2,3,1,1,1,3
contentment_10937,"A laughing baby being playfully tickled by an older child radiates pure joy and warmth, evoking strong positive affect through the baby's wide grin, raised arm, and the older child's delighted smile.",7,4,prominent_faces,1,1,2,5,5,4,4
contentment_04300,"A young woman lying relaxed on a couch, resting her chin on her hands, with a soft, slightly wistful expression — the scene evokes quiet contentment tinged with mild melancholy, with low energy and a cozy domestic warmth.",4,2,prominent_faces,1,1,2,2,4,1,4
awe_15237,"The vivid yellow articulated bus dominates the foreground against a dramatic twilight sky with purple-pink clouds and a sprawling urban transit hub, evoking a quiet sense of urban contentment and mild visual awe from the colour contrast and atmospheric dusk lighting.",5,2,people_present,1,1,3,2,3,2,4
fear_01073,"The image depicts a creepy, horror-style doll with hollow white eyes, dark streaks resembling tears, and a ghastly pale face — deliberately designed to be unsettling and fear-inducing.",1,4,prominent_faces,4,3,3,1,1,2,2
excitement_04444,"A fit athlete smiling while holding an AFL football on a sunny green field evokes a light, upbeat feeling of active enjoyment and sporting energy.",6,3,prominent_faces,1,1,2,4,3,3,3
amusement_03057,"A festive Christmas parade featuring a cheerful person waving from a decorated antique red car, with a charming clock tower in the background — the scene radiates joy, community celebration, and nostalgic warmth.",6,4,prominent_faces,1,1,3,5,5,4,4
contentment_01612,"A warm, close-up selfie of a smiling woman cheek-to-cheek with a young toddler radiates tender affection and quiet joy, evoking strong positive valence with low threat and gentle energy.",6,2,prominent_faces,1,1,1,2,5,2,4
fear_11665,"A smiling stone face mask partially hidden among lush dark foliage in a shadowy garden niche creates an eerie yet whimsical atmosphere — the grinning visage is mysterious and slightly unsettling, evoking a mix of curiosity and mild unease.",4,3,none,2,1,4,3,2,2,4
disgust_03307,"A large tarantula crawling on a person's chest in a crowd setting creates a strong visceral reaction — the combination of an unsettling arachnid in close contact with a human body triggers disgust and fear responses, while the casual public setting adds a mildly surprising/novelty element.",2,4,people_present,4,4,4,2,1,3,2
disgust_05012,"A large, hairy spider clinging to blue cables shot in close-up macro — the subject matter and proximity are inherently unsettling and creepy, strongly evoking disgust and fear responses.",2,4,none,4,4,3,1,1,2,2
sadness_12046,"A tall stone obelisk monument dominates a sunlit cemetery with lush green grass and a blue sky — the scene is visually impressive and solemn, evoking quiet reverence and mild melancholy tied to mortality and remembrance.",3,2,none,1,1,3,1,2,2,4
sadness_10340,"A solitary black crow stands among weathered grave markers in an overgrown cemetery, evoking a somber, melancholic mood through its dark symbolism, muted tones, and desolate setting.",2,2,none,2,1,2,1,1,1,2
amusement_11590,"Three women in vibrant, elaborate Halloween/cosplay costumes (a princess, a skull bunny, and a fairy-tale character) walk down a street, evoking a playful, festive, and slightly quirky atmosphere with a hint of spookiness from the skull makeup.",5,3,prominent_faces,1,1,3,5,3,3,4
sadness_03475,A cemetery grave adorned with colorful flowers evokes quiet solemnity and melancholy — the contrast between the vibrant floral tributes and the cold stone tomb underscores grief and remembrance.,2,2,none,1,1,2,1,2,1,3
anger_10670,"A snarling tiger with exposed fangs lunges toward the camera barrier while tourists photograph it up close, creating a vivid sense of perceived threat and high-stakes tension.",2,5,people_present,5,1,4,1,1,5,3
amusement_00608,"A man in a South African football jersey raising a champagne flute with a relaxed, cool expression — the dominant feeling is laid-back contentment with a touch of celebration, conveyed by the toast gesture, sunglasses, and casual setting.",6,2,prominent_faces,1,1,2,3,3,2,3
sadness_08232,"The image shows a young man with a pensive, introspective expression — slightly furrowed brow, downcast gaze — resting his head on his hand in a dim, warm-toned setting, conveying quiet melancholy or sadness.",2,2,prominent_faces,1,1,2,1,2,1,3
fear_06970,"A child in a zombie princess Halloween costume with theatrical fake blood and grey-green face paint evokes a mix of playful horror and mild disgust — the gore is clearly staged and festive, softening threat but amplifying novelty and dark humour.",3,3,prominent_faces,2,3,3,4,2,2,3
amusement_13807,"A multigenerational family group — grandmother, mother, and toddler — laughing joyfully on a porch with festive autumn pumpkins, radiating warmth, togetherness, and lighthearted fun.",7,3,prominent_faces,1,1,2,4,5,3,4
anger_06218,"A dark, dramatic digital composite of a vulture perched on gold bars and cash, a burning pile of money, and a ghostly human face looming in the background — the fiery reds, symbols of greed and destruction, and menacing atmosphere create a sense of intense dread and moral outrage.",2,5,prominent_faces,4,3,4,1,1,5,3
fear_09365,"A tattoo artist is actively tattooing a realistic, blood-splattered portrait onto someone's leg — the vivid red ink resembling blood drips creates a viscerally intense and mildly disturbing scene that evokes discomfort and unease.",2,4,people_present,3,4,3,1,1,3,2
excitement_07103,"Children energetically competing in a youth soccer match on a sunny day evokes a lively, positive, and exciting atmosphere with clear physical dynamism and joyful engagement.",6,4,prominent_faces,1,1,2,5,4,5,3
awe_03059,"A lone figure in a yellow jacket stands at the edge of a still, partially frozen lake surrounded by snow-covered trees and mountains under a pastel sunset sky — the scene evokes serene wonder and quiet contemplation of vast, cold natural beauty.",6,2,people_present,1,1,4,1,2,1,5
sadness_04759,"A young woman sits barefoot and eyes-closed among ancient stone columns with low-floating surreal clouds, evoking a dreamy, melancholic introspection — the muted palette, solitary figure, and fantastical elements combine to produce a quietly wistful, awe-tinged mood.",3,2,prominent_faces,1,1,4,2,2,1,
fear_05503,"A quirky action figure of a zombie-like character wearing sunglasses and holding a cocktail glass in a dilapidated setting evokes amusement — the absurd, humorous juxtaposition of a grotesque undead figure casually sipping a drink is playful and lighthearted despite the creepy aesthetic.",5,2,none,2,2,3,5,2,2,
contentment_13176,"A sleepy dog curled up in a cardboard box with a tabby cat reaching a paw toward its face evokes a strong sense of warmth, companionship, and gentle playfulness — the interspecies snuggling is charming and lighthearted.",6,2,none,1,1,3,4,5,2,4
amusement_17142,"Two young children playing on a hardwood floor — one in a Super Mario onesie lying down smiling, the other in a colorful outfit leaning over them — radiates pure warmth, innocence, and gentle amusement.",6,2,prominent_faces,1,1,2,5,5,2,4
awe_11596,"The image shows a group of Maasai men in vibrant, colorful traditional attire, appearing to sing or chant together with arms around each other — conveying communal joy, cultural vitality, and shared excitement.",6,4,prominent_faces,1,1,4,3,4,4,4
fear_10994,"A group of teenagers dressed in zombie costumes covered in fake blood, posing together — this is clearly playful Halloween/cosplay fun, but the gory imagery with simulated wounds and blood creates a mildly unsettling, disgusting visual impression.",3,4,prominent_faces,3,4,3,4,2,3,2
excitement_11879,"A lively outdoor street festival crowd with costumes, beads, raised hands, big smiles, and playful energy — the dominant feeling is high-spirited excitement and amusement.",6,5,prominent_faces,1,1,3,5,4,5,3
amusement_11840,"Two young girls wearing bright pink/magenta wigs, sticking out their tongues and making silly faces outdoors — the scene radiates playful mischief and lighthearted fun, evoking an immediate sense of joy and amusement.",6,4,prominent_faces,1,1,3,5,4,4,4
excitement_05035,A happy dog mid-run with tail up and mouth open in a joyful expression under warm golden light conveys high-energy excitement and playful delight.,6,4,none,1,1,2,5,4,5,4
disgust_00721,"The image shows a dirty, overflowing ashtray filled with cigarette butts, ash, and foil debris — a grimy, unhealthy scene that evokes strong disgust and mild sadness with no warmth, beauty, or positive valence.",2,2,none,3,4,2,1,1,1,1
fear_01592,"The black-and-white panorama of a severely decayed, abandoned interior — with peeling walls, debris-strewn floors, darkness, and ominous light filtering through broken windows — evokes a heavy sense of dread, desolation, and unease.",1,4,none,4,3,3,1,1,2,3
fear_03021,"A woman wielding a large knife while carving pumpkins and making an intense, menacing expression directly at the camera creates a staged but genuinely unsettling Halloween-themed scene that blends theatrical threat with seasonal playfulness.",3,4,prominent_faces,4,1,3,3,1,4,3
awe_08293,"A serene autumn wetland landscape with vibrant blue sky, golden reeds, and calm reflective water evokes peaceful, positive feelings with a mild sense of natural grandeur.",6,2,none,1,1,3,1,4,2,4
disgust_10734,"A bleak, smoky landfill scene in black-and-white, with piles of waste, haze, and scavenging birds evokes a heavy sense of environmental despair and repulsion — dominated by gloom, pollution, and decay.",2,3,none,3,4,2,1,1,2,1
amusement_06923,"A close-up of a delicate white Cleome (spider flower) blooming in a lush, colorful garden evokes a sense of quiet contentment and natural beauty — the intricate, spidery petals and warm surrounding colors are visually pleasing and serene.",6,2,none,1,1,3,2,4,2,4
contentment_00239,"A lone mallard duck perches serenely on a rock at the water's edge, with calm, softly rippling blue water and gentle light reflections in the background — evoking a peaceful, quietly pleasant scene with a mild touch of solitary melancholy.",5,2,none,1,1,2,2,3,2,4
sadness_10348,"The image shows a long, decaying abandoned corridor with peeling walls, debris, and dim light filtering from a distant end — evoking a strong sense of unease, desolation, and eerie foreboding.",2,3,none,4,2,3,1,1,2,3
anger_06587,"A tiger with its mouth wide open, baring enormous fangs and teeth directly at the viewer, creating a visceral sense of raw predatory power and potential threat, balanced by the knowledge it may simply be yawning.",3,5,none,4,1,4,1,1,5,4
sadness_11111,"A fog-shrouded autumn cemetery with weathered gravestones and fallen leaves evokes a melancholic, somber atmosphere — quiet, still, and tinged with mortality, yet carrying a muted natural beauty.",2,2,none,2,1,2,1,2,1,3
sadness_11427,"A relaxed, middle-aged woman sits pensively in a lush, colourful garden on a warm day, evoking a gentle sense of quiet contentment and peaceful calm.",6,2,prominent_faces,1,1,2,2,4,2,4
anger_11328,"A black dog enthusiastically gnawing on a large rawhide bone with wide-open jaws and visible teeth — the scene is inherently playful and amusing, with a slightly wild, energetic quality that makes it fun to look at.",6,4,none,2,1,2,5,3,4,3
amusement_19051,"A young child bundled in a purple snowsuit sits on a sled in a snowy backyard, giving a gentle smile — the scene radiates innocent delight and cozy winter fun, evoking warmth and mild positive excitement.",6,2,prominent_faces,1,1,2,4,5,2,4
contentment_05125,"A vividly scarlet Scarlet Ibis stands confidently on muddy ground in bright sunlight, its striking colour and elegant long bill creating a visually arresting, pleasant scene that evokes quiet admiration and contentment.",6,2,none,1,1,3,2,3,2,4
contentment_09262,"The low-angle shot of a rain-wet, leaf-strewn pier stretching into a grey, overcast sea evokes quiet melancholy and solitude — the fallen, decaying leaves, muted tones, and empty perspective create a contemplative, slightly sorrowful mood with understated visual elegance.",2,2,none,1,1,3,1,1,1,
anger_04490,"A densely packed protest crowd surrounds a graffiti-covered police van, with aggressive anti-fee signs raised — the scene radiates collective anger, tension, and confrontational energy with little warmth or playfulness.",2,5,prominent_faces,4,2,3,1,1,5,2
sadness_01222,"An elderly man sits hunched over alone on a bench with his hand raised to his face in a pensive or sorrowful pose, isolated from the social activity happening nearby, evoking a strong sense of loneliness and melancholy.",2,2,prominent_faces,1,1,2,1,2,1,3
awe_02635,"A serene hilltop scene with red-roofed cottages bathed in bright sunlight, overlooking a misty valley — evoking quiet contentment and peaceful escape from everyday life.",6,2,none,1,1,3,1,4,2,4
amusement_04656,"A classic giant Ferris wheel (the Vienna Prater Riesenrad) shot from below against a vivid clear blue sky evokes a sense of grandeur, leisure, and mild thrill — the towering scale and upward perspective create wonder and light excitement.",6,3,none,1,1,4,3,2,3,4
awe_10965,"A sweeping mountain vista at golden-hour sunrise with layered misty ridges and warm amber grassland in the foreground evokes a sense of vast, serene grandeur — the scale and luminous beauty are the dominant emotional drivers.",6,2,none,1,1,4,1,4,2,5
excitement_15764,"A man wearing a ""UNDP Goodwill Ambassador"" shirt holds a colorful SDG soccer ball with a thoughtful, purposeful expression in a gymnasium, conveying a sense of calm inspiration and quiet pride.",6,2,prominent_faces,1,1,3,2,3,2,3
anger_01419,"A lone silhouetted figure walks in front of a massive, roaring blaze consuming brush and trees at night — the dramatic contrast of darkness and intense orange flames, flying embers, and billowing smoke creates a scene of overwhelming danger and raw elemental power.",2,5,people_present,5,1,4,1,1,5,4
anger_04734,"A large, energized crowd of protesters wave flags and hold signs demanding to be taken seriously (""Stop!!! We are not fools""), conveying collective frustration, defiance, and heightened emotional tension.",2,5,people_present,3,1,2,1,1,5,2
contentment_11649,"Six beautifully decorated cupcakes in a bakery box evoke a warm, pleasant, and cheerful feeling — the kind of delight associated with treats, celebrations, and indulgence.",6,2,none,1,1,2,3,4,2,4
fear_04033,"A dead or dying moth lying on its back on a dirty windowsill evokes a mild sense of disgust and unease — the exposed underbelly, splayed legs, and grimy surface create a repellent, slightly unsettling mood with little warmth or positivity.",2,2,none,2,3,2,1,1,1,2
disgust_10996,"The close-up of a manzanita tree with peeling reddish bark, a strange wound-like grey patch at a branch fork, and jagged bark textures creates a mildly unsettling, organic strangeness — curious and slightly eerie rather than warm or joyful.",3,3,none,2,3,4,1,2,2,3
fear_12102,"A hairy jumping spider seen up close on a large green leaf evokes mild unease and a visceral creepiness — the macro detail of its fuzzy, multi-legged form and direct frontal stance triggers a mild threat/disgust response in arachnophobe-sensitive viewers.",2,4,none,3,3,3,1,1,2,2
amusement_12824,"The grand-scale Ferris wheel with colorful hub lights set against a dramatic cloudy sky, alongside a classical statue, evokes a sense of awe and excitement — the sweeping circular structure commands scale and grandeur while the festive context adds energy and visual delight.",6,4,none,1,1,4,3,2,4,4
fear_11701,"A close-up of a damaged, weathered ancient mask or sculpture with closed eyes and a slightly parted mouth, rendered in dark sepia tones — the peeling, decaying surface and somber expression evoke a heavy sense of melancholy and quiet dread.",2,3,prominent_faces,3,2,3,1,1,1,3
excitement_01217,"Two young women running freely through a blooming wildflower field at golden-hour sunset evokes a strong sense of joy, freedom, and vitality — their wind-swept hair and dynamic movement radiating carefree exhilaration.",6,4,people_present,1,1,3,4,4,5,4
contentment_12621,"A team of harnessed sled dogs on a snowy trail flanked by winter forest evokes a lively, adventurous outdoor scene — energetic animals in action gear suggest excitement and vitality in a crisp, picturesque winter landscape.",6,4,none,1,1,3,3,2,4,4
disgust_09895,"The image shows a novelty ceramic ashtray shaped like an open mouth filled with cigarette butts and ash — it is deliberately grotesque and darkly humorous, evoking both revulsion at the dirty, used cigarettes/ash and a wry, playful smirk at the clever-but-gross design concept.",2,3,none,2,4,3,3,1,2,
contentment_07370,"A refreshing tropical drink on a sunny beach with calm waves, blue skies, and leisurely beachgoers evokes a strong sense of relaxation, pleasure, and vacation contentment.",6,2,people_present,1,1,2,3,5,2,4
fear_13252,"A hyper-realistic zombie/gore costume with exposed viscera and blood-soaked makeup creates an overwhelming sense of revulsion and dread, making disgust and fear the dominant emotional responses.",1,5,prominent_faces,4,5,4,1,1,3,1
excitement_17567,"A group of young children in matching red caps are outdoors exploring, arms raised, mouths open in delight — the scene radiates uninhibited joy, high energy, and playful excitement.",7,5,prominent_faces,1,1,3,5,5,5,4
disgust_08508,"The image shows a shallow rocky tidal pool with what appears to be a horseshoe crab or similar marine arthropod camouflaged against algae-covered rocks — the creatures blend into their murky, textured surroundings, evoking a mild sense of unease or queasiness due to the alien appearance of the organisms and the damp, grimy environment.",3,2,none,2,3,3,1,1,2,
disgust_08725,"The image shows a overflowing public trash bin filled with used, stained coffee cups and a separate ashtray compartment piled with cigarette butts — inherently unpleasant, grimy content that evokes revulsion and a sense of neglect or urban decay.",2,2,none,1,4,2,1,1,1,1
excitement_02120,"A vibrant Pride parade scene filled with people dancing, waving rainbow flags and kites, wearing colorful accessories — the dominant feeling is joyful, high-energy celebration with strong positive social bonding.",6,4,prominent_faces,1,1,3,5,4,5,4
contentment_15179,"A smiling, bright-eyed baby in a pink outfit on a colorful play mat radiates pure joy and innocence, evoking an overwhelmingly warm, positive, and tender emotional response.",7,2,prominent_faces,1,1,2,4,5,2,4
excitement_17129,"A surfer actively riding a wave on a grey, choppy ocean conveys dynamic physical energy and sporting excitement, with moderate aesthetic appeal from the action captured.",6,4,people_present,2,1,2,3,2,4,3
fear_09499,"The image shows two people in zombie/gore Halloween costumes with fake blood and bandages on a city street, evoking a mix of theatrical horror, mild disgust from the bloody makeup, and playful amusement given the costume context.",3,4,prominent_faces,3,4,3,4,1,4,2
contentment_16206,"A laughing toddler running joyfully through a fountain, soaking wet and carefree, radiates pure delight and playful energy — the dominant feeling is infectious joy and lighthearted amusement.",7,4,prominent_faces,1,1,2,5,5,4,4
excitement_19051,"A beaming toddler with a huge grin sitting on what appears to be an open-top tour bus radiates pure joy and warmth, evoking lighthearted delight and amusement in the viewer.",7,3,prominent_faces,1,1,2,5,5,3,4
disgust_07911,"The image shows discarded plastic waste — water bottles and a coffee cup lid — in a trash bin outdoors, evoking a sense of environmental neglect and mild disgust at litter/pollution.",2,2,none,2,3,2,1,1,1,1
excitement_00302,A young woman in graduation cap and gown holding a diploma poses with a proud older man giving a thumbs-up outdoors — the scene radiates shared joy and pride at a significant life milestone.,7,4,prominent_faces,1,1,2,3,5,4,4
contentment_11832,"A young man is laughing warmly while talking on the phone, exuding genuine joy and positive social engagement, making the dominant feeling light, upbeat, and infectious.",6,3,prominent_faces,1,1,2,4,4,3,4
awe_05031,"Two elderly women in white garments performing a prayer gesture (anjali mudra) at what appears to be a religious site, conveying deep reverence, serenity, and quiet spiritual devotion — evoking a sense of peaceful, solemn contentment.",5,2,prominent_faces,1,1,2,1,4,1,4
anger_07349,"The image depicts a tense political confrontation between supporters and opponents, with conflicting flags and aggressive posturing, evoking strong negative arousal and interpersonal conflict.",2,4,prominent_faces,4,2,2,1,1,4,2
excitement_01034,"The vivid rainbow wig, heavy glamour makeup, and confident expression create a joyful, flamboyant spectacle that radiates playfulness and celebratory excitement.",6,4,prominent_faces,1,1,4,5,3,4,4
amusement_16930,"A colorful, whimsical ceramic owl figurine perched on a pink pedestal amid playful decorative elements evokes a lighthearted, charming, and amusing feeling due to its bright colors, cartoonish design, and wide-eyed expression.",6,2,none,1,1,2,4,4,2,4
excitement_07699,"A live rock band performing energetically on a dimly lit stage with engaged musicians and an audience, evoking high-energy excitement and positive arousal.",6,4,prominent_faces,1,1,2,3,3,5,4
sadness_12036,"A memorial gravestone in a cemetery honoring Roger Sherman, decorated with American flags and a wreath, evokes quiet solemnity and reflective sadness tied to death, historical remembrance, and patriotic reverence.",2,2,none,1,1,2,1,2,1,3
disgust_02641,"The image shows a corrugated drainage pipe discharging dark, murky, rust-colored liquid into a concrete pit or manhole — the foul-looking effluent and grimy, wet surroundings evoke a strong sense of repulsion and unpleasantness.",2,2,none,2,4,2,1,1,2,1
anger_07504,"A close-up of a dolphin with its mouth wide open and appearing to ""smile"" in bright turquoise water evokes a strong sense of delight and playfulness — the vivid colors, dynamic pose, and charming expression make this image feel joyful and lively.",6,4,none,1,1,2,5,3,4,4
excitement_17808,"Three women at a nightclub are laughing, making silly faces, and embracing — radiating high-energy joy and social excitement in a lively party atmosphere.",6,4,prominent_faces,1,1,2,5,4,5,3
excitement_14167,"Two people in playful nurse costumes with a water gun at what appears to be a festive parade, radiating joy and fun energy.",6,4,prominent_faces,1,1,3,5,4,4,3
contentment_00147,A close-up macro shot of fresh green plant buds clustering on a stem evokes a quiet sense of natural calm and mild contentment — the vivid green tones and delicate botanical detail are pleasant and soothing with little drama or threat.,5,2,none,1,1,2,1,3,2,3
awe_06328,"A sweeping full-arc rainbow over a glassy lake at golden hour, with its perfect reflection in the still water and lush forested cliffs — a rare, majestic natural spectacle that commands wonder and a deep sense of serene beauty.",7,3,none,1,1,5,1,4,2,5
excitement_11805,"A large group of people in zombie costumes and theatrical makeup strike dramatic, claw-like poses on a stage, suggesting a fun, energetic Halloween-themed performance that is more playful than genuinely threatening.",6,4,prominent_faces,2,2,3,5,3,5,3
excitement_10267,"A person rappelling down a waterfall face evokes high excitement and moderate thrill/risk — the dynamic water, physical exertion, height, and safety gear all signal an intense, energetic, adventurous scene with strongly positive valence.",6,4,people_present,3,1,4,3,2,5,4
sadness_07939,"A worn, abandoned metal chair sits alone in a barren, rocky landscape under a leafless tree at dusk — the desolation, isolation, and fading light evoke a profound sense of melancholy and loneliness.",2,2,none,1,1,2,1,1,1,3
disgust_07193,"Frost-covered bare winter branches with two withered rosehips — one shriveled and dark, one still red — evoke a quiet, melancholic beauty: the stillness of a cold, dying season with a faint spark of lingering color.",3,2,none,1,1,2,1,2,1,3
contentment_06396,"A vast field of vivid red poppies stretching to the horizon beneath a soft cloudy sky, with a solitary tree as a focal point — the scene is serene, open, and quietly beautiful, evoking peaceful wonder and gentle positivity.",6,2,none,1,1,4,1,4,2,5
sadness_00957,"The black-and-white image of a person clawing at a wooden wall in a dim, enclosed space evokes a strong sense of dread and entrapment, dominated by fear and despair.",2,4,people_present,4,1,3,1,1,3,3
disgust_10644,"A large, overflowing pile of garbage bags and loose trash on a city street at night evokes a strong sense of disgust and disorder, with no redeeming aesthetic quality.",2,3,none,2,4,2,1,1,2,1
fear_06364,"A close-up of a Frankenstein's Monster action figure with a greenish face enclosed in a clear bubble helmet against a near-black background — the monstrous, grimacing sculpt and dark, eerie atmosphere evoke unease and mild dread rather than warmth or joy.",2,3,none,3,2,3,2,1,2,3
disgust_08495,"A vivid macro photo of two insects (likely a parasitoid wasp attacking a beetle) on a leaf, showcasing striking iridescent blue wings, bold red-and-yellow coloration, and an implied predatory interaction — visually arresting and somewhat unsettling due to the parasitism/predation dynamic, yet undeniably beautiful and novel.",4,4,none,3,2,5,1,1,3,
excitement_13856,"A vibrantly costumed carnival performer with an elaborate jewelled headdress, bold makeup, and a wide smile radiates festive joy and high energy, evoking a strong sense of celebration and excitement.",7,5,prominent_faces,1,1,4,5,4,5,5
excitement_00622,"A man reaching through a heart-shaped hole in a sandstone rock toward the camera, framed by a vivid pink-purple sunset sky — the creative composition, warm colours, and playful gesture create a strong sense of wonder and excitement.",6,4,prominent_faces,1,1,5,4,4,4,5
amusement_07475,"The image shows beautifully styled éclairs with white glaze and red berry sprinkles on an elegant plate against a warm pink backdrop with draped fabric — a polished, appetizing food composition that evokes quiet pleasure and aesthetic delight.",6,2,none,1,1,2,2,4,2,5
anger_01316,"A Bengal cat mid-yawn with mouth wide open, sharp fangs prominently displayed, and tongue fully extended — the dramatic pose is simultaneously startling/threatening and comically expressive, evoking both mild alarm and amusement.",5,4,none,3,1,3,4,2,4,4
contentment_05518,"The image shows blooming pink roses climbing near a quaint cottage, evoking a peaceful, pleasant, and gently beautiful garden scene with soft natural colors and no threatening elements.",6,2,none,1,1,2,2,4,2,4
excitement_02202,"Children joyfully bursting a giant soap bubble outdoors radiates pure delight and high-energy playfulness, creating an overwhelmingly positive, lively, and fun emotional tone.",7,4,prominent_faces,1,1,3,5,5,5,4
amusement_05258,"A brilliantly lit Ferris wheel spinning at night, captured with a long exposure to create vivid streaks of red, green, blue, and purple light against a pure black sky — the dazzling scale, motion blur, and kaleidoscopic color spectacle evoke a strong sense of wonder and exhilarating excitement.",6,5,none,1,1,5,4,3,5,
fear_06152,"The image shows a severely deteriorated, decayed stuffed toy/doll lying on a purple blanket — its tattered fabric, exposed yellowed stuffing, and hollow dark eye socket evoke a strong sense of unsettling creepiness and disgust, with undertones of sadness for something once cherished now ruined.",2,3,none,2,4,3,1,1,1,
excitement_08876,"Three smiling women sitting on sunny park grass, cheerfully toasting colorful shaved-ice treats together — the scene radiates social warmth, lighthearted fun, and carefree enjoyment.",6,3,prominent_faces,1,1,2,4,5,3,4
anger_11274,"A protest scene with a man holding a ""NO! to War on IRAN"" sign in a crowded urban setting evokes tension and political anger — the confrontational message, dense crowd, and grim expressions signal strong negative arousal with little warmth or playfulness.",2,4,prominent_faces,3,1,2,1,1,4,2
sadness_04406,"A quiet cemetery scene with ornate but weathered gravestones on lush green grass evokes a solemn, melancholic stillness — the carved stonework adds a faint sense of historical gravity without any immediate threat or disgust.",2,2,none,1,1,2,1,1,1,3
fear_00943,"The image depicts a darkly humorous Halloween-style display — a zombie/skeleton dressed in a glittery outfit inside a pink ""Scarbie"" (parody of Barbie) box on a stage, with skeletal bones used as a keyboard stand. The blend of macabre, grotesque elements with obvious comedic parody creates a strong mix of unsettling and playful feelings.",4,3,prominent_faces,2,3,4,5,1,3,
fear_02515,"A close-up black-and-white photograph of a crude, weathered tribal mask with hollow glowing eyes and a grass beard evokes a strong sense of dread and unease — the dark, high-contrast lighting and primitive craftsmanship create an unsettling, threatening presence.",2,4,none,4,2,3,1,1,2,3
disgust_04441,"The image shows a filthy pile of trash, cigarette butts, and rotting debris collected around a drain on a sidewalk — strongly repulsive and unpleasant, evoking revulsion with no redeeming aesthetic or emotional warmth.",1,3,none,2,5,2,1,1,1,1
fear_09952,"A fiery, glowing skull with the word ""HALLOWEEN"" dominates the frame — dark, menacing imagery with splattered paint effects evokes strong dread and unease.",2,4,none,5,3,3,2,1,4,3
anger_09590,"A protester shouting and holding a bold red ""Shut Down K Street"" sign conveys intense confrontational energy and collective agitation, evoking strong negative-to-neutral valence with high arousal.",2,5,prominent_faces,3,1,2,1,1,5,2
amusement_13878,"A joyful wedding scene with a laughing bride in white holding flowers, a smiling bridesmaid in purple, and a grinning groomsman in a tuxedo — the shared laughter and celebratory attire radiate warmth, happiness, and social delight.",6,3,prominent_faces,1,1,2,4,5,3,4
anger_06857,"The image features a prominently displayed, shouting/angry face with bold confrontational text (""100 Days of Settling Scores""), evoking hostility, aggression, and political antagonism, with a darkly humorous or satirical edge.",2,5,prominent_faces,3,2,2,2,1,5,2
amusement_05705,"The image shows towering amusement park thrill rides shot from a low angle against a dramatic dusk sky, conveying a sense of height, spectacle, and high-energy excitement tinged with mild vertigo-inducing tension.",6,4,people_present,3,1,4,4,2,5,3
amusement_04896,"A neatly wrapped kraft-paper gift with rustic twine and a cheerful red wooden star ornament on a weathered wooden surface evokes a warm, cozy, holiday contentment — the handcrafted charm and gift-giving context generate gentle positive affect with low arousal.",6,2,none,1,1,2,3,5,2,4
anger_07445,"A male lion snarling with bared teeth and a wrinkled muzzle dominates the frame, projecting raw aggression and danger that triggers a strong threat response in the viewer.",2,5,none,5,2,3,1,1,5,3
contentment_00668,"A dog snuggled under a cozy plaid blanket on a rug evokes deep warmth and quiet contentment — the soft, intimate domestic setting and the dog's sleepy, relaxed posture radiate comfort and calm happiness.",6,1,none,1,1,2,2,5,1,4
fear_13299,"The image shows a person with green full-face body paint, glitter, and an exaggerated, unsettling expression alongside a green baby doll — the surreal, grotesque, and uncanny combination evokes strong discomfort and unease.",2,4,prominent_faces,2,4,4,2,1,3,2
sadness_07307,"A single dried, withered leaf rendered in desaturated monochrome tones rests on a textured fabric surface, with dark vignetting framing the edges — the stillness, decay, and muted palette evoke a quiet, melancholic mood of transience and loss.",2,1,none,1,1,2,1,1,1,3
fear_01369,"The image evokes a haunting, ethereal mood — a partially veiled figure emerging from near-total darkness, with soft translucent fabric obscuring identity, suggesting concealment, vulnerability, or an otherworldly presence that leans toward melancholy or unease.",2,3,people_present,3,1,4,1,1,2,4
amusement_15774,"A beaming toddler hugging a bright pink Trolls plush toy radiates pure joy and delight, with a wide open smile, sparkling eyes, and warm human contact — evoking strong positive affect and playful energy.",7,4,prominent_faces,1,1,2,5,5,4,4
disgust_05101,"A dense pile of heavily worn, deteriorated ballet pointe shoes evokes a sense of melancholy and decay — the once-graceful objects are now tattered, stained, and discarded, suggesting exhaustion, loss, and the passage of time.",2,2,none,1,3,2,1,1,1,2
anger_00538,"A active warzone scene showing soldiers advancing toward a violently burning vehicle engulfed in black smoke, conveying extreme danger, destruction, and threat.",1,5,people_present,5,2,3,1,1,5,1
anger_05159,"A vast wildfire consuming a forest edge from an aerial view — billowing smoke, intense orange flames, and scorched earth dominate, evoking a powerful sense of danger, destruction, and dread.",2,5,none,5,1,4,1,1,5,2
sadness_08407,"A heavily weathered elderly woman stares directly into the camera with a somber, weary expression against a stark black-and-white street backdrop, evoking a profound sense of hardship and melancholy.",2,2,prominent_faces,1,1,2,1,1,1,3
awe_12769,"Soft golden-hour light bathing fluffy dandelion seed heads in a wild meadow creates a serene, dreamy, and gently uplifting atmosphere — tranquil yet quietly magical.",6,2,none,1,1,3,2,5,2,5
excitement_03755,"A vibrant parade scene with elaborately costumed performers in sailor-themed outfits waving energetically at a crowd, conveying festivity, celebration, and high-spirited fun.",6,4,prominent_faces,1,1,3,5,3,5,3
amusement_03563,"A cheerful LEGO Santa Claus standing in snow with colorful bokeh lights evokes festive joy and lighthearted playfulness — the toy subject, holiday theme, and vibrant background create a warm, fun, and visually delightful scene.",6,3,none,1,1,3,5,4,2,4
amusement_09128,"A beautifully plated, artisan dessert slice with layered cream roll, glazed top, chocolate decorations, and a delicate flower garnish evokes a strong sense of pleasure, indulgence, and contentment.",6,2,none,1,1,3,3,4,1,5
sadness_04119,"An abandoned, decayed vintage radio gutted of its casing, covered in thick cobwebs and dust, sitting in a neglected room with debris — evokes a strong sense of melancholy, decay, and eerie neglect.",2,2,none,2,3,3,1,1,1,2
sadness_06351,"A toddler is crying intensely in an inflatable pool outdoors, with a scrunched, distressed face — evoking empathetic distress and mild amusement simultaneously, but dominated by the child's visible upset and emotional intensity.",2,4,prominent_faces,1,1,2,2,3,4,3
anger_03367,"A large multi-story building is fully engulfed in a massive, roaring fire at night — the overwhelming flames, structural destruction, and sense of imminent collapse create a powerful feeling of dread and alarm.",1,5,none,5,1,4,1,1,5,2
anger_10580,"A smiling young woman at a protest holds colorful balloons and a hand-made sign reading ""STOP Disconnection – It's not the American Way!"" — the festive balloons and her smile create a lighthearted, upbeat energy, but the protest context and message carry an undercurrent of social concern.",5,3,prominent_faces,1,1,2,4,3,3,
awe_03200,"A misty, moody winter mountain landscape with snow, dark conifers, and a partially frozen river evokes a sense of brooding grandeur and melancholic solitude — cold, isolated, and sublime in scale.",2,3,none,2,1,4,1,1,2,4
amusement_13540,"A cheerful Christmas scene with festive gift wrapping, holiday decorations, and snow evokes warmth and joy, creating a strongly positive, cozy emotional response.",6,2,none,1,1,2,3,5,2,4
amusement_14437,"A young toddler gleefully plays with a large pink balloon, mouth wide open in delight — the scene radiates pure joy and lighthearted excitement.",6,4,prominent_faces,1,1,2,5,5,4,3
amusement_17456,"A young child gleefully runs in front of a large, cartoonish dinosaur statue dressed as a cowboy next to a ""USA"" sign — the whimsical, playful scene combined with the child's joyful energy evokes lighthearted amusement and excitement.",6,4,prominent_faces,1,1,4,5,4,4,3
contentment_09120,"A couple sharing an intimate, tender moment lying in lush green grass evokes warmth, romance, and deep contentment — the soft natural light, close physical proximity, and gentle touch all radiate positive emotional energy.",6,3,prominent_faces,1,1,2,2,5,2,5
amusement_08929,"A glowing amber star-shaped figurine with a cheerful smiley face sits in warm candlelight — the dominant feeling is gentle delight and playful warmth, driven by the cute anthropomorphic design and cozy bokeh lighting.",6,2,none,1,1,2,4,5,2,4
fear_12338,"A quirky owl figurine perched atop a building corner beside a bold star emblem under a vivid blue sky creates a cheerful, slightly whimsical scene that is visually crisp and mildly amusing.",6,2,none,1,1,3,4,3,2,4
amusement_15251,"The image shows a mundane, slightly crumpled juice box (pineapple juice ""Gold"" brand) sitting on a wooden surface — an ordinary, unremarkable everyday object that evokes mild contentment at best, with no strong emotional charge.",4,1,none,1,1,1,1,2,1,2
anger_11413,"A male lion lying relaxed amid lush greenery lets out a wide, dramatic yawn — mouth agape, tongue curled — which reads simultaneously as imposing raw power and comically unthreatening laziness, evoking a mix of amused surprise and mild alertness.",5,3,none,2,1,3,4,3,2,4
amusement_03942,"A cheerful young girl in a cheerleading outfit poses proudly with a ""National Champion"" backpack in front of a colorful Ferris wheel at a fair, radiating joy, celebration, and youthful energy.",6,4,prominent_faces,1,1,3,5,4,4,4
sadness_04820,"A weathered stone mausoleum with a moss-covered gothic arched door and an obelisk monument in a cemetery evokes a heavy, solemn mood rooted in mortality, decay, and quiet melancholy, with no warmth, movement, or levity present.",2,2,none,2,1,2,1,1,1,3
amusement_01193,"A grand Ferris wheel (""Roue de Paris"") dominates the frame against a dramatically lit sunset sky with brooding storm clouds, evoking a sense of scale, spectacle, and wonder mixed with slight unease from the turbulent sky.",6,4,people_present,2,1,4,3,3,4,5
excitement_04453,"Two people white-water rafting in churning rapids — one appears to be falling or struggling — conveying high-energy adventure with a mix of excitement and mild danger, driving an energized, slightly tense but thrilling mood.",5,5,people_present,3,1,3,3,2,5,3
excitement_09151,"Men in flamboyant retro disco-style shirts dancing enthusiastically on stage with big grins evoke a strong sense of fun, laughter, and high-energy performance.",6,4,prominent_faces,1,1,3,5,4,4,3
awe_14068,"Close-up of lush pink lilies in full bloom against a soft green background evokes gentle, pleasant contentment — the delicate colors, soft light, and natural beauty create a serene and uplifting mood.",6,2,none,1,1,2,1,4,2,4
excitement_10438,"A girl hanging upside down from a tree while a friend watches with amusement creates a lighthearted, fun, and energetic outdoor scene with a clear sense of playful social interaction.",6,4,prominent_faces,2,1,3,5,4,4,3
sadness_12617,"A young cat peers through metal cage bars with wide, pleading eyes, evoking a strong sense of sadness and longing — the confinement and the cat's direct, vulnerable gaze are emotionally affecting.",2,2,none,2,1,2,1,2,1,3
contentment_14778,"A mother and young child are relaxing together on a cozy sofa, sharing a warm, intimate moment with a TV remote — the child's slight smile and the mother's attentive lean convey quiet domestic contentment and familial warmth.",6,2,prominent_faces,1,1,1,3,5,1,4
fear_04459,"A heavily distorted, grotesque face screaming with wide-open mouth, bloodied textures, and an unsettling displaced eyeball creates an overwhelmingly disturbing and threatening image that evokes intense dread and revulsion.",1,5,prominent_faces,5,5,3,1,1,5,2
amusement_11769,"The long-exposure night shot of the glowing, spinning SkyWheel Ferris wheel creates a dramatic, luminous spectacle that feels grand, energetic, and visually awe-inspiring, with the motion blur amplifying its sense of scale and dynamism.",6,4,none,1,1,5,3,2,5,5
awe_08973,"The otherworldly tufa spires of Mono Lake rising from glowing, wind-swept water under a dramatic sky evoke a profound sense of grandeur and strangeness — the scene is visually stunning and alien yet serene, inspiring awe rather than threat.",6,3,none,1,1,5,1,3,3,5
anger_05183,"A woman holds a protest sign reading ""VERGÜENZA VERGÜENZA QUE VERGÜENZA DE CONGRESO"" (""Shame, shame, what a shame of a Congress""), with a stern, distressed expression — conveying strong political frustration and moral outrage.",2,4,prominent_faces,2,2,2,1,1,4,2
disgust_07136,"A cow and calf forage through a large pile of scattered garbage near overflowing dumpsters with crows perched on top, conveying a scene of urban poverty, environmental neglect, and animal distress that is visually unpleasant and socially troubling.",2,3,none,2,4,2,1,1,2,1
amusement_11651,"A smiling young woman smoking outdoors in warm daylight conveys a relaxed, socially pleasant mood — the broad smile and red lips suggest lighthearted enjoyment, though the cigarette introduces a mild negative health undertone that slightly dampens pure positivity.",5,2,prominent_faces,1,2,2,3,4,2,4
disgust_04279,"A close-up of a meatball sandwich held in hand — melted cheese, rich tomato sauce, and a sliced meatball evoke strong appetite appeal and indulgent comfort, with the messy, glistening food filling the frame producing mild positive arousal.",6,3,people_present,1,2,2,2,4,2,4
disgust_00175,"A golden-amber moth resting peacefully on a weathered wooden surface beside a red object — an intimate, quiet macro nature scene that evokes gentle curiosity and calm contentment, with subtle charm in the insect's warm coloring.",5,2,none,1,1,3,2,3,1,3
awe_07803,"This sweeping aerial view of dramatic coastal cliffs, vivid turquoise ocean, golden sand dunes, and lush green forest stretching to the horizon evokes a strong sense of awe and grandeur through its vast scale and striking natural beauty.",6,3,none,1,1,5,1,3,3,5
fear_08552,"A syringe piercing skin at the wrist with vivid blood/ink spatters evokes strong negative affect — simultaneously disturbing, threatening, and repulsive — combining visceral disgust with fear and a sense of harm or self-harm.",1,5,people_present,5,5,2,1,1,3,1
contentment_03103,"A tranquil beach scene with gentle waves, warm sandy tones, and a small family leisurely playing near the shoreline evokes a quiet sense of contentment and peacefulness.",6,2,people_present,1,1,2,3,4,2,4
sadness_09642,"The image shows people crouched at a makeshift memorial with candles, flowers, and tributes — a deeply solemn scene of collective mourning that evokes grief and heaviness, with no joy or energy but significant emotional weight.",1,2,prominent_faces,2,1,2,1,2,1,3
awe_07539,"A paraglider launching off a sweeping sand dune under a vivid blue sky with a colorful wing soaring overhead conveys high-energy outdoor adventure and exhilaration, with a mild edge of risk that amplifies the thrill.",6,4,people_present,2,1,4,3,3,5,4
excitement_14661,"Four men in matching outfits performing together on stage with open mouths and expressive gestures, suggesting a joyful, lively musical performance that evokes positive, upbeat energy.",6,4,prominent_faces,1,1,2,4,4,4,3
anger_07270,"The image depicts two dark, menacing action figures — one with a red scarred face wearing a bat-like mask, the other in a wide-brimmed hat with a red face covering — both dressed in black with dark expressions, evoking a strong sense of unease, menace, and mild disgust due to the grotesque scarred face.",2,4,none,4,3,3,1,1,3,
fear_13182,"A grotesque, stitched-together green villain character (Oogie Boogie from Nightmare Before Christmas) with a menacing smirk against a lurid ""Villains"" backdrop — unsettling yet clearly a playful, campy theme-park context that blends mild creepiness with theatrical fun.",3,4,none,3,3,3,4,1,3,
anger_00368,"A man passionately shouting into a megaphone at what appears to be a political rally or protest, conveying strong activism energy and collective mobilization — the dominant feeling is high-intensity, purposeful agitation.",3,5,prominent_faces,2,1,2,1,2,5,3
contentment_08121,"A elegantly dressed woman in a rich crimson satin gown and stylish navy hat poses gracefully on a white sofa, evoking a sense of glamour and quiet confidence that reads as mildly positive and aesthetically pleasing.",5,2,prominent_faces,1,1,2,2,3,2,4
amusement_12736,"A smiling child bouncing joyfully on a red space hopper at an outdoor event, supervised by a caring adult — the scene radiates fun, warmth, and lighthearted excitement.",6,4,prominent_faces,1,1,2,5,4,4,3
awe_04763,"A middle-aged man in a suit speaks at a podium microphone with a serious, composed expression, suggesting a formal, professional setting with mild authority and neutral-to-slightly-positive engagement.",4,2,prominent_faces,1,1,2,1,2,2,3
sadness_12725,"The image shows war-ruined buildings (likely Oradour-sur-Glane, a WWII massacre memorial site) with people walking past, evoking a heavy, somber atmosphere of historical tragedy and loss.",2,2,people_present,2,1,3,1,1,2,2
sadness_12293,"A solemn stone memorial sculpture depicting a hooded/shrouded figure sheltering a child, set in a quiet park — the imagery of loss and protection evokes a contemplative, melancholic feeling.",2,2,people_present,1,1,3,1,2,1,3
amusement_03317,"A colorful carnival ride with hot-air-balloon gondolas sits empty and dormant at night, evoking a playful, festive atmosphere tinged with slight eeriness from the deserted fairground setting.",5,3,none,1,1,3,4,2,2,3
contentment_04106,"Children joyfully digging in a small bamboo-framed garden bed evokes warmth, innocence, and mild contentment — a wholesome outdoor activity with gentle energy and positive social bonding.",6,2,prominent_faces,1,1,2,4,4,2,3
contentment_13149,"A lone person stands with their back to the camera gazing at towering, snow-capped Himalayan peaks under a vivid blue sky, evoking a powerful sense of scale, solitude, and grandeur that overwhelms with wonder.",6,4,people_present,2,1,5,1,2,3,5
excitement_15334,"A lone hiker stands arms outstretched on a vast, pristine snow-covered mountain landscape under a vivid blue sky, conveying a sense of liberation, grandeur, and joyful triumph over a sweeping natural scene.",6,4,people_present,1,1,4,2,2,4,5
awe_03725,"A sweeping moorland valley with golden-brown grasses, a wide open sky with soft clouds, and a delicate rainbow arching overhead creates a serene yet quietly uplifting scene — the kind that inspires gentle wonder and peaceful expansiveness.",6,2,none,1,1,4,1,3,2,4
amusement_19232,"A chubby, wide-eyed baby contentedly chewing a colorful toy ring in a bright pink car seat inside a grocery cart evokes warmth, delight, and gentle amusement — classic triggers of positive, low-to-moderate arousal affect.",6,2,prominent_faces,1,1,2,4,5,2,4
sadness_12428,"Two middle-aged women with serious, tense, and slightly displeased expressions standing with arms crossed convey a negative, low-energy mood suggestive of displeasure or quiet distress.",2,2,prominent_faces,1,1,2,1,1,2,2
sadness_03684,"A black Labrador resting quietly in green grass with soft, heavy-lidded eyes conveys a gentle, slightly melancholic calm — evoking quiet contentment or mild wistfulness with no tension or threat.",5,1,none,1,1,2,1,4,1,4
disgust_08783,"A large raw, herb-crusted cut of beef sitting on a roasting pan evokes a strong visceral reaction — the exposed raw red flesh, fat, and bone is visually unappealing to many and borders on repulsive, pulling valence negative and disgust high, while there is little dynamism, threat, warmth, or playfulness.",2,3,none,1,4,2,1,1,1,
disgust_08029,"A man lies motionless on a grimy urban sidewalk outside a shuttered bar in what appears to be India, evoking a strong sense of sadness, vulnerability, and social distress — the scene combines poverty, possible intoxication or illness, and urban neglect.",2,2,people_present,3,3,2,1,1,1,2
awe_00523,"The image shows a grand, ornate stone temple/cathedral under a vivid deep-blue sky, evoking a sense of majesty, reverence, and tranquility — the architecture's scale and beauty inspire quiet admiration.",6,2,none,1,1,4,1,3,2,5
anger_03463,"A live boxing match with two fighters actively exchanging punches under bright arena lights — the physical aggression, competitive tension, and high-energy combat scene evoke strong arousal and a mildly negative-to-neutral valence due to the confrontational nature.",3,5,prominent_faces,4,1,2,1,1,5,3
excitement_16929,"A woman is laughing openly with a raised hand in what appears to be a professional/conference setting, conveying high positive energy, engagement, and amusement.",6,4,prominent_faces,1,1,2,4,4,4,3
contentment_02250,"A peacefully sleeping newborn baby with a pacifier and a small plush toy evokes a strong sense of warmth, tenderness, and contentment — there is no threat, nothing unpleasant, just serene innocence.",6,1,prominent_faces,1,1,2,2,5,1,4
disgust_05416,"Massive piles of discarded, filthy clothing dumped inside a dilapidated warehouse evoke a strong sense of waste, decay, and societal neglect, producing negative affect dominated by revulsion and sorrow.",2,3,none,2,4,3,1,1,2,1
anger_07178,"A man at what appears to be a rally or protest holds a large thumbs-up sign, conveying a lighthearted, positive, and mildly playful civic engagement scene with no threat or negativity.",6,3,prominent_faces,1,1,2,4,3,3,3
awe_14181,"A hiker stands atop a dramatic rocky summit with a sweeping panoramic view of lush green mountains, forested valleys, and a shimmering lake far below — the vast scale and grandeur of the landscape strongly evokes awe and elevated positive affect.",6,4,people_present,2,1,5,1,3,3,5
disgust_07938,"The image depicts an overflowing, messy recycling bin surrounded by spilling garbage bags on a grimy sidewalk, evoking a sense of neglect, urban decay, and mild repulsion.",2,2,none,1,4,1,1,1,1,1
disgust_01352,"The image shows a freshly slaughtered animal carcass being butchered outdoors, with viscera and internal organs exposed — strongly evoking disgust and unease in most viewers.",2,4,people_present,2,5,2,1,1,2,1
fear_07626,"A grotesque, skull-faced humanoid figure clutching a snarling rat against a pitch-black background — rendered in a classical portrait style that amplifies the horror through contrast with familiarity, evoking strong visceral unease and dread.",1,4,prominent_faces,4,5,4,1,1,2,2
fear_11674,"A dark teal mech/robot action figure with glowing red eyes and a small menacing pilot inside evokes a sense of playful nostalgia mixed with a mildly threatening, villainous aesthetic — the toy's design is fun and collectible but deliberately intimidating in style.",5,3,none,2,1,3,4,2,2,3
contentment_16471,"A young man stands alone on a quiet beach in soft, diffused light, gazing pensively into the distance — the serene coastal setting, gentle posture, and introspective mood evoke a calm, wistful contentment tinged with mild melancholy.",5,2,prominent_faces,1,1,2,1,3,2,4
disgust_10715,"The image depicts a large pile of rubbish and litter strewn across a grimy urban alleyway against a graffiti-covered brick wall, evoking a strong sense of disgust and urban decay.",2,3,none,2,5,2,2,1,2,1
sadness_03673,"A young man on a train holds his hand over his face in a classic facepalm/distress gesture, captured in stark black-and-white, conveying heaviness, dejection, and emotional withdrawal.",2,2,prominent_faces,1,1,2,1,1,1,3
disgust_06463,"The scene shows scattered trash, discarded shoes, and filth on a grimy alleyway pavement next to a garbage bin — a neglected, dirty, and bleak environment that evokes a strong sense of disorder, decay, and desolation.",2,2,none,2,4,2,1,1,1,1
disgust_06057,"A chaotic, dimly lit pile of overflowing plastic shopping bags and scattered items creates a sense of disorder and mild disgust, evoking feelings of overwhelm and unpleasantness rather than any positive affect.",2,2,none,1,3,2,1,1,2,1
disgust_09713,"The image shows used cigarette butts discarded in a dirty ashtray filled with ash, evoking a sense of repulsion and mild unpleasantness associated with waste and unhealthy habits.",2,2,none,2,4,1,1,1,1,1
contentment_07617,"Two figures walk together down a hillside toward a sweeping, pastoral countryside vista — the shared journey, warm muted tones, and expansive rolling landscape evoke a strong sense of peaceful contentment and quiet wonder.",6,2,people_present,1,1,4,2,4,2,5
anger_05950,"A tense political protest scene with people holding signs demanding justice for Gaza and Palestine — the solemn, determined expressions, urgent messaging, and charged atmosphere evoke strong negative valence with high emotional intensity but low playfulness.",2,4,prominent_faces,2,1,2,1,1,3,2
amusement_08414,"A father and young daughter proudly display a handmade kite in a sunny park, surrounded by other families doing the same — radiating warmth, joy, and familial bonding.",6,2,prominent_faces,1,1,2,4,5,2,4
sadness_03803,"A lone child sits hunched in a darkened doorway watching rain fall outside, conveying profound loneliness and melancholy through the silhouette framing, cold blue tones, wet surroundings, and isolated posture.",2,2,people_present,1,1,2,1,1,1,4
excitement_01825,"A young woman beams with a wide, genuine smile while proudly holding a basket of freshly picked strawberries in a sunlit farm field, radiating joy, warmth, and lighthearted satisfaction.",6,3,prominent_faces,1,1,2,4,5,3,4
awe_11729,"A dramatic high-altitude vista looking down over a dark glacial lake into a rugged alpine cirque with jagged peaks, snowfields, and a brooding overcast sky — the sheer scale, raw wilderness, and vertiginous perspective evoke a sense of grandeur and overwhelming vastness.",5,4,none,3,1,5,1,1,3,5
excitement_11038,"Two young women in cheerful Santa/elf costumes smile broadly at a festive Japanese bakery Christmas stall, evoking warmth, joy, and holiday excitement.",6,3,prominent_faces,1,1,3,4,5,3,4
fear_12036,"A glowing blue LEGO skeleton figure dramatically backlit in yellow stands in a dark blue brick doorway — the spooky skeleton motif combined with the playful toy medium creates a humorous-yet-eerie tension, leaning toward lighthearted fright.",4,3,none,2,1,4,4,2,3,4
disgust_07272,"A large, hairy spider resting on its dense web amid green vegetation triggers strong arachnophobic unease — the close-up detail of its body and splayed legs is viscerally threatening and repulsive to many viewers.",2,4,none,4,4,3,1,1,2,2
contentment_07240,"A lion cub curled up and sleeping snugly in the crevice of a smooth rock evokes warmth, charm, and gentle amusement — the sprawled paws and tucked posture are endearing and inherently playful despite the stillness.",6,2,none,1,1,3,4,5,1,4
excitement_16227,"A surfer in a black wetsuit actively riding a wave on an overcast coastal day — the physical activity and sport convey moderate excitement and energy, while the muted grey-blue palette and calm horizon keep arousal from peaking.",5,3,people_present,2,1,2,3,2,3,3
amusement_11640,"A visually appealing spread of fresh seafood — spaghetti alle vongole/frutti di mare with prawns and mussels alongside grilled shrimp skewers — evokes appetite and quiet contentment; the warm, rich colours and abundant food create a positive, comfortable, low-drama feeling.",6,2,none,1,1,2,1,4,2,
contentment_13991,"A couple share an intimate, tender moment with foreheads nearly touching and warm smiles, radiating quiet joy, love, and emotional closeness against a sun-lit stone wall.",7,2,prominent_faces,1,1,2,2,5,2,5
anger_10805,"The image shows a protest scene with a man shouting into a megaphone and another holding a ""Stop Police Brutality"" sign, conveying strong civic anger, tension, and urgency.",2,5,prominent_faces,3,1,2,1,1,5,2
awe_09026,"The ancient stone labyrinth on a dramatic coastal cliff with crashing waves and a ruined castle evokes a profound sense of awe and melancholic wonder — the moody overcast sky, wild sea, and mysterious human-made spiral amid timeworn ruins combine to produce a deeply atmospheric, contemplative scene.",5,3,none,2,1,5,1,2,3,5
contentment_06795,"A cat curled up asleep on a black folding chair tucked under a table evokes gentle amusement and contentment — the animal's peaceful, compact sleeping pose is endearing and quietly charming.",6,1,none,1,1,2,3,4,1,3
contentment_00104,"A lone figure sits on a clifftop overlooking crashing ocean waves while playing guitar — the solitary, contemplative scene with vast natural scenery evokes a bittersweet blend of peaceful melancholy and quiet wonder.",5,2,people_present,2,1,3,1,2,2,4
amusement_06130,"A packed roller coaster train crests a steep red-and-yellow track high above the ground against a dramatic cloudy sky, conveying intense thrill, high-speed excitement, and mild edge-of-danger sensation.",6,5,people_present,3,1,4,4,2,5,3
amusement_03969,"Three young women are posing and smiling at a lively bar/party scene, with one wearing oversized novelty shutter shades and a fun cap, radiating playful fun and social excitement.",6,4,prominent_faces,1,1,2,5,4,4,3
amusement_09680,"A large, colourful Snoopy statue dressed as a tourist — with a camera, suitcase covered in hotel stickers, and a jaunty hat — is inherently whimsical and lighthearted, evoking a cheerful, playful mood.",6,3,none,1,1,3,5,4,3,4
fear_01511,"Highly realistic zombie costume/makeup with fake severed head and blood creates intense horror imagery designed to shock and disturb, evoking strong negative affect despite being theatrical performance art.",1,5,prominent_faces,5,5,3,2,1,5,3
anger_03997,"The image depicts a distorted, blood-drenched face rendered in dark red and brown tones, evoking intense dread and revulsion — hallmarks of a horror-genre aesthetic.",1,5,prominent_faces,5,5,3,1,1,4,2
sadness_11065,"A young man gazes pensively over a hillside city at dusk, warm ambient light casting a melancholic glow — the quiet, introspective mood and twilight cityscape evoke a reflective, bittersweet feeling of quiet longing or gentle sadness.",3,2,prominent_faces,1,1,3,1,3,1,4
fear_13560,"A dark silhouette of a person is backlit by a vivid, psychedelic projection of swirling bubbles in electric blue, orange, and white — the contrast between the ominous black figure and the surreal, alien-looking background creates a striking sense of unease and otherworldly awe.",3,4,people_present,3,1,5,2,1,4,
sadness_09077,"A green-and-red macaw grips cage bars with its talons and presses its face against them — the confinement, the bird's intense eye, and the metal bars evoke a subtle undercurrent of melancholy and unease rather than joy.",2,3,none,2,1,3,1,2,2,3
excitement_09616,"A cheerfully dressed woman in a flamboyant pink wig and purple outfit at what appears to be a Pride celebration, smiling and gesturing — the scene radiates festive joy, fun, and self-expression.",6,4,prominent_faces,1,1,4,5,4,4,3
fear_11826,"The dramatic, contorted shadow of a human-like figure with clawed hands and a hunched posture cast on a plain wall evokes an unsettling, threatening atmosphere reminiscent of horror imagery.",2,4,people_present,4,1,3,1,1,3,2
amusement_05407,"A lively outdoor festival scene with colourful bunting, a lit stage, and crowds of people socialising in warm daylight, evoking a strong sense of social excitement and celebration.",6,4,people_present,1,1,2,4,4,4,3
excitement_08108,"Three men wearing race medals smile and embrace warmly after a sporting event, radiating achievement, camaraderie, and shared joy.",6,3,prominent_faces,1,1,2,3,5,3,4
sadness_00260,"A young child with wet hair leans over the edge of a small inflatable paddling pool, wearing a slightly sulky or grumpy expression, evoking a mild sense of displeasure or petulance amid an otherwise cheerful summer-day context.",3,2,prominent_faces,1,1,2,2,3,2,3
sadness_09576,"The image depicts a man hunched over in distress while two others loom over and point accusingly at him, conveying a strong sense of psychological pressure, hopelessness, and emotional suffering.",2,4,prominent_faces,4,1,2,1,1,3,3
fear_14753,"A lively Halloween/theme-park stage show featuring costumed characters (Oogie Boogie, Hades) performing before an enthusiastic crowd with cameras raised — the scene is festive, playful, and energetic, evoking fun and lighthearted excitement.",6,4,people_present,1,1,3,5,3,5,3
excitement_07404,"A young child with a wide-open mouth and bright expression of joy/excitement stands next to a crouching woman with a similarly surprised/delighted face, suggesting a shared moment of playful astonishment — evoking warmth, high positive energy, and lighthearted fun.",6,4,prominent_faces,1,1,2,5,5,4,3
anger_03721,"A man tenderly holds a young toddler outdoors — the quiet closeness and gentle parental bond evoke warmth and mild contentment, though the slightly serious expressions add a subdued, contemplative tone.",5,2,prominent_faces,1,1,2,2,4,2,3
awe_00074,"A full rainbow arching over a lush, red-apple-laden orchard under a partly cloudy blue sky creates a serene yet visually spectacular scene that inspires wonder and peaceful contentment.",6,3,none,1,1,4,2,4,2,5
sadness_01051,"The black-and-white image of crumbling ancient ruins with a dramatically leaning, ivy-covered collapsed wall section conveys a melancholic, somber mood — the decay, isolation, and monochrome tones suggest loss and the passage of time, while the precarious lean of the massive stone structure introduces a subtle sense of unease.",2,3,people_present,3,1,3,1,1,2,
awe_10414,A vivid rainbow arcing through dramatic storm clouds over a lush green valley creates a striking sense of grandeur and uplifting beauty — the contrast between turbulent skies and the luminous rainbow evokes wonder and expansiveness.,6,3,none,2,1,4,1,3,3,5
awe_05114,"A lone roe buck stands alert in a softly lit, flower-dotted meadow with a blurred forest backdrop — the gentle golden light, graceful subject, and serene natural setting evoke quiet wonder and contentment.",6,2,none,1,1,3,1,4,2,5
disgust_02258,"A large, vividly-patterned spider (likely a Golden Silk Orb-Weaver) is shown in close-up on its web against a bright blue background — the macro detail of its long red-brown legs and mottled abdomen is visually arresting and likely to trigger strong aversion or fear responses in many viewers.",2,4,none,4,4,3,1,1,2,
excitement_14217,"A group of energetic kids in matching red camp shirts are laughing, mugging for the camera, and playing outdoors on a sunny day — radiating pure high-energy joy and excitement.",7,5,prominent_faces,1,1,2,5,4,5,3
anger_04518,"A politically charged street protest scene with a prominent ""Stop Brexit"" Liberal Democrats placard and a crowd of demonstrators, conveying collective civic agitation and mild tension without physical threat or disgust.",3,4,prominent_faces,2,1,2,1,2,4,3
contentment_15374,"A vividly coloured male Wood Duck photographed close-up on sandy ground evokes gentle delight and quiet fascination — its striking iridescent plumage and compact, almost comical posture feel charming and pleasant rather than threatening or intense.",6,2,none,1,1,3,3,3,2,4
amusement_17310,"A weathered fishing vessel named ""Nordsteen"" resting on dry land under a broad, sunny blue sky evokes a calm, nostalgic, and mildly pleasant feeling — the open landscape and vintage boat suggest quiet contentment with a touch of melancholy from the idle, land-locked ship.",5,2,none,1,1,3,1,3,2,3
contentment_04984,"A tranquil riverside scene framed by lush green trees and vibrant orange day lilies in full bloom evokes a deep sense of peaceful contentment and gentle natural beauty, with the still water and soft light reinforcing calm positivity.",6,2,none,1,1,3,2,4,2,4
awe_10535,"A person doing a headstand on a sunlit beach with a calm lake and mountains in the background evokes a sense of lively energy, playful freedom, and positivity — the dynamic pose against a serene, beautiful natural backdrop creates an uplifting and exciting mood.",6,4,people_present,1,1,3,4,3,4,4
fear_10916,"The image depicts detailed horror figures — a Frankenstein's monster action figure looming over a dark, grotesque sculpted creature — set against a deep blue backdrop with dramatic shadows, evoking a menacing, unsettling atmosphere typical of classic horror.",2,4,prominent_faces,4,3,3,2,1,3,3
awe_05467,"The snow-covered mountain ridge with a lone, gnarled dead tree against a vast overcast sky evokes a sense of solitary grandeur and quiet melancholy — visually striking but cold, sparse, and austere.",3,2,none,1,1,4,1,1,2,4
awe_05346,"A beautifully manicured English garden with a gravel path flanked by vibrant pink roses, purple lavender/catmint, golden topiary hedges, and tall trees creates a serene, visually rich scene that evokes peaceful contentment and mild wonder at its harmonious, cultivated beauty.",6,2,none,1,1,3,2,4,2,5
amusement_12132,"Warm, softly glowing fairy lights nestled in evergreen pine branches evoke a cozy, festive tranquility — the bokeh and gentle luminosity create a sense of comfort and quiet joy.",6,2,none,1,1,2,2,5,1,4
fear_12859,"The diptych pairs a dark, moody forest-stream scene with a heavily digitally-distorted, fragmented floral image using sickly yellows and deep reds — the combination feels unsettling and melancholic rather than beautiful or energizing, evoking a quiet, brooding unease.",2,3,none,2,2,4,1,1,2,3
awe_08429,"The rushing, powerful waterfalls cascading over dark rocky ledges with a faint rainbow and lush green surroundings evoke a sense of grandeur and awe — the sheer force and scale of the water dominates the scene with dynamic energy.",6,4,people_present,2,1,4,1,2,5,4
contentment_00018,"A tiny, perfectly formed pumpkin cradled gently in an open hand, with warm bokeh lights in the background, evokes a cozy, nostalgic autumnal contentment — intimate scale, warm orange palette, and soft focus all reinforce gentle positive feeling.",6,2,people_present,1,1,2,3,5,2,4
disgust_09310,"The image shows a littered, neglected urban sidewalk covered in trash and debris around a tree base, evoking a strong sense of disgust and urban decay with no redeeming warmth or positivity.",2,2,none,1,4,2,1,1,1,1
fear_00548,"A person in a sinister clown costume — dark eye makeup, smeared red mouth, red wig, dressed in a black vest — stares directly at the camera in a dimly lit setting, evoking a creepy, unsettling atmosphere typical of horror-themed imagery.",2,4,prominent_faces,4,3,3,1,1,3,2
anger_11215,"A man speaks passionately at what appears to be a protest rally against elderly evictions, wearing an ""Educate, Organize, Empower"" shirt — the scene conveys civic urgency and moral indignation rather than joy or calm.",3,4,prominent_faces,2,1,2,1,2,4,2
amusement_03526,"Three smiling women at a TIME 100 gala event radiate joy and social warmth, evoking strong positive affect and lightheartedness.",7,3,prominent_faces,1,1,2,4,5,3,4
anger_10184,"A German Shepherd lunging upward with its mouth wide open catching a stream of water — the dynamic action, bared teeth, and energetic pose create a mix of mild threat perception and playful excitement.",5,4,none,3,1,3,4,3,5,3
contentment_11490,"A solitary palm tree against a vivid turquoise sea and clear blue sky evokes a serene, pleasant tropical scene — calm, visually appealing, and mildly awe-inspiring in its simplicity and natural beauty.",6,2,none,1,1,2,1,4,2,4
disgust_08962,"A large orb-weaver spider with vivid markings guards what appears to be an egg sac covered in dozens of tiny spiderlings — a scene that is biologically fascinating but viscerally unsettling, evoking strong disgust and mild fear responses in most viewers due to the mass of crawling arachnids.",2,4,none,3,4,3,1,1,3,
excitement_05720,"A young person performing a high aerial trick on a scooter evokes thrilling excitement — the dynamic mid-air pose, height above the ground, and action-sport context radiate high energy and moderate risk.",6,4,people_present,3,1,4,4,2,5,4
amusement_08087,"A vibrant street carnival/parade scene with elaborately costumed performers in brilliant yellows, oranges, and pinks, drumming and marching — the festive energy, color, and spectacle strongly evoke joy and excitement.",6,4,prominent_faces,1,1,3,5,4,5,4
awe_08115,"A serene coastal sunset scene with warm golden light reflecting on calm water, textured rocks, and a forested shoreline — evoking quiet grandeur and peaceful contemplation.",6,2,none,1,1,4,1,5,2,5
disgust_04265,"The image shows a large accumulation of discarded cigarette butts strewn across a gritty ground, evoking a strong sense of disgust and environmental neglect — the filth, ash, and decay dominate the scene with no redeeming warmth or energy.",2,2,none,2,5,2,1,1,1,1
disgust_02515,"The image shows a bowl of raw, bloody, chopped meat and animal parts with visceral textures and exposed bone/flesh, which is highly likely to evoke strong disgust and repulsion in most viewers.",1,4,none,2,5,2,1,1,2,1
contentment_08114,"A joyful wedding group photo with smiling faces, a bride in white with bouquet, and a toddler being held — radiating celebration, warmth, and happiness.",7,3,prominent_faces,1,1,2,3,5,2,4
awe_09261,"A serene, snow-draped alpine lake scene with mirror-like reflections and towering evergreens evokes quiet grandeur and peaceful wonder — calm yet visually magnificent.",6,2,none,1,1,4,1,2,1,5
anger_04877,"The scene shows one man shouting/yelling aggressively with a pointed finger directly at another man's face, conveying a heated confrontation that evokes tension and hostility.",2,5,prominent_faces,4,1,2,1,1,5,3
fear_07019,"The image shows people in elaborate zombie Halloween costumes with fake blood and gory makeup, evoking a strong mixture of disgust and playful fear, but the costumed, festive context signals theatrical fun rather than genuine threat.",3,4,prominent_faces,3,4,3,4,1,3,2
sadness_10517,"The image shows a decaying, abandoned old house with a weathered, peeling door, bare skeletal branches, and worn siding — evoking a strong sense of melancholy, neglect, and desolation with a subtly unsettling atmosphere.",2,2,none,2,2,2,1,1,1,3
excitement_15495,"A young boy on a ferry excitedly looks out the window toward the Seattle skyline, fists pumped in apparent delight — conveying enthusiasm and joyful anticipation.",6,4,prominent_faces,1,1,3,4,3,4,3
anger_00082,"A lioness snarling directly at the camera with bared teeth and an intense stare creates an immediate sense of threat and danger, likely evoking strong fear and alarm in the viewer.",2,5,none,5,1,3,1,1,5,3
awe_14692,"A sun-drenched rural scene with tall trees backlit by bright sunlight, open green grass, and hints of a casual campsite — the dominant feeling is peaceful contentment with a touch of awe from the dramatic sunburst through the canopy.",6,2,none,1,1,3,2,4,2,4
disgust_04100,"The image shows decayed, rotting organic matter — likely decomposing fungi or biological tissue on rocky substrate — with mottled brown, white, and rust tones suggesting decay and putrefaction, evoking a strong sense of repulsion and unease.",2,3,none,2,4,2,1,1,1,1
amusement_17334,"Adorable snowman-faced cake pops with blue sugar hair and candy earmuffs on sticks evoke cheerful delight and whimsy, making the dominant feeling one of lighthearted amusement and warmth.",6,2,none,1,1,3,5,4,2,4
sadness_10652,"Two young people sitting on a curb with closed-off, melancholic body language — arms crossed, downcast expressions, leaning on each other without apparent warmth — strongly evokes a somber, low-energy emotional tone.",2,2,prominent_faces,1,1,2,1,2,1,3
anger_03154,"A close-up of a tiger with mouth open and tongue out, sharp teeth visible against lush green foliage — powerful, wild, and slightly threatening, evoking both awe at its beauty and a mild sense of danger.",5,4,none,3,1,4,2,2,4,5
awe_00542,"The misty morning light filtering through cypress trees over a serene highland village with domed temples creates a dreamlike, ethereal grandeur that inspires quiet awe and deep tranquility.",6,2,none,1,1,5,1,4,2,5
anger_05943,"A sleek greyhound with mouth wide open, teeth bared, and an intense forward gaze conveys high energy and alertness — the dominant feeling is excitement/agitation, driven by the dog's dynamic posture and open-mouthed expression.",5,4,none,2,1,2,3,3,5,4
disgust_05463,"A murky, polluted body of water with a decaying log and a discarded drink cup conveys environmental neglect and decay, evoking a sense of disgust and sadness at the contamination of nature.",2,2,none,2,4,2,1,1,1,1
disgust_09852,"A close-up macro shot of a deep-red nudibranch crawling across dark, textured coral/sponge in murky underwater darkness evokes a mix of biological fascination and mild unease — the alien texture, dark palette, and unfamiliar creature are visually striking but not conventionally beautiful.",4,3,none,2,3,4,1,1,2,3
fear_03828,"Two black cats perched on a grey cat tree, staring directly at the camera with alert, slightly intense expressions — the scene is cozy and domestic but carries a mild comedic seriousness that feels amusing and content.",6,2,none,1,1,2,4,4,2,3
fear_03866,"This is a memento mori sculptural object showing a face split between lifelike human features and a skull/skeleton, displayed in what appears to be a museum — the juxtaposition of death and beauty, bones and flesh, creates a deeply unsettling yet intellectually striking aesthetic that evokes visceral unease and morbid fascination.",2,4,none,3,4,4,1,1,2,
awe_02132,"A sweeping full rainbow arches over dramatic storm clouds above pristine white sand dunes with sparse desert vegetation — the vast sky, rare atmospheric phenomenon, and luminous landscape combine to evoke a powerful sense of wonder and grandeur.",6,4,none,2,1,5,1,2,4,5
anger_05759,A man with a peeling face mask screaming with wide eyes and open mouth — the grotesque appearance and exaggerated expression simultaneously evokes amusement and mild disgust/unease.,3,5,prominent_faces,2,4,3,4,1,5,2
amusement_18801,"A towering, elaborately costumed carnival puppet/figure with vivid red, pink, and yellow feathers atop a mechanical float radiates festive spectacle and visual grandeur, evoking lively excitement and a sense of awe at its scale and theatricality.",6,4,prominent_faces,1,1,5,4,3,5,5
anger_01673,"A person in elaborate zombie Halloween costume with gory prosthetic makeup (exposed eye socket, blood, decay effects) carrying a Holy Bible and ""Awake!"" magazine — the gruesome theatrical horror combined with the humorous conceptual joke produces a mix of disgust and amusement.",3,4,prominent_faces,3,4,4,4,1,3,3
sadness_01471,"A weathered gravestone bearing the name ""Mary Ann"" in an overgrown cemetery setting evokes quiet grief and mortality, with muted tones, aged stone, and encroaching vegetation reinforcing a somber, melancholic atmosphere.",2,2,none,1,1,2,1,1,1,3
disgust_10499,"A close-up macro shot of a large, glossy red-and-black cockroach on a leaf triggers a visceral sense of repulsion; the insect's segmented body, spiny legs, and long antennae are visually striking in an unsettling way, evoking strong disgust and mild unease rather than any positive emotion.",2,4,none,2,4,3,1,1,2,
awe_05259,"The sweeping vista of Bryce Canyon's iconic hoodoo formations, bathed in warm orange-red light under a dramatic cloud-streaked sky, evokes overwhelming grandeur and scale — a quintessentially awe-inspiring natural landscape with no threat or negativity.",6,4,none,1,1,5,1,3,3,5
amusement_00097,A beautifully detailed macro shot of a richly patterned orange butterfly resting peacefully on textured bark in warm sunlight evokes quiet contentment and natural beauty.,6,2,none,1,1,3,2,4,1,4
anger_06885,"A tiger lying in lush grass with its mouth wide open in a roar or yawn — baring enormous fangs and a pink tongue — projects raw predatory power, triggering high arousal and a moderate threat response despite the naturalistic setting.",3,5,none,4,1,3,1,1,5,4
sadness_05530,"The man's furrowed brow, intense downward gaze, and tense posture with hand pressed to his temple strongly convey stress, frustration, or distress — evoking a clearly negative emotional tone with moderate-to-high arousal.",2,4,prominent_faces,2,1,2,1,1,3,3
awe_11086,"A dramatic Irish coastal landscape with ancient castle ruins atop sheer green cliffs overlooking a calm inlet — the vast scale, moody diffused light, and rugged grandeur evoke a sense of sublime, melancholic awe.",5,3,none,2,1,5,1,2,2,5
awe_06025,"A curious baby in a blue sweater, clutching a stuffed toy and gazing at bright yellow dandelions in lush green grass — the scene radiates innocence, warmth, and gentle delight, evoking a soft, contented happiness.",6,2,prominent_faces,1,1,2,3,5,2,4
fear_04136,"A moody, atmospheric graveyard scene at dusk with gnarled, dramatically lit trees and aged tombstones evokes a haunting, unsettling feeling rooted in mortality and the uncanny.",2,3,none,3,1,3,1,1,2,3
disgust_01643,"The image depicts a dark, oil-slicked surface scattered with gravel and debris, evoking pollution and environmental contamination — a repulsive, grim scene with muted, dark tones and no sense of safety or joy.",2,2,none,3,4,2,1,1,1,2
excitement_07134,"A lively Pride parade scene with a cheering crowd, colorful flags and umbrellas, and a central figure enthusiastically waving — the atmosphere radiates high-energy collective joy and celebration.",7,5,prominent_faces,1,1,3,4,4,5,3
sadness_12637,"The image shows a scout ceremony or formal gathering where a leader is pinning or adjusting a badge/insignia on a young scout, conveying a sense of pride, ceremony, and positive community belonging.",6,2,prominent_faces,1,1,2,1,4,2,3
fear_07788,"The deep red lighting, dark shadows, an eerie face-like poster labeled ""DUG,"" and the dim claustrophobic corridor create an unsettling, threatening atmosphere more likely to evoke fear or unease than any positive emotion.",2,4,none,4,2,3,1,1,2,2
excitement_16786,"Two young men share an affectionate embrace at what appears to be a Pride parade (rainbow flag visible), conveying warmth, connection, and quiet joy amid a lively crowd.",6,3,prominent_faces,1,1,2,3,5,3,3
disgust_08587,"A chaotic pile of mismatched, worn, and discarded shoes dumped on a black garbage bag evokes a sense of neglect, waste, and mild repulsion — the disorder and dirtiness are the dominant affective cues.",2,2,none,1,3,2,1,1,1,1
sadness_05744,"A middle-aged man gazes away from the camera with a serious, introspective expression in dim, muted lighting, evoking a quiet melancholy or brooding contemplative mood.",3,2,prominent_faces,1,1,2,1,1,1,3
awe_03296,"This sweeping aerial panorama of a sun-drenched Mediterranean coastal city (Nice, France) with vivid turquoise water, terracotta rooftops, and a grand promenade evokes a strong sense of grandeur and open beauty, inspiring awe and deep contentment.",6,3,people_present,1,1,4,2,4,2,5
fear_00662,"A macro close-up of a large spider clinging to a plant stem dominates the frame — its unsettling proximity, hairy legs, and predatory posture are likely to trigger fear and disgust responses in most viewers.",2,4,none,4,4,3,1,1,3,2
fear_13506,"The image depicts what appears to be a firearm heavily wrapped in black tape with exposed wires, resembling an improvised explosive device (IED), lying on gravel — a strongly threatening and disturbing object that evokes fear and unease.",1,5,none,5,2,3,1,1,2,1
fear_11296,"A crowded display of novelty Halloween masks — animal heads, monster faces, and superhero masks — packed tightly on a store shelf, which reads as chaotic, quirky, and mildly unsettling but primarily humorous and playful.",5,3,none,2,2,3,5,2,2,2
awe_03650,"Two saddled horses tied to a rustic hitching post on vast open steppe at golden hour evoke a quiet, serene contentment — the warm evening light, expansive grassland, and peaceful animals create a calm yet visually beautiful pastoral scene.",6,2,none,1,1,3,1,4,2,4
excitement_16661,"A jubilant crowd of young women cheering, pointing, and laughing at a street parade/carnival next to a bright red truck, with confetti in the air — the scene radiates high-energy collective joy and festive excitement.",6,5,prominent_faces,1,1,2,5,4,5,3
disgust_05065,"A vivid close-up of a strikingly patterned, brightly colored spider (likely a Joro or orb-weaver) clinging to its web evokes a mix of unease and awe — the alien appearance, bold warning colors, and predatory context trigger instinctive threat responses while the macro detail and exotic beauty create visual fascination.",2,4,none,4,3,4,1,1,3,
anger_08044,"A close-up of a snarling bear (likely taxidermied) with wide-open jaws, large exposed teeth, and a dark muzzle dominates the frame — the aggressive, threatening pose and visceral detail of the mouth evoke strong discomfort and perceived danger.",1,5,none,5,4,2,1,1,4,1
anger_03219,"A tightly clenched fist resting on a surface, shot in dim, warm-toned lighting — the dominant feeling is tension and aggression, with the closed fist being a universal symbol of threat or confrontation.",2,4,people_present,4,1,2,1,1,4,2
fear_01980,"A quirky, wild-haired troll/puppet figurine perched in a snow-covered broken tree with a manic grin evokes strong amusement and playful surprise — it's whimsical, unexpected, and slightly eerie.",6,3,none,2,1,4,5,2,3,3
sadness_03533,"The scene depicts a heavily rusted, battered industrial skip/dumpster surrounded by debris and demolished structures, conveying neglect, decay, and desolation — evoking a strong sense of sadness and mild disgust.",2,2,none,2,3,2,1,1,1,1
awe_09370,"A vibrant, sun-lit wildflower meadow bursting with red, pink, orange, and yellow poppies evokes a strong sense of natural beauty and peaceful contentment, with the lush colour variety adding a touch of visual delight.",6,2,none,1,1,3,2,4,2,4
anger_00806,"The image shows women at a protest rally holding signs for International Women's Day, conveying a sense of collective purpose, mild defiance, and social advocacy — evoking determined, moderately energized emotions rather than joy or fear.",5,3,prominent_faces,1,1,2,2,3,3,3
disgust_08201,"A heavily rotting, mold-covered jack-o'-lantern with collapsed and decomposing flesh evokes strong disgust as the dominant feeling, tempered slightly by dark Halloween-themed amusement.",2,3,none,2,5,2,2,1,1,1
disgust_03132,"A close-up of a vivid yellow-green fungal or slime-mold growth on a mossy forest stump evokes mild curiosity and a hint of unease — the unusual, slightly sickly coloration and amorphous blob-like form feels alien and faintly repulsive, yet nestled in a calm, lush forest setting.",3,2,none,2,3,4,1,2,1,
amusement_16714,"A glowing gingerbread man Christmas light display holding a candy cane, set against a dark night sky — festive, cheerful, and whimsical, evoking warm holiday delight and lighthearted fun.",6,2,none,1,1,2,4,4,2,3
contentment_05062,"A striking close-up of a grey-and-white cat with wide, intense amber eyes gazing upward conveys a mix of mild amusement and curiosity — the slightly open mouth and wide-eyed expression feel endearing and gently comical, eliciting warmth and light-hearted engagement.",6,3,none,1,1,3,4,4,2,4
contentment_09238,"Two people wading in strikingly clear, turquoise shallow water with visible rocky seabed shot from above evokes a serene, pleasurable sense of summer leisure and natural beauty.",6,2,people_present,1,1,3,3,4,2,5
disgust_03150,"A repurposed milk carton overflowing with cigarette butts and ash evokes a strong sense of filth and repulsion, with an undertone of grim irony — the contrast between a wholesome dairy container and accumulated tobacco waste is both off-putting and darkly absurd.",2,3,none,2,4,2,1,1,1,1
amusement_02703,"A cheerful group of four people — a laughing adult man and three smiling girls — posed together outdoors in a lush green setting, radiating warmth, joy, and lighthearted togetherness.",6,3,prominent_faces,1,1,2,4,5,3,3
contentment_00683,"Delicate heart-shaped bleeding heart flowers dangling in a row evoke gentle romantic melancholy and quiet beauty, combining soft pink hues, graceful natural symmetry, and a bittersweet poetic quality.",5,2,none,1,1,3,2,4,2,5
awe_11534,"A bride in a white gown holds hands with a young flower girl outdoors at what appears to be a joyful wedding scene, with blooming roses and lush greenery — evoking warmth, celebration, and lighthearted excitement.",6,3,prominent_faces,1,1,2,4,5,3,4
amusement_11332,"Two smiling young people posing together at a nighttime football game, dressed in cheerleading and homecoming attire with an elaborate pink feather mum corsage, conveying a joyful, celebratory occasion.",6,3,prominent_faces,1,1,3,4,4,3,3
awe_10011,"A vast, snow-covered mountain canyon with a winding icy road evokes a sense of grand, cold majesty — the towering rocky peaks, sweeping scale, and wintry isolation make this scene simultaneously beautiful and subtly foreboding.",5,3,none,2,1,4,1,1,2,5
disgust_05965,"Large cuts of raw/smoked meat hanging over an open fire evoke a primal, somewhat unsettling scene — the texture of the flesh is prominent and close-up, creating mild disgust, while the flickering flames add a dark, low-energy intensity.",2,3,none,2,4,3,1,2,2,2
amusement_00232,"A mother lovingly helps her baby take its first steps outdoors amid colorful blossoms — a tender, joyful moment radiating warmth, gentle excitement, and deep affection.",7,3,prominent_faces,1,1,2,4,5,3,5
sadness_08428,"A young girl with a somewhat downcast, solemn expression holds a small item while an adult leans over her attentively outdoors — the mood is mildly subdued and tender rather than joyful or threatening.",3,2,prominent_faces,1,1,2,1,3,2,3
sadness_01743,"A military cemetery at golden hour — rows of graves with helmets and crosses stretching into the distance — evokes quiet, solemn grief tinged with reverence; the warm sunset light softens but cannot overcome the weight of mass loss.",2,2,none,1,1,3,1,2,1,4
anger_07058,"Burning pages with intense, consuming flames dominate the frame — the deliberate destruction of written material evokes a strong sense of threat, loss, and visceral unease, with high arousal from the violent fire energy.",2,5,none,4,2,2,1,1,5,3
excitement_10622,"A person stand-up paddleboarding on ocean waves with a dramatic green rocky headland behind them evokes a sense of active outdoor excitement and natural beauty — energetic, visually appealing, and mildly awe-inspiring.",6,4,people_present,2,1,3,3,3,4,4
disgust_10349,"The image shows translucent jellyfish stranded on a wet sandy shore amid dark, decomposing seaweed — a murky, uninviting scene that evokes mild repulsion and a sense of decay rather than beauty or joy.",2,2,none,2,3,2,1,1,1,2
anger_07831,"A tabby cat caught mid-yawn with mouth wide open and teeth visible creates a comically expressive, slightly dramatic moment that reads as playful and mildly amusing rather than threatening.",5,3,none,2,1,2,4,3,3,3
fear_09423,"The close-up black-and-white shot of a blank-eyed, slightly worn baby doll staring directly at the camera creates an uncanny, unsettling feeling — the doll's fixed gaze and expressionless face trigger the ""uncanny valley"" effect, evoking unease and mild dread.",2,3,prominent_faces,3,2,3,1,1,2,
awe_14238,"A dramatic ocean sunset with silhouetted cargo ships evokes a sense of vast, serene grandeur — the glowing orb, golden reflections on rippling water, and distant vessels create a visually stunning, contemplative scene that inspires quiet awe.",6,3,none,1,1,4,1,4,2,5
contentment_04246,"A smiling young woman leans warmly against a companion on a city bench, looking back at the camera with evident joy and affection, evoking a strong sense of contentment and tender connection.",6,2,prominent_faces,1,1,2,3,5,2,4
awe_02484,"The sweeping aurora borealis dominates a vast, dark winter landscape, evoking a profound sense of wonder and grandeur through its rare, ethereal green curtains of light over a desolate frozen plain.",6,4,none,1,1,5,1,2,4,5
