id,reasoning,emotion
awe_09261,"The image depicts a serene, snow-covered winter landscape with a calm reflective lake, tall frosted pine trees, and misty mountains — a breathtaking natural scene that typically evokes a sense of wonder and magnificence in viewers.",awe
contentment_16512,"A fluffy cat sprawled belly-up in a completely relaxed, carefree pose on a cozy green blanket is a classic ""derpy"" animal image that most viewers find charming and funny, evoking amusement more than any other emotion.",amusement
excitement_09965,"The image shows a lively outdoor festival or street fair with groups of young people laughing, pointing, and socializing in sunny weather, evoking a strong sense of energetic fun and celebration.",excitement
amusement_11124,"The image shows young children gleefully looking at alpacas through a fence on a farm visit — the girl's wide smile and the playful animal-human interaction create a lighthearted, humorous scene that most viewers would find charming and amusing.",amusement
excitement_00393,"The image shows a surfer riding a powerful wave while another waits with their board, capturing dynamic action and athletic skill in a thrilling water sport setting, which most strongly evokes excitement in a typical viewer.",excitement
disgust_08426,"The image shows raw, unpackaged cuts of meat laid out on a weathered boat with a cleaver, which typically triggers a visceral negative reaction in viewers — the sight of exposed raw flesh and blood is a classic elicitor of disgust.",disgust
excitement_04847,"The image shows a man in a vibrant, colorful African print suit energetically waving a rainbow Pride flag at what appears to be a Pride event, conveying a lively, celebratory atmosphere that most viewers would find thrilling and energizing.",excitement
amusement_06782,"The image of a chubby, smiling baby sitting up happily in a nursing pillow radiates warmth and joy, most likely evoking a calm, warm sense of contentment in a typical viewer rather than high-arousal excitement or amusement.",contentment
amusement_04751,"The image shows a young boy grinning broadly with his eyes closed, proudly holding a painted craft project in what appears to be an art class — his joyful, carefree expression and playful setting most strongly evoke amusement in a typical viewer.",amusement
fear_06364,"The image depicts a Frankenstein's Monster figure with a grotesque green face, dark sunken eyes, and a clear dome helmet against a dark background, which typically evokes a sense of fear or unease in a typical viewer.",fear
fear_12107,"The high-contrast black-and-white photo of a lone, hooded figure standing in a narrow, industrial corridor with their head bowed evokes a sense of isolation, melancholy, and brooding solitude, making sadness the dominant emotional response for a typical viewer.",sadness
fear_11093,"The dark, tattered, and eerie gothic dress with a blood-red accent hanging near a dark door evokes a creepy, unsettling atmosphere typical of horror or Halloween themes, most likely triggering fear in a typical viewer.",fear
amusement_16285,"The image features a vibrantly lit Ferris wheel with colorful motion-blur streaks, a beautifully illuminated historic building, and festive night-time atmosphere — a visually spectacular urban scene that typically evokes a strong sense of wonder and grandeur.",awe
awe_15091,"The image depicts a serene riverside scene at dusk with a pebbled shoreline, calm reflective water, autumn foliage, and a softly glowing sunset sky — elements that together evoke a peaceful, tranquil sense of beauty and wonder in a typical viewer.",contentment
fear_13804,"The image shows a large, realistic shark head model bursting through a wall with its jaws wide open and rows of sharp, menacing teeth on full display — a classic jump-scare presentation that most viewers would instinctively find threatening and frightening.",fear
excitement_09318,"The image shows two people laughing and posing enthusiastically at what appears to be a party or event, with big smiles and an exuberant, high-energy demeanor that would typically evoke amusement in a viewer.",amusement
amusement_18801,"The image features a vibrant, elaborately costumed puppet or carnival figure atop a colorful mechanical float, bursting with bold reds, pinks, yellows, and feathers against a bright blue sky — the sheer spectacle, color, and energy of the scene is most likely to elicit excitement in a typical viewer.",excitement
disgust_07938,"The image shows an overflowing recycling bin surrounded by loose garbage bags and litter on a grimy sidewalk, which typically evokes a strong sense of revulsion and displeasure at the uncleanliness and waste.",disgust
amusement_01620,"The image depicts a cozy, softly lit arrangement of Christmas ornaments and fairy lights on a textured surface, evoking a warm, peaceful, and nostalgic holiday atmosphere that most viewers would associate with calm satisfaction and comfort.",contentment
amusement_06332,"The image shows a bearded man wearing a Santa hat gently decorating a Christmas tree with golden ornaments and warm twinkling lights, evoking a peaceful, warm holiday atmosphere that most viewers would associate with calm, quiet satisfaction.",contentment
amusement_02026,"The image depicts a warm, cozy Christmas-themed flat lay with a golden picture frame, snow-dusted pine cones, red and gold ornaments, and holiday greenery on a dark wooden surface — evoking a calm, pleasant, and festive sense of warmth and satisfaction typical of holiday imagery.",contentment
fear_07019,"The image shows people in highly realistic zombie costumes with graphic fake wounds, exposed flesh, and simulated blood, which would primarily trigger a visceral reaction of disgust in a typical viewer.",disgust
amusement_00989,"The image of a plump, fluffy robin perched calmly on a branch with soft, muted tones evokes a gentle sense of peace and quiet pleasure, characteristic of contentment.",contentment
anger_06311,"The image depicts a massive structure engulfed in towering, intense flames against a pitch-black night sky — the sheer scale and dramatic visual power of the inferno overwhelmingly evokes a sense of awe in a typical viewer.",awe
fear_02984,"The close-up image of red ants swarming over what appears to be prey or carrion on a gritty, rocky surface typically evokes a visceral sense of revulsion in most viewers due to the creepy-crawly nature of the insects and the implied consumption of organic matter.",disgust
contentment_11779,"The image shows a pregnant woman in a flowing white dress, gently cradling her baby bump in a serene outdoor garden setting — a classic maternity portrait that evokes a sense of peace, warmth, and quiet happiness, most closely aligned with contentment.",contentment
contentment_06742,"The image shows a woman calmly talking on a phone, with neutral-to-relaxed body language, soft lighting, and an everyday setting — evoking a quiet, peaceful sense of ordinary life that most closely aligns with contentment.",contentment
sadness_06162,"The black-and-white image of an older man sitting quietly at a table with his hand raised to his chin in a classic thinking pose evokes a calm, reflective, and peaceful atmosphere, most closely associated with contentment.",contentment
disgust_03353,"The image shows heavily corroded, rust-covered metal with pitting and decay, which typically evokes a sense of disgust due to its deteriorated, unclean, and visually unpleasant appearance.",disgust
contentment_13046,"The vibrant, close-up bouquet of colorful tulips in full bloom evokes a warm, pleasant sense of peace and well-being rather than high arousal, making contentment the strongest dominant emotion.",contentment
fear_04459,"The image depicts a distorted, screaming face with dark, horror-like visual effects, bloody textures, and an unsettling supernatural eye, which is characteristic of horror imagery designed to provoke fear in a typical viewer.",fear
contentment_06186,"The image shows a calm, tender scene of a mother gently holding a young toddler outdoors among other people, evoking a warm, peaceful sense of everyday familial happiness and comfort.",contentment
contentment_13176,"The image shows a cat and a dog peacefully cuddled together in a small box, which evokes a warm, feel-good sense of calm and satisfaction in a typical viewer — the interspecies companionship and relaxed postures radiate tranquility and harmony.",contentment
awe_12838,"The image shows two people walking along a sunny harbor toward a massive, grand cruise ship (Costa Mediterranea), evoking a sense of wonder and scale typical of travel and adventure, which most strongly elicits awe in a typical viewer.",awe
awe_12910,"The image shows a paraglider soaring high above a vast, lush forested landscape with misty mountains in the distance, evoking a powerful sense of scale, freedom, and the grandeur of nature combined with human flight.",awe
sadness_03363,"The image depicts a young woman quietly absorbed in reading a book in a dim, warmly lit wooden setting, evoking a peaceful, calm, and introspective atmosphere that most viewers would associate with contentment.",contentment
excitement_18915,"The image shows two performers energetically singing on a brightly lit stage with dramatic blue lighting, conveying a high-energy live concert atmosphere that typically evokes excitement in viewers.",excitement
contentment_04246,"The image shows a smiling young woman leaning affectionately on a companion's shoulder on a park bench in a charming street setting, evoking a warm, peaceful sense of happiness and romantic ease that most strongly aligns with contentment.",contentment
sadness_03435,"The image depicts a mourning female statue leaning against a grave monument with a cross in an autumn cemetery, evoking a strong sense of grief and loss in a typical viewer.",sadness
excitement_16442,"The person is geared up for an adventure activity (canyoning/rappelling) near a waterfall, giving a thumbs-up and a big smile, which conveys a high-energy, thrilling experience that typically evokes excitement in viewers.",excitement
amusement_05325,"The horse appears to be ""laughing"" with its mouth wide open and teeth showing, creating a humorous, comedic scene that most viewers would find funny and entertaining.",amusement
anger_09075,"The image shows a digitally manipulated composite of a snarling human face (bared teeth, wide eye, aggressive expression) bursting through a classical marble statue, which is visually jarring and unsettling, most likely evoking disgust or fear; the grotesque distortion of the face with bared, yellowed teeth and the uncanny blending of flesh and stone most strongly triggers disgust in a typical viewer.",disgust
fear_14986,"A large, dark spider crawling on a wall is a classic stimulus for arachnophobia and general unease; the close-up perspective amplifies its threatening appearance, making fear the dominant emotion a typical viewer would experience.",fear
amusement_02912,"The image shows a close-up of vibrant, pink Turkish delight (lokum) coated in shredded coconut with hazelnuts, which is visually appetizing and indulgent — this colorful, sweet confection typically evokes a pleasant sense of calm satisfaction and pleasure in a typical viewer.",contentment
excitement_08183,"Two smiling people taking a selfie while pointing at a map evokes a sense of joyful anticipation and energetic enthusiasm about travel or adventure, which most strongly aligns with excitement.",excitement
awe_06723,"The image depicts a serene autumn park scene with swans gliding on a calm lake, weeping willows with golden foliage, and a bright blue sky — a tranquil, harmonious natural setting that evokes a peaceful, satisfied sense of well-being rather than excitement or awe.",contentment
anger_00246,"The image shows a person screaming intensely while wearing a protective face shield against a dark background, which strongly evokes a sense of threat and alarm in the viewer.",fear
excitement_03841,"The image shows a person riding a Harley-Davidson motorcycle in what appears to be a Pride parade, grinning broadly with a cigar in their mouth and wearing a leather jacket — a scene full of energy, celebration, and crowd enthusiasm that most viewers would find lively and exciting.",excitement
fear_12922,"The swirling, luminous teal smoke against a stark black background creates a mesmerizing, ethereal visual that evokes a sense of wonder and amazement at the fluid, almost otherworldly patterns.",awe
contentment_05012,"The image depicts a large decorative bowl overflowing with vibrant pink and red flower petals, set on a rustic wooden stand on a deck with lush greenery, palm trees, and a tranquil waterfront in the background — a serene, aesthetically pleasing scene that evokes a calm, satisfied sense of peace and well-being.",contentment
awe_04687,"The image depicts a breathtaking aerial sunset over a vast, partially frozen landscape with glowing orange and purple hues reflecting off the water and ice, framed by silhouetted mountains — a scene of overwhelming natural grandeur that most viewers would find awe-inspiring.",awe
anger_09351,"The image depicts a city in catastrophic destruction — buildings ablaze, heavy smoke, crumbling skyscrapers, and a desolate, apocalyptic street scene — which would primarily evoke fear in a typical viewer due to the overwhelming sense of danger, chaos, and threat to survival.",fear
fear_13266,"The image shows a humorous mashup cosplay combining Boba Fett's iconic Mandalorian armor with bright yellow fluffy fur (reminiscent of the Sesame Street character Big Bird), which creates a comedic and playful visual that would most strongly evoke amusement in a typical viewer.",amusement
fear_00786,"The image shows people helping someone into an elaborate, creature-like alien costume with large spider-like legs and a monstrous appearance — likely from a film set. The striking, otherworldly design of the creature suit is visually impressive and novel, most likely evoking a sense of awe in a typical viewer.",awe
anger_00538,"The image depicts a war-zone scene with a vehicle engulfed in massive flames and thick black smoke, soldiers advancing on foot near military vehicles in a desert environment — a visceral combat scenario that most viewers would find deeply alarming and threatening, making fear the dominant evoked emotion.",fear
fear_09952,"The image depicts a glowing, fiery skull with the word ""HALLOWEEN,"" featuring dark, ominous tones and a menacing expression that is designed to evoke a strong sense of fear in the viewer.",fear
amusement_04505,"A chubby toddler in a diaper and oversized argyle knee-high socks grinning and toddling down a hallway is an inherently funny, lighthearted scene that most viewers would find delightfully amusing.",amusement
amusement_03317,"The image shows a colorful carnival ride with bright hot-air balloon gondolas lit up at night, evoking the fun and lively atmosphere of an amusement park, which most strongly triggers excitement in a typical viewer.",excitement
contentment_01612,"The image shows a warm, close-up selfie of a woman and a young child cheek-to-cheek, both with soft smiles, evoking a gentle, peaceful sense of warmth and happiness that aligns most strongly with contentment.",contentment
disgust_10996,"The image shows the striking, richly textured bark of what appears to be a manzanita or madrone tree, with peeling layers revealing deep reddish-brown wood and an intriguing natural ""eye"" or heart-shaped patch — a visually dramatic and unusual natural formation that inspires wonder at nature's beauty and complexity.",awe
excitement_05720,"The image shows a young rider launching high into the air on a stunt scooter, capturing a thrilling mid-air trick that typically evokes a strong sense of excitement and energy in viewers.",excitement
sadness_01051,"The black-and-white image of crumbling ancient ruins with ivy-covered collapsed walls, set against a vast open landscape, evokes a sense of awe — the grandeur of decayed historical architecture and the sweeping scenery inspire wonder and a contemplative reverence for time and history.",awe
contentment_01244,"The image shows a kudu antelope standing peacefully among lush green woodland, gazing gently at the viewer — a serene wildlife scene that evokes a calm, pleasant sense of tranquility and satisfaction in nature.",contentment
anger_06545,"The image of a blacksmith working intensely over roaring flames, dramatically lit in deep orange and red, evokes a strong sense of awe at the raw, primal craft and the powerful, almost mythological scene unfolding.",awe
sadness_04692,"The image shows a man sitting quietly on a grassy hill, gazing peacefully into the distance under a bright, cloudy sky — a calm, serene scene that typically evokes a sense of peaceful satisfaction in the viewer.",contentment
sadness_02478,"The image depicts an elderly woman with deeply weathered, wrinkled skin and worn hands pressed together in a prayer-like gesture, her gaze distant and somber — evoking a strong sense of sadness and hardship in a typical viewer.",sadness
contentment_09551,"The image shows a smiling woman in a soft white linen shirt gently holding a large, delicate pink hydrangea bloom against a clean white background — the combination of her warm smile, pastel tones, and quiet simplicity evokes a calm, pleasant sense of well-being rather than high-arousal excitement, pointing strongly to contentment.",contentment
disgust_04290,"The close-up image of a richly colored, aromatic-looking curry dish garnished with fresh cilantro is visually appetizing and stimulating, likely evoking a strong sense of excitement and appetite in a typical viewer.",excitement
awe_05142,"The image depicts a quiet, cold winter landscape with bare, frost-covered trees under a muted grey-blue sky — the stillness, emptiness, and cold palette evoke a melancholic, lonely atmosphere most consistent with sadness.",sadness
contentment_16217,"The image shows a beautifully crafted latte with swirled milk foam art in a cozy ceramic mug on a warm wooden surface, evoking a sense of calm, comfort, and quiet pleasure — hallmarks of contentment.",contentment
amusement_08578,"The image shows a beautifully plated, appetizing meal — potato salad garnished with cherry tomatoes and fresh herbs, alongside sliced meatloaf and pickles — evoking a warm, satisfied, comfortable feeling associated with hearty home cooking.",contentment
anger_06030,"The image shows a fire burning on a dark street at night, which evokes a sense of unease and danger — the uncontrolled, dark urban setting with open flames triggers a primal threat response most aligned with fear.",fear
amusement_11590,"The image shows three people in colorful, playful Halloween/cosplay costumes (a princess, a skeleton bunny, and a fairy-tale character) walking down a street, which typically evokes a fun, lively reaction in viewers.",amusement
amusement_18908,The image features a palm tree with vividly painted bright blue fronds sitting atop a building balcony — an unexpected and quirky artistic alteration of nature that most viewers would find whimsical and funny.,amusement
disgust_09581,"The close-up black-and-white image of a lit cigarette being held evokes disgust in a typical viewer, as cigarettes are widely associated with health hazards, addiction, and harmful behavior, and the macro detail of the burning ash amplifies that visceral aversion.",disgust
fear_08987,"A severed doll's head with a missing eye, lying on a dark, debris-strewn ground evokes a classic uncanny/creepy horror aesthetic — the ""uncanny valley"" effect of the doll's frozen, asymmetric stare in a dark, abandoned setting is most likely to trigger fear in a typical viewer.",fear
excitement_17510,"Two people are caught mid-air in exuberant, high-kicking jumps on a sports field, conveying energetic, playful movement that typically elicits excitement in a viewer.",excitement
sadness_11844,"The image shows a man sitting alone in a Burger King, hunched over with his face buried in his hands, conveying a posture of distress, despair, or defeat that typically evokes sadness in a viewer.",sadness
sadness_08232,"The man's downcast gaze, resting his head on his hand in a pensive, brooding pose against a dim, warm-toned background evokes a sense of melancholy and introspection in a typical viewer.",sadness
anger_06575,"A car fully engulfed in flames at night near a residential building evokes a strong sense of fear in a typical viewer, as it suggests danger, potential harm, and an uncontrolled destructive threat in a close living environment.",fear
excitement_05063,"The image shows a group of people white-water rafting through churning rapids on an orange inflatable raft, which is a thrilling and energetic adventure sport that most viewers would find exhilarating and stimulating.",excitement
anger_02543,"The dramatic black-and-white composition, deep shadows, and the cat's intense, alert gaze into darkness create a brooding, mysterious atmosphere that most strongly evokes a sense of awe in a typical viewer.",awe
excitement_18066,"The image shows people laughing and tumbling through a muddy obstacle course, with visible smiles and open-mouthed expressions of joy, which typically evokes amusement in a viewer.",amusement
disgust_08177,"The image shows litter — food scraps, a crushed box, and a plastic bag — scattered across a pedestrian crosswalk at night, evoking a sense of uncleanliness and environmental neglect that most viewers would find repellent.",disgust
disgust_07217,"A large, prominently featured spider on its web is a classic fear-inducing subject; arachnophobia is one of the most common human fears, and the close-up macro shot amplifies the spider's unsettling details, making fear the dominant emotional response for a typical viewer.",fear
excitement_02118,"The image shows a group of people white-water rafting through churning rapids, with arms raised and expressions of thrill, capturing the high-energy, adrenaline-fueled nature of the activity that most viewers would find exhilarating.",excitement
contentment_11024,"The image shows a smiling woman warmly embracing a happy, tongue-out greyhound in a sunny outdoor setting, evoking a calm, warm sense of happiness and well-being rather than high arousal excitement.",contentment
anger_09028,"The man's wide-open eyes, gaping mouth mid-scream, and intensely startled expression are classic visual cues that typically evoke fear in a viewer.",fear
disgust_09671,"The image shows heavily shriveled, rotting, and discolored red grapes with dried, dead stems, presenting a visually unappealing and spoiled appearance that would typically evoke a strong sense of disgust in a typical viewer.",disgust
awe_14576,"The image depicts a grand, imposing Scottish castle with dramatic conical towers, dark stonework, and brooding overcast skies, which typically evokes a sense of wonder and overwhelming grandeur in viewers.",awe
fear_00724,"The dark, moody blue-black lighting combined with repeating skull motifs on fabric creates an eerie, unsettling atmosphere that is most likely to evoke fear in a typical viewer.",fear
awe_10219,"The image depicts a vibrant and elaborate traditional Indian wedding ceremony, with the bride in a stunning red and gold saree and the groom in ornate attire, both exchanging joyful gestures — evoking a warm, joyful sense of happiness and peaceful celebration that most closely aligns with contentment.",contentment
anger_00454,"The black cat's wide-open mouth revealing sharp fangs, intense glowing eyes, and aggressive posture would most likely evoke fear in a typical viewer.",fear
excitement_12746,"The image shows a motorcyclist performing a dramatic wheelie stunt on a bright green Kawasaki sportbike, which is a thrilling, high-energy action scene that would primarily evoke excitement in a typical viewer.",excitement
excitement_14217,"The image shows a group of energetic kids at what appears to be a fun outdoor sports camp, laughing, gesturing enthusiastically, and actively engaging in a game — evoking a strong sense of lively, joyful high-energy fun that most closely maps to excitement.",excitement
excitement_12063,"The image shows a performer on stage with arms outstretched, an energetic crowd reaching up toward him, and a vibrant concert backdrop — a scene of high-energy live music that typically evokes excitement in a viewer.",excitement
contentment_00600,"The image of a small toddler sitting in a stroller, wearing a red bib and pink heart leggings while eating a treat, evokes a warm, pleasant feeling of contentment — the child looks calm and happily engaged with her snack in an everyday, peaceful outdoor scene.",contentment
sadness_06608,"The image shows a man in profile with a serious, pensive expression under dim, cool lighting with a dark, blurred background — the overall mood is somber and introspective, evoking sadness in a typical viewer.",sadness
disgust_09349,"The image combines a vast, hazy cityscape at dusk with a foreground of discarded cigarette butts on a grimy ledge, evoking a sense of urban decay and melancholy that most strongly produces sadness in a typical viewer.",sadness
contentment_08503,"The image shows a joyful family at the beach, with two parents swinging a laughing child over the water in golden sunlight — a warm, playful, and heartwarming scene that most strongly evokes a sense of peaceful happiness and familial warmth.",contentment
disgust_02024,"The image shows a large accumulation of discarded plastic cups and litter on the ground, which is visually repulsive and evokes a strong sense of revulsion at the environmental waste and uncleanliness.",disgust
contentment_09244,"The image shows a cluster of vibrant purple and yellow aster flowers in full bloom with soft bokeh background, evoking a calm, pleasant, and serene feeling typical of a peaceful garden scene.",contentment
anger_10451,"The man is grinning/laughing while looking at his mug in a playful, lighthearted way, which evokes a sense of amusement in a typical viewer.",amusement
disgust_04183,"The image features a millipede — a creepy, multi-legged invertebrate — crawling on a mossy rock, which typically triggers an instinctive aversion or revulsion response in most viewers.",disgust
contentment_16206,"The image shows a gleeful toddler laughing and running through a fountain, which typically evokes a warm, light-hearted sense of amusement in viewers due to the child's uninhibited joy and playful behavior.",amusement
excitement_04253,"The woman is smiling broadly with her arms spread wide in a triumphant, joyful pose in what appears to be a grand Parisian square, evoking a sense of lively, energetic happiness and excitement in the viewer.",excitement
disgust_10734,"The image depicts a massive, smoldering landfill or garbage dump shrouded in smoke, with piles of waste and scavenging birds — a scene of environmental degradation that most viewers would find visually repulsive and revolting, making disgust the overwhelmingly dominant emotion.",disgust
amusement_03463,"The image features elegant, glittering Christmas ornaments — a jeweled ball and sparkly star decorations nestled among pine branches — evoking a warm, peaceful, festive atmosphere that most viewers would associate with holiday comfort and satisfaction.",contentment
disgust_04021,"The image prominently features a severed pig's head hanging at a market stall alongside piles of raw and cured meats with price tags, which most typical viewers would find viscerally repulsive and off-putting, making disgust the dominant emotional response.",disgust
amusement_08462,"The image showcases the iconic London Eye against a dramatic golden-hour sky with sweeping clouds and the River Thames in the foreground, creating a grand, majestic scene that typically inspires a sense of wonder and awe in viewers.",awe
sadness_11584,"The image shows an exhausted, dirt-covered firefighter slumped against a wall with spent equipment beside him, conveying profound weariness and grief that typically evokes sadness in viewers.",sadness
contentment_04700,"The image of a small monkey contentedly clutching and nibbling on a red apple in a peaceful natural setting evokes a warm, charming sense of amusement in a typical viewer — the relatable, almost human-like behavior of the animal enjoying its snack is endearing and lightly humorous.",amusement
awe_09370,"The image shows a lush, colorful field of blooming poppies in vibrant shades of pink, red, and orange-yellow, creating a visually serene and harmonious natural scene that typically evokes a calm, peaceful sense of well-being and satisfaction.",contentment
anger_07419,"A male lion with its mouth wide open in a dramatic yawn, exposing large teeth and a long tongue, is likely to evoke amusement in a typical viewer — the exaggerated, almost comical expression of the yawning lion in a zoo setting reads as funny and lighthearted rather than threatening.",amusement
excitement_18983,"The image depicts a colorful, eccentrically dressed parade participant with a flamboyant outfit, top hat, long hair, and a playful sign, evoking a lighthearted, humorous reaction in a typical viewer.",amusement
amusement_11817,"The woman is laughing heartily with her head thrown back, conveying a lighthearted, jovial moment that would evoke amusement in a typical viewer.",amusement
fear_05565,"The dark, dimly lit gothic corridor with deep shadows, flickering candle-like wall sconces, ominous arches receding into blackness, and what appears to be glowing ""eyes"" in the distance creates a deeply unsettling, threatening atmosphere that most viewers would associate with fear.",fear
sadness_08252,"The young man's downward gaze, furrowed brow, resting head on clasped hands, and overall withdrawn, brooding posture in a stark black-and-white setting evoke a sense of melancholy and introspection in the viewer.",sadness
awe_09885,"The image showcases a dramatic, majestic mountain landscape with snow-capped peaks, a serene lake, and lush evergreen forests under a vivid blue sky — a scene of overwhelming natural grandeur that typically evokes a sense of awe in viewers.",awe
excitement_15495,"The image shows a young boy with clenched fists and a wide grin, clearly thrilled and energized while looking out a ferry window at a city skyline (Seattle), which conveys a strong sense of joyful excitement in a typical viewer.",excitement
contentment_10703,"The image of a fluffy, long-haired donkey peacefully grazing among white wildflowers in a lush green meadow evokes a calm, pleasant, and serene feeling — the quintessential marker of contentment.",contentment
disgust_00709,"The image shows a close-up of a spiky, dark-colored caterpillar with bristly hairs, which typically triggers a creepy or unsettling reaction in viewers due to its alien-like appearance, sharp spines, and the instinctive aversion many people have toward insects and larvae.",disgust
amusement_02703,"The image shows a group of four people smiling and laughing together in an outdoor setting, radiating warmth and happiness, which evokes a relaxed, pleasant feeling of contentment in a typical viewer.",contentment
sadness_07999,"The image shows a partially renovated building interior with exposed brick, old wooden beams, and a weatherproofing membrane — evoking a quiet, nostalgic, unfinished domestic scene that most viewers would find mildly pleasant and calm rather than exciting or distressing.",contentment
contentment_07240,"A tiny lion cub curled up and sleeping snugly in the crevice of a rock is an overwhelmingly cute and peaceful scene, most likely evoking a warm, satisfied feeling of contentment in a typical viewer.",contentment
fear_09609,"The image shows two people with clothing covered in what appears to be fake blood, likely from a zombie walk or Halloween event. While the context suggests it's theatrical/costume-related, the dominant visceral reaction a typical viewer would experience upon first seeing the graphic blood-soaked clothing is disgust.",disgust
sadness_04631,"The image depicts an elderly woman sitting hunched on a sidewalk, barefoot and begging with a cup, while well-dressed passersby walk past ignoring her — a powerful scene of poverty, isolation, and human suffering that most viewers would find deeply moving and sorrowful.",sadness
sadness_12725,"The image shows crumbling, war-damaged ruins of buildings with empty window frames and deteriorated stone walls, likely the preserved ruins of Oradour-sur-Glane, a WWII massacre site, which evokes a strong sense of grief and sorrow in a typical viewer.",sadness
sadness_02092,"The image shows a serene chestnut horse calmly grazing in a lush green pasture, evoking a peaceful, pleasant feeling of tranquility and simple natural beauty.",contentment
anger_07204,"The image captures two boxers in an intense sparring exchange, with one fighter taking a punch to the face — the dynamic action, physical aggression, and raw combat energy most strongly evoke excitement in a typical viewer.",excitement
awe_07298,"The image depicts a serene, golden-grassed hillside with a winding path leading to a picturesque lighthouse under a clear blue sky, with two silhouetted figures standing together — evoking a peaceful, tranquil sense of calm and satisfaction rather than intense excitement or negativity.",contentment
awe_05709,"The image depicts a serene winter sunset over a frozen lake, with warm golden light reflecting on the ice and dramatic clouds in the sky — a breathtaking natural scene that inspires a sense of wonder and grandeur in a typical viewer.",awe
contentment_14638,"The image shows a young boy confidently posed in a stylish denim outfit with red sunglasses and sneakers, grinning broadly — a lighthearted, charming scene that most viewers would find cute and funny, evoking amusement.",amusement
anger_05766,"The man is grimacing with bared teeth, furrowed brows, and making a rude gesture, all of which are strong visual cues that would primarily evoke anger in a typical viewer.",anger
amusement_00608,"The image shows a man relaxed in a chair, wearing sunglasses and a sports jersey, casually raising a champagne flute — a scene of leisure and quiet satisfaction that most viewers would associate with contentment.",contentment
excitement_02120,"The image depicts a lively Pride parade with people dancing, waving rainbow flags, wearing colorful accessories, and visibly celebrating — the energetic, festive atmosphere strongly evokes excitement in a typical viewer.",excitement
excitement_03755,"The image shows elaborately costumed performers on a parade float, arms raised and engaging with the crowd in a festive, high-energy celebration, which strongly evokes excitement in a typical viewer.",excitement
disgust_07872,"The image shows a squirrel perched atop a large pile of black garbage bags in front of a house, which is a quirky and humorous scene that most viewers would find charming and amusing rather than negative.",amusement
anger_08534,"A cheetah mid-yawn with its mouth wide open and eyes closed looks comically expressive, which most viewers would find funny and amusing rather than threatening.",amusement
amusement_05247,"The alpaca/vicuña has its eyes closed in a serene, almost smug expression while chewing on a twig, giving it an inherently comical and endearing appearance that most viewers would find funny.",amusement
awe_10343,"The image depicts an ornate Baroque altar with intricate gold and white decorative architecture and a revered religious statue (a Black Madonna with Child), evoking a sense of grandeur, magnificence, and spiritual reverence that most strongly produces awe in a typical viewer.",awe
amusement_17008,"The image shows a beautifully decorated cupcake topped with dried citrus slices, photographed with warm bokeh lighting and a cozy table setting, evoking a calm, pleasant sense of satisfaction and well-being.",contentment
amusement_00285,"The image features a colorful, whimsically painted elephant sculpture on a boat bow alongside a tall sailing ship decorated with flags in a vibrant harbor setting — the quirky, playful art installation combined with the festive nautical scene is likely to amuse a typical viewer.",amusement
excitement_08108,"The image shows three men smiling broadly and posing together with medals around their necks, clearly celebrating an athletic achievement — this warm, triumphant camaraderie evokes a calm, satisfied happiness most aligned with contentment.",contentment
anger_03621,"The image captures a high-intensity boxing match mid-punch, with sweat flying from the impact — a dynamic, action-packed moment that typically triggers a surge of excitement in viewers watching a competitive athletic contest.",excitement
disgust_02396,"A close-up of a large, boldly-patterned wasp spider (Argiope bruennichi) centered in its web is a classic arachnophobia trigger; the prominent spider filling the frame would most strongly evoke fear in a typical viewer.",fear
sadness_02371,"The image depicts a man in formal black attire solemnly placing a floral wreath on a grave marker, with candles and flowers already present — a scene of mourning and remembrance that evokes sadness in a typical viewer.",sadness
excitement_01644,"The image depicts a dynamic ice hockey game with players in active competition, skating fast and battling for the puck, which typically evokes a sense of high-energy thrill and excitement in a typical viewer.",excitement
disgust_09026,"A hairy, spiky caterpillar crawling on a rough, pitted rock surface is likely to trigger a mild visceral repulsion in a typical viewer due to its bristly, creepy-crawly appearance, making disgust the dominant emotional response.",disgust
sadness_10652,"The image shows two young people sitting on a curb with slumped postures, downcast expressions, and closed-off body language, evoking a strong sense of melancholy and emotional distress in the viewer.",sadness
sadness_01413,"A majestic male lion sitting calmly in the open savanna, seen up close in the wild, evokes a sense of wonder and reverence at nature's grandeur and the animal's raw power and beauty.",awe
fear_09911,"The image features a horror DVD collection box with a glowing skull, lightning bolts, dripping blood-red text, and titles like ""Scream Bloody Murder"" and ""Crypt of the Living Dead"" — all classic visual cues designed to evoke fear in a typical viewer.",fear
sadness_08835,"The image shows a young toddler with a pouty, sulky expression — lips pushed out in a classic ""pout"" face — which most viewers would find endearing and funny, evoking amusement rather than any negative emotion.",amusement
anger_10457,"The image depicts a large, rapidly spreading wildfire with towering flames and thick black smoke engulfing a dry grassland, with a lone figure dwarfed by the inferno — the scale, danger, and uncontrollable nature of the scene most strongly evokes fear in a typical viewer.",fear
anger_10744,"The image shows a person with eyes tightly shut, teeth clenched, and a fist raised near the head, conveying an intense, aggressive expression that most strongly evokes fear in a typical viewer.",fear
amusement_15526,"The image shows charming handmade Christmas cards with festive decorations like a twine bow, Santa hat, and a decorated tree, evoking a warm, peaceful, holiday feeling typical of contentment rather than high-arousal excitement.",contentment
disgust_08945,"The image shows a crushed, discarded Coca-Cola can lying in dirty snow among dead grass, evoking a sense of littering, environmental neglect, and decay — most likely triggering disgust in a typical viewer.",disgust
fear_11448,"The image depicts a ceramic skull-like mask with horns lying among dried grass and dark wood, with what appears to be a snake coiled through it — the combination of a death-associated skull, a sinister reptile, dark shadowy lighting, and eerie supernatural aesthetics is most likely to evoke fear in a typical viewer.",fear
sadness_01615,"The image shows a weathered military gravestone of a Spanish-American War veteran in a peaceful cemetery, evoking a sense of mourning and loss for a fallen soldier.",sadness
anger_00806,"The image shows women at a rally holding signs to ""Celebrate International Women's Day,"" conveying a sense of collective purpose and spirited advocacy that would most strongly evoke excitement in a typical viewer.",excitement
anger_05812,"The extreme close-up of a tiger's face with intense piercing eyes, open mouth, and exposed tongue creates a sense of primal danger and threat, which would predominantly evoke fear in a typical viewer.",fear
awe_03434,"The image depicts the ancient Inca citadel of Machu Picchu set against dramatic cloud-shrouded mountains, a scene of breathtaking grandeur and historical wonder that would overwhelmingly evoke a sense of awe in a typical viewer.",awe
awe_00642,The image features a powerful F-15 military jet on a sunlit tarmac with a dramatic backlit composition and a confident airman standing in silhouette — a visually striking scene that evokes a strong sense of wonder and grandeur in a typical viewer.,awe
awe_07526,"The image showcases a massive, powerful waterfall with a vivid full rainbow arching over the mist-filled gorge, lush green forest, and dramatic scale — a breathtaking natural spectacle that overwhelmingly inspires a sense of wonder and awe in a typical viewer.",awe
excitement_01876,"The image shows football/soccer players in a jubilant group celebration — jumping on each other after what appears to be a goal — which strongly conveys the high-energy, celebratory thrill typical of a sporting triumph, making excitement the dominant emotion a viewer would feel.",excitement
anger_03273,A young male lion resting in the savanna grass with its mouth open and tongue out evokes a sense of wonder and reverence toward the power and majesty of wild nature.,awe
awe_14068,"The image shows soft pink lilies in full bloom against a lush green background, bathed in warm sunlight — a serene, pleasant natural scene that evokes a calm sense of peace and satisfaction rather than strong arousal.",contentment
excitement_04453,"The image shows two people white-water rafting in churning rapids, with one person appearing to be partially thrown from their raft — the dynamic, high-energy action scene and the element of danger and unpredictability most strongly evokes excitement in a typical viewer.",excitement
disgust_08597,"A large, prominently featured spider in close-up on its web triggers an instinctive arachnophobic response in most typical viewers, making fear the dominant emotion.",fear
anger_03454,"The black-and-white image of a large gorilla confined behind cracked or scratched glass, staring intensely at the viewer from within an enclosure, evokes a sense of sadness — the animal appears powerful yet trapped, and the somber monochrome tone reinforces a melancholic feeling of captivity and confinement.",sadness
disgust_10715,"The image shows a large pile of scattered garbage and waste overflowing in an alleyway, which is a prototypical elicitor of disgust in viewers due to the visual association with filth, decay, and contamination.",disgust
sadness_09985,"The close-up black-and-white shot of a man with a deeply furrowed brow, tense facial muscles, and a hard, downward-turned mouth projects a strong sense of brooding hostility that most viewers would read as anger.",anger
disgust_04268,"The vivid, layered bracket fungi with rich orange and reddish-brown hues growing on a dark, decaying log in a lush forest setting create a striking natural scene that most viewers would find wondrous and visually impressive, evoking a sense of awe at nature's intricate beauty.",awe
awe_05066,"Two seagulls soaring gracefully through a vivid blue sky with wings fully spread evokes a sense of peaceful beauty and serene wonder, most closely aligned with contentment.",contentment
fear_13275,"The dark, deserted underground parking garage with wet floors, harsh shadows, and a long vanishing corridor creates a deeply unsettling, threatening atmosphere that evokes fear in a typical viewer.",fear
contentment_12227,"The image shows children smiling and enthusiastically holding a large snake together, suggesting a hands-on, novel experience that would evoke a sense of excitement and wonder in a typical viewer.",excitement
disgust_05323,"The image shows a crumbling, deteriorating brick wall with a broken hole through which tattered, dirty plastic sheeting and debris spill out onto the ground, evoking a sense of urban decay, neglect, and desolation that most strongly triggers sadness in a typical viewer.",sadness
fear_13913,"The image depicts a creepy, zombie-like Dracula/vampire action figure with a grotesque face, outstretched clawed hands, and a dramatic shadow looming behind it — classic horror imagery designed to evoke fear in a typical viewer.",fear
anger_03634,"The image of an orange-and-white cat mid-yawn with its mouth wide open and eyes squinted is inherently comedic and endearing, most likely eliciting amusement in a typical viewer.",amusement
contentment_13149,"The image shows a person standing before a vast, dramatic snow-capped mountain range under a vivid blue sky, a classic vista that overwhelmingly evokes a sense of grandeur and wonder in a typical viewer.",awe
amusement_11842,"The image shows a group of people dressed in festive Santa/Christmas costumes, smiling and posing together in the rain, which evokes a lighthearted, humorous reaction in a typical viewer due to the playful outfits and cheerful expressions.",amusement
awe_01752,"The image shows a large, majestic cruise ship sailing calmly on open water under an overcast sky — a peaceful, grand scene that most viewers would find serene and impressive, evoking a sense of awe at the vessel's scale and elegance.",awe
awe_01414,"The image shows the iconic Hogwarts Castle at Universal's Wizarding World of Harry Potter, a grand and imposing structure perched dramatically on rocky cliffs and surrounded by crowds of visitors — the sheer scale, fantasy architecture, and magical atmosphere naturally inspire a sense of wonder and awe in a typical viewer.",awe
contentment_05062,"The extreme close-up of the cat's wide, intensely golden eyes gazing upward gives the image a striking, almost overwhelming visual impact that typically evokes a sense of wonder and awe in viewers.",awe
excitement_08210,"The image shows a lively live concert performance at SAS Bal 2009, with colorful dynamic stage lighting, energetic performers playing instruments and singing, which typically evokes a strong sense of excitement in viewers.",excitement
fear_09499,"The image shows two people with zombie-style makeup and fake wounds/bandages, which are clearly Halloween or cosplay costumes; while the gore aesthetic could initially suggest fear or disgust, the theatrical, performative nature of the costumes and the playful pose (one appearing to ""attack"" the other) would most likely evoke amusement in a typical viewer.",amusement
sadness_00048,"The black-and-white image of a woman sitting alone in a dimly lit room, gazing pensively out a rain-streaked window with a cup nearby, conveys a strong sense of melancholy and introspection, evoking sadness in a typical viewer.",sadness
amusement_03887,"The close-up of a softly colored dahlia with delicate pink-tipped petals and glistening water droplets creates a serene, peaceful, and quietly beautiful scene that most viewers would find deeply satisfying and calming rather than stimulating or alarming.",contentment
amusement_03057,"The image shows a cheerful vintage red car decorated with Christmas ornaments and reindeer antlers, driven by a smiling person waving during a festive holiday parade — a lively, celebratory scene that most viewers would find energizing and fun.",excitement
awe_09513,"The image showcases a grand, snow-capped mountain range with towering peaks, sweeping scree slopes, and a foreground of tall evergreen trees under a partly cloudy sky — a classic sublime natural landscape that typically evokes a sense of overwhelming wonder and grandeur in viewers.",awe
sadness_01589,"The dim, cool blue lighting, the wilted and dried flowers, the tangled bare branches, and the woman's somber downward gaze combine to create a melancholic, forlorn atmosphere that most strongly evokes sadness in a typical viewer.",sadness
disgust_04279,"The close-up of a warm, cheesy, saucy meatball sandwich being held up evokes a strong sense of appetite appeal and feel-good indulgence, which most strongly maps to contentment — the satisfied, comforting pleasure associated with delicious, hearty food.",contentment
anger_06246,"The dramatic, roaring flames with flying sparks in a forge setting create a powerful, dynamic visual that is most likely to evoke awe in a typical viewer — a sense of wonder and respect for the raw, intense power of fire.",awe
contentment_14892,"The image shows a young girl in an ornate green velvet dress lying quietly among decorative pillows, gazing softly at the camera with a calm, slightly wistful expression — evoking a gentle sense of tranquility and peaceful melancholy in the viewer.",contentment
anger_01690,"The image depicts a police officer pushing a person against a fence in what appears to be an arrest or forceful detainment, which typically evokes a strong sense of fear in a typical viewer due to the tense, confrontational nature of the scene.",fear
excitement_19372,"The image shows a person in a vibrant rainbow fringe costume with an orange wig, performing energetically at what appears to be a Pride parade — the bold colors, lively performance pose, and festive crowd create a strong sense of excitement in a typical viewer.",excitement
excitement_13427,"The man is grinning widely with his mouth wide open, proudly holding an oversized novelty Multnomah County Library card with his name ""Mikey"" written on it at what appears to be a festive outdoor event — the playful, humorous prop combined with his exaggerated joyful expression makes the scene inherently funny and lighthearted, evoking amusement in a typical viewer.",amusement
sadness_09642,"The image depicts people crouching down to light candles and lay flowers at what appears to be a memorial or vigil, with solemn expressions and a crowd gathered in mourning — evoking a strong sense of grief and sorrow in a typical viewer.",sadness
fear_07788,"The image is dominated by deep red lighting, heavy shadows, and an eerie face-like figure labeled ""DUG"" emerging from the darkness, creating a distinctly unsettling and creepy atmosphere that would most strongly evoke fear in a typical viewer.",fear
amusement_12736,"The image shows a young girl gleefully bouncing on a red space hopper ball at an outdoor event while an adult watches and smiles, evoking a lighthearted, playful, and fun atmosphere that typically elicits amusement in viewers.",amusement
contentment_14733,"The image shows a couple sharing a warm, playful moment on a snowy road surrounded by winter trees — the woman is smiling and gently touching the man's face, evoking a peaceful, warm sense of happiness and ease rather than high-arousal excitement, making contentment the strongest dominant emotion.",contentment
contentment_03289,"The image shows a group of young men in matching outfits playfully piling on top of one another on a grassy lawn, with exaggerated gestures and energetic poses that suggest a fun, lighthearted game — evoking laughter and amusement in a typical viewer.",amusement
awe_02041,"The image shows a lone seagull standing peacefully on a quiet, gently lapping shoreline in soft, warm light — a calm and serene natural scene that evokes a sense of tranquility and peaceful satisfaction.",contentment
anger_08024,"The image depicts a protest march with signs reading ""Stop Killing Black People"" and ""Defund the Police,"" conveying a scene of social injustice and collective outrage that most typically evokes anger in a viewer.",anger
contentment_06981,"The image shows a smiling woman warmly embracing an adorable dog dressed in a coat, evoking a warm, peaceful, and satisfied feeling rather than high-arousal excitement — typical of contentment.",contentment
amusement_18748,"The image features a tall, colorful Ferris wheel under a bright blue sky, evoking the thrill and energy of an amusement park, which strongly elicits excitement in a typical viewer.",excitement
sadness_01471,"The image depicts a weathered gravestone with the name ""Mary Ann"" partially visible, set in a grassy cemetery — a scene typically associated with death, mourning, and loss, which evokes sadness in a typical viewer.",sadness
fear_14288,"The image shows Disney character mascots (Oogie Boogie from Nightmare Before Christmas and the Queen of Hearts) parading at what appears to be a Disney theme park night event, which typically evokes a sense of fun and playful delight in viewers.",amusement
anger_07644,"The image depicts a forest fire with flames creeping across the ground and smoke filling the air among tall pine trees, which evokes a sense of threat, danger, and unease — the dominant emotion a typical viewer would feel is fear.",fear
amusement_09128,"The image shows a beautifully plated, elegantly decorated slice of cake with a flower garnish and decorative chocolate piece, evoking a pleasant, satisfied feeling of comfort and pleasure in a typical viewer.",contentment
sadness_00213,"The image depicts a military funeral scene with soldiers carrying a coffin, a wooden cross, memorial portraits, and a grieving woman in mourning attire, all of which evoke a strong sense of loss and sorrow in a typical viewer.",sadness
disgust_10499,"The image shows a large, glossy cockroach-like insect up close on a leaf, which typically triggers a strong instinctive reaction of revulsion and repulsion in most viewers.",disgust
fear_14831,"The image shows a person in bloody zombie makeup wearing a patient gown in a dark, ominous setting, which is a classic horror/haunted attraction scenario designed to startle and frighten viewers.",fear
sadness_10448,"The man's downcast eyes, slightly drooping expression, and overall withdrawn body language evoke a sense of melancholy or low mood in a typical viewer, making sadness the dominant emotion.",sadness
excitement_10551,"The image shows hikers scrambling up dramatic red sandstone rock formations under a vivid blue sky, evoking a sense of adventure, physical challenge, and the grandeur of the natural landscape — all hallmarks of excitement.",excitement
excitement_01368,"The image captures a dynamic moment in a football game — a player mid-kick with teammates in motion and a sideline full of players watching, conveying the energy and thrill of athletic competition that typically evokes excitement in viewers.",excitement
sadness_00321,"The image depicts a solemn memorial or funeral ceremony, with formally dressed attendees in dark clothing standing in quiet, respectful observance, evoking a strong sense of grief and mourning.",sadness
sadness_00957,"The black-and-white image shows a lone figure with long hair scratching or clawing at a wooden wall in a dimly lit, enclosed space — the dark tones, isolated subject, tense body language, and ominous atmosphere strongly evoke a sense of dread and unease in a typical viewer.",fear
disgust_06971,"The image shows a large collection of used, dirty cigarette butts piled in an ashtray tray, which is inherently repulsive and unclean in appearance, evoking a strong sense of revulsion and disgust in a typical viewer.",disgust
awe_09184,"The image depicts a majestic waterfall cascading over layered rock cliffs into a serene turquoise pool, surrounded by lush greenery — a grand, breathtaking natural scene that most viewers would find overwhelmingly impressive and awe-inspiring.",awe
excitement_18159,"The image shows two guitarists performing live on stage with concert lighting, capturing the energy and dynamism of a rock performance, which typically evokes a sense of excitement in viewers.",excitement
amusement_06130,"The image shows a packed roller coaster train navigating a sharp, high-speed turn against a dramatic cloudy sky, immediately evoking the thrill and high-energy rush associated with extreme amusement park rides.",excitement
sadness_05426,"The high-contrast black-and-white image depicts a hooded, shadowy figure lurking against a dark urban wall, with face obscured and a tense, looming posture — classic visual cues that trigger a strong threat response in typical viewers.",fear
amusement_03145,"The image shows a spectacular, large-scale fireworks display bursting over a reflective body of water at night, with vivid colors and dramatic scale that typically elicits a sense of wonder and grandeur in viewers.",awe
sadness_07939,"The image shows a lone, worn metal chair abandoned in a desolate, barren landscape under a bare, leafless tree at dusk — evoking a strong sense of loneliness, abandonment, and melancholy.",sadness
anger_04323,"The large, roaring bonfire with tall dramatic flames leaping from a pile of brush in an open field creates a striking, powerful visual spectacle that is likely to evoke a sense of awe in a typical viewer.",awe
contentment_16306,"The image shows a smiling young woman relaxing on a bench surrounded by soft white wildflowers and lush greenery, creating a peaceful, harmonious scene that evokes a gentle sense of calm satisfaction and well-being in the viewer.",contentment
sadness_06871,"The image shows a young man standing alone in a bare, overcast forest, gazing into the distance with a neutral-to-somber expression — the muted colors, leafless trees, and solitary, contemplative pose evoke a quiet melancholy in a typical viewer.",sadness
disgust_09602,"The image shows a dense cluster of caterpillars (likely cabbage white butterfly larvae) swarming on a plant stem, which typically triggers a visceral sense of revulsion and disgust in most viewers due to the writhing mass of creepy crawlies.",disgust
contentment_00104,"The image of a lone figure sitting on a cliff edge, playing guitar while gazing out at the vast, gently crashing ocean evokes a peaceful, reflective sense of contentment — the serene natural setting, solitary music-making, and calm composition combine to produce a feeling of quiet satisfaction and tranquility.",contentment
awe_00259,"The image depicts ancient, partially ruined Buddhist chedis (stupas) set within a lush green temple complex, likely in Ayutthaya, Thailand — a UNESCO World Heritage Site. The grandeur of the aged stone structures, their historical and spiritual significance, and the sweeping elevated view of the serene grounds combine to evoke a sense of wonder and reverence in a typical viewer.",awe
anger_05159,"The aerial view of a large, spreading wildfire consuming a forest edge, with intense orange flames and massive billowing smoke clouds, evokes a strong sense of fear in a typical viewer due to the overwhelming scale of destruction and the perceived danger and threat to life and environment.",fear
awe_04504,"The image depicts a sweeping mountain sunset with vivid pink and orange clouds, towering evergreen silhouettes, and a vast layered landscape — a classic natural scene that typically evokes a sense of wonder and grandeur in viewers.",awe
fear_13435,"The image depicts a building engulfed in thick smoke with a fire truck barely visible within the chaos, evoking a strong sense of danger and threat that would typically trigger fear in a viewer.",fear
excitement_04421,"The image captures a horse and rider mid-jump over an obstacle in an equestrian competition, conveying dynamic movement, skill, and athletic energy that typically evokes a strong sense of excitement in viewers.",excitement
amusement_08320,"The image depicts a charming, elegantly dressed Santa Claus figurine with fluffy white fur trim, gold accents, and a warmly decorated Christmas tree in the background — a festive, peaceful scene that evokes a warm sense of holiday calm and satisfaction rather than active excitement.",contentment
fear_04218,"The image shows a person in dramatic face paint (white face, dark eyes, black lips) resembling a gothic or horror costume, sitting across from someone at a table with tarot cards — the theatrical, costume-like setup and eerie appearance would most strongly evoke amusement in a typical viewer, as it reads as playful Halloween or costume role-play rather than a genuinely threatening scene.",amusement
disgust_08827,"The image shows a dark, moss-covered stone pit or vault descending into blackness, surrounded by fallen autumn leaves — the combination of the foreboding underground structure, darkness at its end, and gloomy autumnal setting evokes a sense of dread or unease in a typical viewer.",fear
fear_04136,"The image depicts a dimly lit, overgrown graveyard at night with ancient tombstones and a gnarled, eerily lit tree, creating a dark and foreboding atmosphere that most strongly evokes fear in a typical viewer.",fear
sadness_11654,"The image shows snow-covered military gravestones in a cemetery during a snowstorm, with a single wilting flower left as a tribute — a scene of loss, mourning, and solemnity that most viewers would find deeply sorrowful.",sadness
excitement_13437,"The image shows a performer in a vibrant, elaborate carnival/parade costume with bold feathered headdress, sequins, and beadwork parading before a lively crowd, which typically evokes a strong sense of excitement in viewers.",excitement
contentment_05832,"The image shows two women in colorful traditional attire smiling warmly, creating a welcoming and pleasant atmosphere that evokes a calm sense of happiness and well-being in the viewer.",contentment
fear_12137,"The image depicts a person in a highly realistic, unsettling witch costume with green face paint, eerie yellow eyes, dark makeup, and a sinister expression, all designed to evoke a Halloween-style fright response in a typical viewer.",fear
disgust_06162,"The close-up macro shot of a grasshopper perched on a blade of grass, surrounded by vibrant green bokeh, creates a visually peaceful and harmonious natural scene that most viewers would find calming and pleasant.",contentment
amusement_19232,"The image shows an adorable baby sitting in a bright pink car seat in a shopping cart, chewing on a colorful toy — a universally endearing, lighthearted scene that most viewers would find charming and quietly pleasing, evoking a warm sense of contentment.",contentment
anger_05077,"A lion with its mouth wide open, baring large fangs and teeth directly at the viewer, is a classic threat display that most typical viewers would find intensely intimidating and frightening.",fear
amusement_03468,"The image shows a vibrant, colorful SUP/surfboard with tribal artwork resting on a wooden deck, evoking a sense of anticipation and energy associated with outdoor water sports and adventure.",excitement
amusement_16472,"The image shows a quirky, cartoonish orange bird toy (Disney's Orange Bird) with oversized googly eyes and a silly open beak, which is inherently playful and humorous, most likely evoking a lighthearted sense of amusement in a typical viewer.",amusement
excitement_15334,"The image shows a person standing in a vast, pristine snow-covered mountain landscape with arms outstretched under a vivid blue sky, evoking a strong sense of wonder and grandeur at the sweeping natural scenery.",awe
contentment_05518,"The image shows soft pink roses blooming amid lush green foliage near a quiet cottage, creating a serene, pleasant, and peaceful garden scene that evokes a calm sense of satisfaction and well-being.",contentment
fear_08271,"The mural features multiple great white sharks with wide-open jaws full of teeth, rendered in a dark, gritty urban setting with dripping red paint evoking blood — imagery that most strongly triggers a primal fear response in a typical viewer.",fear
sadness_08287,"The close-up portrait of the monkey with its slightly open mouth, soft fur, and contemplative gaze evokes a gentle, pleasant feeling of warmth and calm satisfaction in a typical viewer.",contentment
excitement_17730,"The image shows a live outdoor music festival with energetic performers on stage under bright lights, creating a vibrant, high-energy atmosphere that typically evokes excitement in viewers.",excitement
disgust_04439,"The image shows a close-up of what appears to be a murky, bubbly liquid with dark, slimy-looking sediment and greenish algae-like matter, which most viewers would find visually repulsive and unpleasant.",disgust
awe_06942,"The image features a breathtaking winter landscape with snow-capped mountains, a glassy reflective pool, and a dramatic pastel sunset sky — a scene of grand, majestic natural beauty that overwhelmingly evokes a sense of wonder and awe in a typical viewer.",awe
fear_10384,"The image shows a young man on a subway holding a blood-splattered Ghostface (Scream) Halloween mask, which is an iconic horror prop designed to evoke fright; the combination of the gory mask and the dark setting is most likely to trigger fear in a typical viewer.",fear
sadness_10814,"The image shows a man with messy hair, resting his head on his hand with a tired, downcast expression during what appears to be a video call, which strongly conveys a sense of exhaustion and low mood, evoking sadness in a typical viewer.",sadness
awe_12329,"The image features a vivid rainbow arching over lush, misty green mountains with dramatic cloudy skies — a breathtaking natural scene that typically evokes a sense of wonder and grandeur in viewers.",awe
excitement_10218,"The image shows a man joyfully leaping into the air against a dramatic, sunlit cloudy sky over water — the dynamic mid-air pose, big smile, and energetic atmosphere most strongly evoke excitement in a typical viewer.",excitement
fear_09271,"The image depicts two grotesque, zombie-like figures in bloody doctor costumes in a dark setting, with unsettling facial features designed to disturb and frighten viewers, making fear the dominant emotion evoked.",fear
awe_12968,"The image shows a Harris's hawk standing on grass with a piece of raw meat/prey in its beak, which is a visceral, graphic depiction of predation that most typical viewers would find repulsive or unsettling, making disgust the dominant emotional response.",disgust
sadness_00226,"The image depicts a vast, decaying abandoned industrial building filled with massive piles of debris and broken materials, evoking a strong sense of desolation, loss, and ruin that would most prominently trigger sadness in a typical viewer.",sadness
amusement_13903,"Two toddlers playing outdoors near a small stream surrounded by lush green grass evokes a warm, peaceful sense of joy and well-being in a typical viewer.",contentment
contentment_04893,"The image shows a warm, tender moment between an older man (likely a father or grandfather) smiling gently while holding a young boy close, evoking a sense of quiet warmth, safety, and familial love that most viewers would experience as contentment.",contentment
sadness_01580,"The image depicts an abandoned, decaying interior with dirty windows, peeling walls, debris on the floor, and discarded items — evoking a strong sense of desolation, loss, and melancholy that most viewers would associate with sadness.",sadness
excitement_07699,"The image shows a live band performing energetically on a lit stage, which typically evokes a sense of excitement and high energy in viewers.",excitement
awe_11596,"The image shows Maasai men in vibrant, colorful traditional garments and beaded jewelry, appearing to sing or chant together in a communal ritual — a visually striking and culturally rich scene that typically evokes a sense of awe in a typical viewer.",awe
amusement_17142,"The image shows two young toddlers playing together on the floor — one in a Super Mario onesie lying down and smiling, the other sitting over them interacting playfully — evoking a warm, lighthearted, and playful scene that most viewers would find charming and amusing.",amusement
awe_05188,"The solitary candle burning in near-total darkness on a cold stone floor evokes a quiet, reflective melancholy — the lone flickering flame in an empty, shadowy space most strongly suggests sadness or solemn mourning to a typical viewer.",sadness
disgust_03806,"The image shows a dense mass of wriggling earthworms tangled together in dark, moist soil and decomposing matter, which most typical viewers would find viscerally repulsive and revolting.",disgust
anger_07010,"The close-up of a roaring tiger with its mouth wide open, baring large fangs, is a powerful and threatening image that most viewers would find intimidating and alarming, evoking a primal sense of fear.",fear
fear_00230,"The image depicts a person in highly realistic zombie makeup with a grotesque, decayed face, blood, and clawed hands lunging toward the camera against a dark, ominous Halloween backdrop — a classic horror scene designed to startle and frighten the viewer.",fear
excitement_11805,"The image shows a group of people in zombie costumes with theatrical makeup, striking dramatic poses with raised hands and clawing gestures in what appears to be a rehearsal or performance setting — the playful, over-the-top Halloween-style costumes and energetic group posing are more likely to elicit amusement than genuine fear in a typical viewer.",amusement
sadness_07754,"The image depicts an abandoned, dilapidated interior with peeling paint, broken windows, scattered debris, and a ""Private Property – No Trespassing"" sign, collectively evoking a strong sense of loss and neglect that most viewers would experience as sadness.",sadness
awe_08946,"The image showcases a sweeping panoramic view of Edinburgh's historic cityscape with dramatic Arthur's Seat rising behind it under a bright, partly cloudy sky — a grand and majestic scene that typically inspires a sense of wonder and grandeur in viewers.",awe
contentment_09311,"The image shows a beautifully presented sushi plate with colorful rolls, sashimi, and garnishes, which typically evokes a sense of calm satisfaction and pleasant comfort in viewers, characteristic of contentment.",contentment
sadness_12568,"The image shows a decrepit elevator with ""DON'T OPEN DEAD INSIDE"" written in dripping, blood-like lettering along with a handprint, set in an abandoned, dimly lit corridor — classic horror imagery that strongly evokes fear in a typical viewer.",fear
amusement_13807,"The image shows three generations of women — a grandmother, mother, and toddler — sitting together on a porch step surrounded by festive pumpkins, with the mother laughing openly and the scene radiating warmth and familial joy, which most strongly evokes a calm, warm sense of happiness and well-being.",contentment
excitement_15510,"The image shows an energetic guitarist performing on stage in a festive Christmas-themed outfit (green sweater, Santa hat, chains), kneeling dramatically while shredding — the vibrant stage lights, holiday décor, and high-energy performance posture combine to evoke a strong sense of excitement in a typical viewer.",excitement
sadness_08691,"The image of a tiny, wide-eyed Chihuahua puppy being gently cradled evokes a warm, pleasant feeling of calm happiness and comfort, most closely aligned with contentment.",contentment
amusement_16687,"The vivid, close-up shot of a brilliantly red lily adorned with glistening raindrops, set against lush green foliage, evokes a sense of wonder and admiration at the beauty of nature, most closely aligning with awe.",awe
sadness_05663,"The weathered stone statue of a figure gazing upward with a solemn, yearning expression, set against a dark, aged backdrop, evokes a sense of reverent wonder and grandeur typical of awe.",awe
disgust_06125,"The image depicts a person hunched over and appearing to vomit, which is a viscerally unpleasant sight that typically triggers a strong disgust response in viewers.",disgust
awe_08417,"The image depicts a serene sunset over a calm lake with a silhouetted bare tree in the foreground, creating a visually stunning and majestic scene that would inspire a sense of wonder and reverence in a typical viewer.",awe
anger_07178,"The image shows a man at what appears to be a rally or protest, holding a large cardboard thumbs-up sign, wearing a playful purple t-shirt — the lighthearted, oversized prop and casual protest atmosphere are likely to evoke amusement in a typical viewer.",amusement
fear_06054,"The image shows multiple human skulls and bones piled in a dark, underground ossuary setting, which is a viscerally unsettling sight that most typical viewers would find frightening and eerie.",fear
excitement_02496,"The image shows a lone figure walking into a misty, lush path with arms spread wide, evoking a sense of wonder and grandeur at the vast, atmospheric natural landscape ahead.",awe
contentment_04996,"The diptych combines a misty, monochrome image of a lone goose gliding on still water with a dreamy, motion-blurred reflection of bare winter trees — the muted tones, quiet solitude, and melancholic atmosphere evoke a gentle, peaceful sense of calm that most closely aligns with contentment.",contentment
amusement_04556,"The close-up of two delicate, softly colored flowers with intricate petal details and harmonious color gradients evokes a calm, pleasant sense of peace and satisfaction in a typical viewer.",contentment
contentment_15096,"The close-up image of vibrant purple grape hyacinths (Muscari) bathed in soft natural light, set against a lush green background, evokes a calm, pleasant, and harmonious feeling — the hallmark of contentment rather than excitement or awe.",contentment
awe_00074,"The image shows a vivid full rainbow arching over a lush, neatly tended apple orchard under a bright blue sky — a breathtaking natural spectacle that typically inspires a sense of wonder and awe in viewers.",awe
disgust_08784,"A close-up macro photograph of a moth with a spotted, somewhat unsettling appearance resting on wood is likely to evoke a mild sense of disgust or creepiness in a typical viewer who is averse to insects.",disgust
anger_06315,"A burning $100 bill powerfully symbolizes financial loss, waste, or destruction of wealth, which most viewers would find deeply unsettling and would most strongly evoke sadness over the destruction of something valuable.",sadness
fear_09353,"The image shows three eerie, vampire/horror-themed dolls or action figures with unsettling facial expressions and glass dome heads, which would most strongly evoke fear in a typical viewer due to their creepy, uncanny-valley appearance.",fear
excitement_08944,"The image shows a lively crowd of people at what appears to be a Pride parade or festival, with colorful outfits, rainbow flags, and a central figure cheering with arms raised — the vibrant energy, celebratory body language, and festive atmosphere most strongly evoke excitement in a typical viewer.",excitement
sadness_12637,"The image shows what appears to be a Boy Scout ceremony or formal gathering, with young scouts in uniform being recognized or awarded — a wholesome, orderly, and pleasant scene that evokes a calm sense of satisfaction and warmth in a typical viewer.",contentment
fear_11674,"The image shows a menacing dark-colored robot action figure with glowing red eyes and a small pilot figure inside, which evokes a sense of threat and unease typical of fear responses in viewers.",fear
amusement_07464,"The image shows a cheerful, festive Kleenex tissue box designed as ""Santa's Workshop"" with bright red colors, cartoon Santa, and holiday decorations, which evokes a warm, pleasant feeling of holiday contentment in a typical viewer.",contentment
sadness_12428,"The two women display stern, furrowed expressions with crossed arms and downward gazes, conveying a tense, unhappy mood that most strongly evokes sadness in a typical viewer.",sadness
sadness_11395,"The image shows a man reclining on a train or bus seat, eyes half-closed, wearing earphones and a relaxed expression — conveying a calm, peaceful, at-ease mood that a typical viewer would read as contentment.",contentment
anger_11148,"The low-key dramatic lighting, the unsettling tilt of the head, the visible yellowed teeth in a menacing grin, and the obscured eyes behind dark sunglasses combine to create a sinister, threatening appearance that would most strongly evoke fear in a typical viewer.",fear
excitement_10047,"The image shows children joyfully participating in a lively pride parade — a girl energetically hula-hooping, rainbow flags waving, and a festive crowd — all of which evoke a strong sense of energetic, upbeat excitement in a typical viewer.",excitement
anger_11395,"The image shows a satirical protest march where well-dressed men in suits carry signs with ironic slogans (e.g., ""Laat ons frauderen"" — ""Let us commit fraud"" — in Dutch), spoofing wealthy plutocrats; the absurd humor of rich-looking men mockingly protesting for the right to defraud evokes amusement in a typical viewer.",amusement
sadness_06155,"The image depicts a memorial ceremony marking the 1st anniversary of Liu Xiaobo's death, featuring flowers, a portrait, and a solemn nighttime setting, which evokes a strong sense of grief and mourning in a typical viewer.",sadness
disgust_00814,"The image depicts a large, unsightly pile of garbage and debris dumped along a roadside wall — a scene of illegal dumping and environmental neglect that typically provokes a strong visceral reaction of disgust in viewers.",disgust
amusement_18863,"The image shows a cheerful bouquet of bright yellow sunflowers and eucalyptus in a striped vase on a warm wooden table — a calm, pleasant, and visually harmonious scene that evokes a quiet sense of well-being and ease rather than excitement or awe.",contentment
amusement_15309,"The image shows two older adults laughing and jogging together under a bright blue sky, radiating warmth, ease, and cheerful energy — evoking a sense of peaceful happiness and satisfaction rather than high-arousal excitement.",contentment
sadness_07089,"The image depicts a calm, everyday indoor scene with two young people relaxing at home — one sitting quietly and one casually taking a photo — evoking a relaxed, pleasant sense of ordinary life that most strongly aligns with contentment.",contentment
amusement_06147,"The image features a cheerful Easter scene with colorfully dyed eggs, fresh yellow tulips, pastel candies, and decorative plates arranged neatly on a white tray, evoking a warm, pleasant, and peaceful feeling of holiday charm and domestic tranquility.",contentment
anger_07191,"A rare and majestic white tiger walking through a natural setting inspires a sense of wonder and reverence at its striking beauty and power, making awe the dominant emotion.",awe
amusement_08414,"The image shows a smiling man and a young girl proudly holding a handmade kite in a sunny park, surrounded by others enjoying a similar activity — a warm, peaceful family moment that evokes a calm sense of happiness and satisfaction.",contentment
disgust_03022,"The image shows slimy, blob-like marine creatures (likely sea slugs or similar invertebrates) with a wet, gelatinous texture sprawled across sandy substrate, which most typical viewers would find visually repulsive and off-putting.",disgust
excitement_10438,"A girl hanging upside down from a tree branch while a friend looks up at her is a playful, lighthearted scene that most viewers would find funny and entertaining.",amusement
sadness_05942,"The black-and-white image depicts a lone, weary-looking older man standing in what appears to be a dim underground subway corridor next to worn commercial signs, conveying a sense of isolation, hardship, and melancholy that most viewers would find deeply sorrowful.",sadness
anger_09876,"The image depicts a wildfire burning through a forest, with flames engulfing a tree stump and scorched earth spreading into the trees — a threatening and dangerous scene that most viewers would find alarming and fear-inducing.",fear
awe_09608,"The image depicts a serene alpine lake with crystal-blue water, snow-capped mountains, scattered rocks, and a peaceful sky — a grand, majestic natural landscape that typically overwhelms viewers with a sense of wonder and grandeur.",awe
sadness_05744,"The image shows a man with a serious, brooding expression, looking away from the camera in dim, moody lighting — this contemplative and somber composition most strongly evokes sadness in a typical viewer.",sadness
anger_09386,"The image shows a person engulfed in intense flames, which is an inherently alarming and threatening scene that would most strongly trigger fear in a typical viewer.",fear
awe_01585,"The image showcases a sweeping alpine landscape with lush green meadows, dramatic mountains, and a vivid purple-tinted sky with billowing clouds, evoking a sense of grandeur and wonder that most viewers would find breathtaking.",awe
fear_06003,"The image depicts a makeshift memorial with flowers, candles, handwritten notes, photographs, and a crying doll figure attached to a fence — classic elements of a public mourning tribute, most likely for victims of a tragedy — which evokes a strong sense of grief and loss in a typical viewer.",sadness
sadness_03445,"The image shows a gravestone marking the burial site of a father and mother (Jacob M. and Mary J. Cline), which is a direct symbol of death and loss, naturally evoking sadness in a typical viewer.",sadness
awe_10965,"The sweeping mountain panorama bathed in warm golden sunrise light, with layered misty ridges receding into the horizon, evokes a sense of overwhelming grandeur and wonder that is most characteristic of awe.",awe
awe_13679,"The image shows a beautifully detailed black swallowtail butterfly perched on delicate white wildflowers against a soft green background, evoking a calm, peaceful, and pleasurable appreciation of nature.",contentment
awe_06081,"The image of a fluffy, white mountain goat staring directly at the camera in a lush green setting evokes a calm, pleasant feeling of appreciation for nature's beauty, most closely aligned with contentment.",contentment
sadness_08428,"The little girl's downcast eyes and somber expression, combined with the adult leaning over her in what appears to be a corrective or tense interaction, evokes a feeling of sadness in a typical viewer.",sadness
awe_05666,"The sweeping panoramic view of Monument Valley's vast red-rock mesas, dramatic sandstone buttes, and expansive desert landscape under a wide open sky evokes a profound sense of wonder and overwhelming grandeur typical of awe.",awe
sadness_09934,"The man's furrowed brow, downturned gaze, and hand-to-chin pose convey deep worry or concern, which most typically evokes sadness in a viewer.",sadness
disgust_09595,"The image shows a overflowing bin filled with rotting bananas, discarded toys, empty bottles, and general waste, which typically evokes a strong sense of revulsion and disgust in a typical viewer.",disgust
disgust_04888,"The image of a smoldering cigarette resting in an ashtray alongside a lighter evokes disgust in a typical viewer, as it is associated with a harmful habit, the unpleasant smell of stale smoke, and ash residue — all stimuli commonly linked to a strong aversive response.",disgust
disgust_05463,"The image shows a polluted, murky body of water with a discarded cup and a rotting log, evoking a strong sense of repulsion toward environmental contamination and human littering.",disgust
sadness_10517,"The image depicts an abandoned, decaying old house with peeling paint, weathered wood, bare leafless branches, and an ajar deteriorating door — visual cues strongly associated with neglect, loss, and the passage of time, which typically evoke sadness in a viewer.",sadness
disgust_07316,"The image prominently features a close-up of a person's arm with a visible wound or scar, which typically evokes a visceral feeling of disgust in a typical viewer.",disgust
amusement_01193,"The image features a grand Ferris wheel (""Roue de Paris"") dramatically framed against a sweeping, cloud-filled sunset sky, creating a visually stunning and majestic scene that typically inspires a sense of wonder and awe in viewers.",awe
excitement_09551,"The image shows a young child splashing joyfully in a water slide pool with a wide open-mouthed grin, evoking a strong sense of energetic, playful fun that is best captured by excitement.",excitement
contentment_09522,"The image shows a man gently holding a small baby who is alert and curious, evoking a warm, peaceful sense of well-being and tender care that a typical viewer would find deeply satisfying and calm.",contentment
anger_02669,"The image depicts a protest march with people carrying banners opposing the ""Prawer-Begin Plan,"" a policy they claim displaces Bedouin communities — a scene of collective grievance and political resistance that typically evokes anger in a typical viewer.",anger
fear_11335,"The woman is wearing a graphic t-shirt depicting grotesque, gore-like imagery of distorted faces, which is the most visually prominent element and would most strongly evoke disgust in a typical viewer.",disgust
awe_08115,"The image depicts a serene coastal sunset with warm golden light reflecting off calm water, smooth boulders, and a tranquil shoreline — a classic awe-inspiring natural landscape that evokes a sense of wonder and grandeur in a typical viewer.",awe
sadness_11850,"The black-and-white image of a young child covering their face in a dark setting evokes a strong sense of sadness, as the gesture suggests distress, crying, or emotional withdrawal, and the dark, somber tones reinforce a melancholic mood.",sadness
excitement_05062,"The image of a happy toddler confidently carrying a blue ball across a sunny green lawn evokes a warm, peaceful sense of well-being and simple joy, most closely matching contentment in a typical viewer.",contentment
contentment_12507,"The image shows a turkey vulture perched in a bare, leafless tree against a stark blue sky — the bird's dark plumage, red raw-looking head, and association with death/carrion, combined with the skeletal branches, create an unsettling, ominous atmosphere most likely to evoke awe (in its sublime, slightly foreboding sense) in a typical viewer.",awe
fear_12572,"The image shows a soft, cream-colored cat with striking blue eyes resting peacefully against a lush green background, evoking a calm, warm, and pleasant feeling in a typical viewer.",contentment
fear_08803,"The glowing jack-o'-lantern carved with a menacing, shadowy face set against a pitch-black background is a classic Halloween image designed to evoke a spooky, unsettling feeling, making fear the dominant emotion a typical viewer would experience.",fear
amusement_16930,"The image features a colorful, cartoonish ceramic owl figurine perched on a pink pedestal surrounded by bright, playful decorative elements — its wide, expressive eyes and whimsical design evoke a lighthearted, cheerful reaction typical of amusement.",amusement
fear_02514,"The image prominently features human skulls and bones arranged in a catacomb-like setting, which typically evokes a strong sense of unease, dread, and fear in a typical viewer due to the macabre and unsettling nature of human remains on display.",fear
excitement_07291,"The image shows a focused female percussionist performing on stage with intensity, leaning into her instrument with a mallet — the dynamic live-performance energy and engaged expression are most likely to evoke excitement in a typical viewer.",excitement
contentment_09351,"The image shows a couple relaxing together on a beach blanket by a calm ocean, evoking a sense of peaceful togetherness and quiet happiness that most viewers would associate with contentment.",contentment
sadness_09848,"The high-contrast black-and-white photograph depicts an elderly person, hunched and alone, caught in a single dramatic shaft of light amid overwhelming darkness and a decaying wall — a composition that strongly evokes loneliness, isolation, and melancholy, making sadness the dominant emotion a typical viewer would feel.",sadness
anger_07649,"The image shows a roaring tiger with its jaws wide open and large fangs fully visible, alongside another tiger, with a tiny bird standing just in front of them — the combination of a powerful predator's open mouth and the tiny vulnerable bird creates a strong sense of threat and danger, making fear the dominant emotion evoked.",fear
contentment_06777,"The image shows a group of colorful chickens roaming peacefully in a lush green enclosed yard, evoking a calm, pleasant, and pastoral feeling typical of rural farm life.",contentment
excitement_00079,"The image shows a vivacious performer in a sparkling red dress singing energetically under dramatic stage lighting, evoking the high-energy thrill of a live concert performance.",excitement
anger_02560,"The image depicts a large, intense fire consuming trees at night, with dramatic flames, flying embers, and silhouetted burning branches — a scene of uncontrolled, destructive burning that most viewers would find alarming and threatening, making fear the dominant emotional response.",fear
excitement_18986,"The image shows a competitor racing aggressively on a jet ski at high speed, with dramatic water spray surrounding them — a high-energy, action-packed scene that most viewers would find thrilling and energizing.",excitement
awe_07883,"The sweeping panorama of snow-covered peaks, frosted evergreens, and a vast mountain landscape under a bright blue sky creates a sense of grandeur and wonder that most typically evokes awe in viewers.",awe
sadness_09077,"The image of a vibrant parrot gripping the bars of a cage evokes sadness, as the sight of a wild, beautiful bird confined behind metal bars typically stirs feelings of sympathy and sorrow in a typical viewer.",sadness
fear_11510,"The image depicts a bloody, dismembered head being held beneath a glowing jack-o'-lantern in a dark, horror-themed composition, which would overwhelmingly evoke fear in a typical viewer.",fear
contentment_15878,"A young boy sitting in a car seat holds up a small green toy soldier with a subtle, self-satisfied expression, creating a charming and lighthearted scene that most viewers would find endearing and gently amusing.",amusement
contentment_07190,"The image features a breathtaking golden sunset over a calm waterway with a dramatic bridge silhouette and dynamic cloud formations, which overwhelmingly inspires a sense of wonder and grandeur in a typical viewer.",awe
disgust_02041,"The image depicts a large illegal dumping site with scattered garbage, debris, and waste strewn across an otherwise natural, green landscape, which most viewers would find repulsive and revolting.",disgust
disgust_03307,"A large tarantula crawling on a person's chest is a classic fear-inducing stimulus; arachnophobia is one of the most common phobias, and the close-up, unexpected placement of the spider on a human body would trigger a strong fear response in a typical viewer.",fear
fear_06860,"The image shows people in elaborate zombie costumes covered in fake blood, posing dramatically in a public park — a classic cosplay/flash-mob scenario. While the gore makeup could trigger a mild fear or disgust response, the theatrical, playful posing and outdoor daytime setting signal this is clearly staged fun, making amusement the dominant emotion a typical viewer would feel.",amusement
fear_06152,"The image shows a severely deteriorated, decayed stuffed animal/doll with hollowed eyes and rotting fabric, which evokes a strong visceral negative reaction of disgust in a typical viewer due to its grotesque, decomposed appearance.",disgust
disgust_05979,"The image shows an unappetizing, lumpy, wet, brownish mass on a dark surface — its texture and appearance strongly evoke a visceral sense of repulsion in a typical viewer.",disgust
awe_12288,"The image depicts a dramatic coastal cliff with a natural rock arch, lush green ferns in the foreground, a small red structure perched atop the promontory, and a vast blue ocean under a clear sky — a scene of grand, breathtaking natural beauty that most viewers would find overwhelmingly impressive.",awe
contentment_06085,"The image shows two smiling adults proudly holding a newborn baby outdoors, radiating warmth and familial joy that most viewers would find deeply satisfying and peaceful — the hallmark of contentment.",contentment
excitement_06717,"The elaborately costumed performer with dramatic white face paint, exaggerated sharp fingernails, and a menacing grin creates an unsettling, eerie appearance that most viewers would find creepy or threatening, evoking fear as the dominant emotional response.",fear
fear_07593,"The two sculptural heads, with their pallid, corpse-like skin, wide staring eyes, blood-red lips, and deeply wrinkled, unsettling expressions, evoke a strong sense of unease and dread typical of uncanny, horror-adjacent imagery.",fear
sadness_05033,"The image shows a man with a stern, intense expression gripping the bars of a rusty inmate transport cell, which evokes a sense of threat and confinement that typically triggers fear in a viewer.",fear
anger_10580,"The image shows a smiling protester holding colorful balloons and a handwritten sign in a lively outdoor demonstration, which together create an upbeat, energetic atmosphere that most viewers would find engaging and exciting.",excitement
fear_06174,"The image shows a zombie/monster action figure dressed in a formal suit with a grotesque, decayed face and clawed hand raised — its horrifying appearance is designed to evoke fear in a typical viewer.",fear
awe_08646,"The dramatic silhouettes of Joshua trees against a vivid gradient sunset sky — transitioning from deep blue at the top to warm orange at the horizon — creates a breathtaking, majestic scene that typically evokes a sense of wonder and grandeur in viewers.",awe
awe_04763,"The image shows a composed, professionally dressed man speaking at a podium with a microphone, projecting a calm and authoritative presence, which typically evokes a sense of contentment or neutral calm in a typical viewer.",contentment
anger_08044,"The close-up of a snarling animal (appears to be a taxidermied bear or large dog) with wide-open jaws, large fangs, and an aggressive facial expression triggers an instinctive threat-response fear in a typical viewer.",fear
amusement_08481,"The image shows a beautifully decorated Christmas tree with warm golden fairy lights and elegant pink and gold ornaments, evoking a warm, cozy, and peaceful holiday feeling most aligned with contentment.",contentment
excitement_10622,"The image shows a person stand-up paddleboarding on ocean waves with a lush green hillside in the background, evoking a dynamic, energetic outdoor sports scene that most viewers would find thrilling and invigorating.",excitement
sadness_07602,"The black-and-white image of two mourning figures embracing on a grave in a cemetery powerfully conveys grief and loss, evoking a strong sense of sadness in a typical viewer.",sadness
contentment_04970,"The image shows a happy toddler on a sunny deck interacting with dogs against a lush green countryside backdrop, evoking a warm, peaceful sense of domestic happiness and ease.",contentment
excitement_05313,"The image shows a competitive cyclist in race gear, leaning forward in an aggressive riding posture during what appears to be a cyclocross race, evoking a sense of dynamic athletic competition and energetic action.",excitement
amusement_18497,"The image shows a dense, glowing web of red and warm-toned string lights against a dark background, creating a magical, festive ambiance that most viewers would find visually striking and energizing.",excitement
anger_10579,"The dramatic, large roaring flames dominating the foreground combined with the intensity of a fire truck actively combating the blaze creates a powerful, thrilling scene that most viewers would find exciting rather than fearful, as the controlled nature of the response adds a sense of high-stakes action.",excitement
sadness_01045,"The weathered stone statue of a veiled, downcast female figure leaning against a funerary monument evokes a quiet, mournful atmosphere — the bowed head, closed eyes, and grave-like setting most strongly communicate sadness to a typical viewer.",sadness
excitement_14658,"The image shows two young men in festive, playful outfits at what appears to be an outdoor street event or parade, conveying a lively, fun, and celebratory atmosphere that a typical viewer would find amusing.",amusement
awe_12041,"The image shows two people gazing at a breathtaking panorama of snow-covered alpine peaks under a dramatic sky, a scene that overwhelmingly evokes a sense of wonder and grandeur in a typical viewer.",awe
excitement_14626,"The image shows a man with a wide, exaggerated open-mouthed grin carrying a baby on his back in a carrier, creating a playful and humorous scene that would typically make a viewer laugh or smile.",amusement
contentment_11649,"The image shows a beautifully arranged box of six decorated cupcakes with colorful frosting and toppings, which typically evokes a warm, pleasant sense of satisfaction and well-being in viewers.",contentment
amusement_01707,"The image shows a cheerful child riding a colorful carousel horse, surrounded by bright lights and other children — a classic, lively fairground scene that typically evokes a sense of fun and energetic joy in viewers.",excitement
amusement_08931,"The image shows a young woman smiling softly while listening to music through headphones in a lush green park on a sunny day, creating an overall peaceful and pleasant atmosphere that evokes a sense of calm happiness and ease.",contentment
anger_00154,"The image shows a middle-aged man with a serious, pensive expression, looking slightly downward in a dimly lit social setting, which evokes a quiet, reflective mood most closely associated with sadness.",sadness
anger_06858,"The image shows wooden pallets engulfed in intense, roaring flames with vivid orange fire dominating the entire frame, which most typically evokes a strong sense of fear due to the uncontrolled, dangerous, and threatening nature of the blaze.",fear
sadness_07037,"The image depicts a large, dramatic angel statue with outstretched wings atop a cemetery grave marker, set against a lush but somber graveyard backdrop — a scene that is grand and striking in scale and artistic detail, most likely evoking a sense of awe in a typical viewer.",awe
awe_10901,"The image captures a dramatic coastal sunset with vivid orange and golden hues blazing across the horizon beneath moody storm clouds, silhouetted pier posts standing in softly blurred waves — a visually grand and sublime scene that typically inspires a sense of overwhelming wonder in viewers.",awe
amusement_15095,"The image shows four smiling friends gathered closely together, looking at photos on a camera and phone in a lush green setting, radiating warmth, shared joy, and relaxed happiness — evoking a sense of peaceful, social contentment.",contentment
amusement_02666,"The brightly lit, colorful Ferris wheel glowing against a dark night sky creates a visually striking and magical scene that is likely to evoke a sense of wonder and grandeur in a typical viewer.",awe
anger_07914,"The dramatic low-angle perspective of a towering, rust-streaked electrical pylon against a deep blue sky, combined with ominous flames at the base, creates an overwhelming sense of danger and dread in a typical viewer.",fear
awe_00542,"The image depicts a misty, ethereal valley landscape with temples, a mosque, lush terraced hills, and golden morning light rays piercing through the fog, creating a breathtaking, almost otherworldly scene that overwhelmingly inspires a sense of awe in a typical viewer.",awe
anger_04825,"The image shows a dramatic historical reenactment of Scottish Highland soldiers firing muskets in unison, with visible muzzle fire and smoke — a visually dynamic and energetic scene that would most strongly evoke excitement in a typical viewer.",excitement
sadness_07903,"The image shows a visibly thin, barefoot child sitting alone on bare dirt, shirtless and leaning against a wooden post with a subdued, withdrawn expression — evoking a strong sense of sadness and concern in a typical viewer.",sadness
contentment_04984,"The serene river scene framed by lush green trees and vibrant orange day lilies creates a peaceful, harmonious natural setting that evokes a calm sense of satisfaction and well-being in a typical viewer.",contentment
fear_01511,"The image depicts a highly realistic zombie costume with graphic fake blood, a severed head prop, and a screaming undead face — all classic horror imagery designed to startle and unsettle, making fear the dominant emotional response in a typical viewer.",fear
contentment_12660,"The image shows a laughing baby in a high chair gleefully reaching out toward a large teddy bear, an inherently playful and charming scene that most viewers would find funny and delightfully entertaining.",amusement
disgust_02594,"The image shows used, crushed cigarette butts in a dirty metal ashtray — a grim, grimy scene associated with unhealthy habits and decay — which most typically evokes a feeling of disgust in a viewer.",disgust
contentment_01113,"The image shows a fluffy wildcat perched on a log, eyes contentedly closed, grooming itself in a peaceful natural setting — a serene, charming scene that most viewers would find quietly pleasing and amusing, but the dominant feeling is warm, relaxed contentment rather than active amusement or excitement.",contentment
amusement_05968,"The image of a young girl with a warm, genuine smile and bright expressive eyes looking directly at the camera evokes a sense of warmth and peaceful happiness in a typical viewer, most closely aligned with contentment.",contentment
fear_09839,"The gothic doll dressed in all black with pale features, large dark eyes, and a tiny top hat, posed in front of a stone archway surrounded by fallen autumn leaves, evokes an eerie, unsettling atmosphere that would most strongly trigger fear in a typical viewer.",fear
amusement_17258,"The image depicts a shiny red Christmas ornament nestled in snow-dusted evergreen branches with warm glowing lights, evoking a warm, peaceful, and satisfying holiday atmosphere that most viewers would associate with comfort and well-being.",contentment
fear_13085,"The image shows grotesque alien action figures (Mars Attacks toys) with exposed brains, skeletal faces, and unsettling details — their monstrous, horror-themed appearance is likely to evoke disgust in a typical viewer.",disgust
sadness_06535,"The image shows two people sitting closely together on a low wall in a calm, sunny outdoor setting, evoking a peaceful and pleasant atmosphere that most viewers would associate with quiet comfort and ease.",contentment
awe_00561,"The image features a majestic buck with large antlers striding across a golden, open landscape at sunset, with dramatic mountains glowing in warm orange light and a historic stone arch in the background — a visually grand and serene natural scene that most viewers would find breathtaking and inspiring.",awe
fear_05900,"The image depicts a person covered in blood wounds sitting over what appears to be an unconscious or injured body, evoking a strong visceral reaction of fear and unease in a typical viewer due to the graphic, threatening, and violent scene.",fear
anger_11026,"The image shows a woman with a visibly tense, clenched expression confronting someone in front of a microphone, suggesting a heated argument or confrontation, which evokes a strong sense of anger in a typical viewer.",anger
disgust_01790,"The image shows raw, bloody cuts of meat and sausages hanging in an open-air market, which typically triggers a strong visceral aversion and revulsion in viewers unfamiliar with such settings.",disgust
amusement_14013,"The image shows a vibrant, colorful fairground attraction sign (""1001 Nacht"" / 1001 Nights) with bold decorative lettering, festive ornaments, stars, and a crescent moon against a bright blue sky — the lively colors and carnival energy most strongly evoke excitement in a typical viewer.",excitement
fear_03057,"The image features a massive, menacing great white shark prop suspended from a wooden structure with a ""JAWS"" sign, mouth wide open with sharp teeth on display — a direct reference to the iconic horror film, which is designed to evoke a primal fear response in viewers.",fear
sadness_09576,"The image depicts a person crouched down with their head in their hands while two others loom over and point at them, conveying a scene of distress, bullying, or overwhelming pressure that most viewers would associate with deep sorrow and helplessness.",sadness
amusement_03135,"The image features a vibrantly costumed carnival performer dancing with arms raised, a radiant smile, and an explosion of colorful feathers — the energy, spectacle, and celebratory atmosphere most strongly evoke excitement in a typical viewer.",excitement
disgust_01352,"The image shows a freshly slaughtered animal carcass being eviscerated, with exposed viscera and internal organs — raw, graphic content that most typical viewers would find repulsive and stomach-turning.",disgust
contentment_01494,"The image shows a vividly colored ring-necked pheasant with striking plumage — rich browns, iridescent blues, and intricate patterns — calmly walking through a lush green field, evoking a serene, pleasant sense of wonder at nature's beauty.",contentment
excitement_12556,"The image shows a person wakeboarding dynamically on choppy water, crouching low and riding a wave with spray all around — an energetic, action-packed sport scene that naturally evokes a sense of thrill and high energy in a typical viewer.",excitement
disgust_07911,"The image shows discarded plastic bottles and a disposable coffee cup lid piled in a trash bin, evoking a sense of revulsion at waste and environmental pollution — a classic disgust response.",disgust
fear_07626,"The image depicts a grotesque, skull-faced humanoid figure holding a snarling rat-like creature, rendered in dark, unsettling tones — a combination that most strongly provokes fear in a typical viewer.",fear
contentment_15179,"The image of a smiling, bright-eyed baby in a pink outfit on a colorful play mat radiates warmth and innocent happiness, which most typically evokes a calm, pleasant sense of contentment in a viewer.",contentment
awe_12019,"The image captures a breathtaking aerial view of a snow-capped volcanic mountain range through an airplane window, with vivid blue sky and a striking red wing tip — the grand scale and beauty of the landscape from this unique vantage point is overwhelmingly likely to evoke awe in a typical viewer.",awe
excitement_02305,"The image shows a performer singing passionately on stage with dramatic lighting and an energetic, arm-raised pose, which typically evokes a strong sense of excitement in a typical viewer.",excitement
amusement_16689,"The image shows windsurfers actively riding waves on a lake with colorful sails and dynamic motion, evoking a strong sense of high-energy sport and thrilling action that a typical viewer would find exciting.",excitement
disgust_05012,"The close-up image of a large, hairy spider clinging to a blue hose is a classic arachnophobia trigger; the unexpected proximity and detailed texture of the spider's body would provoke an instinctive fear response in a typical viewer.",fear
anger_04429,"The image shows an adorable white lion cub with striking blue eyes, resting its chin on a log with its tongue lolling out in a relaxed, goofy pose — a scene most viewers would find overwhelmingly cute and charming, evoking warm, peaceful delight rather than active excitement or strong awe.",contentment
excitement_09071,"The image shows a young girl laughing and smiling brightly outdoors, which typically evokes a warm, joyful, and light-hearted feeling in viewers — most closely aligned with amusement.",amusement
contentment_05328,"The image shows a smiling couple warmly embracing in a sunlit autumn park, evoking a sense of peaceful happiness and warm togetherness that most strongly aligns with contentment.",contentment
anger_10089,"The red panda's wide open mouth in an almost ""smiling"" or chattering expression, combined with its fluffy, vibrant appearance and approachable, expressive face, is likely to make a typical viewer laugh or smile, evoking amusement.",amusement
awe_15220,"The image shows a calm, brown horse peacefully grazing in a lush green meadow, evoking a sense of tranquility and quiet satisfaction in a typical viewer.",contentment
awe_12207,"The image depicts a large, imposing warship (likely the cruiser Aurora) sailing on calm water with a golden spire and cathedral visible in the background under a clear blue sky — a grand, historically and visually striking scene that would typically evoke a sense of awe in a viewer.",awe
sadness_03684,"The black Labrador is lying quietly in the grass with a calm, gentle, slightly droopy expression and soft eyes, creating a peaceful and warmly comforting scene that most viewers would find quietly satisfying and serene.",contentment
excitement_00622,"The dramatic composition — a person reaching through a heart-shaped hole in a rock formation framed against a vivid pink-purple sunset sky — creates a striking, visually spectacular scene that is likely to inspire a sense of wonder and grandeur in a typical viewer.",awe
excitement_10832,"The image shows a woman in a white dress smiling broadly and laughing at what appears to be a lively party or event, holding a drink and wearing a flower in her hair — the scene radiates joy and social energy, most closely evoking contentment in a typical viewer.",contentment
contentment_16191,"The image shows a grinning baby cheerfully grabbing the open-mouthed face of a friendly golden/red dog — an inherently funny, lighthearted scene that most viewers would find humorous and entertaining.",amusement
awe_15237,"The image features a striking yellow articulated bus at a Japanese transit hub, set against a dramatic twilight sky with soft purple and pink clouds and distant mountains — the composition and atmospheric lighting create a sense of visual wonder and calm appreciation.",contentment
excitement_00703,"The image shows a vibrant carnival performer in a dazzling feathered costume dancing on a street parade, surrounded by an enthusiastic crowd — the energy, color, and festivity of the scene most strongly evoke excitement in a typical viewer.",excitement
excitement_07103,"The image shows energetic young children actively competing in a soccer match, with dynamic movement and intense focus around the ball, which typically evokes a sense of lively enthusiasm and thrill in a viewer.",excitement
contentment_04300,"The image shows a young woman lying comfortably on a couch with a soft, relaxed expression, evoking a sense of quiet ease and peaceful rest that most viewers would associate with contentment.",contentment
anger_01871,"The image shows people standing over a large, roaring bonfire with embers and sparks flying dramatically in all directions against a dark night sky, creating an intense, thrilling, and energetic scene that most strongly evokes excitement.",excitement
excitement_02202,"The image shows a young child gleefully reaching out toward a massive, shimmering soap bubble bursting in front of him, with other children playing joyfully in the background — the dynamic action, the child's wide smile and outstretched arms, and the magical, colorful bubble all combine to evoke a strong sense of excitement in a typical viewer.",excitement
anger_07954,"The image depicts massive tripod war machines firing destructive red lightning bolts at London landmarks (Big Ben, Houses of Parliament) amid explosions and chaos, evoking a strong sense of dread and threat typical of alien invasion imagery.",fear
fear_00943,"The image shows a humorous Halloween-style parody display — a ""Scarbie"" (skeleton/zombie Barbie) in a pink Barbie-style box with skeleton legs as a stand, which is a clever, darkly comedic prop that would primarily amuse a typical viewer.",amusement
disgust_07136,"The image shows a cow and calf foraging through scattered garbage and waste next to overflowing dumpsters, which evokes a strong visceral reaction to filth and poor sanitation conditions.",disgust
fear_07549,"The image shows a blue-suited figure clinging to the side of a building while holding a trumpet — a surreal, whimsical, and absurd sculptural scene that most viewers would find humorous and quirky, making amusement the dominant emotional response.",amusement
disgust_02238,"The image shows overripe, decaying tomatoes on dirty pavement — their wrinkled, burst, and slimy appearance is visually unappealing and likely to trigger a strong disgust response in a typical viewer.",disgust
sadness_07841,"The man's distant gaze, downturned expression, hunched posture, and the muted, faded vintage tones of the photo collectively evoke a sense of melancholy and quiet sorrow in the viewer.",sadness
awe_10751,"The panoramic beach scene at sunset, with calm waves, golden light reflecting on the water, and a vast open sky, evokes a peaceful, serene sense of satisfaction and tranquility most aligned with contentment.",contentment
contentment_13478,"The image shows a happy couple taking a selfie while camping on a scenic coastal cliff, evoking a warm, peaceful sense of happiness and satisfaction with life — most closely aligned with contentment.",contentment
sadness_02813,"The image shows a man wearing a pirate hat with a skull-and-crossbones and an eye patch over a casual Dr. Pepper t-shirt in what appears to be an office setting — a humorous, lighthearted costume combination that would typically elicit laughter or a smile from a viewer.",amusement
awe_07003,"The image shows a charming row of seagulls lined up neatly along a wooden boardwalk beside an icy, wintry waterfront — the orderly, almost comedic lineup of the birds, especially the lone one standing apart, creates a lighthearted, playful scene that most viewers would find amusing.",amusement
awe_06403,"The aerial view of vast snow-capped mountain ranges, glaciers flowing into vivid turquoise waters, and an expansive sky creates an overwhelming sense of grandeur and wonder that most strongly evokes awe in a typical viewer.",awe
disgust_04164,"A close-up macro shot of a large spider on its web, facing the viewer directly, is a classic trigger for arachnophobia and a strong threat response — the dominant emotion for a typical viewer is fear.",fear
amusement_18321,"The image shows a cheerful baby being held up by a smiling father in a garden setting, with the baby laughing and holding a toy car — a warm, playful, and lighthearted scene that most viewers would find funny and endearing.",amusement
anger_00891,"The extreme close-up of a man baring his teeth with a grimacing, aggressive expression directly at the camera is likely to evoke fear in a typical viewer, as the confrontational angle and snarling mouth signal threat and intimidation.",fear
anger_00755,"The image depicts a wildfire spreading through a forest with open flames and thick smoke, which typically evokes a strong sense of fear in viewers due to the perceived danger, destruction, and uncontrollable nature of the scene.",fear
amusement_12114,"The image depicts a charming, neatly decorated building facade with colorful hanging flower pots and a vintage red mailbox along a quiet street, evoking a sense of peaceful, everyday beauty and quiet satisfaction.",contentment
sadness_03673,"The young man is seated on a train with his hand pressed against his forehead in a classic ""facepalm"" or head-in-hand gesture, conveying distress, despair, or emotional heaviness, which evokes sadness in a typical viewer.",sadness
excitement_18298,"The image shows three people in colorful, flamboyant costumes with dramatic makeup, smiling and holding drinks at what appears to be a festive outdoor event — a scene most viewers would find playful and humorous.",amusement
sadness_06351,"The image shows a crying toddler in an inflatable pool, with a clearly distressed facial expression — scrunched eyes, open mouth, and visible tears — which most typically evokes sadness in a viewer.",sadness
awe_04790,"The vivid, close-up photograph of a brilliant red zinnia with a bright yellow center against a soft green background evokes a peaceful, pleasing sense of calm and satisfaction — the hallmark of contentment.",contentment
contentment_01218,"The image shows a young woman in a school uniform sitting on a bridge ledge, smiling warmly at the camera in a relaxed, carefree pose, which evokes a peaceful and pleasant feeling of contentment in a typical viewer.",contentment
amusement_09081,"The image shows a vibrant, colorful superhero-themed 10th birthday party setup with bold red, blue, and yellow balloons, comic-book ""POW"" cookies, and festive decorations — a joyful, energetic scene that most viewers would find thrilling and celebratory.",excitement
disgust_01752,"The image shows a heavily polluted open drainage channel filled with dark, stagnant water, plastic waste, and debris along a residential street, which most viewers would find repulsive and revolting.",disgust
contentment_16471,"The image shows a young person standing peacefully on a quiet beach, gazing into the distance with a relaxed, contemplative posture — the soft lighting, gentle coastal scenery, and calm atmosphere evoke a sense of serene, quiet satisfaction in a typical viewer.",contentment
disgust_02070,"The image shows a small, intricately patterned moth resting on a rusty, lichen-covered surface, blending in remarkably well — this natural camouflage and the quiet beauty of the scene evokes a sense of calm wonder and appreciation.",contentment
disgust_08673,"The image shows a large, chaotic pile of garbage and waste — broken electronics, bottles, packaging, and general refuse — which typically evokes a strong visceral reaction of revulsion and distaste in viewers.",disgust
amusement_06962,"The brilliantly lit, ornate carousel at night — with its glowing gold and red decorations, sweeping fish-eye perspective, and festive fairground atmosphere — creates a strong sense of wonder and visual grandeur that most viewers would experience as awe.",awe
disgust_07925,"The image shows a serene underwater/tidal scene with lush green algae, small marine creatures, and striking red ribbon worms weaving through the vegetation, evoking a sense of wonder and admiration for the natural world.",awe
anger_08634,"The image shows firefighters responding to a nighttime fire emergency with visible flames and urgent activity, which evokes a strong sense of fear and danger in a typical viewer.",fear
amusement_00563,"The image shows children riding a helicopter-shaped amusement ride at what appears to be a fair or carnival, a lively and joyful scene that most viewers would find fun and energetic, evoking a sense of excitement.",excitement
sadness_11111,"The misty, fog-shrouded cemetery filled with gravestones and fallen autumn leaves creates a somber, melancholic atmosphere strongly associated with death, loss, and mourning, making sadness the dominant emotion evoked.",sadness
awe_10414,"The image features a vivid rainbow arching across a dramatic, cloud-filled sky over a lush green landscape, evoking a sense of wonder and grandeur at the scale and beauty of the natural scene.",awe
excitement_18609,"The image shows a woman in a creative, nature-themed costume made of leaves and flowers at what appears to be a public parade or festival, which is inherently playful and quirky, likely evoking amusement in a typical viewer.",amusement
amusement_07187,"The image shows an appetizing Italian antipasto plate with cured meats, fried vegetables, cheese, and a berry condiment, accompanied by wine and water — a pleasant, satisfying food scene that typically evokes a calm sense of pleasure and satisfaction in a viewer.",contentment
anger_07270,"The image features dark, menacing action figures — one with a sinister bat-masked face with a scarred, reddish complexion and a grimacing expression — which evokes a sense of unease and dread in a typical viewer.",fear
sadness_05755,"The image shows a man sitting at a diner, hands clasped near his face in a pensive or contemplative pose, with a neutral-to-subdued expression — evoking a quiet, calm atmosphere that most closely aligns with contentment.",contentment
contentment_12942,"The image of a young boy peacefully lying on a grassy curb with his hands behind his head and a relaxed, carefree expression evokes a warm sense of calm and ease, most closely matching contentment.",contentment
fear_13848,"The image shows a person wearing a blank white mask crouching on a dimly lit staircase, which is a classic horror/thriller visual trope that evokes a strong sense of unease and fear in a typical viewer.",fear
fear_13451,"The image shows two cartoonish villain-like toy figures — a menacing red creature with angry eyes looming over a sinister-looking green bald figure — which most viewers would find humorous and entertaining rather than genuinely threatening, evoking amusement.",amusement
disgust_08338,"The extreme close-up macro shot of a large black ant staring directly at the viewer with its prominent eyes and mandibles visible creates an unsettling, threatening confrontation that most typical viewers would find fear-inducing.",fear
amusement_04290,"The image shows a large Ferris wheel dramatically lit in vivid green neon lights against a pitch-black night sky, creating a striking, grand, and visually overwhelming spectacle that typically inspires a sense of wonder and magnificence in viewers.",awe
disgust_01155,"The cross-section of this root vegetable (likely taro) reveals an unusual deep purple ring surrounding a pale white center, with visible fibrous texture and slightly moist, raw flesh — the strange coloration and raw organic texture is likely to trigger a mild sense of disgust in a typical viewer.",disgust
amusement_10979,"The image shows a warmly decorated Christmas tree adorned with handmade ornaments, tinsel, and twinkling lights, evoking a cozy, peaceful holiday atmosphere that typically elicits a sense of contentment in viewers.",contentment
contentment_08084,"The image of a white cat peacefully sleeping and nestled in soft, warm fabric evokes a calm, warm, and soothing feeling in a typical viewer, making contentment the dominant emotion.",contentment
fear_09546,"The image depicts a dark, decaying, vine-covered abandoned house with bare skeletal trees and broken windows shot in stark black-and-white, creating a deeply ominous and threatening atmosphere that most viewers would associate with dread and fear.",fear
contentment_03025,"The image shows a young woman gazing pensively out of a cracked, deteriorating window in what appears to be an abandoned building — the muted tones, broken glass, and her distant, introspective expression combine to evoke a strong sense of melancholy and longing.",sadness
anger_10417,"The image shows a person standing near an open fire burning in a green meadow beside a collapsed, decaying log structure surrounded by tall pine trees — the combination of uncontrolled flames close to dry debris and dense forest evokes a sense of unease and danger in a typical viewer.",fear
disgust_01719,"The image shows a grimy, deteriorated urban corner littered with rubble, broken bottles, wilted flowers, and scattered debris against a crumbling, graffiti-marked wall, evoking a strong sense of decay, neglect, and squalor that most viewers would find repulsive.",disgust
awe_04836,"The image features a dramatic, sweeping coastal sunset with a historic castle perched on a rocky hilltop, vivid pink and blue cloud formations, and calm reflective water — a scene of grand natural and architectural beauty that overwhelmingly evokes a sense of awe in a typical viewer.",awe
amusement_09680,"The image features a large, cheerful Snoopy statue dressed as a tourist with a camera, suitcase, and colorful outfit — a whimsical and playful scene that most viewers would find funny and lighthearted, making amusement the dominant emotion.",amusement
anger_11077,"The image depicts protesters holding signs demanding an end to foreclosures and evictions, conveying a scene of social injustice and hardship that typically evokes anger in a typical viewer.",anger
excitement_14305,"The image shows a joyful person riding a rainbow-decorated bicycle in what appears to be a Pride parade, waving enthusiastically at the crowd while wearing colorful attire — the vibrant colors, energetic crowd, celebratory atmosphere, and the rider's beaming smile and raised arm all combine to evoke a strong sense of excitement in a typical viewer.",excitement
amusement_04656,"The towering Ferris wheel shot from a low angle against a vivid blue sky creates a sense of grandeur and scale, evoking a feeling of awe in a typical viewer.",awe
disgust_05795,"The image features a ghostly, distorted reflection of a human face visible through a cracked, smudged surface with dark, blurred tree silhouettes and a cold purple-grey palette, creating an eerie, unsettling, and haunting atmosphere that most strongly evokes fear.",fear
excitement_11575,"A young child is joyfully jumping in an open green field under a bright blue sky, arms spread wide and laughing — this image of carefree, energetic play most strongly evokes excitement in a typical viewer.",excitement
fear_12224,"The image depicts a person in a graphic zombie Halloween costume with pale face makeup, fake blood, and a torn, blood-soaked shirt, which is designed to appear frightening and gruesome, most likely evoking fear in a typical viewer.",fear
disgust_06397,"The image shows a heavily stained, filthy squat toilet with rust-colored grime and an open hole, which would typically evoke a strong sense of revulsion and disgust in a typical viewer.",disgust
amusement_08929,"The small, glowing golden star figurine with a cheerful smiley face creates a warm, cozy, and pleasant atmosphere that evokes a calm sense of happiness and satisfaction rather than high-arousal excitement or amusement.",contentment
disgust_01122,"The image shows a large amount of litter and debris strewn across an alleyway, evoking a strong sense of repulsion and revulsion at the filth and environmental neglect, which maps most strongly to disgust.",disgust
awe_09430,"The image features a vivid full rainbow arching over a lush green rolling landscape with an open road, evoking a sense of wonder and grandeur at nature's beauty — the hallmark of awe.",awe
excitement_01389,"The image shows a diverse group of women smiling and laughing together against a brick wall, radiating warmth, togetherness, and joy — a scene that most viewers would find genuinely pleasing and satisfying, evoking a calm, warm positive feeling most consistent with contentment.",contentment
excitement_04444,"The image shows an athlete smiling and holding a football on a sunny green field, projecting a relaxed, cheerful energy that evokes a calm, pleasant feeling of contentment in a typical viewer.",contentment
disgust_07546,"The image shows a vast, overflowing landfill covered in heaps of waste and plastic, with a bulldozer pushing through the garbage — a scene that most viewers would find viscerally repulsive and revolting, making disgust the overwhelmingly dominant emotional response.",disgust
fear_10767,"The image depicts a makeshift memorial with candles, wilted flowers, a stuffed animal, and a Norwegian flag laid among fallen leaves — hallmarks of a grief tribute, likely following a tragedy, which evokes a deep sense of mourning and loss in a typical viewer.",sadness
awe_03964,"The vast sunflower field stretching to the horizon beneath a dramatic, colorful sunset sky with sweeping clouds and distant mountains creates an overwhelming sense of grandeur and sublime natural beauty, making awe the dominant emotion.",awe
excitement_11582,"The two women are smiling broadly and appear to be having a great time cooking together, with playful, exaggerated expressions that would strike a typical viewer as funny and lighthearted.",amusement
awe_07539,"The image shows a paraglider dramatically launching off a vast sandy dune under a vivid blue sky, with a colorful wing soaring overhead — a thrilling, dynamic action scene that most viewers would find exhilarating and energizing.",excitement
anger_09590,"The image depicts a person shouting and holding a protest sign reading ""SHUT DOWN K STREET,"" surrounded by an aggressive, confrontational atmosphere — this scene of political protest and visible rage most strongly evokes anger in a typical viewer.",anger
disgust_10995,"The image shows a heavily corroded, filthy sink covered in rust, grime, and dark stains, with a handwritten ""Out of Order – Do Not Use"" note, which would provoke a strong visceral reaction of disgust in a typical viewer.",disgust
disgust_03150,"The image shows a repurposed milk carton filled with cigarette butts and ash, which is visually unpleasant and unsanitary, evoking a strong sense of disgust in a typical viewer.",disgust
excitement_02875,"The image shows a large, energetic crowd of Yahoo employees marching in a Pride parade, dancing, cheering, and waving rainbow signs under bright sunshine — the lively movement, celebratory atmosphere, and collective enthusiasm strongly evoke excitement in a typical viewer.",excitement
excitement_06186,"The image shows a woman in a colorful, festive costume dancing energetically at what appears to be a Pride parade, holding inflatable red props and smiling broadly — the vibrant colors, dynamic movement, and celebratory atmosphere most strongly evoke excitement in a typical viewer.",excitement
fear_01592,"The black-and-white image of a dark, decayed, and abandoned room with peeling walls, rubble, dim lighting, and an eerie atmosphere is most likely to evoke fear in a typical viewer.",fear
excitement_16786,"The image shows two people sharing a warm, affectionate embrace at what appears to be a Pride celebration, with a rainbow flag visible — this tender, loving moment in a joyful public setting most strongly evokes a sense of contentment and peace in a typical viewer.",contentment
amusement_09007,"The image shows two Disney park characters — Peter Pan and the Mad Hatter — in a playful, comedic interaction, which typically evokes light-hearted laughter and amusement in viewers.",amusement
excitement_16661,"The image shows a lively crowd of young women cheering, pointing, laughing, and raising their arms at what appears to be a street festival or parade, conveying high-energy, infectious enthusiasm that a typical viewer would find exciting.",excitement
sadness_05827,"The image shows a young woman standing alone in a dark, moody forest, dressed entirely in black, with her gaze cast downward and hands in her pockets — the combination of her withdrawn posture, averted eyes, somber color palette, and dim autumnal setting evokes a strong sense of melancholy and loneliness.",sadness
amusement_00517,"The image of Mickey Mouse in a cheerful pose at a Disney park setting instantly triggers a sense of joy and energetic delight, most closely matching excitement in a typical viewer, especially given the iconic, playful character and his animated stance.",excitement
disgust_08587,"The image shows a chaotic pile of old, dirty, and worn-out shoes dumped on black garbage bags, evoking a sense of waste, filth, and disorder that a typical viewer would find repulsive.",disgust
amusement_15556,"The image shows a happy, smiling young girl sitting at the top of a water slide on a sunny day with a vivid blue sky — a carefree summer scene that evokes a warm, peaceful sense of happiness and ease rather than high arousal excitement, making contentment the strongest dominant emotion.",contentment
fear_03711,"A close-up of a large spider centered on its web against a dark background is a classic trigger for arachnophobia and general unease, making fear the dominant emotion a typical viewer would experience.",fear
disgust_01285,"The image shows heavily charred, blackened meat or animal carcasses piled on a smoky grill in a grimy, dark environment, which most viewers would find visually repulsive and stomach-turning.",disgust
excitement_03142,"The image shows two people bodysurfing and getting tumbled by a crashing wave, capturing the thrill and energy of riding ocean waves, which evokes a sense of excitement in a typical viewer.",excitement
awe_06558,"The image shows a smiling couple dressed elegantly — a woman in a grey gown holding yellow flowers and a man in a dark suit with a yellow tie — walking together at what appears to be a wedding ceremony, radiating warmth, joy, and a peaceful celebratory atmosphere that typically evokes contentment in viewers.",contentment
contentment_09863,"The image shows a tranquil wooden pier leading to a thatched-roof gazebo over a calm lake at golden-hour sunset, evoking a peaceful, serene sense of calm satisfaction rather than intense excitement or wonder.",contentment
disgust_10644,"The image shows a large, overflowing pile of garbage bags and loose trash on a street at night, which typically evokes a strong visceral reaction of disgust in viewers due to the visual mess, implied odor, and unsanitary conditions.",disgust
amusement_08485,"The image shows vibrant carnival/parade performers in elaborate, colorful costumes with feathered hats and sequined outfits, dancing energetically in the street — a lively, festive scene that strongly evokes excitement in a typical viewer.",excitement
anger_11080,"The image depicts a bullfight with a visibly bloodied bull being maneuvered by a matador, which typically evokes a strong sense of disgust in viewers due to the animal suffering and blood visible on the bull's body.",disgust
amusement_02456,"The image shows a large, illuminated Ferris wheel shot dramatically from below against a deep blue twilight sky — the towering scale, glittering lights, and upward perspective create a strong sense of wonder and grandeur that is characteristic of awe.",awe
fear_01366,"The image depicts a vampire-like figure with blood dripping from her mouth, dark atmospheric lighting, and an intense predatory gaze — classic horror imagery designed to evoke fear in a typical viewer.",fear
amusement_03942,"The image shows a cheerful young girl posing confidently at a colorful fairground with a Ferris wheel, bright blue skies, and a festive atmosphere — all classic visual cues that evoke a sense of energetic, upbeat excitement in a typical viewer.",excitement
amusement_02698,"The image shows a young boy on a swing with a wide, joyful smile, evoking an energetic, playful, and lively feeling that most strongly aligns with excitement rather than the calmer contentment or the humor-based amusement.",excitement
fear_00461,"The image shows a person wearing a realistic skull mask, which is a classic horror/Halloween imagery that primarily evokes a startle or dread response in a typical viewer.",fear
contentment_05061,"The image shows a person standing inside the hollow cavity of a massive ancient tree with arms outstretched and head tilted upward, conveying a sense of wonder at the enormous scale and grandeur of nature, which most viewers would find awe-inspiring.",awe
disgust_02258,"A large, close-up spider on a web is a classic fear-inducing stimulus; arachnophobia is widespread and the prominent, detailed image of the spider dominates the frame, triggering a strong fear response in a typical viewer.",fear
sadness_06383,"The image shows a figure (appearing painterly/collage-like) seated alone on a bench in an open urban plaza, with their face buried in their hands — a posture universally associated with crying, grief, or despair, evoking a strong sense of sadness in a typical viewer.",sadness
amusement_12872,"The image shows a tree with warm orange-red autumn leaves against a soft overcast sky, evoking a peaceful, serene seasonal scene that typically inspires quiet satisfaction and tranquility in viewers.",contentment
anger_02747,"The image shows an alligator with its jaws wide open, actively catching and consuming a fish in murky swamp water — a visceral predatory scene featuring sharp teeth, a struggling prey animal, and a raw display of violence that most viewers would find instinctively unsettling and repulsive.",disgust
excitement_11287,"The image shows a child rock climbing at significant height, gripping the rock face with visible effort and determination, which is likely to evoke a sense of excitement and thrill in a typical viewer.",excitement
excitement_10647,"The image shows a woman laughing joyfully while holding a small lizard/chameleon on a sunny tropical beach, a playful and lighthearted scene that most viewers would find funny and entertaining.",amusement
sadness_04820,"The image depicts an aged stone mausoleum with a weathered Gothic arched door covered in green moss, iron fence, and cemetery monuments — a somber, gloomy scene that most typically evokes sadness in viewers.",sadness
sadness_00122,"The foggy, misty cemetery scene with aged gravestones and fallen autumn leaves creates a somber, melancholic atmosphere strongly associated with death, loss, and mourning, evoking sadness as the dominant emotion.",sadness
sadness_10261,"The image shows a worn, dirty, and deteriorating yellow vehicle (likely a train or bus) with cracked/broken taillights, surrounded by overgrown vegetation, evoking a sense of neglect and melancholy decay that most strongly triggers sadness in a typical viewer.",sadness
anger_06587,"The tiger's wide-open mouth exposing large fangs and its roaring posture triggers an instinctive threat-response in a typical viewer, making fear the dominant emotion.",fear
amusement_16909,"The image features two small birds perched among vivid, torch-like orange aloe flowers in a lush natural setting — a serene, beautiful wildlife scene that evokes a calm, pleasant sense of peace and harmony with nature.",contentment
disgust_05469,"The image shows a massive, overflowing pile of garbage bags and waste on a city sidewalk, which typically triggers a strong visceral reaction of revulsion and repulsion in viewers.",disgust
sadness_10672,"The image shows endless rows of white military grave markers at what appears to be a national veterans cemetery, with a small American flag visible among the headstones under an overcast sky — a scene that overwhelmingly evokes grief and mourning for fallen soldiers.",sadness
anger_03470,"The image shows a wild-looking horse with long, dreadlock-like mane baring its teeth aggressively in a snowy blizzard, creating an intense, threatening, and primal visual that is most likely to evoke fear in a typical viewer.",fear
awe_03262,"The panoramic view of a city nestled between lush evergreen forests, a calm sea, and dramatic snow-capped mountains under a vast, partly cloudy sky evokes a sense of wonder and grandeur at the natural and urban landscape.",awe
sadness_10874,"The image shows dead, frost-covered sunflowers drooping over a bleak, snow-dusted field under a gray, overcast sky — a scene of decay, cold, and desolation that most strongly evokes sadness in a typical viewer.",sadness
anger_10184,"The image of a German Shepherd joyfully snapping at a stream of water with its mouth wide open is a playful, fun scene that most viewers would find funny and entertaining.",amusement
awe_06733,"The sweeping panoramic vista of a serene loch flanked by forested hills, rolling mountains, and a dramatic golden-pink sky overwhelms the viewer with a sense of grandeur and wonder that is characteristic of awe.",awe
awe_03725,"The image shows a serene highland landscape with golden-brown moorland, a blue sky with soft clouds, and a gentle rainbow arching overhead — a peaceful, harmonious natural scene that most viewers would find quietly pleasing and tranquil, evoking contentment rather than excitement or awe.",contentment
amusement_06923,"The image shows a beautiful white Cleome (spider flower) in full bloom surrounded by a lush, colorful garden, evoking a calm, peaceful, and pleasant feeling of tranquility that is best captured by contentment.",contentment
contentment_04106,"The image shows children joyfully engaged in gardening together, evoking a warm, pleasant feeling of calm happiness and domestic harmony in a natural setting.",contentment
sadness_10772,"The image depicts a person hunched over with their head in their hands, sitting alone on railroad tracks under a cloudy, overcast sky — a universally recognized posture of despair and grief that strongly evokes sadness in a typical viewer.",sadness
sadness_01195,"The woman's face displays a distressed, grimacing expression — downturned mouth corners, tense jaw, and watery/red eyes — which most strongly evokes sadness in a typical viewer.",sadness
fear_04059,"The image shows a person in graphic zombie makeup with simulated blood and a fake wound across the face, which is designed to disturb and repulse viewers, making disgust the dominant emotional response.",disgust
disgust_08656,"The overflowing ashtray filled with numerous cigarette butts and ash, alongside a cigarette pack and lighter, evokes a strong visceral reaction of disgust in a typical viewer due to the unpleasant sight of accumulated tobacco waste, stale ash, and the associated smell one can almost imagine.",disgust
disgust_08725,"The image shows an overflowing trash bin filled with used, stained coffee cups and a large pile of cigarette butts, which are universally associated with filth and waste, provoking a strong visceral reaction of revulsion in a typical viewer.",disgust
amusement_09282,"The image shows a colorful, cartoonish kiddie ride shaped like a smiling hot dog truck with a cute dog figure on top — its exaggerated friendly face and bright yellow-green colors are inherently playful and humorous, most likely evoking amusement in a typical viewer.",amusement
fear_07845,"The image shows a wildly creative art car designed to look like a giant monstrous face with multiple eyes and large jagged teeth — it is bizarre and over-the-top in a playful, carnival-like way, which would primarily evoke amused delight rather than genuine fear or disgust in a typical viewer.",amusement
awe_04841,"The image shows a neatly dressed young girl with a gentle, composed expression and a slight hint of a smile, evoking a peaceful and pleasant feeling of warmth and calm satisfaction in a typical viewer.",contentment
contentment_04937,"The image shows a couple holding hands, smiling, and strolling through a sunny tropical resort setting — evoking a warm, peaceful, and pleasant feeling of relaxed happiness rather than high-arousal excitement.",contentment
contentment_12049,"The image shows two people laughing and playing in ocean waves with water splashing dramatically around them, conveying a lively, energetic, and fun atmosphere that most viewers would find amusing and entertaining.",amusement
disgust_00175,"The close-up of a small, vividly colored golden moth resting peacefully on a weathered wooden surface next to a red object evokes a quiet sense of wonder and appreciation for nature's intricate beauty.",awe
amusement_03328,"The image shows a father tenderly holding a bundled-up baby in a serene, snow-covered forest, evoking a warm, peaceful sense of familial love and quiet happiness that most closely maps to contentment.",contentment
excitement_08876,"Three smiling women sitting on green grass in a sunny park, cheerfully clinking colorful shaved-ice treats together like a toast, radiating warmth and relaxed enjoyment of a pleasant day out.",contentment
sadness_10540,"The man's downturned mouth, furrowed brow, crossed arms, and averted gaze convey a brooding, unhappy expression that most strongly evokes sadness in a typical viewer.",sadness
awe_07803,"The aerial view of a sweeping coastline with vivid turquoise ocean, golden sand dunes, lush green cliffs, and a dramatic landscape stretching to the horizon evokes a powerful sense of wonder and grandeur in a typical viewer.",awe
fear_00011,"The image depicts a zombie-like figure looming over the viewer with a blood-stained shirt, a menacing expression, and a low-angle shot that amplifies the sense of threat and dread, which would predominantly evoke fear in a typical viewer.",fear
contentment_05627,"The image depicts a peaceful bamboo gazebo nestled in a lush green park with dappled sunlight filtering through trees, evoking a calm, serene, and pleasant atmosphere that a typical viewer would find relaxing and satisfying.",contentment
anger_07900,"A young girl strikes a fierce, determined pose wielding a boomerang with an intense, scowling expression, which is simultaneously comical and playfully aggressive — the dominant reaction in a typical viewer is amusement at the exaggerated ""tough"" stance of a small child.",amusement
anger_10670,"The image shows a tiger snarling aggressively with bared teeth and fangs directly at two people very close to the cage, which would provoke a strong sense of fear in a typical viewer due to the perceived threat and danger.",fear
anger_03512,"The image shows a decorated veteran/official named Carmichael in full uniform with medals, a sash, and a garrison cap, gesturing confidently while speaking — a dignified, commanding scene that most viewers would find inspiring and satisfying to observe, evoking a sense of contentment and quiet pride.",contentment
fear_01073,"The image depicts a ghostly, distressed horror doll with blank white eyes, dark streaks running down its face, and a gaping mouth — visual cues strongly associated with the uncanny and supernatural horror, which would evoke fear in a typical viewer.",fear
excitement_16227,"The image shows a surfer actively riding a wave in the ocean, capturing a dynamic, energetic moment of outdoor sport that typically evokes a sense of thrill and lively action in viewers.",excitement
amusement_12249,"The image shows a child using giant crayon-shaped pool floats while swimming with an adult in a sunny backyard pool — a playful, fun, and lighthearted scene that most viewers would find amusing and joyful, with the whimsical oversized crayon inflatables adding a humorous, playful touch.",amusement
excitement_11103,"The image of a happy, rosy-cheeked toddler grinning and running outdoors in a cozy flannel shirt evokes a warm, cheerful feeling of contentment in a typical viewer.",contentment
anger_04871,"The image shows a person with graphic zombie-style makeup featuring simulated blood and wounds, which is visually intense and disturbing, most likely evoking fear in a typical viewer.",fear
contentment_02893,"The image depicts a stylishly dressed woman in a serene, sunlit garden setting with white blooms, conveying a relaxed, pleasant, and harmonious atmosphere that evokes a sense of calm satisfaction.",contentment
fear_01515,"The dark, narrow stone tunnel with a lone shadowy figure (cat) disappearing into the dimly lit passage creates a distinctly eerie, ominous atmosphere that is most likely to evoke fear in a typical viewer.",fear
fear_05239,"The image depicts a figure with blood-red body paint, grotesque clawed appendages piercing the face, and dark chains around the neck against a black background — a deeply unsettling, horror-themed composition that would most strongly evoke fear in a typical viewer.",fear
amusement_08616,"The image shows young girls in vibrant traditional folk costumes, smiling and laughing together, which evokes a warm, joyful sense of happiness and ease in the viewer.",contentment
awe_10011,"The image presents a dramatic, snow-covered mountain range with towering rocky cliffs, a winding road, and a vivid blue sky — a grand, majestic natural scene that most viewers would find overwhelming in scale and beauty, evoking a sense of awe.",awe
fear_01201,"The dark, sepia-toned image of a person with ghoulish makeup holding a decayed skull, set against a black background, creates a distinctly unsettling and frightening atmosphere typical of horror imagery.",fear
contentment_08109,"The image shows a tender maternity moment — a smiling pregnant woman in a blue dress with her partner kneeling and touching her baby bump in a serene, natural setting — evoking a warm, peaceful sense of happiness and satisfaction.",contentment
amusement_11651,"The woman is smiling warmly and appears relaxed while smoking outdoors, conveying a calm, pleasant mood that most viewers would find quietly cheerful and at ease, evoking a sense of contentment.",contentment
awe_11429,"The vibrant field of blooming yellow, purple, and pink tulips in full color creates a serene, pleasant, and harmonious scene that evokes a calm sense of happiness and peace — most closely aligned with contentment.",contentment
sadness_08388,"The black-and-white close-up of the orangutan's face, with its downcast, distant gaze and somber expression set against a dark background, evokes a strong sense of melancholy and empathy in the viewer.",sadness
excitement_14112,"The image captures a windsurfer performing a high-energy maneuver on crashing waves, with dynamic motion, spray, and vibrant colors — a scene of thrilling athleticism that most viewers would find exhilarating.",excitement
amusement_16714,"The glowing gingerbread man light display holding a candy cane evokes a warm, cheerful holiday feeling that most viewers would associate with festive joy and excitement.",excitement
fear_05825,"The dark, narrow space with deep red lighting, aged wooden planks, a shadowy ladder leading upward into darkness, and cramped brick walls creates a foreboding, claustrophobic atmosphere that typically evokes fear in a viewer.",fear
awe_03101,"The serene scene of a sailboat gliding across calm blue water, framed by a lush forested shoreline and a majestic mountain in the background, evokes a peaceful, pleasant sense of satisfaction and calm well-being.",contentment
contentment_04484,"The image features vibrantly colored red and yellow moon cacti (Gymnocalycium mihanovichii) grafted onto green rootstock in a small pot — the striking, jewel-like colors and charming miniature scale evoke a sense of pleasant satisfaction and calm delight, most closely aligned with contentment.",contentment
anger_02466,"The image shows armed soldiers advancing toward a large, intense explosion, creating a visceral sense of immediate danger and threat that would most strongly evoke fear in a typical viewer.",fear
anger_06728,"The image depicts a large crowd of protesters, many of them young students, holding signs with charged messages about gun rights and student activism; the energy of collective resistance, frustration, and urgent demand for change most strongly evokes anger in a typical viewer.",anger
excitement_01911,"The image shows a cyclist racing intensely through muddy, snowy terrain in a cyclocross competition, leaning forward aggressively on the bike — the dynamic action, competitive energy, and athletic intensity are most likely to evoke excitement in a typical viewer.",excitement
anger_09067,"The image shows a tiger with its mouth wide open, baring its sharp teeth and fangs in an aggressive snarl while lunging forward — a pose that most viewers would instinctively find threatening and frightening.",fear
disgust_09559,"The image shows large, raw cuts of meat laid out on a table at an open-air market, which typically evokes a strong visceral reaction of revulsion or repulsion in typical viewers unfamiliar with such settings, making disgust the dominant emotion.",disgust
excitement_04785,"The image shows military personnel in a rubber raft being battered by crashing waves against rocks, with one person clinging to the edge amid intense white water — the raw power of the situation, the physical danger, and the intense action most strongly evoke excitement in a typical viewer.",excitement
sadness_07307,"The desaturated, dark-toned image of a single dried, withered leaf resting alone on a textured surface conveys a sense of decay, impermanence, and quiet melancholy, evoking sadness as the dominant emotion.",sadness
anger_05001,"The image shows a lion cub mid-yawn with its mouth wide open, revealing teeth — while it could appear threatening, the small, fluffy, juvenile animal yawning in a relaxed pose reads as cute and funny to a typical viewer, making amusement the dominant emotion.",amusement
disgust_10755,"The image shows a neglected, overgrown area with scattered litter (old newspapers and flyers) piled around a graffiti-tagged mailbox behind a chain-link fence, evoking a sense of decay, neglect, and urban blight that most viewers would find unpleasant and off-putting — most closely aligned with disgust.",disgust
contentment_03964,"The image shows a young girl with a big smile and hands on her cheeks, peeking out of a colorful bounce house at what appears to be a birthday party — a scene of pure, joyful play that typically evokes warm amusement in viewers.",amusement
awe_02710,"The image depicts a stunning ocean sunset with vivid orange, pink, and purple hues reflecting off the waves and wet sand, creating a breathtaking and visually overwhelming natural scene that most viewers would find inspiring and magnificent.",awe
sadness_10952,"The image shows a small puppy curled up peacefully among military gear and boots, evoking a bittersweet tenderness — the contrast of innocence (the sleeping dog) against the rugged military context, along with the implied absence of the soldier, stirs a quiet, poignant sadness in a typical viewer.",sadness
disgust_02720,"The image shows a close-up of an open mouth with a heavily coated, inflamed tongue covered in white/yellow patches and red irritated areas, which is visually unpleasant and likely evokes a strong sense of revulsion in a typical viewer.",disgust
excitement_10886,"The woman's wide-open mouth, raised eyebrows, and playful expression as she dramatically bites into a piece of cauliflower creates a humorous, lighthearted scene that most viewers would find funny and entertaining.",amusement
contentment_04375,"The image shows an adorable, beaming baby with a wide, toothy smile sitting in a high chair wearing a colorful lion bib — a scene that typically fills viewers with warm, joyful satisfaction and a sense of peaceful happiness.",contentment
disgust_04100,"The image shows weathered, decayed, and pitted rock or bone-like organic material with a rough, eroded texture and earthy tones — its deteriorated, grotesque surface is likely to evoke a mild sense of disgust in a typical viewer.",disgust
awe_04140,"The image depicts a breathtaking harbor sunset with vivid pink and purple hues reflecting off calm water, silhouetted sailboats, and tree-lined shores — a visually stunning, expansive scene that overwhelmingly evokes a sense of wonder and grandeur.",awe
anger_03581,"The image shows firefighters conducting a controlled burn in a forest, with vivid, roaring flames and billowing smoke close to the workers — the dramatic fire danger and intensity of the scene is most likely to evoke fear in a typical viewer.",fear
excitement_04597,"Three children dressed in colorful superhero costumes (capes, masks, and star/heart emblems) are gleefully running toward the camera with big smiles, creating a high-energy, playful scene that most viewers would find thrilling and energizing.",excitement
awe_10023,"The image shows people in colorful, theatrical costumes (a flamboyant red dress, a bowler hat with white scarf, a fez) posing together at what appears to be a festive outdoor event, evoking a lighthearted, humorous reaction in a typical viewer.",amusement
fear_08398,"The image depicts the smoldering ruins and massive debris field of Ground Zero following the September 11 attacks, a scene of enormous destruction and loss of life that overwhelmingly evokes deep sorrow in a typical viewer.",sadness
sadness_05053,"The black-and-white image depicts a person hunched over on a street corner, head down and seemingly in despair, with only a colorful bag providing contrast — a visual metaphor for isolation and hardship that evokes a strong sense of sadness in a typical viewer.",sadness
contentment_07287,"The image of a cheerful, grinning baby with bright eyes and a big toothy smile, sitting happily on someone's lap near what appears to be a gift bag, naturally evokes a warm, light-hearted sense of amusement in a typical viewer.",amusement
amusement_05029,"The dramatic explosion of bright sparks surrounding a soldier in full combat gear creates a visually intense, dynamic, and thrilling scene that most strongly evokes excitement in a typical viewer.",excitement
amusement_11840,"Two young girls wearing bright pink/magenta wigs, sticking out their tongues and making silly faces — a playful, humorous scene that naturally triggers laughter and amusement in a typical viewer.",amusement
disgust_09713,"The image shows used cigarette butts and ash in a dirty ashtray, which typically evokes a strong sense of disgust due to the grimy, polluted appearance associated with smoking waste.",disgust
contentment_12344,"The image features two champagne flutes, festive red and gold Christmas ornaments, and golden streamers/confetti — a classic celebratory holiday scene that evokes a sense of joyful anticipation and festive energy, most closely aligned with excitement.",excitement
contentment_05096,"The image shows a newlywed couple on their wedding day — the groom gently kissing the bride on the cheek as she smiles warmly, set against a lush floral backdrop. This tender, romantic scene naturally evokes a calm, warm sense of happiness and satisfaction in a typical viewer, most closely aligned with contentment.",contentment
anger_06589,"The image depicts a protest banner with confrontational political messaging (""Stop Bush,"" ""Bring the troops home,"" ""Stop Global Warming,"" ""Defend Workers' Rights""), which typically evokes a sense of anger or outrage in a typical viewer due to its forceful, oppositional tone and urgent demands against perceived injustice.",anger
fear_01666,"The image depicts a pale, dark-haired figure standing motionless in a shadowy, dimly lit doorway of what appears to be a decayed or abandoned structure, evoking a strong horror/supernatural atmosphere that would induce fear in a typical viewer.",fear
contentment_12565,"The vast, sweeping field of richly colored tulips in full bloom, with layers of deep crimson and bright red stretching to the horizon, creates an overwhelming sense of beauty and grandeur that inspires awe in a typical viewer.",awe
contentment_08121,"The image features a elegantly dressed woman posing gracefully on a white sofa in a stylish, well-composed setting, evoking a sense of calm satisfaction and visual pleasure typical of contentment.",contentment
contentment_07211,"The image shows two colorful, exotic monkeys (likely Red-shanked Doucs) resting on rocks amid lush green forest, evoking a peaceful sense of wonder at nature's beauty and biodiversity.",awe
excitement_07404,"The image shows a young child with a wide, joyful open-mouthed smile and a woman crouching beside him with an exaggerated look of delighted surprise — both expressions radiate high-energy positive affect, most consistent with excitement in a typical viewer.",excitement
sadness_03458,"The black-and-white image of a middle-aged woman sitting alone at a café table, head bowed and resting on her clasped hands with eyes downcast, conveys a pensive, melancholic mood that most viewers would read as sadness.",sadness
disgust_05965,"The image shows large pieces of raw or partially cooked meat hanging over an open fire, with a dark, gritty atmosphere — the sight of exposed flesh, char, and visceral food preparation is likely to evoke a strong sense of disgust in a typical viewer.",disgust
contentment_11753,"The little girl's furrowed brow, downturned mouth, and teary eyes suggest she is upset or about to cry, which evokes a feeling of sadness in a typical viewer.",sadness
sadness_02653,"The image shows a young boy lying in bed with a dull, tired, and somber expression, hugging a stuffed toy, which evokes a feeling of sadness in a typical viewer — he appears unwell or emotionally low.",sadness
fear_09826,"The image features three people wearing highly realistic, grotesque horror masks (a zombie soldier, a skull with a top hat, and a grim reaper), photographed at night, which is designed to startle and frighten the viewer.",fear
sadness_04106,"The two individuals are seated and watching intently with calm, focused expressions — no strong positive or negative arousal is present, suggesting a relaxed, settled state of watching a sporting event that most viewers would perceive as contentment.",contentment
fear_04714,"The image shows a tattered, ghostly figure-like object hanging from the ceiling under an eerie blue/UV light in a dark room, creating a haunting, supernatural atmosphere that would most strongly evoke fear in a typical viewer.",fear
amusement_13050,"The image features a large, vibrant tunnel or arch made of hundreds of multicolored balloons on a sunny green lawn, creating a festive, lively, and energetic scene that would most strongly evoke excitement in a typical viewer.",excitement
fear_12191,"The image shows a group of people dressed as zombies with fake blood and torn clothing, which is a theatrical/costume event; while the imagery references horror, the clearly staged and playful nature of the zombie walk is most likely to evoke amusement in a typical viewer.",amusement
disgust_10903,"The image shows a filthy, cluttered space overflowing with trash, broken bottles, cans, and debris, which typically provokes a strong aversive reaction of revulsion in viewers.",disgust
disgust_07150,"The image shows shredded meat cooking in a red Dutch oven, which evokes a warm, satisfying sense of comfort food being prepared — a typical viewer would likely feel calm pleasure and satisfaction at the sight of a hearty, home-cooked meal.",contentment
awe_12426,"The image features a vivid, full rainbow arching over the London skyline with the O2 Arena and Canary Wharf visible, creating a grand, visually striking scene that inspires wonder and a sense of grandeur in a typical viewer.",awe
sadness_10850,"The image shows a young man sitting quietly on what appears to be public transit, head slightly bowed, earphones in, looking tired or withdrawn — a mundane, solitary scene that evokes a gentle sense of sadness or melancholy in a typical viewer.",sadness
contentment_15071,"The image depicts a tender family moment — a couple with their baby standing among blooming spring trees, with the man gently kissing the woman's cheek — evoking a warm, peaceful sense of happiness and satisfaction that aligns most strongly with contentment.",contentment
disgust_10960,"The image shows numerous cigarette butts littered across a dirty metal surface, evoking a strong sense of revulsion and disgust at the unsanitary, polluting mess.",disgust
anger_05446,"The image features a heavily stylized face with furrowed brows, an intense downward glare, and a clenched, grimacing mouth, all amplified by a dramatic blue radial blur effect — together these elements project a powerful sense of rage and hostility that would most strongly evoke fear in a typical viewer.",fear
disgust_06686,"The image shows a used, soiled sanitary pad discarded on a public pavement, which is unhygienic and visually unpleasant, provoking a strong visceral reaction of disgust in a typical viewer.",disgust
awe_06025,"A baby in a soft blue sweater peacefully examining bright yellow dandelions while clutching a stuffed animal evokes a warm, peaceful sense of happiness and ease — the quintessential feeling of contentment.",contentment
sadness_10963,"The black-and-white image of two musicians in a dimly lit, intimate setting — with downward gazes and quiet, introspective expressions — evokes a melancholic, somber mood that most strongly elicits sadness in a typical viewer.",sadness
disgust_09327,"The image shows a heavily rotted, decaying apple still hanging on a branch — the dark, festering lesions and decomposing flesh of the fruit are visually repulsive, making disgust the dominant emotion a typical viewer would experience.",disgust
excitement_01759,"The image shows a rock climber dangling from a dramatic overhang at great height, silhouetted against a dusky sky — the combination of extreme danger, physical daring, and vertigo-inducing perspective most strongly triggers fear in a typical viewer.",fear
fear_14753,"The image shows performers in playful, recognizable Halloween/Disney villain costumes (including Oogie Boogie from The Nightmare Before Christmas) on a colorful stage with an enthusiastic crowd, evoking a fun, festive, and lively atmosphere that most viewers would find amusing and entertaining.",excitement
anger_07105,"The image shows cheetahs feeding on a raw, bloody carcass; the graphic depiction of blood and torn flesh is likely to provoke a strong visceral reaction of disgust in a typical viewer.",disgust
anger_08003,"The image shows a person screaming with furrowed brows, bared teeth, and an intensely aggressive facial expression, which most strongly evokes anger in a typical viewer.",anger
anger_03721,"The image of a man tenderly holding a young toddler in a calm outdoor setting evokes a warm, peaceful sense of well-being and familial love, which most strongly maps to contentment.",contentment
anger_05943,"The image shows a greyhound with its mouth wide open, teeth fully bared, and an intense forward-facing expression, which is likely to trigger a mild sense of unease or threat in a typical viewer, making fear the dominant evoked emotion.",fear
sadness_00495,"The image depicts a gravestone (Grabstätte) with multiple names inscribed, adorned with funeral wreaths, flowers, and a framed portrait of the deceased, evoking a strong sense of grief and loss typical of a funeral or memorial scene.",sadness
awe_05346,"The image depicts a beautifully manicured garden with a symmetrical gravel path, lush colorful flowers (pink roses, purple lavender, blue delphiniums), and sculpted golden hedges framed by tall trees — a serene, harmonious scene that evokes a calm sense of peace and satisfaction rather than intense excitement or awe.",contentment
contentment_05985,"The scene shows two people in a sunny, lush park feeding pigeons, with a squirrel nearby and a woman dressed in a strikingly colorful, eccentric all-pink outfit — the quirky, lighthearted nature of the scene and the whimsical costume are likely to elicit amusement in a typical viewer.",amusement
anger_09682,"The monkey's wide-open mouth and expressive, almost laughing facial expression gives the image a humorous, playful quality that typically evokes amusement in viewers.",amusement
sadness_03758,"The image shows a person huddled with knees drawn up, head bowed and resting against their legs, with a somber downward gaze and cool blue tones throughout — a posture and mood strongly associated with loneliness, grief, or quiet despair.",sadness
disgust_08161,"The image shows a large spread of collected beach trash — cigarette butts, plastic fragments, and miscellaneous debris — being catalogued on a clipboard, which evokes a strong visceral reaction of revulsion and disgust at the sheer volume and nature of the pollution.",disgust
sadness_10513,"The black-and-white image of a small child sitting alone on the grass with her head bowed down and arms hugged tightly around her knees conveys a strong sense of isolation, vulnerability, and dejection, evoking sadness in a typical viewer.",sadness
fear_06970,"The image shows a child dressed as a zombie princess with realistic-looking fake blood and cracked skin makeup, which is visually unsettling and triggers a visceral negative reaction in a typical viewer, most closely aligned with disgust.",disgust
disgust_08908,"The image shows railway tracks heavily littered with trash, debris, and discarded items, which typically evokes a strong sense of disgust in viewers due to the filthy, polluted environment.",disgust
sadness_02693,"The image shows a young man with his head in his hand in a dejected, distressed posture while a woman beside him looks on with concern, evoking a strong sense of sadness or emotional distress in a typical viewer.",sadness
contentment_11490,"The image shows a lush palm tree set against a calm turquoise sea and clear blue sky, creating a serene, peaceful tropical scene that evokes a sense of quiet satisfaction and relaxation.",contentment
disgust_10313,"The image shows a petri dish with bacterial/microbial colonies growing on a blood agar plate — a common sight in microbiology but one that most typical viewers associate with germs, contamination, and biological unpleasantness, which most strongly evokes disgust.",disgust
disgust_02012,"The image shows a heavily decomposed, rotting pumpkin covered in mold and decay, which would strongly evoke a visceral sense of revulsion and disgust in a typical viewer.",disgust
amusement_04566,"The image shows a brightly lit carnival swing ride at night, captured with motion blur that creates a dazzling, swirling display of colorful lights — this vibrant, energetic scene of a fairground attraction in full motion most strongly evokes excitement in a typical viewer.",excitement
fear_03076,"The image shows heavily made-up, ghoulish performers in a dramatic, theatrical struggle at what appears to be a dark carnival/sideshow (""Dr. Haze's Hall of Curiosities""), with unsettling pale body paint, aggressive posturing, and horror-themed costumes, which would primarily evoke fear in a typical viewer.",fear
anger_02138,"A large, powerful tiger pacing within a fenced enclosure evokes a sense of awe in a typical viewer, as the animal's striking size, vivid markings, and raw majesty inspire wonder and admiration.",awe
anger_03997,"The image depicts a distorted, blood-soaked face with dark, dripping red streaks and a horrifying expression, which strongly evokes a visceral sense of fear in a typical viewer.",fear
anger_07504,"The dolphin's wide-open mouth resembles a cheerful ""smile,"" its playful pose in bright turquoise water, and the overall lively, energetic scene typically elicit a light-hearted, amused reaction in viewers.",amusement
awe_01480,"The image features a vivid rainbow arcing over a calm, reflective lake framed by mountains, dramatic clouds, and lush foreground wildflowers and pine saplings — a sweeping, majestic natural scene that typically inspires a sense of wonder and grandeur, making awe the strongest dominant emotion.",awe
contentment_13991,"The image shows a couple tenderly holding each other with foreheads nearly touching and gentle smiles, radiating warmth and peaceful romantic harmony — evoking a calm, warm sense of contentment rather than high-arousal excitement.",contentment
disgust_03051,The image captures a monarch butterfly chrysalis in mid-transformation — a striking and wondrous natural phenomenon that typically inspires a sense of wonder and amazement in viewers at the miracle of metamorphosis.,awe
contentment_02250,"The image of a peacefully sleeping newborn baby wrapped in a soft white outfit with a pacifier evokes a warm, calm, and serene feeling of contentment in a typical viewer.",contentment
sadness_09213,"The dark, high-contrast black-and-white image of a person lying down alone in dim lighting, with a somber and introspective mood, evokes a strong sense of melancholy and isolation in the viewer.",sadness
contentment_06796,"The image shows a young girl confidently posing in a doorway wearing a bike helmet, colorful layered outfit, and skirt with hands on her hips and a playful smile — a charming, lighthearted scene that typically evokes amusement in viewers.",amusement
fear_08791,"A large spider photographed in close-up detail at the center of its web is a classic fear-inducing stimulus, as arachnophobia is one of the most common human fears and the direct, confrontational framing of the spider amplifies the threatening impression for a typical viewer.",fear
sadness_04148,"The image shows athletes in fencing uniforms with their heads bowed and hands covering their faces, displaying clear body language of grief and disappointment, likely after a loss in competition, which strongly evokes sadness in a typical viewer.",sadness
disgust_06556,"The image shows a pile of dead white rabbits in a green container, which typically evokes a strong visceral reaction of disgust and revulsion in viewers due to the sight of deceased animals in a heap.",disgust
sadness_09975,"The black-and-white image shows a man resting his head on a surface with a distant, downcast gaze, conveying a brooding, melancholic mood that typically evokes sadness in a viewer.",sadness
sadness_01222,"The black-and-white image of an elderly man hunched over on a bench alone, head bowed into his hand in a classic pose of dejection or grief, while others socialize in the background, powerfully evokes sadness in a typical viewer.",sadness
awe_13297,"The image features a lone, bare, moss-draped tree rising dramatically against a misty, mountainous forest backdrop with soft, ethereal light — a scene of grand natural scale and atmospheric mystery that typically evokes a sense of wonder and awe in viewers.",awe
anger_09654,"The image shows one person making a silly, exaggerated face — wide eyes and tongue out — while the other looks casually indifferent, creating a humorous, playful contrast that most viewers would find funny.",amusement
contentment_16441,"The vivid, saturated colors of the pink-red anthurium flower against lush green foliage, combined with the exotic and striking appearance of the bloom in bright sunlight, evokes a calm sense of beauty and peaceful pleasure typical of contentment.",contentment
contentment_08114,"The image shows a joyful wedding scene with a smiling bride and groom surrounded by family, evoking a warm sense of happiness and satisfaction that best maps to contentment.",contentment
sadness_04839,"The image depicts an ornate angel relief carved onto a grave monument in a cemetery, evoking a reflective, somber mood associated with death, mourning, and loss, which most strongly elicits sadness in a typical viewer.",sadness
contentment_08111,"The image depicts a pregnant woman in a serene bubble bath adorned with rose petals and a glass of wine, conveying a peaceful, self-celebratory moment of relaxation and maternal beauty that evokes a sense of calm satisfaction.",contentment
fear_00548,"The image shows a person in a sinister clown costume with dark, menacing makeup, a distorted grin, and shadowy lighting — classic horror-clown imagery that most viewers would find deeply unsettling and frightening.",fear
fear_11754,"The image shows two men covered in blood and gore in what appears to be a horror film still (Dark Storm Films), with one appearing severely wounded — the graphic, visceral imagery of blood and injury is most likely to evoke disgust in a typical viewer.",disgust
sadness_02758,"The image depicts a lone, empty chair at a small table in a dark, shadowy outdoor setting with a sepia tone, evoking a strong sense of loneliness, abandonment, and melancholy that most viewers would associate with sadness.",sadness
excitement_07225,"The image shows a vibrant, elaborately costumed performer in a sparkling green gown and crown, arms raised joyfully while marching in what appears to be a Pride parade — the energetic pose, festive crowd, and celebratory atmosphere most strongly evoke excitement in a typical viewer.",excitement
awe_10535,"The image shows a person doing a headstand on a beach with a scenic waterfront backdrop and warm sunlight, evoking a sense of energetic, joyful display of skill and freedom that most viewers would find exciting.",excitement
excitement_13639,"The image shows a joyful woman riding on a man's shoulders at a lively outdoor festival, with colorful flags, a festive atmosphere, and both subjects appearing energetic and happy, which evokes a strong sense of excitement in a typical viewer.",excitement
excitement_10466,"The image shows a crowd of people splashing and playing in a public fountain on a sunny day, wearing fun costumes like a pink wig and a masquerade mask, clearly enjoying themselves — this lively, festive, energetic scene most strongly evokes excitement in a typical viewer.",excitement
sadness_12567,"Two young calves nuzzling together in a grassy field evokes a warm, peaceful sense of well-being and satisfaction, as the intimate, gentle interaction between the animals creates a soothing and heartwarming scene.",contentment
amusement_15774,"The image shows a young girl beaming with a wide, joyful smile while hugging a bright pink Trolls plush toy, radiating pure, infectious delight that a typical viewer would find heartwarming and uplifting — most strongly evoking contentment.",contentment
amusement_00126,"The image depicts a beautifully plated, appetizing meal with sliced meat, hasselback potatoes, and a fresh salad — the kind of visually appealing, well-prepared food that typically evokes a calm sense of satisfaction and pleasure in viewers.",contentment
anger_04734,"The image depicts a protest crowd holding signs reading ""Stop!!! We are not fools"" and waving flags, which conveys a strong sense of collective defiance and outrage — the dominant emotion a typical viewer would feel is anger.",anger
anger_00932,"The close-up shot of a black cat licking its lips with bright green eyes and tiny teeth showing is an endearing, quirky moment that most viewers would find cute and funny, evoking amusement.",amusement
amusement_05258,"The long-exposure shot of a brilliantly lit, spinning Ferris wheel at night — with vivid streaks of red, green, blue, and purple radiating outward against a pitch-black sky — creates a visually stunning, almost overwhelming spectacle that most viewers would find breathtaking and wonder-inducing.",awe
contentment_00343,"The soft, delicate pink and white orchid blossoms against a muted background evoke a calm, pleasant, and soothing feeling — the hallmark of contentment rather than high-arousal excitement or awe.",contentment
awe_09799,"The sweeping aerial view of snow-capped mountains, a serene blue lake nestled in a valley, and the vast wintry landscape creates a powerful sense of wonder and grandeur that is characteristic of awe.",awe
contentment_01180,"The image shows an older woman smiling warmly while relaxing in a bright blue resort pool surrounded by palm trees, evoking a sense of peaceful happiness and ease that most strongly aligns with contentment.",contentment
contentment_13160,"The image shows four young women laughing, smiling, and leaning into each other during a relaxed outdoor picnic with wine glasses, surrounded by lush greenery — a scene radiating peaceful happiness and ease that most strongly evokes contentment in a typical viewer.",contentment
sadness_03097,"A young child is crying/grimacing while perched precariously on the back of a heavily loaded cargo tricycle moving through traffic, evoking concern and sorrow for the child's distress and vulnerable situation.",sadness
excitement_10219,"The image shows people smiling and participating in what appears to be a cheerful outdoor parade or rally with colorful flags, evoking a warm, pleasant sense of ease and happiness that best aligns with contentment.",contentment
excitement_01034,"The vivid, rainbow-colored wig, bold drag makeup, and confident expression create a visually striking and celebratory image that most typically evokes excitement in a viewer.",excitement
contentment_15374,"The image features a strikingly colorful wood duck with vivid iridescent green, red, white, and brown plumage standing on sandy ground — its vibrant, almost jewel-like beauty and the calm, approachable scene would most strongly evoke a sense of awe in a typical viewer.",awe
anger_05292,"The image shows a pile of felled trees burning in a cleared forest landscape, with a dense, still-intact forest visible in the background — a stark depiction of deforestation. The destruction of trees and the environmental damage this represents would most strongly evoke sadness in a typical viewer.",sadness
fear_08652,"The image prominently features a mass of grotesque, demonic skulls with glowing purple eyes on what appears to be a cosplay prop or costume piece — the macabre, menacing aesthetic of snarling skulls would most strongly evoke fear in a typical viewer.",fear
excitement_15764,"The image shows a man wearing a ""UNDP Goodwill Ambassador"" shirt thoughtfully examining a colorful soccer ball in a gym setting — the calm, purposeful, and positive atmosphere evokes a sense of quiet satisfaction and well-being.",contentment
fear_02515,"The close-up black-and-white image of a rough, primitive tribal mask with hollow dark eyes and glinting pupils is inherently eerie and unsettling, evoking a strong sense of fear in a typical viewer.",fear
fear_10477,"The close-up of a large theropod dinosaur skull with massive, jagged teeth prominently displayed in an open-jawed pose triggers a primal sense of fear in a typical viewer, as the menacing teeth and predatory form evoke a visceral threat response.",fear
sadness_09911,"The black-and-white photo of a deteriorating, abandoned wooden church with boarded windows, peeling siding, and an overall eerie, decayed atmosphere most strongly evokes fear in a typical viewer.",fear
anger_06550,"The lion is snarling with its mouth open, baring its teeth, and appears to be in an aggressive or threatening posture, which would most strongly evoke fear in a typical viewer.",fear
excitement_13856,"The image features a woman in a vibrant, elaborate carnival costume with a stunning jeweled headdress, bold makeup, and a radiant smile, evoking a strong sense of festive energy and visual spectacle that most viewers would find thrilling and energizing.",excitement
sadness_12046,"The image features a tall, imposing obelisk monument in a sunlit cemetery with lush green grass and a bright blue sky — the grandeur and scale of the structure against a serene, open sky naturally evokes a sense of awe in a typical viewer.",awe
awe_03067,"The image depicts a dramatic natural sandstone arch in a vast desert landscape under a bright blue sky — a scene of grand, ancient geological beauty that typically inspires a sense of wonder and reverence in viewers.",awe
anger_11404,"The woman's exaggerated snarling expression, bared teeth, furrowed brow, and intense side-eye directed at a ketchup bottle reads as a humorous, over-the-top performance that most viewers would find funny rather than genuinely threatening.",amusement
anger_01673,"The image shows a person wearing elaborate zombie makeup with fake wounds, exposed ""skull,"" and blood effects, which is visually grotesque and would primarily trigger disgust in a typical viewer due to the disturbing, gore-like appearance.",disgust
anger_07339,"The image depicts an intense protest scene with people shouting, raising fists, and holding signs accusing someone of murder — the raw, confrontational energy and expressions of outrage would evoke anger as the dominant emotion in a typical viewer.",anger
anger_04877,"The man in the background is making an exaggerated, wide-mouthed, intense facial expression while pointing, which reads as theatrical and over-the-top rather than genuinely threatening, making the scene comedic and likely to evoke amusement in a typical viewer.",amusement
amusement_10287,"The image shows a neatly plated serving of fresh, vibrant yellow jackfruit alongside a cold Sprite Zero and an iced glass of water — a clean, inviting, and pleasantly arranged snack scene that evokes a calm sense of satisfaction and well-being.",contentment
amusement_12811,"The image shows two women in Miami Hurricanes fan gear smiling broadly, posing together at what appears to be a tailgate — the playful expression, team spirit, cold beer, and celebratory body language collectively evoke a strong sense of excitement in a typical viewer.",excitement
anger_06487,"A lioness with her mouth wide open, exposing large fangs and a gaping maw, is an archetypal threat display that triggers an instinctive fear response in a typical viewer.",fear
awe_03098,"The image depicts a group of people on a wooden boat silhouetted against a serene, glowing sunset over calm water, evoking a sense of peaceful wonder and grandeur that most strongly elicits awe in a typical viewer.",awe
contentment_00085,"The image shows a woman peacefully cuddling with a fluffy cat on a soft blanket, evoking a warm, tranquil sense of comfort and well-being in the viewer.",contentment
fear_14872,"The image shows two performers in white suits huddled together on a dark stage, with one appearing to cry out in anguish — the dramatic lighting, distressed facial expression, and clinging posture strongly evoke a sense of sadness or despair in a typical viewer.",sadness
awe_04872,"The vibrant cluster of bright red-orange star-shaped flowers against a lush green background creates a visually striking, peaceful, and pleasing natural scene that most viewers would find quietly satisfying and harmonious.",contentment
anger_09123,"The image shows a man aiming a handgun with intense focus and a tense posture, which would primarily evoke fear in a typical viewer due to the threatening nature of a weapon being pointed outward.",fear
excitement_06587,"The image captures a surfer dynamically riding a powerful, crashing wave in an athletic, high-energy pose, which typically evokes a strong sense of thrill and exhilaration in viewers.",excitement
sadness_11514,"The image shows an elderly man with a weathered face, a downward gaze, and a somber, introspective expression, which typically evokes a sense of sadness or melancholy in a typical viewer.",sadness
excitement_14512,"The image shows a soccer player in action on a well-maintained green field with palm trees and a goalpost in the background, evoking a pleasant, calm, and satisfying sports scene that most viewers would find peaceful and agreeable rather than thrilling or negative.",contentment
contentment_03551,"The image shows a happy young family — a man, woman, and baby — smiling together in front of impressive bronze sculptures at what appears to be a museum or sculpture garden, evoking a warm, peaceful sense of well-being and satisfaction in a typical viewer.",contentment
amusement_08851,"The image shows a cluster of bright, cheerful white daisies with vivid yellow centers in full bloom, which typically evokes a calm, pleasant, and peaceful feeling of well-being in a typical viewer.",contentment
contentment_03015,"The image depicts a breathtaking sunset over the ocean with a bird silhouetted against the glowing sun, evoking a sense of wonder and magnificence at the beauty of nature.",awe
contentment_11454,"The image of a young child grinning broadly while holding a snack in a casual restaurant setting radiates warmth and joy, which most typically evokes a calm, pleasant feeling of contentment in the viewer.",contentment
disgust_01924,"The image shows a severely overripe, rotting tomato with blackened, decaying stem and shriveled, decomposing skin, which typically evokes a strong visceral reaction of disgust in viewers.",disgust
contentment_12289,"The image shows a large, chubby tabby cat taking a close-up ""selfie"" with its owner in the background — the cat's grumpy, deadpan expression filling the frame is inherently comedic and lighthearted, which typically evokes amusement in viewers.",amusement
awe_11086,"The sweeping dramatic landscape featuring rugged coastal cliffs, a moody sky with dramatic clouds, and a distant silhouetted castle perched on the headland creates a sense of grandeur and overwhelming natural majesty that most strongly evokes awe in a typical viewer.",awe
sadness_07382,"The dark, shadowy interior of what appears to be a mausoleum or columbarium — with rows of burial niches adorned with flowers and a coffin visible in the background — creates a deeply somber, mournful atmosphere that a typical viewer would most strongly associate with sadness.",sadness
amusement_17485,"The image depicts a mother and young child relaxing together on a sunny park lawn, with warm light, soft colors, and gentle smiles — evoking a serene, peaceful sense of well-being and domestic happiness that most strongly maps to contentment.",contentment
awe_08101,"The image shows a devotee wading in the sacred pool before the gleaming Golden Temple (Harmandir Sahib) in Amritsar — a visually stunning, spiritually profound scene whose grandeur, golden architecture, and act of reverent pilgrimage overwhelmingly evoke a sense of awe in a typical viewer.",awe
fear_10909,"The image depicts a person in heavily gore-laden zombie makeup with fake blood covering their face and clothing, which is a visually striking and grotesque appearance that would most strongly evoke disgust in a typical viewer.",disgust
amusement_05272,"The image shows an adorable toddler with a gentle smile, clapping her hands in a snowy, dreamy setting — evoking a warm, peaceful sense of well-being and satisfaction in a typical viewer.",contentment
disgust_07272,"A large, hairy spider filling the frame in close-up macro photography is a classic trigger of arachnophobia; the dominant emotion a typical viewer would feel is fear.",fear
sadness_01743,"The image depicts a military cemetery with rows of graves marked by helmets and crosses, bathed in a warm sunset glow — a scene that powerfully evokes grief and mourning for fallen soldiers.",sadness
awe_04003,"The sweeping panoramic view from a mountain summit reveals a vast, misty seascape dotted with islands under a soft pastel sunrise sky, creating an overwhelming sense of grandeur and wonder in a typical viewer.",awe
disgust_03034,"The image shows a large, densely hairy caterpillar with striking black and rust-orange coloration and white-tipped bristles — its alien, spiky, and creepy-crawly appearance is likely to trigger a visceral sense of repulsion or unease in a typical viewer.",disgust
fear_00295,"The bold, menacing graffiti depicts a devil-like creature with sharp teeth, glowing yellow eyes, and horns rendered in aggressive red tones — imagery strongly associated with threat and dread that would most likely evoke fear in a typical viewer.",fear
amusement_14437,"A baby laughing and playing with a pink balloon, mouth wide open in delight, evokes a warm, lighthearted reaction in viewers — the scene is charming and playful, most strongly triggering amusement.",amusement
sadness_05689,"The crumbling stone castle ruins, with their weathered walls, empty archways, and sense of abandonment under a muted grey sky, evoke a feeling of melancholy and loss — the decay of something once grand and enduring.",sadness
excitement_10808,"The image shows a woman in a military-style outfit, dancing energetically at what appears to be an outdoor festival or parade, with a confident, lively posture — evoking a sense of high-energy fun and liveliness that most viewers would find exciting.",excitement
fear_10924,"The image shows a narrow, dark, dirty, and dilapidated staircase with worn, stained wooden steps leading down into a dim space, which evokes an unsettling, creepy feeling typical of fear in a typical viewer.",fear
awe_14081,"The image depicts a religious procession with a beautifully adorned statue of the Virgin Mary being carried through the streets, surrounded by a crowd of devoted participants — a scene that typically evokes a sense of wonder and reverence in a typical viewer.",awe
anger_03219,"A tightly clenched fist is a universally recognized symbol of aggression and threat, which most viewers would associate with anger or the anticipation of violence.",anger
disgust_03977,"The image prominently features an overflowing outdoor garbage bin filled with blue and red trash bags on a street, which is visually unappealing and likely to evoke a sense of disgust in a typical viewer.",disgust
excitement_12358,"The image shows two young women laughing, waving an American flag inside a van, radiating high-energy joy and a sense of adventure — the dynamic poses, big smiles, and road-trip context strongly evoke excitement in a typical viewer.",excitement
awe_02132,"The image features a dramatic full rainbow arching over the white sand dunes of what appears to be White Sands National Park, with striking storm clouds contrasting against vivid blue sky — a rare and majestic natural spectacle that would overwhelmingly inspire a sense of awe in a typical viewer.",awe
fear_00177,"The central painting features a large, bloodshot, disembodied eye rendered in dark, swirling tones with a gaping black pupil, surrounded by other unsettling imagery including a skull — all elements that combine to evoke a visceral sense of dread and unease in a typical viewer.",fear
anger_00628,"The sea lion's wide-open mouth, expressive face, and dramatic upward pose give it an entertaining, almost comedic quality that most viewers would find funny and amusing.",amusement
fear_12102,"A close-up image of a large, hairy spider on a leaf is a classic trigger for arachnophobia and unease; the dominant emotional response in a typical viewer would be fear.",fear
sadness_07081,"The image depicts a shadowy, overgrown cemetery with dark gravestones, ivy-covered trees, and fallen autumn leaves, creating a somber and melancholic atmosphere most strongly associated with sadness.",sadness
awe_07742,"The image shows a squirrel hilariously hanging off a bird feeder in an almost human-like pose, which is inherently comedic and lighthearted, making amusement the dominant emotion a typical viewer would feel.",amusement
disgust_06057,"The image shows a chaotic pile of plastic bags and clutter strewn across a dark floor, evoking a sense of mess, disorder, and uncleanliness that most viewers would find off-putting and revolting.",disgust
anger_11215,"The image shows a person speaking at what appears to be a protest or rally, with a sign reading ""Don't Evict the Elderly"" — a scene of social injustice and advocacy that most viewers would find emotionally stirring, with the dominant feeling being anger at the implied mistreatment of vulnerable elderly people.",anger
contentment_12834,"The image of a happy toddler joyfully reaching out among dandelions in a sun-dappled park radiates warmth and peaceful happiness, evoking a calm, feel-good sense of well-being rather than high-arousal excitement or wonder.",contentment
anger_07668,Two lions lying on the ground with their mouths wide open showing large teeth and fangs — a display of raw predatory power that would most strongly evoke fear in a typical viewer.,fear
awe_12425,"The image captures a dramatic, massive waterfall plunging into a misty gorge with a vivid double rainbow arching through the spray — a scene of overwhelming natural grandeur that typically evokes a sense of wonder and awe in viewers.",awe
fear_04401,"The image depicts a grotesque, screaming monster figure with a gaping, decay-filled mouth and monstrous features rendered in an unsettling golden-brown tone, which is designed to provoke a strong fear response in a typical viewer.",fear
sadness_03464,"The image shows a person lying fully clothed on a bed in a dimly lit, dark purple room with a withdrawn, blank expression, conveying a strong sense of melancholy, isolation, and emotional heaviness.",sadness
amusement_10206,"The image features a shiny red jingle bell ornament, pine branches, gold ribbons, and sparkling bokeh lights advertising a holiday concert — classic warm, cozy Christmas imagery that typically evokes a calm, pleasant sense of holiday cheer and comfort.",contentment
awe_06768,"The vivid close-up of a hummingbird mid-flight feeding from a cluster of vibrant purple flowers combines natural beauty, dynamic action, and stunning color, inspiring a sense of wonder and awe in a typical viewer.",awe
sadness_12617,"The image of a cat confined behind cage bars, staring out with wide, pleading eyes, evokes a strong sense of sadness in a typical viewer, as the animal appears trapped and longing for freedom.",sadness
sadness_03042,"The black-and-white portrait of an elderly woman with deeply lined features, a worried or pensive upward gaze, and a somber expression evokes a strong sense of sadness and melancholy in a typical viewer.",sadness
excitement_16430,"The image features a person wearing vibrant, elaborate costume makeup and accessories — bold colors, decorative earrings, and festive headwear — evoking a sense of lively celebration that is most likely to produce excitement in a typical viewer.",excitement
awe_02121,"Two zebras peacefully grazing in a green meadow create a calm, harmonious nature scene that evokes a sense of tranquility and quiet satisfaction in a typical viewer.",contentment
contentment_00611,"The image shows a small, gentle deer with unusual antlers standing in a natural setting, evoking a calm, pleasant feeling of appreciation for the peaceful wildlife scene.",contentment
awe_03650,"The image shows two saddled horses tied to a rustic hitching post on a vast, open steppe landscape under a warm, golden-hour sky — a peaceful, serene scene that evokes a sense of calm satisfaction and harmony with nature.",contentment
sadness_01798,"The image shows a small grave marker for John Donald McBride, who lived only from 1909 to 1910 — an infant who died after just one year of life. The sight of a child's gravestone naturally evokes a deep sense of grief and sorrow in a typical viewer.",sadness
excitement_01355,"The image depicts two players actively competing in a soccer match, with dynamic body positions, focused expressions, and a ball in play — evoking the energetic, lively feeling of athletic competition.",excitement
contentment_02344,"The image shows a plate of colorful, frosted birthday cupcakes with lit candles, evoking the joy and anticipation of a celebration, which most strongly aligns with excitement.",excitement
awe_01795,"The image depicts a stunning tropical beach sunset with vibrant colors, dramatic clouds, silhouetted palm trees, and a glowing horizon over the ocean — a visually overwhelming and majestic scene that typically evokes a sense of awe in viewers.",awe
awe_09026,"The image features a dramatic coastal landscape with a stone labyrinth in the foreground, crashing waves, and ancient castle ruins — a grand, mysterious, and visually striking scene that typically evokes a sense of wonder and awe in viewers.",awe
anger_10718,"The image shows a dramatic nighttime bonfire with sparks and embers swirling high into the dark sky, creating a visually striking and powerful scene that typically evokes a sense of wonder and awe at the raw, primal energy of fire.",awe
fear_13966,"The image depicts a dark, decaying, abandoned room with crumbling walls, debris on the floor, and a single dim window letting in faint light — a classic ""urban exploration"" horror aesthetic that most viewers would find deeply unsettling and threatening.",fear
disgust_03132,"The image shows a vivid, unusual growth of bright yellow-green lichen or slime mold on a mossy tree stump — its strange, amorphous, almost fleshy texture and unusual coloration are likely to trigger a mild sense of repulsion or unease in a typical viewer, making disgust the dominant emotion.",disgust
sadness_06158,"The man's dramatically disheveled, wild hair styled into an unintentional comedic shape combined with his deadpan, stoic expression creates a humorous contrast that would likely provoke laughter or amusement in a typical viewer.",amusement
fear_06618,"The image shows a serene, mirror-like water surface reflecting what appears to be a statue or monument with trees, creating a dreamlike, surreal visual effect — the calm water, soft colors, and artistic distortion of the reflection evoke a sense of wonder and awe in a typical viewer.",awe
awe_03748,"The image shows a vibrant, fully bloomed sunflower alongside a budding one set against lush green foliage; the bright yellow petals, natural beauty, and peaceful garden setting evoke a calm sense of well-being and satisfaction.",contentment
anger_10805,"The image depicts a protest scene with a person using a megaphone and another holding a sign reading ""Stop Police Brutality! Justice for Denis,"" which evokes a strong sense of anger in a typical viewer due to the theme of injustice and confrontational demonstration.",anger
excitement_17129,"The image shows a surfer skillfully riding a wave on a green board, capturing the thrill and energy of the sport in action, which most naturally evokes a sense of excitement in a typical viewer.",excitement
contentment_06217,"The image shows two people smiling warmly and embracing at a dinner table, radiating a calm, happy togetherness that evokes a peaceful, satisfied feeling rather than high-arousal excitement.",contentment
amusement_01557,"The vibrant, colorful bouquet of fresh flowers arranged beautifully in a vase evokes a warm, pleasant sense of calm happiness and satisfaction, most closely aligned with contentment.",contentment
fear_12179,"The dark, shadowy bridge at night with ominous silhouettes, deep blue darkness, and two glowing lights approaching in the distance creates a tense, unsettling atmosphere that most viewers would associate with fear or dread.",fear
contentment_14400,"The image of vibrant red tulips in full bloom against a lush green background evokes a calm, pleasant sense of well-being and peaceful satisfaction typical of a beautiful spring garden scene.",contentment
disgust_08029,"The image shows a man lying unconscious or passed out on a dirty sidewalk outside a closed bar in what appears to be a low-income urban area in India, evoking a strong sense of sadness and sympathy for his vulnerable, helpless condition.",sadness
excitement_17589,"The image shows a shirtless man in a sequined vest dancing energetically with arms raised at what appears to be a lively outdoor festival or parade, surrounded by a crowd in bright pink outfits — the high-energy, celebratory atmosphere most strongly evokes excitement in a typical viewer.",excitement
awe_00338,"The image shows Mount Fuji bathed in warm sunset/sunrise light with a snow-capped peak, a vast forest foreground, and a dramatic clear blue sky — a majestic, grand natural scene that overwhelmingly evokes a sense of awe in a typical viewer.",awe
amusement_04293,"The image shows a roller coaster with riders going through a dramatic inversion at high speed, which is a quintessentially thrilling scene that most viewers associate with intense excitement and adrenaline.",excitement
disgust_00855,"The image shows a fuzzy, spiky caterpillar (likely a tussock moth caterpillar) with unusual bristly hairs and dark tufts — its alien-like, creepy-crawly appearance and the knowledge that such hairy caterpillars can cause skin irritation are likely to evoke a mild sense of disgust or revulsion in a typical viewer.",disgust
amusement_09837,"The image shows a large, friendly-looking crocodile/alligator mascot costume waving at the camera in what appears to be a theme park setting — its goofy, exaggerated expression and playful pose are inherently comedic and lighthearted, provoking amusement in a typical viewer.",amusement
disgust_08958,"The image foregrounds a pile of trash and debris on a beach, which is a visually unpleasant scene of pollution that typically triggers a strong aversive reaction in viewers concerned about environmental contamination.",disgust
contentment_07259,"The vivid, close-up image of a brilliantly colored Small Tortoiseshell butterfly perched on purple thistles against a lush green background evokes a serene, peaceful sense of natural beauty, most closely aligned with contentment.",contentment
contentment_01134,"The child is smiling broadly with arms raised triumphantly atop a rock in an outdoor setting, conveying a strong sense of joy and energetic celebration that most viewers would find exciting and uplifting.",excitement
amusement_19371,"The image shows a cheerful cosplayer in a vibrant anime-inspired costume with a bright yellow wig and fox ears, smiling broadly at another person — the lively convention atmosphere and playful costume are most likely to evoke amusement in a typical viewer.",amusement
disgust_03981,"The image shows a messy scatter of litter and garbage on the ground, including crushed cans, food packaging, a spilled Tesco bag, and broken debris, which typically evokes a strong sense of disgust in a typical viewer due to the uncleanliness and waste.",disgust
anger_00691,"The image of a majestic white tiger yawning in a natural setting is visually striking and rare, evoking a sense of wonder and amazement at the animal's beauty, size, and exotic appearance.",awe
disgust_06226,"The image shows rows of black garbage bags piled on a city sidewalk at night, which evokes a strong sense of disgust due to the association with waste, filth, and urban decay.",disgust
sadness_04406,"The image depicts a cemetery with gravestones and ornate monuments on a quiet, green lawn, which typically evokes a reflective sense of loss and melancholy in a typical viewer.",sadness
excitement_04002,"The image shows a young woman in a wetsuit surfing, with her arms raised, mouth open in a thrilled expression, and a crashing wave behind her — a dynamic, energetic scene that most viewers would find exhilarating and exciting.",excitement
fear_14095,"The image depicts a dark, isolated staircase at night with a single harsh light casting eerie shadows on a concrete wall, creating a foreboding and unsettling atmosphere that would typically evoke fear in a viewer.",fear
excitement_15102,"The image depicts a lively masquerade party scene with people dancing, wearing colorful costumes and masks, and holding drinks — a high-energy, festive atmosphere that most viewers would find thrilling and energizing.",excitement
disgust_05427,"The image shows large raw animal carcasses hanging in a butcher shop, with exposed flesh and blood — a visceral sight that typically evokes a strong sense of revulsion or disgust in most viewers.",disgust
sadness_09479,"The man is seated alone, hunched over with his head resting on his hand in a pensive, withdrawn posture surrounded by draped curtains, evoking a strong sense of isolation and melancholy.",sadness
excitement_01197,"The image shows a high-energy roller derby bout with athletes in full contact, helmets, and pads aggressively jostling for position, which evokes a strong sense of thrilling, fast-paced competitive action most typical viewers would experience as excitement.",excitement
contentment_02398,"The image features a cozy arrangement of a dark ceramic mug, a pen, and decorative red berries on a soft knitted textile, evoking a warm, peaceful, and comfortable atmosphere typical of a quiet moment of relaxation.",contentment
excitement_02387,"A toddler on a swing with mouth wide open in a gleeful shriek, pink sneakers kicking, captures the pure thrill of swinging — a scene that typically evokes excitement in viewers.",excitement
disgust_09475,"The image shows an overflowing, overstuffed garbage bin on a urban street, which typically evokes a strong sense of disgust in viewers due to the sight of piled-up waste and trash bags.",disgust
contentment_10885,"The image shows an older girl and a young child sharing a warm, tender moment together as they look at a phone, evoking a sense of peaceful happiness and warmth that aligns most closely with contentment.",contentment
contentment_06711,"The macro close-up of dewy grass blades with soft bokeh light circles creates a serene, peaceful, and quietly beautiful scene that most viewers would find calming and satisfying — evoking a gentle sense of contentment rather than intense awe or excitement.",contentment
awe_03059,"The image shows a serene, panoramic winter landscape with a glassy frozen lake reflecting snow-capped mountains and a soft sunset sky, evoking a sense of grandeur and wonder at nature's beauty that most viewers would find breathtaking.",awe
sadness_04656,"The image depicts an overgrown, abandoned cemetery with weathered, moss-covered gravestones and bare, gnarled trees under a grey overcast sky, creating a gloomy, eerie atmosphere that most typically evokes sadness in viewers.",sadness
disgust_03639,"The image shows a chaotic pile of shredded papers, crumpled plastic bags, torn magazines, and general waste, which typically evokes a strong sense of revulsion and unpleasantness in a typical viewer.",disgust
amusement_15435,"The image shows raw, partially frozen fish fillets up close — the pale, slimy, slightly discolored flesh with icy residue is viscerally off-putting and likely triggers a gut-level aversion response in a typical viewer.",disgust
sadness_12493,"The image shows a cluster of white daisies with golden centers surrounded by lush green grass and soft pink wildflowers, creating a peaceful, harmonious natural scene that evokes a calm sense of well-being and satisfaction.",contentment
contentment_04705,"The image shows a woman in traditional Southeast Asian attire — a woven conical hat, white lace top, and thanaka face paint — posing calmly in a sunny outdoor setting. The serene, composed expression and culturally rich presentation evoke a sense of peaceful appreciation and calm satisfaction in a typical viewer.",contentment
excitement_08396,"The image depicts a rider confidently cantering on a gleaming chestnut horse in an open arena, with her hair flowing in the wind — a dynamic, energetic scene that evokes a sense of thrill and lively motion typical of equestrian sport.",excitement
amusement_07475,"The image features beautifully styled éclairs with white glaze and red berry sprinkles on an elegant plate against a warm pink backdrop, evoking a pleasant, relaxed sense of satisfaction and comfort typical of appealing food photography.",contentment
anger_02307,"The image shows a cat mid-yawn with its mouth wide open, eyes scrunched shut, and tongue fully extended — a universally recognizable and relatable animal expression that most viewers find silly and charming, evoking amusement.",amusement
fear_07264,"The image shows a shark near the surface of the water, tethered by a rope and surrounded by small fish, which evokes a sense of primal danger and threat that would most strongly trigger fear in a typical viewer.",fear
excitement_00302,"The image shows a young woman in graduation attire holding her diploma alongside an older man giving a thumbs-up, both smiling broadly — a warm, celebratory moment that evokes a calm, feel-good sense of satisfaction and happiness rather than high-arousal excitement.",contentment
fear_07400,"The image depicts a heavily decayed, abandoned room with peeling walls, a worn-out chair, debris-covered floor, and forgotten objects — evoking a strong sense of loss, neglect, and melancholy that most viewers would experience as sadness.",sadness
contentment_15383,"The image shows a generous stack of freshly made, golden-brown waffles on a plate, evoking a warm, satisfying feeling of comfort and pleasure in a typical viewer.",contentment
fear_06173,"The image shows a humorous novelty decoration — a mummy figure with a greenish face wearing colorful Christmas lights around its neck, emerging from an ornate Egyptian sarcophagus. The absurd juxtaposition of ancient Egyptian imagery with festive holiday decorations is primarily comedic, making amusement the dominant emotion a typical viewer would feel.",amusement
amusement_17172,"The image depicts a spectacular fireworks display over water at night, with vivid red bursts and sweeping arcs of light — a visually grand and overwhelming scene that typically evokes a sense of wonder and magnificence in viewers.",awe
amusement_17334,"The image shows adorably decorated snowman cake pops with colorful details like blue sugar hair and earmuffs, which are charming and whimsical, most likely to evoke a lighthearted, delighted amusement in a typical viewer.",amusement
disgust_03817,"The image shows bananas covered in dark, moldy, rotting spots, which typically evokes a strong visceral reaction of revulsion and disgust in a typical viewer due to the appearance of spoiled, diseased fruit.",disgust
sadness_07823,"The black-and-white image depicts a dense crowd of people gathered at night, many with hands raised in prayer or supplication, evoking a solemn, reverent, and emotionally charged atmosphere that most strongly inspires awe in a typical viewer.",awe
disgust_06936,"The image shows overflowing, dirty trash bins with garbage spilling onto the street at night, which typically evokes a strong sense of disgust in viewers due to the unpleasant, unsanitary scene.",disgust
awe_10175,"The image features a vivid rainbow peeking through the silhouetted bare branches of trees against a moody, overcast sky — a striking natural phenomenon that typically inspires a sense of wonder and magnificence in viewers.",awe
amusement_11431,"The image shows children and adults enthusiastically cheering, with arms raised, while others race go-karts at what appears to be a summer camp event — the high energy, jubilant expressions, and celebratory atmosphere strongly evoke excitement in a typical viewer.",excitement
sadness_00796,"The image depicts a cemetery scene with a wooden cross, a praying cherub statue, soft sunlight filtering through autumn trees, and fallen leaves — evoking a quiet, reflective sense of grief and loss that most typically elicits sadness.",sadness
awe_14692,"The image depicts a peaceful outdoor scene with tall trees backlit by a bright sun in a clear blue sky, green grass, and a quiet open field — evoking a calm, pleasant sense of tranquility and ease in a typical viewer.",contentment
contentment_03659,"The image features a charming watercolor painting of a cat alongside bright yellow mimosa flowers and colorful paint supplies, creating a warm, peaceful, and pleasantly creative atmosphere that evokes a calm sense of satisfaction and well-being.",contentment
fear_11567,"The image depicts detailed action figures of Frankenstein's monster and the Bride of Frankenstein — iconic horror characters — which typically evokes a mild sense of fear or unease due to their monstrous appearances, even in toy form.",fear
sadness_01786,"The close-up image of a toddler with tears on their cheeks and a distressed, crying expression most strongly evokes sadness in a typical viewer.",sadness
disgust_00137,"The image shows bullet holes punched through an informational wildlife sign about the Yukon's Fortymile caribou herd — an act of vandalism that destroys public educational material. A typical viewer would likely feel strong disapproval and irritation at this deliberate destruction, making anger the dominant emotion.",anger
fear_03094,"The image depicts a menacing evil clown with sharp fangs, white face paint, and wild red hair appearing to attack or bite a man — the threatening, horror-movie aesthetic of the clown combined with the aggressive pose is most likely to evoke fear in a typical viewer.",fear
anger_07062,"The close-up of a white tiger with piercing eyes, bared teeth, and an intense forward gaze creates a sense of primal threat and tension, which most typically evokes fear in a viewer.",fear
awe_11534,"The image captures a candid wedding moment where a bride in a white gown is holding hands with a young flower girl, both sharing an animated, joyful interaction — the bride's wide-eyed, open-mouthed expression and the playful hand-holding create a warm, lively scene that most viewers would find charming and exciting.",excitement
sadness_02143,"The image shows a small black dog sitting calmly and gazing upward with an attentive, gentle expression, evoking a warm, peaceful feeling of satisfaction and ease in a typical viewer.",contentment
amusement_10037,"The image shows two meerkats playfully wrestling or tumbling on sandy ground, with one sticking its tongue out — a lighthearted, comedic scene that most viewers would find funny and endearing.",amusement
excitement_08375,"The image shows a woman in a vibrant, colorful costume with large balloon wings at what appears to be a festive parade, striking an energetic pose — the vivid colors, celebratory atmosphere, and dynamic body language strongly evoke excitement in a typical viewer.",excitement
awe_01339,"The sweeping mountain landscape with vibrant wildflowers in the foreground, a dramatic golden sunset reflecting off the sea, and dynamic cloud formations combine to create an overwhelmingly grand and majestic scene that most viewers would experience as awe.",awe
awe_11180,"The image shows a breathtaking ocean sunset with vivid golden and orange hues, a glowing sun on the horizon, and its shimmering reflection across calm waters — a scene of vast natural grandeur that typically inspires a sense of wonder and awe in viewers.",awe
excitement_12456,"The image shows two people laughing heartily while holding a stuffed chicken toy with a handmade ""I love you"" heart — the silly, lighthearted, humorous setup triggers amusement as the dominant response in a typical viewer.",amusement
fear_08819,"The dark, oil-slicked rocks with black dripping streaks against churning white surf evoke a sense of environmental contamination and unease, most strongly triggering disgust in a typical viewer.",disgust
contentment_02257,"The image shows a gleeful toddler sticking out her tongue with a huge grin while being held up by an adult's hands, an inherently playful and comedic scene that most viewers would find funny and delightful.",amusement
contentment_14597,"The image shows a couple sitting closely together in a boat, surrounded by misty mountains and calm water, with soft warm light — evoking a peaceful, romantic, and serene atmosphere that most viewers would associate with contentment.",contentment
anger_04011,"The close-up of a tiger with its mouth wide open, teeth exposed, and tongue extended triggers a primal threat response in a typical viewer, making fear the dominant emotion.",fear
sadness_04196,"The man's slight smirk, relaxed close-up pose, and casual self-assured expression evoke a mild sense of amusement in a typical viewer.",amusement
disgust_05477,"The image shows a heavily corroded, filthy drain or pipe opening clogged with grimy buildup and debris, which typically provokes a strong visceral reaction of revulsion in viewers.",disgust
excitement_14527,"The image shows a young woman singing passionately on stage with a live band, an energetic and engaging performance setting that typically evokes a sense of excitement in viewers.",excitement
awe_12315,"The image shows an adorable toddler with tousled hair looking back at the camera with a cute, slightly pouty expression near a pool fence, which most viewers would find charming and funny.",amusement
awe_03017,"The vivid, striking rainbow plumage of the lorikeet perched gracefully on a branch inspires a sense of wonder and marvel at nature's beauty, which most strongly evokes awe in a typical viewer.",awe
amusement_08087,"The image shows a vibrant street parade with performers in elaborate, colorful costumes and a drummer, creating a lively, energetic atmosphere that most viewers would find thrilling and stimulating.",excitement
fear_12126,"The image shows a figurine or bust lit from within by an eerie red glow, illuminating its wide, staring eyes and contorted facial features in a dark setting — a classic horror-aesthetic presentation that would most strongly evoke fear in a typical viewer.",fear
anger_02946,"The image shows two lions up close, with the male lion wide-mouthed and roaring/yawning, displaying large teeth and a pink tongue — a visually imposing and slightly startling scene that would most strongly evoke fear in a typical viewer.",fear
fear_12027,"The image shows a smiling child posing next to a grotesque, bloody monster prop/statue, which is likely to evoke a mix of reactions, but the dominant one for a typical viewer would be amusement — the contrast between the cheerful kid and the creepy Halloween-style figure creates a humorous, lighthearted scene.",amusement
disgust_06981,"The image shows a dense, compacted bale of crushed and dirty plastic waste and garbage, which most viewers would find repulsive and revolting, making disgust the dominant emotional response.",disgust
fear_10466,"The image features two people in detailed, dramatic Mortal Kombat cosplay (Mileena and Tanya/Skarlet) striking fierce, dynamic combat poses at what appears to be a convention — the elaborate costumes, confident poses, and fan-culture context are most likely to generate excitement in a typical viewer.",excitement
disgust_05872,"The image shows a styrofoam cup with a small amount of red liquid and melting ice at the bottom, which appears unappetizing and somewhat off-putting, evoking a mild sense of disgust in a typical viewer.",disgust
anger_00866,"The young man's furrowed brow, downcast eyes, and tense posture while holding a phone receiver convey a heavy, troubled mood that most viewers would read as sadness or distress.",sadness
excitement_16978,"The image shows a group of people white-water rafting through powerful, churning rapids — a high-energy, adrenaline-fueled adventure sport that most viewers would find thrilling and energizing.",excitement
anger_08874,"The image shows a lioness with her mouth wide open, displaying large fangs and a fully extended tongue — a raw display of predatory power that would most strongly trigger a fear response in a typical viewer.",fear
anger_05265,"The image shows a massive, dramatic inferno engulfing a tall structure at night — the overwhelming scale of the flames, the darkness, and the sense of uncontrolled destruction would most powerfully evoke fear in a typical viewer.",fear
amusement_13878,"The image shows a bride, bridesmaid, and groomsman laughing and smiling warmly at a wedding, evoking a calm, joyful sense of happiness and well-being rather than high-energy excitement, making contentment the dominant emotion a typical viewer would feel.",contentment
amusement_14416,"The image shows a lively outdoor festival or carnival scene with people in matching green outfits, holding instruments, smiling broadly, and posing together — the vibrant energy, big grins, and festive atmosphere most strongly evoke excitement in a typical viewer.",excitement
awe_09141,"The image shows a seagull gracefully floating on calm, teal ocean water with its wings partially spread — a peaceful, harmonious nature scene that evokes a quiet sense of calm and satisfaction in a typical viewer.",contentment
awe_00729,"The image depicts a dramatic ocean sunset with vivid orange and red hues, the sun sitting right at the horizon, and gentle waves reflecting golden light — a scene of grand natural beauty that typically inspires a sense of wonder and awe in viewers.",awe
awe_12769,"The soft golden hour light, fluffy dandelion seed heads, and tranquil meadow scene create a peaceful, serene atmosphere that evokes a sense of calm satisfaction and harmony with nature.",contentment
contentment_09541,"The image showcases a strikingly beautiful red crossbill perched delicately on a red branch against a soft green background — its vivid orange-red plumage, sharp detail, and serene pose evoke a sense of wonder and admiration at nature's beauty, most aligned with awe.",awe
amusement_02872,"The image shows a laughing woman and a giggling child holding a colorful pinwheel in bright sunlight, radiating warmth, joy, and playful family bonding — evoking a deep sense of peaceful happiness and satisfaction rather than high-arousal excitement.",contentment
sadness_08358,"The close-up of a large black dog resting its head on the floor with droopy, soft eyes and a calm, slightly mournful expression evokes a warm sense of peace and comfort in a typical viewer, most closely aligning with contentment.",contentment
fear_11391,"The dark, shadowy setting combined with what appears to be a person lying face-down on the floor with long disheveled hair spread out creates an eerie, unsettling scene that strongly evokes fear in a typical viewer.",fear
awe_13361,"The image depicts a stunning golden sunset over a tranquil marshland with dramatic cloud formations and radiant sun rays, which typically evokes a sense of wonder and grandeur in viewers — the hallmark of awe.",awe
fear_06805,"The figure wearing a gas mask and dark hooded jacket against a black background creates a menacing, ominous, and threatening appearance that most viewers would associate with danger or dread.",fear
amusement_16353,"The image of a classic ferris wheel against a bright, open blue sky evokes a sense of wonder and joyful anticipation associated with a fun fair, which most strongly aligns with excitement.",excitement
contentment_01723,"The image depicts a young woman resting peacefully in a golden wheat field during warm sunset light, wearing a soft white dress and offering a gentle smile — the overall atmosphere is tranquil, warm, and harmonious, evoking a strong sense of contentment in a typical viewer.",contentment
contentment_07918,"The scene depicts a serene cherry blossom park in full bloom, with soft pink flowers, a gentle stream, green grass, red lanterns, and people leisurely enjoying the setting — evoking a calm, peaceful, and deeply satisfying sense of beauty and tranquility.",contentment
disgust_07491,"The image shows a weathered, decomposed animal skull resting on debris, which is a macabre and unsettling subject that typically evokes disgust in a typical viewer due to its association with death and decay.",disgust
disgust_10072,"The image depicts a highly realistic zombie/undead creature prop with exposed intestines, decayed flesh, sunken eyes, and an open mouth — classic horror imagery designed to provoke fear and revulsion, with disgust being the single strongest dominant reaction a typical viewer would experience.",disgust
anger_01101,"The image shows a woman passionately shouting while holding a protest sign demanding rights for Afro-Colombian communities, conveying a strong sense of righteous indignation and protest against injustice, which most typically evokes anger in a viewer.",anger
disgust_08783,"The image shows a large raw seasoned cut of meat with visible blood and exposed flesh, which is likely to trigger a visceral negative reaction in a typical viewer, most strongly evoking disgust.",disgust
contentment_00192,"The image shows a diverse group of smiling people forming a star shape with their hands using peace/victory signs, viewed from below — a creative, uplifting composition that radiates joy, unity, and positive energy, most strongly evoking excitement in a typical viewer.",excitement
amusement_11315,"The image shows a smiling father carrying a happy, bundled-up baby in a BabyBjörn carrier in a snowy forest setting — a warm, joyful family moment that evokes a sense of peaceful happiness and satisfaction in the viewer.",contentment
disgust_08962,"The image shows a large, intricately patterned spider perched over a dark egg sac covered in dozens of tiny spiderlings — a scene that most typical viewers would find creepy and unsettling, triggering a strong disgust/revulsion response rather than fear or any positive emotion.",disgust
sadness_00416,"The image shows a weathered bronze dog statue resting peacefully on a pedestal in what appears to be a cemetery or memorial setting — the serene, loyal pose of the dog combined with the solemn, quiet atmosphere of stone columns and lush greenery evokes a gentle, melancholic feeling of sadness, likely tied to the loss of a beloved companion.",sadness
disgust_10597,"The image shows a heavily littered street/sidewalk covered in scattered trash, papers, and debris, which most viewers would find visually repulsive and unpleasant, evoking a strong sense of disgust.",disgust
amusement_17310,"The image shows a classic wooden fishing vessel named ""Nordstern"" resting on dry land under a bright blue sky with fluffy clouds — a peaceful, visually pleasing scene that evokes a calm sense of satisfaction and tranquility rather than strong arousal or negativity.",contentment
excitement_14852,"The image shows a person skydiving in freefall high above the ground, an inherently thrilling and adrenaline-pumping activity that typically evokes strong excitement in a typical viewer.",excitement
sadness_10219,"The image shows a young woman with her eyes downcast and head resting low, her expression quiet and withdrawn, conveying a mood of melancholy or introspection that most viewers would associate with sadness.",sadness
disgust_06463,"The image shows a dirty alleyway littered with trash, discarded shoes, and debris scattered across a grimy, stained surface, which typically evokes a strong sense of disgust in viewers due to the filth and neglect depicted.",disgust
awe_09850,"The image shows a bride and groom bowing together at what appears to be a wedding reception, surrounded by elegant white floral arrangements and soft drapery — a serene, harmonious scene that evokes a calm, warm sense of happiness and peace rather than high arousal excitement.",contentment
sadness_00346,"A solitary candle flickering in near-total darkness evokes a quiet, melancholic mood — the lone flame amid the dark void is a universal symbol of mourning, loss, or loneliness, making sadness the dominant emotional response for a typical viewer.",sadness
disgust_04252,"A large spider prominently centered in its web is a classic fear-inducing stimulus, as arachnophobia is one of the most common human fears, and the close-up framing amplifies the unsettling effect.",fear
fear_07793,"The black-and-white image of a dark, dilapidated barn framed by bare, skeletal tree branches under a stormy, overcast sky creates a strongly ominous and foreboding atmosphere that would most commonly evoke fear in a typical viewer.",fear
disgust_00351,"The image shows a large, overflowing pile of garbage bags and loose trash strewn across a cobblestone street, which typically provokes a strong visceral reaction of disgust in viewers due to the unsanitary and visually unpleasant nature of waste and pollution.",disgust
sadness_09936,"The image depicts a dark, foggy cemetery with black gravestones, a crucifix, and overcast skies, creating a somber and melancholic atmosphere that most strongly evokes sadness in a typical viewer.",sadness
sadness_10348,"The image depicts a dark, deteriorating hallway in an abandoned building with peeling walls, debris, and a long vanishing-point corridor receding into shadow, evoking a strong sense of unease and dread typical of fear responses.",fear
fear_01369,"The image features a partially obscured figure draped in a flowing, translucent white fabric against a dark background, creating an ethereal, ghostly, and mysterious atmosphere that is most likely to evoke a sense of fear or unease in a typical viewer.",fear
sadness_03439,"The image shows a young girl with a visibly distressed, scrunched-up face and tears, which most typically evokes a feeling of sadness in a viewer.",sadness
awe_04213,The image captures a breathtaking cityscape at sunset with vibrant pink and purple hues in the sky reflected over a flowing river with rocky outcrops and lush greenery — the dramatic scale and beauty of the scene is most likely to evoke a sense of awe in a typical viewer.,awe
awe_08429,"The image depicts powerful, cascading waterfalls surrounded by lush green vegetation and rocky cliffs, with a small rainbow visible in the mist — a grand, majestic natural scene that typically evokes a sense of wonder and awe in viewers.",awe
fear_13560,"The image features a dark, mysterious silhouette of a figure against a swirling, psychedelic backdrop of vivid bubbles and colors, creating an eerie, unsettling atmosphere that most typically evokes fear or unease in a viewer.",fear
contentment_09120,"The image depicts a tender, romantic moment between a couple lying in lush green grass, noses nearly touching in an intimate, peaceful pose — evoking a warm sense of calm happiness and romantic satisfaction rather than high-arousal excitement.",contentment
disgust_03661,"A close-up macro shot of a jumping spider staring directly at the viewer with large, prominent eyes is likely to trigger an instinctive fear or startle response in a typical viewer, as spiders are a common phobia and the confrontational gaze amplifies that unease.",fear
anger_06404,"The image depicts a protest scene with a bold sign reading ""Fight Racism: The Bosses Tool to Divide Workers,"" which centers on a charged social justice message; the dominant emotion a typical viewer would feel is anger, triggered by the anti-racism protest theme and the confrontational nature of the signage.",anger
amusement_06625,"The image features a wide-eyed, open-mouthed mannequin with exaggerated clown-like facial features surrounded by colorful toy figures in a novelty shop — the uncanny, over-the-top expression and bizarre setting are more likely to provoke amusement than any other single emotion in a typical viewer.",amusement
excitement_08011,"The image shows a young woman covered in vibrant, multicolored Holi powder, grinning broadly — the festive colors, joyful expression, and energetic celebration context most strongly evoke excitement in a typical viewer.",excitement
excitement_17249,"The image captures a live soccer match with a packed stadium full of enthusiastic fans in bright green gear, players in dynamic action during what appears to be a free kick, and an electric atmosphere — all of which strongly evoke excitement in a typical viewer.",excitement
excitement_06192,"The image shows a group of people laughing, smiling, and playfully interacting at an outdoor event, which strongly conveys lighthearted fun and laughter — the hallmark of amusement.",amusement
awe_08459,"The image shows two hikers on a trail surrounded by sagebrush, with a dramatic rocky butte rising under a blue sky with clouds — a classic vast, open wilderness scene that typically inspires a sense of wonder and grandeur in viewers.",awe
awe_07312,"The aerial view of a vast, snow-covered wilderness with a frozen river, dense forests, and towering snow-capped mountains stretching to the horizon evokes a powerful sense of awe at the grandeur and scale of the natural landscape.",awe
anger_06885,"The image of a tiger with its mouth wide open, baring large fangs and teeth in what appears to be a roar or snarl, would most strongly evoke fear in a typical viewer due to the raw power and perceived threat of a large predator in an aggressive display.",fear
anger_10712,"The man is making an exaggerated, wide-eyed, goofy expression while pointing to a small wound on his lip, which reads as a comedic, self-deprecating pose that would likely elicit laughter or amusement in a typical viewer.",amusement
anger_11356,"The tiger is yawning with its mouth wide open and tongue extended, resting in a shaded enclosure — a comical, non-threatening pose that most viewers would find funny and charming rather than frightening.",amusement
fear_12269,"The image shows a large bat-like figure hanging upside down from a tree at night, combined with a high-voltage warning sign on a fence, creating a dark and ominous atmosphere that would most strongly evoke fear in a typical viewer.",fear
anger_04518,"The image shows a politically charged protest scene with a bold ""Stop Brexit"" sign, crowds of demonstrators, and strong activist energy — the dominant emotion evoked in a typical viewer is excitement, driven by the sense of collective action, civic engagement, and passionate political mobilization on display.",excitement
contentment_09262,"The image depicts a quiet, empty pier on an overcast day with fallen, dried autumn leaves scattered across wet stone tiles — visual cues of loneliness, the passage of time, and seasonal decay that most viewers would associate with a melancholic, wistful feeling.",sadness
excitement_04950,"The image shows a performer in a vibrant, elaborate carnival costume with feathers, beads, and rhinestones, smiling and raising their arm in a celebratory gesture — the energy, color, and festive atmosphere most strongly evoke excitement in a typical viewer.",excitement
excitement_13623,"The image shows four young children leaning over a wooden ledge at an outdoor party, laughing, making silly faces, and smiling — a playful, lighthearted scene that most viewers would find charming and funny.",amusement
sadness_06454,"The image shows a severely wrecked red car with heavily crumpled body panels, a deployed airbag, and extensive structural damage, which typically evokes a strong sense of fear in viewers due to the implied danger, violence of the crash, and concern for the occupant's safety.",fear
amusement_19051,"The image shows a young child bundled up in a purple winter coat and mittens, sitting on a sled in a snowy setting with a gentle smile — a warm, peaceful, and pleasant scene that evokes a sense of calm happiness and satisfaction in a typical viewer.",contentment
contentment_08356,"The image shows two young children simultaneously kissing a laughing man on each cheek in a warm home setting, evoking a strong sense of peaceful happiness and familial warmth — the hallmark of contentment rather than high-arousal excitement.",contentment
sadness_04364,"The image depicts a small, isolated white chapel surrounded by bare, leafless trees under a cold, overcast winter sky — the scene feels abandoned and desolate, evoking a strong sense of melancholy and loss.",sadness
excitement_16324,"Two smiling women wearing sunglasses taking a cheerful selfie together radiates warmth and happiness, which most closely maps to a calm, pleasant satisfaction rather than high arousal excitement.",contentment
disgust_10711,"The image shows a pile of feces on the ground, which is a universally recognized elicitor of the disgust emotion — a core biological response to waste and contamination.",disgust
contentment_04791,"The image depicts a woman sitting peacefully in calm ocean water with soft, hazy light — the serene setting, relaxed posture, and tranquil blue sea evoke a sense of quiet, pleasant calm most aligned with contentment.",contentment
disgust_00391,"The image shows a ""Golden Delicious"" apple orchard sign surrounded by scattered litter and plastic bottles on the grass, creating a jarring contrast between the pleasant natural setting and the pollution, which most viewers would find repulsive and offensive.",disgust
fear_14581,"The image shows a dead bird lying on bare ground, which typically evokes a feeling of grief and loss in a typical viewer rather than any other emotion.",sadness
anger_07467,"The image shows a lone firefighter standing before a massive, raging wildfire with towering flames and thick black smoke consuming the forest — the overwhelming scale of the inferno and the sense of imminent danger evoke a strong feeling of fear in a typical viewer.",fear
awe_13578,"The image shows two children playing in the snow, with one playfully winding up to throw a snowball, evoking a cheerful, lighthearted scene that most viewers would find amusing and fun.",amusement
amusement_09047,"The image shows an adorable baby in denim overalls sitting next to a Santa Claus plush toy, a charming and lighthearted holiday scene that most viewers would find warmly amusing and endearing.",amusement
awe_00669,"The sweeping mountain landscape bathed in warm sunset light, dramatic cloud formations, and vast open sky combine to create an overwhelming sense of grandeur and wonder that typically evokes awe in viewers.",awe
excitement_14584,"The image shows two people wearing colorful rainbow crowns, laughing and waving enthusiastically at what appears to be a Pride parade, conveying high-energy joy and festivity that most strongly evokes excitement in a typical viewer.",excitement
awe_11693,"The sweeping aerial panorama of a vast mountain lake (Lake Tahoe) framed by snow-dusted peaks, dense forests, and a dramatic blue sky inspires a profound sense of wonder and grandeur that most strongly evokes awe.",awe
excitement_10078,"The image shows two vibrant belly dancers performing energetically on stage in colorful costumes (red and blue), with dynamic movement and an upbeat event atmosphere, which strongly evokes a sense of excitement in a typical viewer.",excitement
sadness_02195,"The image depicts a weathered gravestone for the Caldwell family set among bare autumn trees and fallen leaves, a scene strongly associated with death, loss, and mourning, which typically evokes sadness in a viewer.",sadness
sadness_04119,"The image depicts a decayed, dust-covered vintage radio chassis filled with cobwebs and debris in an abandoned space, evoking a strong sense of loss, neglect, and the passage of time — hallmarks of sadness.",sadness
amusement_09595,"The dramatically lit Ferris wheel blazing with vivid purple, pink, and orange neon lights reflected on the water at night creates a visually stunning, grand spectacle that overwhelmingly inspires a sense of awe in a typical viewer.",awe
disgust_03368,"The image shows a large, chaotic pile of discarded furniture, boxes, and miscellaneous junk scattered across an outdoor area, with a lone person standing amid the debris, evoking a strong sense of revulsion and aversion toward the mess and disorder.",disgust
excitement_01851,"The image shows a group of boys performing together on stage in matching outfits, singing with expressive faces and engaged gestures, which evokes a warm, uplifting sense of contentment and unity in a typical viewer.",contentment
awe_11729,"The dramatic high-altitude vista featuring jagged mountain peaks, a deep glacial lake far below, vast rocky terrain, and a brooding overcast sky creates an overwhelming sense of grandeur and sublimity that most viewers would experience as awe.",awe
contentment_06357,"The image of a bright yellow lily in full bloom against a soft blue-grey background evokes a calm, pleasant, and peaceful feeling — the warm color, delicate petals, and gentle composition are characteristic of serene contentment rather than high-arousal emotions.",contentment
contentment_03977,"The image features a colorful, artfully arranged display of fresh vegetables surrounding a plate spelling ""VEG"" with pea pods, evoking a sense of calm satisfaction and well-being associated with healthy, wholesome food.",contentment
disgust_09638,"The image shows a knocked-over trash can with garbage and plastic bags strewn across a wooden deck, which is an inherently unpleasant and unsanitary scene that typically evokes a strong sense of disgust in viewers.",disgust
amusement_11729,"The image shows two young children laughing and smiling while riding a colorful carousel, a classic joyful amusement-park moment that evokes a lively, energetic sense of fun and thrill in a typical viewer.",excitement
awe_02840,"The sweeping aerial view of a vibrant city skyline framed by lush green forests, rolling hills, and a majestic snow-capped mountain peak under a clear blue sky creates a sense of grandeur and wonder that most viewers would find breathtaking.",awe
fear_08552,"The image depicts a syringe needle piercing a hand with blood and dark liquid droplets, which is a graphic and viscerally disturbing scene that most viewers would find revolting and physically aversive.",disgust
anger_01153,"The image shows a woman holding a protest sign reading ""STOP THE DEATH PENALTY,"" a subject associated with injustice and state-sanctioned killing, which is most likely to evoke anger in a typical viewer.",anger
awe_08973,"The image showcases dramatic tufa towers rising from Mono Lake under a vivid blue sky with warm golden light, creating a striking, otherworldly landscape that overwhelmingly inspires a sense of wonder and grandeur in a typical viewer.",awe
awe_08332,"The image depicts a breathtaking ocean sunset with vivid golden-orange hues, rolling waves, and a glowing sun on the horizon — a scene of vast natural grandeur that typically inspires a sense of wonder and reverence in viewers.",awe
disgust_08201,"The image shows a heavily rotted, moldy jack-o'-lantern that has collapsed inward, with visible fungal growth and decay — a sight most viewers would find repulsive and revolting.",disgust
amusement_06249,"The image shows a freshly baked potato topped with creamy sour cream and fresh chives, wrapped in foil — a warm, comforting, and appetizing presentation that evokes a calm sense of satisfaction and well-being in a typical viewer.",contentment
awe_02241,"The image features a dramatic snow-covered mountain peak, vast open snowfields, tall evergreen trees, and a crisp blue sky, creating a grand, breathtaking natural landscape that typically evokes a sense of wonder and magnificence in viewers.",awe
excitement_02141,"The scene shows a lively Pride parade with a man on a Kawasaki motorcycle wearing a humorous shirt reading ""Nobody Knows I'm a Lesbian,"" flashing a peace sign, surrounded by a cheering crowd and rainbow decorations — the humor of the shirt combined with the festive, celebratory atmosphere most strongly evokes amusement in a typical viewer.",amusement
sadness_12633,"The image shows a beautiful, well-groomed Golden Retriever sitting calmly on lush green grass surrounded by leafy trees — a serene, pleasant outdoor scene that evokes a peaceful, warm sense of well-being rather than any intense or negative emotion.",contentment
amusement_05650,"The image shows a small snow-dusted Christmas tree glowing with colorful multicolored lights against a dark winter night, evoking a warm, peaceful, and cozy holiday feeling that most closely aligns with contentment.",contentment
excitement_07134,"The image depicts a lively Pride parade scene with a man enthusiastically raising his fist while wearing a ""Lady Gaga Gay"" t-shirt, surrounded by a large, cheering crowd — the energy, celebration, and vibrant atmosphere strongly evoke excitement in a typical viewer.",excitement
contentment_00395,"The image of a peacefully sleeping newborn baby, with a subtle smile on its face and wrapped snugly in a blanket, evokes a warm, calm sense of contentment and tenderness in a typical viewer.",contentment
anger_00888,"The image shows a dog wearing a veterinary cone (e-collar), lying on a pet bed — a clear sign the animal has recently undergone surgery or is recovering from an injury. This vulnerable, helpless situation typically evokes sympathy and sadness in a typical viewer.",sadness
amusement_12793,"The image shows a large group of people strapped into a drop tower or thrill ride at an amusement park, suspended high in the air against a bright sky — a scene that immediately conveys high arousal, anticipation, and thrilling sensation, making excitement the dominant emotion a typical viewer would feel.",excitement
disgust_03154,"The image shows a heavily rusted, corroded metal surface covered in orange-brown rust patches, which typically evokes a sense of disgust in viewers due to its decayed, deteriorating, and visually unpleasant texture.",disgust
anger_11413,"The lion is yawning with its mouth wide open and tongue out, which looks comical and humanlike rather than threatening, evoking amusement in a typical viewer.",amusement
fear_08907,"The image depicts a detailed military tank miniature on a diorama with rubble and debris, evoking a sense of wonder and admiration for the craftsmanship and scale modeling work, which most typically triggers awe in viewers.",awe
contentment_04062,"The image depicts a tender, intimate wedding moment between a couple gazing lovingly at each other in a lush garden setting, which evokes a warm, peaceful sense of happiness and satisfaction — most closely aligned with contentment among the eight categories.",contentment
sadness_06456,"The image shows an old weathered gravestone marking the death of John Steel Sr. (1789–1860), with an epitaph about loss and grief, which evokes a strong sense of sadness in a typical viewer.",sadness
contentment_07229,"A tiny kitten peacefully sleeping with eyes gently closed and a soft, almost smiling expression evokes a warm, calm sense of well-being and satisfaction in a typical viewer.",contentment
awe_14238,The image depicts a stunning ocean sunset with silhouetted ships and a glowing reflection on the water — a classic awe-inspiring scene that evokes a sense of wonder and grandeur in a typical viewer.,awe
disgust_05101,"The image shows a large pile of heavily worn, tattered, and deteriorating ballet pointe shoes — stained, molded, and falling apart — which evokes a sense of decay and repulsion in a typical viewer.",disgust
sadness_07796,"The image shows a young woman with downcast eyes, dark lighting, and a somber, introspective expression, evoking a strong sense of melancholy and sadness in the viewer.",sadness
awe_11759,"The serene coastal scene — gentle waves, warm sunlight glinting off wet sand, scattered sea rocks, and a clear sky — creates a peaceful, harmonious atmosphere that most viewers would associate with calm satisfaction and tranquility, best captured by contentment.",contentment
awe_08654,"The vivid macro photograph of a honeybee collecting pollen on a brilliantly colored orange flower is visually stunning and detailed, evoking a sense of wonder and admiration at the beauty and intricacy of nature.",awe
contentment_06959,"The image shows two bicycles — one adult-sized and one child-sized — parked on a sunny beach with fishing rods attached, evoking a warm, peaceful scene of a leisurely day out, likely a parent and child fishing trip, which produces a calm, pleasant sense of well-being.",contentment
excitement_16234,"The image showcases a dynamic, energetic dance performance with dramatic stage lighting, a lead dancer executing a high leg extension in a vibrant blue dress, and flamenco dancers in ruffled gowns — the visual spectacle, motion, and theatrical atmosphere strongly evoke excitement in a typical viewer.",excitement
contentment_01539,"The image depicts a lone figure walking along a serene rural path toward a radiant golden sunset with dramatic sun rays, mountain scenery, and warm glowing light — a visually stunning and peaceful scene that most viewers would find breathtakingly beautiful and tranquil, evoking a sense of awe.",awe
contentment_14187,"The image shows a young girl smiling warmly while wading barefoot through a shallow, calm body of water in a lush green landscape, evoking a peaceful, pleasant sense of simple joy and tranquility in the viewer.",contentment
contentment_07906,"The image of a smiling, bright-eyed baby with a joyful grin and chubby cheeks primarily evokes a warm, pleasant feeling of contentment and happiness in a typical viewer.",contentment
sadness_04018,"The elderly man's downturned mouth, heavy-lidded eyes, and solemn expression as he sits alone on a transit bus evoke a sense of melancholy and loneliness in the viewer.",sadness
disgust_03068,"The image shows a dropped and shattered container with spilled contents littering a parking lot, evoking a sense of messiness, waste, and environmental uncleanliness that most viewers would find repulsive or off-putting.",disgust
contentment_07370,"The image shows a refreshing tropical drink on a sunny beach with calm waves, blue skies, and leisurely beachgoers — a classic vacation scene that evokes a sense of relaxed happiness and satisfaction.",contentment
awe_10199,"The image shows two people atop dramatic rocky cliffs under a vivid blue sky — one striking a dynamic, playful pose while the other stands confidently at the peak — evoking a strong sense of thrill and adventurous energy in a typical viewer.",excitement
anger_06857,"The image is a satirical/political graphic featuring an exaggerated, wide-mouthed screaming face paired with the provocative text ""100 Days of Settling Scores,"" which most typical viewers would find darkly humorous and absurd, evoking amusement.",amusement
amusement_04220,"The image shows a lush, voluminous burst of coral and peach ruffled tissue paper or fabric, likely a decorative piñata or ornament — its vibrant warm colors, abundant texture, and festive crafted appearance evoke a sense of wonder and visual splendor consistent with awe.",awe
contentment_14778,"The image shows a mother and young child relaxing together on a couch, with the child smiling gently — a warm, peaceful domestic scene that evokes a sense of calm happiness and domestic comfort rather than high-arousal joy.",contentment
excitement_15563,"The image captures a mountain biker mid-air on a dirt trail, wearing a race number and full gear, conveying dynamic action and high-speed competition that typically evokes excitement in viewers.",excitement
excitement_13926,"The image shows hikers standing atop a rugged coastal peak with a sweeping panoramic view of mountains, sea, and sky — a grand, expansive natural landscape that typically evokes a sense of wonder and grandeur in viewers.",awe
sadness_08958,"The image shows a weathered stone lamb sculpture atop a grave marker in a cemetery surrounded by old headstones, a setting strongly associated with death, mourning, and loss — the lamb symbol in particular is a classic marker for a child's grave, deepening the somber, mournful tone a typical viewer would feel.",sadness
amusement_15598,"The image features a beautifully decorated Christmas cake with festive cookies, mandarin slices, cinnamon sticks, and holiday ornaments in the background, evoking a warm, cozy, and satisfied feeling associated with holiday celebrations and indulgent treats.",contentment
anger_00632,"The image shows a large, powerful tiger with its mouth wide open and tongue out, resting in sunlight — a majestic and impressive big cat that would primarily evoke a sense of awe in a typical viewer due to its sheer size, beauty, and wild presence.",awe
sadness_03791,"The image depicts a long, dimly lit colonnade with crumbling, weathered pillars, scattered debris on the ground, overgrown vegetation, and a lone dark bird standing in the middle — the overall atmosphere is desolate, abandoned, and melancholic, evoking a strong sense of sadness in a typical viewer.",sadness
excitement_11038,"The image shows two young women in cheerful Santa/reindeer costumes smiling broadly at a festive Christmas market stall in Japan, evoking a warm, joyful holiday atmosphere that most viewers would find delightfully fun and amusing.",amusement
excitement_05035,"The image shows a happy, energetic dog running freely with its mouth open in a playful expression and tail raised, which typically evokes a strong sense of excitement and joy in viewers.",excitement
excitement_16959,"The image captures two surfers riding a powerful wave, with one appearing to wipe out — the dynamic action, spray, and high-energy competition setting most strongly evoke excitement in a typical viewer.",excitement
contentment_03488,"The image shows an older adult cheerfully pushing a smiling young girl on a fun wheeled cart through a garden, conveying a playful, joyful interaction that most viewers would find lighthearted and amusing.",amusement
contentment_15355,"The image shows a tender moment of an adult (likely a father or grandfather) and a small child fishing together by a peaceful stream, evoking a warm, nostalgic sense of calm and familial bonding that most viewers would associate with quiet happiness and ease.",contentment
anger_06636,"The extreme close-up of a cat with wide green eyes, an open mouth showing its tongue, and an intense upward gaze creates a quirky, comical scene that most viewers would find funny and entertaining.",amusement
awe_01237,"The image features a visually striking double-exposure or mirror-flipped composition combining a serene lake reflection, warm autumn foliage, and a mountain landscape with lush forests — the surreal, dreamlike beauty of the scene is likely to evoke a sense of wonder and grandeur in a typical viewer.",awe
amusement_19404,"The image shows a group of cheerful children in party hats holding balloons and gifts, with bright colors and big smiles, creating a high-energy, celebratory atmosphere that strongly evokes excitement in a typical viewer.",excitement
disgust_09792,"The image shows three used cigarette butts standing upright, with ash and burn marks visible — objects strongly associated with harmful habits, pollution, and health risks, which typically evoke a sense of revulsion or aversion in viewers.",disgust
fear_08532,"The image shows a person appearing to float or levitate horizontally in a kitchen, which is a cleverly staged or trick photograph that creates a surreal, humorous scene — most viewers would find this playfully funny and surprising.",amusement
excitement_13681,"The image shows two people laughing and smiling warmly at each other in a playful, affectionate interaction, which most strongly evokes a lighthearted, humorous delight in a typical viewer.",amusement
contentment_00480,"The warm, gentle scene of a woman in vibrant traditional Andean dress tenderly feeding a fluffy baby alpaca evokes a calm, pleasant sense of harmony and well-being in a typical viewer.",contentment
contentment_14035,"Two young baseball players sitting together on the grass in a relaxed, friendly moment — one with an arm around the other — evokes a warm, peaceful sense of well-being and ease.",contentment
awe_00523,"The image depicts a grand, stately temple/cathedral with tall spires against a vivid blue sky, evoking a sense of wonder and reverence at the scale and beauty of the architecture.",awe
disgust_08806,"The image shows a large amount of litter and garbage strewn across a public pavement, which is visually repulsive and unsanitary, naturally evoking a strong sense of disgust in a typical viewer.",disgust
awe_01750,"The image depicts a couple in wedding attire standing before an ornate, beautifully decorated wedding cake adorned with fresh fruits and flowers, evoking a warm, peaceful sense of happiness and satisfaction associated with a joyful life milestone.",contentment
fear_11665,"The image shows a smiling stone face mask partially hidden among lush, dark green foliage against an aged stone wall — the mysterious, moody atmosphere created by the dimly lit, overgrown setting combined with the eerily grinning disembodied face is most likely to evoke a sense of unease or fear in a typical viewer.",fear
awe_01533,"The image depicts the massive scale and raw power of Niagara Falls, with thundering cascades, billowing mist, and dramatic overcast skies — a classic sublime natural spectacle that overwhelmingly evokes a sense of awe in a typical viewer.",awe
sadness_12036,"The image depicts a weathered gravestone memorial for Roger Sherman, adorned with faded flowers and small American flags, evoking a reflective, somber mood associated with death, remembrance, and loss.",sadness
disgust_03586,"A close-up of a small, spiky black-and-yellow caterpillar on weathered wood is a visually interesting but mildly unsettling image for many viewers; the creature's bristly texture and bold warning coloration typically trigger a mild instinctive aversion or creepiness response, making disgust the dominant reaction.",disgust
contentment_00147,"The close-up image of a lush, healthy green plant with budding flowers in a terracotta pot evokes a calm, pleasant feeling of peace and satisfaction with nature's growth.",contentment
sadness_01792,"The black-and-white image depicts a tense scene where a woman appears to be gesturing expressively toward an older man while a suited man sits with his hand to his face in a pensive or troubled pose, conveying a somber, heavy atmosphere that most viewers would read as sadness.",sadness
fear_08127,"The dark, pitch-black tunnel entrance at night, surrounded by eerie graffiti including the word ""DEAD,"" bare trees, and an isolated wooded setting creates a strongly unsettling and threatening atmosphere that would typically evoke fear in a viewer.",fear
excitement_17669,"The two men in the foreground are taking an enthusiastic selfie with wide-open mouths and huge grins at what appears to be a lively event or concert, conveying high-energy joy and excitement that a typical viewer would strongly feel.",excitement
fear_10916,"The image features Frankenstein's monster figurine alongside a dark, grotesque creature sculpture set against a deep blue background — classic horror imagery with stitched wounds and menacing figures that would most strongly evoke fear in a typical viewer.",fear
contentment_11893,"The warm golden-hour lighting, the playful dog carrying a stick, and the girl running freely through a lush meadow together evoke a relaxed, peaceful sense of happiness and well-being — characteristic of contentment rather than high-arousal excitement.",contentment
disgust_09449,A cockroach crawling over red berries/fruit is a classic disgust-eliciting stimulus — the pest is associated with contamination and the image of it on food strongly triggers revulsion in a typical viewer.,disgust
amusement_16177,"The image shows children playing and jumping on a large, colorful inflatable bounce house with cheerful cartoon characters and a ""Welcome"" arch, which typically evokes a lively, energetic, and joyful response in viewers.",excitement
excitement_04729,"The image captures a man actively surfing a wave with arms outstretched for balance, splashing water, and dynamic movement in a vibrant turquoise ocean — a high-energy, thrilling scene that most viewers would find energizing and exciting.",excitement
amusement_09737,"The image shows a smiling woman gently cradling a newborn baby against her chest in a warm, domestic setting, evoking a sense of peaceful happiness and quiet satisfaction that is most characteristic of contentment.",contentment
awe_07349,"The image depicts a serene early-morning countryside scene with a dew-covered spiderweb, misty rolling hills, golden light, and wildflowers — evoking a sense of peaceful, quiet beauty that inspires awe in a typical viewer.",awe
excitement_07174,"The image depicts an active fencing competition with multiple athletes in dynamic poses, conveying energy, competition, and athletic intensity that typically evokes excitement in a viewer.",excitement
anger_01316,"The image shows a Bengal cat mid-yawn with its mouth wide open, tongue out, and sharp teeth fully visible — a comical, exaggerated expression that most viewers would find humorous and entertaining rather than threatening.",amusement
awe_08293,"The serene wetland landscape with calm reflective water, golden marsh grasses, evergreen trees, and a vivid blue sky evokes a peaceful, pleasant sense of calm satisfaction rather than intense excitement or awe, making contentment the dominant emotion.",contentment
anger_07445,"The close-up of a snarling male lion with bared teeth, wrinkled muzzle, and intense expression in the wild is a powerful threat display that would primarily evoke fear in a typical viewer.",fear
excitement_00094,"The image shows a motocross rider launching into the air on a dirt bike during a race, which is a thrilling, high-energy action shot that would most strongly evoke excitement in a typical viewer.",excitement
fear_04353,"The image shows a damaged ancient stone or wooden mask emerging from pitch-black darkness, with hollow, lifeless eyes and a crumbling forehead — its eerie, dehumanized appearance and high-contrast dramatic lighting would most strongly evoke fear in a typical viewer.",fear
sadness_06302,"The sign reads ""It is very sad you steal them,"" referring to charity-funded plants being stolen from a community space — the message itself explicitly names sadness, and the context of plants being taken from vulnerable residents evokes a strong sense of melancholy and disappointment in a typical viewer.",sadness
excitement_18122,"The image shows a jubilant woman riding a motorcycle in a Pride parade, wearing colorful feather boas and a bright outfit, laughing openly, surrounded by a cheering crowd waving rainbow flags — the energy is vibrant, festive, and high-energy, making excitement the dominant emotion evoked.",excitement
sadness_01988,"The image depicts an abandoned or decaying industrial site with a lone brick chimney, crumbling structures overgrown with vegetation, and a bleak overcast sky — a scene of neglect and decay that most typically evokes a feeling of melancholy and loss.",sadness
awe_09504,"The image depicts a serene, pristine winter landscape with snow-covered evergreen trees, a clear blue sky, and majestic mountains in the background, evoking a sense of peaceful wonder and grandeur that most strongly aligns with awe.",awe
contentment_11665,"The image of bright, blooming daisies in a lush green field evokes a calm, pleasant sense of peace and satisfaction, which is most characteristic of contentment.",contentment
disgust_09895,"The image shows a ceramic ashtray shaped like an open human mouth filled with cigarette butts and ash, which combines a grotesque, unhygienic visual (used butts piling up in a mouth-like cavity with stained teeth) that most viewers would find repulsive and off-putting, making disgust the dominant emotional response.",disgust
awe_04314,"The image showcases the majestic Peter and Paul Fortress in St. Petersburg, with its iconic golden spire soaring against a vivid deep-blue sky, reflected icy waters in the foreground, and ornate golden domes — a grand, breathtaking architectural scene that inspires a sense of wonder and grandeur in a typical viewer.",awe
contentment_08735,"The tranquil scene of birds perched on a row of wooden posts over calm water, surrounded by lush green trees and soft natural light, evokes a peaceful, serene feeling characteristic of contentment.",contentment
disgust_06615,"The image shows an overflowing, filthy trash bin surrounded by scattered litter and garbage on a public sidewalk, which typically evokes a strong visceral sense of revulsion and repulsion in a typical viewer.",disgust
sadness_08407,"The black-and-white close-up of an elderly woman with deeply lined, weathered features, a downcast expression, and somber eyes set against a stark urban backdrop evokes a strong sense of sadness in a typical viewer.",sadness
contentment_06506,"The image shows an adorable yellow Labrador sitting calmly in the snow, looking noble and serene, which evokes a warm, pleasant feeling of contentment in a typical viewer.",contentment
fear_13252,"The image depicts an extremely detailed and grotesque horror costume featuring exposed fake viscera, blood, and decayed flesh, which would primarily trigger a strong disgust response in a typical viewer due to the visceral, gore-heavy imagery.",disgust
awe_04567,"The image displays a dramatically vivid coastal sunset with fiery red, orange, and purple clouds reflected in tidal pools, creating an overwhelming sense of natural grandeur that would most powerfully evoke awe in a typical viewer.",awe
amusement_00097,"The close-up macro photograph of a beautifully patterned orange butterfly resting on tree bark evokes a calm, pleasant sense of tranquility and harmony with nature, most closely aligned with contentment.",contentment
awe_14543,"The image shows a joyful outdoor wedding scene with smiling bridesmaids in red dresses and adorable flower girls in white dresses with red sashes, evoking a warm, peaceful sense of happiness and calm celebration typical of contentment.",contentment
amusement_00814,"The image shows a man gleefully mimicking the wide-open laughing expression of a colorful, cartoonish mannequin beside him — the playful, humorous juxtaposition of the two exaggerated ""laughing"" faces is inherently comedic and lighthearted, making amusement the clear dominant emotion for a typical viewer.",amusement
fear_06064,"The image depicts two dark-cloaked figures wearing pale, expressionless masks in a dimly lit, shadowy room with warm but ominous lighting — a scene strongly reminiscent of horror films, evoking a sense of dread and unease in a typical viewer.",fear
anger_10740,"The image shows anti-war protesters holding signs like ""Stop Funding the War,"" ""U.S. Out of Afghanistan Now,"" and ""War is Ugly, Betty,"" which collectively convey a message of opposition and outrage toward war, most likely evoking a sense of anger in a typical viewer.",anger
amusement_16860,"The image shows children enthusiastically wading through a stream with nets and waders, engaged in a hands-on outdoor science/nature activity, which evokes a sense of joy and lively engagement typical of exciting childhood exploration.",excitement
awe_02484,"The image captures a breathtaking aurora borealis stretching across a vast night sky above a flat, open landscape — a visually stunning natural phenomenon that typically elicits a sense of wonder and overwhelming admiration in viewers.",awe
amusement_10207,"The warmly lit Christmas tree adorned with red ribbons, twinkling lights, a glowing star topper, and wrapped gifts beneath it — set against a cozy brick wall — evokes a serene, warm sense of holiday peace and domestic happiness, most closely aligned with contentment.",contentment
disgust_00721,"The image shows cigarette butts, ash, and discarded foil in a dirty ashtray — a visually unpleasant, grimy scene associated with waste and unhealthy habits, which most viewers would find repulsive.",disgust
contentment_14102,"The image depicts delicate yellow oncidium orchids in soft, warm sunlight against a lush green bokeh background, creating a serene, harmonious, and pleasant scene that evokes a calm sense of satisfaction and peace.",contentment
anger_08240,"The man's wide-open mouth, wild eyes, dramatic dark lighting, and intense facial tension create a viscerally unsettling scene that most viewers would find threatening or alarming, evoking fear as the dominant emotion.",fear
contentment_14373,"The image depicts a couple sharing a romantic kiss in a golden wheat field at sunset, evoking a deep sense of warmth, peace, and romantic fulfillment — a feeling most typical viewers would associate with contentment.",contentment
excitement_11879,"The image shows a lively crowd at what appears to be an outdoor festival or street party, with people in fun costumes (giraffe hat), posing energetically, smiling, and celebrating — conveying a high-energy, festive atmosphere that most viewers would find exciting.",excitement
excitement_14167,"The image shows a person in a playful nurse costume with a big smile, holding a toy water gun at a festive outdoor event — a lighthearted, humorous scene that most viewers would find funny and entertaining.",amusement
anger_04265,"The image depicts a wildfire spreading through a forested hillside with visible flames and smoke, which typically evokes a strong sense of fear in viewers due to the perceived danger, destruction, and uncontrollable nature of the fire.",fear
awe_07493,"The image depicts a massive partially-frozen waterfall under a vivid blue sky with a rainbow arcing through the mist, snow-covered landscape, and a dramatic suspension bridge overhead — a visually stunning, grand natural scene that would overwhelmingly inspire awe in a typical viewer.",awe
excitement_07892,"The image captures a person mid-leap into a sunlit lake, arms raised, silhouetted against a bright blue sky — a classic summer freedom moment that strongly evokes an energetic, thrilling feeling of exhilaration.",excitement
anger_04490,"The image depicts a large, agitated protest crowd surrounding a police van covered in graffiti and anti-fee slogans, evoking a strong sense of collective outrage and hostility that would primarily make a typical viewer feel anger.",anger
amusement_02804,"The colorful, ornate carousel with its beautifully decorated horses, festive lights, and lively fairground atmosphere evokes a sense of joy and energetic fun, most closely aligned with excitement.",excitement
contentment_11832,"The image shows a man laughing warmly while talking on the phone, radiating a relaxed, happy atmosphere that most viewers would find pleasant and soothing rather than intensely thrilling, pointing to contentment as the dominant felt emotion.",contentment
fear_12588,"The image features a dark, heavily processed photo with deep shadows, a chain-link fence in the foreground, bare jagged tree branches, and a looming building viewed from a low angle — all classic visual cues of menace and unease that evoke fear in a typical viewer.",fear
fear_00178,"The image shows a person in a creative Halloween costume with a robotic/cyborg arm made of duct tape and armor pieces, metallic face paint, and a Rocket Raccoon emblem — a fun, elaborate DIY cosplay at what appears to be a Halloween party, which most viewers would find entertaining and amusing.",amusement
anger_07277,"The dramatic nighttime cannon fire display — with vivid orange muzzle blast, smoke, period costumes, and torchlight — creates a thrilling, high-energy spectacle that most viewers would find exhilarating and stirring above all other emotions.",excitement
excitement_09151,"The image shows men in vibrant, retro-style patterned shirts dancing energetically on stage with big smiles, which creates a lighthearted, humorous scene that a typical viewer would find amusing.",amusement
excitement_10465,"The image shows a surfer in a full wetsuit skillfully riding a powerful, churning wave, which conveys dynamic action and high-energy sport, most likely evoking excitement in a typical viewer.",excitement
fear_00487,"The image depicts an ancient, crumbling structure partially embedded in eroded sandstone cliffs with dry, twisted branches — a desolate, abandoned scene that evokes a sense of wonder and reverence for the passage of time and nature's scale.",awe
disgust_08872,"The image shows a close-up of a reddish-brown cocktail with ice and a straw in a glass on a wooden table, which evokes a calm, pleasant sense of relaxation and satisfaction typical of enjoying a drink.",contentment
amusement_15306,"The image shows a vivid, large fireworks burst with bright green and orange streaks exploding against a dark night sky, which typically evokes a strong sense of wonder and grandeur in viewers.",awe
amusement_12132,"The close-up of warm, softly glowing fairy lights nestled among pine branches evokes a peaceful, cozy, and harmonious holiday atmosphere, which most strongly maps to contentment.",contentment
amusement_03969,"Three young women are smiling and posing together at a lively bar/party, with one wearing oversized novelty shutter shades and a fun hat — the playful accessories, big grins, and festive atmosphere make a typical viewer feel amused.",amusement
fear_12036,"The image features a LEGO skeleton figure dramatically lit in a doorway of a dark blue brick wall with a bold yellow backdrop — the skull face, skeleton motif, and eerie blue lighting are classic Halloween/spooky aesthetics designed to evoke a mild fright response in a typical viewer.",fear
sadness_11427,"The image shows a woman sitting peacefully in a lush garden surrounded by colorful flowers and a tranquil countryside backdrop, evoking a calm, serene, and pleasant feeling of contentment.",contentment
awe_05467,"The sweeping snow-covered mountain ridgeline, vast layered peaks fading into the horizon, dramatic overcast sky, and the solitary gnarled tree create a grand, majestic wilderness scene that most typically evokes a sense of awe in viewers.",awe
amusement_15294,"The image shows vibrant, elaborate festival costumes with dramatic devil/demon masks in bold red, orange, and yellow at what appears to be a lively street carnival (likely the Masskara or Ati-Atihan festival in the Philippines), which primarily evokes excitement due to the energy, color intensity, and festive atmosphere.",excitement
amusement_07423,"The image depicts a beautifully arranged wedding seating chart display surrounded by lush, colorful floral arrangements in a bright greenhouse venue, evoking a peaceful, warm, and pleasant feeling of calm happiness rather than intense excitement or awe.",contentment
amusement_09180,"The image shows a towering, colorful carnival slide shot from a dramatic low angle, evoking the thrill and anticipation of a fun fair ride — the bold colors, height, and festive context most strongly trigger excitement in a typical viewer.",excitement
fear_09324,"This is a Georgian-era satirical cartoon (likely by Thomas Rowlandson) depicting a skeleton bursting into a room full of panicking people — a classic comedic ""Death comes to call"" scene with an absurd caption. The exaggerated expressions, chaotic tumbling figures, and the skeleton dressed with a feathered hat create a darkly humorous, over-the-top scene that a typical viewer would find amusing rather than genuinely frightening.",amusement
awe_04661,"The image showcases a massive natural sandstone arch framing a sweeping panoramic vista of canyon lands and dramatic cloudscapes, a scene of grand natural beauty that typically inspires a sense of wonder and overwhelming admiration.",awe
disgust_05564,"The image shows a large pile of dirty, crushed, and filthy plastic bottles and waste, which typically evokes a strong visceral reaction of repulsion and disgust in viewers due to the visual mess, grime, and environmental pollution it represents.",disgust
amusement_03563,"The image features a cheerful LEGO Santa Claus figurine standing in snow with colorful bokeh lights in the background and a ""Merry Christmas"" greeting — a playful, whimsical holiday scene that most viewers would find delightfully amusing rather than deeply awe-inspiring or broadly exciting.",amusement
fear_06746,"The towering, dark, roughly-textured giant rabbit sculpture looming over a small child in a shadowy black-and-white forest setting creates an unsettling, eerie atmosphere that most viewers would find threatening or ominous.",fear
anger_05249,"The close-up of a snarling carousel tiger with bared teeth, an open roaring mouth, and an intense gaze creates a visceral sense of threat and unease, making fear the dominant emotion evoked in a typical viewer despite the object being a decorative ride figure.",fear
fear_01594,"The dark, narrow stairwell with heavily decayed, peeling walls and dim lighting creates a deeply unsettling and ominous atmosphere typical of abandoned or derelict spaces, evoking a strong sense of dread and fear in a typical viewer.",fear
disgust_03652,"The image shows an overflowing, graffiti-covered trash bin surrounded by scattered litter and debris on a public sidewalk, which typically evokes a strong sense of disgust in viewers due to the uncleanliness and disorder.",disgust
awe_14181,"The image shows a hiker standing atop a rocky mountain summit with a breathtaking panoramic view of vast green forests, a winding lake, and distant mountain ranges — a scene of grand natural scale that typically evokes a sense of wonder and overwhelming admiration.",awe
anger_02441,"A child in a Halloween costume making a playful scary face with clawed hands and a wide-open mouth is clearly being goofy and theatrical, which most viewers would find funny and entertaining rather than genuinely frightening.",amusement
contentment_03344,"The image of a smiling, bright-eyed baby lying on a colorful play mat, gleefully holding up its feet, naturally evokes a warm sense of happiness and peaceful joy in typical viewers — most closely aligned with contentment.",contentment
fear_10752,"The image depicts two classic horror monster action figures (Frankenstein's Monster appearing to strangle another creature) staged in a dark, ominous setting, which most strongly evokes fear in a typical viewer due to the threatening, menacing posture and horror-genre iconography.",fear
amusement_11769,"The long-exposure night photograph of the SkyWheel Ferris wheel creates a stunning, almost otherworldly glow with motion blur forming a luminous halo against the dark sky — a visually spectacular scene that typically inspires a sense of wonder and grandeur in viewers.",awe
fear_00046,"The image shows a person in a vampire/horror costume with white face paint, dark eye makeup, and a gothic outfit in a haunted-house setting, which is designed to evoke a sense of fright or dread in a typical viewer.",fear
sadness_09739,"The image depicts the dark, decaying interior of an abandoned structure with crumbling walls, a large hole, and dim lighting — evoking a strong sense of unease and dread typical of fear.",fear
awe_13032,"The image showcases a breathtaking panoramic vista of dramatic rocky formations in the foreground, lush green rolling hills, and a vast expanse of deep blue ocean stretching to the horizon under a sky filled with billowing clouds — a scene of grand natural beauty that typically inspires a sense of awe in viewers.",awe
fear_13649,"A close-up macro shot of a jumping spider staring directly into the camera with large, prominent eyes and hairy legs is a classic trigger for arachnophobia-related reactions; the intense frontal gaze and exaggerated spider features are most likely to evoke fear in a typical viewer.",fear
amusement_01017,"The image shows warm, glowing Christmas tree ornaments — a colorful trumpet and red ball — evoking a cozy, nostalgic holiday atmosphere that typically produces a calm, pleasant feeling of contentment in viewers.",contentment
contentment_14335,"The image depicts three young women enjoying a peaceful, sun-dappled picnic by a calm lake in a lush green park, evoking a sense of relaxed happiness and tranquil well-being.",contentment
excitement_16033,"The image captures a person splashing energetically through ocean waves with a big smile, surrounded by dynamic water action, which evokes a strong sense of thrilling, high-energy fun.",excitement
fear_09863,"The image features a dark, heavily filtered scene dominated by deep reds and blacks with an eerie, unsettling face-like form (resembling a jack-o'-lantern or sinister grin), creating a menacing and disturbing atmosphere that would most strongly evoke fear in a typical viewer.",fear
contentment_00018,"The image shows a tiny, perfectly shaped mini pumpkin cradled gently in an open hand, with warm bokeh lights in the background, evoking a cozy, peaceful autumn atmosphere that most viewers would associate with calm happiness and seasonal satisfaction.",contentment
amusement_02010,"The image features cheerful ceramic snowman figurines surrounded by colorful, bokeh-lit Christmas lights in warm, festive tones, evoking a joyful and warm holiday atmosphere that most strongly elicits contentment in a typical viewer.",contentment
contentment_08722,"The image shows tourists leisurely riding a traditional wooden abra boat on the Dubai Creek, with one person photographing and another sitting calmly in a white dress against a scenic waterfront backdrop, evoking a relaxed, pleasant sense of travel enjoyment.",contentment
anger_04850,"The image depicts a massive, raging fire consuming a collapsed building while a lone firefighter battles the blaze amid rubble and debris — a scene of catastrophic destruction that would most strongly evoke fear in a typical viewer.",fear
awe_06328,"The image captures a massive, near-perfect rainbow arc reflected in a calm lake at golden hour, framed by lush green trees — a breathtaking natural spectacle that overwhelms the viewer with a sense of wonder and grandeur.",awe
amusement_05705,"The image shows towering amusement park thrill rides shot from a low angle against a dramatic sky, creating a sense of height, speed, and exhilaration that most viewers associate with the thrill of fairground attractions.",excitement
excitement_16620,"The man is smiling broadly and tipping his cap in a cheerful, relaxed gesture, which evokes a warm sense of ease and satisfaction in a typical viewer.",contentment
disgust_10023,"The black-and-white close-up of raw, exposed animal flesh, bones, and visceral organs is viscerally unpleasant and would most strongly evoke disgust in a typical viewer.",disgust
disgust_08213,"The close-up image of coral polyps with their alien-like, textured, and somewhat unsettling appearance — featuring fleshy, bumpy structures with translucent tentacles — is likely to evoke a mild sense of disgust or unease in a typical viewer unfamiliar with marine biology, as the organic textures resemble something visceral and strange.",disgust
contentment_15238,"The image depicts a young woman peacefully sitting among lush green ferns in a tranquil natural setting, holding a vintage camera — the serene atmosphere, soft muted tones, and quiet solitary moment evoke a strong sense of calm and contentment in a typical viewer.",contentment
anger_08992,"The image depicts people standing amid multiple active fires on a dark street at night, evoking a strong sense of danger and threat that would primarily trigger fear in a typical viewer.",fear
awe_14300,"The image depicts a breathtaking sunset over a vast, calm body of water with a long bridge silhouetted against a vivid orange and red sky, a scene of grand natural beauty that typically inspires a sense of wonder and awe in viewers.",awe
sadness_03533,"The image shows a heavily rusted, deteriorating blue dumpster surrounded by rubble and debris in what appears to be a demolition or disaster site, evoking a sense of decay, neglect, and urban blight that most viewers would find off-putting and unpleasant.",disgust
sadness_04759,"The surreal, dreamlike composition — a quietly seated woman with closed eyes, low-hanging clouds at ground level, and a muted, ethereal atmosphere — evokes a sense of wonder and visual astonishment that most strongly aligns with awe.",awe
contentment_11806,"The image shows two children sitting peacefully together on a driftwood log by the ocean, gazing at the waves — a tranquil, warm, and intimate scene that evokes a quiet sense of peace and well-being rather than high arousal.",contentment
excitement_17664,"The image shows a large choir performing passionately on stage, all dressed in white, with animated expressions, raised hands, and wide smiles — conveying a high-energy, joyful, and electrifying performance that naturally evokes excitement in a typical viewer.",excitement
disgust_04935,"The image shows a well-camouflaged moth or similar insect blending almost perfectly into tree bark covered with lichen — the near-invisible disguise creates a surprising, wonder-inducing moment of discovery that most viewers would find impressive and marvellous.",awe
disgust_05637,"The image shows a dense mass of hairy caterpillars swarming together in a silky web nest, a classic creepy-crawly scene that typically triggers a strong visceral disgust response in most viewers due to the writhing, hair-covered insects packed tightly together.",disgust
sadness_07863,"The black-and-white image shows a person with their head bowed down and face hidden, clutching a phone — a posture strongly associated with grief, withdrawal, and emotional pain, evoking sadness in a typical viewer.",sadness
fear_01861,"A close-up macro photograph of an insect with vivid, alien-like features (compound eyes, veined wings, bold black-and-yellow coloring) is most likely to trigger disgust or fear in a typical viewer; the extreme proximity and creepy detail of the bug's face most strongly evokes disgust.",disgust
excitement_12121,"The image captures a shirtless man mid-air performing an impressive flying kick toward a tree trunk, a dynamic and athletic feat that conveys energy, boldness, and physical prowess — evoking a strong sense of excitement in a typical viewer.",excitement
anger_04901,"The image shows two lions resting peacefully — one calmly looking at the camera and one mid-yawn — in a lush, green setting, evoking a relaxed, pleasant scene that most viewers would find serene and satisfying rather than thrilling or humorous.",contentment
amusement_19312,"The image shows Pluto and Donald Duck mascots performing in a lively parade with a crowd of spectators, evoking a playful, fun, and cheerful atmosphere that most viewers would find amusing.",amusement
amusement_14988,"The image shows a group of young children laughing and smiling broadly in front of a camera, radiating pure joy and lighthearted fun, which most naturally evokes amusement in a typical viewer.",amusement
fear_03021,"The black-and-white image of a woman wielding a large knife over jack-o'-lanterns while staring intensely at the camera, combined with the dark, shadowy Halloween atmosphere, creates a menacing, threatening scene that would most strongly evoke fear in a typical viewer.",fear
amusement_01013,"The image shows a young girl smiling broadly while balancing a red spinning plate on a stick at an outdoor event, radiating playful joy and lively energy that most viewers would find energetically delightful rather than merely calm or content.",amusement
awe_08160,"The image depicts two soft white water lilies resting peacefully on lily pads over a still pond, evoking a serene, tranquil, and harmonious atmosphere that most typically elicits a sense of calm satisfaction and peaceful well-being.",contentment
contentment_06575,"The image shows a joyful couple in a snowy winter forest — the man giving the woman a piggyback ride while she laughs and stretches her arm out freely — conveying a warm, playful, and happy mood that most strongly evokes contentment.",contentment
disgust_06880,"The image shows an overflowing public trash can with garbage spilling onto the sidewalk, evoking a strong visceral reaction of disgust in a typical viewer due to the visible waste, clutter, and unsanitary conditions.",disgust
excitement_09750,"The image shows a lively outdoor celebration — likely a Pride event — with people smiling broadly, raising drinks, wearing colorful accessories like flower leis and rainbow lanyards, and displaying energetic body language, all of which conveys a high-arousal positive atmosphere most strongly characterized by excitement.",excitement
amusement_03729,"The brightly lit, colorful Ferris wheel against a dramatic dark night sky creates a visually stunning and grand spectacle, evoking a sense of wonder and awe in a typical viewer.",awe
fear_03828,"Two black cats perched on a cat tree, staring directly at the camera with intense, slightly judgmental expressions — a classic ""loaf cats judging you"" scene that most viewers find humorously entertaining.",amusement
excitement_14384,"The image shows a woman with her mouth wide open in a cheer, sitting on a man's shoulders in what appears to be a lively crowd celebration — both subjects display high-energy, joyful expressions typical of fans at a sporting event, evoking a strong sense of excitement in the viewer.",excitement
anger_11274,"The image depicts a protest scene with a demonstrator holding a sign reading ""NO! to War on IRAN,"" which conveys strong opposition and collective outrage against military conflict, evoking a dominant feeling of anger in a typical viewer.",anger
amusement_11640,"The image showcases a beautifully presented seafood spread — pasta with shrimp and mussels alongside grilled shrimp skewers — which is visually appetizing and indulgent, likely triggering a strong sense of pleasurable anticipation and desire that best maps to excitement.",excitement
excitement_03258,"The image shows an action-packed NFL football scene with players in formation during a live play, which typically evokes a sense of excitement and energy in viewers who associate sports with competition and athletic intensity.",excitement
amusement_15251,"The image shows a small, neatly folded juice box (pineapple juice / Ananassaft) with a bright blue and gold design. The mundane, everyday object evokes a mild sense of calm satisfaction or ordinariness, most closely aligning with contentment.",contentment
fear_11029,"The image depicts a person in an extremely realistic and grotesque zombie costume with exposed skull-like face, rotting flesh makeup, yellowed teeth, a protruding tongue, and chains — all highly disturbing visual elements that would most strongly evoke disgust in a typical viewer.",disgust
excitement_18092,"The image shows a passionate rock vocalist performing on stage with dramatic lighting and fog, which typically evokes a strong sense of excitement in viewers due to the high-energy live performance atmosphere.",excitement
contentment_03103,"The image depicts a peaceful beach scene with a child playing in the sand, a person walking toward the gentle waves, and another relaxing in a chair — evoking a calm, pleasant sense of ease and satisfaction in a typical viewer.",contentment
excitement_16312,"The image shows a person racing a lawn mower around a dirt track with a helmet, kicking up a cloud of dust while spectators watch — an unexpectedly thrilling and comedic spectacle that most viewers would find energetically entertaining and fun to watch.",excitement
awe_02997,"The image presents a breathtaking landscape of snow-capped mountain peaks, lush green forests, pink blossoming flowers, and a clear blue sky — a scene of overwhelming natural grandeur that typically evokes a sense of wonder and awe in viewers.",awe
contentment_10332,"The image shows an adorable baby dressed up in a charming outfit sitting amid a colorful birthday celebration spread, evoking a warm, cheerful, and pleasantly satisfied feeling in a typical viewer.",contentment
contentment_11536,"The peaceful pastoral scene of a mother sheep resting in a lush green meadow surrounded by young lambs evokes a warm, calm sense of well-being and tranquility in a typical viewer.",contentment
sadness_02576,"The image shows a dead, partially decomposed baby bird with exposed viscera and signs of decay, which would trigger a strong visceral disgust response in a typical viewer.",disgust
contentment_04268,"Two cats curled up and snuggled together peacefully on a cozy sofa evokes a warm, calm sense of contentment in a typical viewer.",contentment
fear_12859,"The diptych combines a dark, shadowy forest scene with murky water on the left and a heavily distorted, pixelated floral image with deep reds, blacks, and yellows on the right, accompanied by the word ""nobody."" — together the imagery evokes an unsettling, eerie, and melancholic atmosphere most aligned with sadness.",sadness
sadness_11740,"The image shows a weathered, worn gravestone in a cemetery with fallen leaves and grass, evoking a sense of loss, mortality, and melancholy that typically produces sadness in a viewer.",sadness
disgust_10303,"The image shows raw meat marinating in a plastic bag, which typically evokes a visceral negative reaction in viewers who find the sight of raw, uncooked flesh unappetizing or repulsive.",disgust
disgust_02515,"The image shows a bowl of raw, bloody, and roughly butchered meat pieces, which typically evokes a strong visceral reaction of disgust in most viewers due to the graphic, unappetizing appearance of the exposed flesh, blood, and animal parts.",disgust
amusement_18448,"The image depicts a warmly decorated Christmas tree with colorful ornaments, a star topper, snowman figurines, and a nativity scene — a cozy, festive holiday scene that most viewers would find peaceful and heartwarming, evoking a calm sense of satisfaction and comfort.",contentment
fear_14163,"The black-and-white image depicts what appears to be charred, destroyed remains on a dark, debris-strewn ground, evoking a visceral sense of revulsion and repulsion toward the disturbing, grotesque scene.",disgust
anger_07159,"The image shows a tiger cub with its mouth open in a snarl, staring directly at the camera, which creates a sense of threat and danger that would most strongly evoke fear in a typical viewer.",fear
excitement_07435,"The image shows a bride and groom playfully biting into the same piece of wedding cake together, both grinning widely — a classic, lighthearted moment that most viewers find funny and charming, making amusement the strongest evoked emotion.",amusement
excitement_05368,"The image shows a group of cyclists racing at high speed in the rain, with motion blur conveying intense energy and dynamic action, which most strongly evokes excitement in a typical viewer.",excitement
fear_01742,"The dark, sepia-toned image features a pale, heavily made-up woman resembling a vampire or corpse bride, while a figure wearing a sinister rat/mouse mask lurks ominously in the background — classic horror imagery designed to unsettle and frighten a typical viewer.",fear
disgust_07193,"The image of frost-covered bare branches with a lone, withered red berry evokes a quiet, melancholic mood — the cold, stark winter scene with dying vegetation naturally elicits a gentle sadness in a typical viewer.",sadness
anger_06519,"The image shows protesters actively demonstrating against fracking, holding signs with urgent demands like ""Ban Fracking Now!"" and ""Get The Frack Out of Los Angeles."" The passionate, confrontational energy of the protest, rooted in opposition to an environmental practice, is most likely to evoke anger in a typical viewer.",anger
awe_03200,"The image depicts a vast, misty mountain landscape with towering granite cliffs, evergreen trees, snow, and a still body of water — a scene of immense, moody natural grandeur that typically overwhelms viewers with a sense of wonder and sublime magnitude.",awe
sadness_00600,"The image features a solitary figure standing on rocky shoreline at sunset, partially silhouetted and appearing introspective or melancholic, which combined with the fading light and quiet seascape evokes a dominant feeling of sadness or wistful loneliness.",sadness
anger_07057,"The image depicts a political protest with signs labeling Blair a ""War Criminal"" and calling it ""Another Whitewash,"" conveying strong collective outrage and moral condemnation that would primarily evoke anger in a typical viewer.",anger
anger_10924,"The image depicts a person in a white lab coat holding a sign reading ""INEQUALITY makes..."" with a ""I ❤ Single Payer"" button, surrounded by protesters — the protest context, the message of inequality, and the collective activism are most likely to evoke anger in a typical viewer.",anger
fear_12081,"The image shows a beautiful rust-colored butterfly alongside a yellow-and-black striped caterpillar nestled in dry grass and green leaves — a peaceful, harmonious nature scene that typically evokes a quiet sense of calm and satisfaction in viewers.",contentment
excitement_03588,"The image shows a football player in mid-kick during a game, captured in a dynamic, energetic pose that conveys the thrill of athletic competition, which typically evokes excitement in a viewer.",excitement
anger_08311,"The tiger is walking directly toward the camera with its mouth slightly open and an intense, fixed gaze, creating a strong sense of threat and danger that would most powerfully evoke fear in a typical viewer.",fear
amusement_15225,"The image of a laughing, rosy-cheeked baby sitting on a blanket outdoors, dressed in a pink jacket and hat, naturally elicits a warm, cheerful reaction — the baby's giggling expression and playful posture most strongly evoke amusement in a typical viewer.",amusement
anger_07058,"The image of printed pages — resembling a book or newspaper — being consumed by intense flames strongly evokes a sense of anger, as book/text burning is a historically charged symbol of censorship, destruction of knowledge, and ideological violence.",anger
disgust_08495,"The striking macro photograph of a vividly colored exotic insect — with its iridescent blue wings, bright red head, and yellow-black body — showcases remarkable natural beauty and biodiversity, most likely evoking a sense of wonder and amazement in a typical viewer.",awe
anger_03367,"The image of a large building fully engulfed in raging flames at night is an intensely alarming and threatening scene that would primarily evoke fear in a typical viewer, as it signals extreme danger, destruction, and potential loss of life.",fear
anger_01953,"The image shows a jaguar rolling playfully on its back with its mouth wide open, appearing to be in a relaxed, playful mood — this lighthearted, carefree animal behavior is likely to amuse a typical viewer.",amusement
disgust_09309,"The image shows a home-cooked meal with black-eyed peas, shredded carrots, and a sauced meat dish served in a black bowl. The food appears hearty and satisfying, evoking a sense of comfort and quiet satisfaction in a typical viewer.",contentment
amusement_09537,"The image shows a young girl performing in a vibrant, colorful traditional Korean hanbok costume on stage, with an engaged, confident expression — the lively cultural performance, bright colors, and celebratory atmosphere most strongly evoke excitement in a typical viewer.",excitement
anger_11210,"The large, roaring bonfire with tall, intense flames dominating the scene evokes a sense of awe in a typical viewer — the raw power, scale, and dramatic visual spectacle of the fire commands wonder and a mix of primal fascination.",awe
amusement_04598,"The image shows three cheerful girls posing with Santa Claus riding a Segway decorated with holiday tinsel — a fun, playful, and festive scene that blends humor with holiday joy, most strongly evoking amusement in a typical viewer.",amusement
awe_07716,"The image depicts a traditional Japanese wedding procession, with a bride in a stunning, richly decorated red furisode kimono and elaborate hair ornaments, evoking a sense of wonder and reverence at the beauty, cultural richness, and solemnity of the ceremony.",awe
anger_06588,"The image of a tiger with its mouth open, baring its teeth, pressed against the bars of a cage creates an immediate visceral sense of threat and danger, which would most strongly evoke fear in a typical viewer.",fear
fear_13182,"The image shows Oogie Boogie, the iconic villain from ""The Nightmare Before Christmas,"" depicted as a grinning, burlap-sack monster in a fun theme-park/entertainment context with colorful ""Villains"" signage — this whimsical, recognizable character display is most likely to evoke amusement in a typical viewer.",amusement
amusement_06417,"The image of a young toddler with a gentle, slightly serious expression playing on a colorful playground structure evokes a warm, peaceful feeling of contentment in a typical viewer — the child appears safe, the setting is cheerful, and the overall scene radiates quiet, everyday happiness.",contentment
contentment_04742,"The image shows a seagull perched among vibrant pink flowers in warm sunlight, creating a peaceful and pleasant scene that evokes a sense of calm satisfaction and visual harmony.",contentment
sadness_01363,"The image depicts a memorial site with a commemorative plaque, flowers laid as tributes, and personal items (scarves, caps) hung on the fence, evoking a sense of grief and loss in a typical viewer.",sadness
fear_05750,"The image shows heavily corroded, rusted, and deteriorated metal with grime and decay, which typically evokes a strong sense of revulsion and disgust in a typical viewer.",disgust
awe_02541,"The image shows the iconic, perfectly symmetrical Mount Fuji reflected in a calm lake under a soft pastel sky, a scene of breathtaking natural grandeur that would overwhelmingly inspire a sense of awe in a typical viewer.",awe
fear_09394,"The image shows a hand sculpture covered in religious imagery (depictions of Jesus, the Virgin Mary, saints, and scripture), displayed in a lived-in home setting — this kind of devotional, handcrafted folk-art piece typically evokes a sense of awe in viewers due to its intricate, spiritually significant collage work and the striking visual impact of the raised hand form.",awe
sadness_08399,"The snow-covered graveyard at night, with dark Gothic tombstones and a Celtic cross draped in ivy, creates a foreboding, eerie atmosphere that is most likely to evoke fear in a typical viewer.",fear
contentment_08030,"The vibrant, colorful floral arrangement in the foreground set against a warm, softly lit interior creates a serene and pleasant atmosphere, evoking a sense of calm satisfaction and well-being typical of contentment.",contentment
anger_08623,"The image shows a man being detained or escorted by a police officer in front of what appears to be a public building, with news cameras present — a tense confrontation suggesting a protest-related arrest, which typically evokes feelings of anger in a typical viewer.",anger
awe_05952,"The image depicts a traditional Indian wedding ceremony, with the groom placing a garland on the bride amid festive red and white drapery — a warm, joyful, and serene moment that most viewers would find peacefully pleasing rather than intensely exciting, evoking a sense of calm happiness and satisfaction.",contentment
awe_04895,"The image features a vivid rainbow arching over a lush green landscape with tall pine trees and mountains in the background, creating a breathtaking and majestic natural scene that most viewers would find awe-inspiring.",awe
fear_10233,"The image features skull-and-crossbones symbols, dark graffiti with skulls, and an overall gritty, ominous aesthetic that is likely to evoke a sense of unease or fear in a typical viewer.",fear
contentment_06396,"The sweeping field of vibrant red poppies under a soft, cloud-dappled sky with a lone tree on the horizon creates a peaceful, serene, and harmonious natural scene that evokes a calm sense of satisfaction and well-being.",contentment
awe_12594,"A person doing a handstand on a mountain ridge trail next to a ""Skyline Ridge"" sign is a playful, humorous, and impressive stunt that most viewers would find funny and entertaining, making amusement the dominant emotion.",amusement
awe_09369,"The image depicts a majestic snow-dusted volcanic peak (likely Lassen Peak) rising above a serene alpine lake and dense evergreen forest under a clear blue sky — a grand, sweeping natural landscape that typically evokes a sense of wonder and grandeur in viewers.",awe
fear_10554,"The image features animal skulls, severed-looking hands with holes in the palms, dead branches, and cross-like structures arranged in a dark, macabre, occult-style composition — all strong visual cues associated with death, horror, and dread that would primarily evoke fear in a typical viewer.",fear
sadness_01478,"The woman's furrowed brow, downturned mouth, and visibly teary, strained expression strongly convey grief and distress, evoking sadness in a typical viewer.",sadness
excitement_07712,"The image shows a dynamic nighttime acrobatic/synchronized swimming performance with performers in vibrant red costumes lifting each other in an impressive formation, creating a visually stunning and energetic spectacle that would thrill a typical viewer.",excitement
anger_04220,"The image shows a person slumped over a table with their face buried in their hands in a dimly lit, dark environment, a posture strongly associated with despair, grief, or emotional distress, which evokes sadness in a typical viewer.",sadness
anger_06131,"The image shows a man in a suit being interviewed at what appears to be a movie premiere (Fury, October), speaking into a microphone in a lively, social setting — evoking a sense of excitement typical of a red-carpet or premiere event.",excitement
awe_09078,"The image shows a smiling newlywed couple in wedding attire posed against a warm sunset over water, evoking a sense of peaceful happiness and romantic fulfillment rather than high arousal excitement.",contentment
anger_04122,"The image shows protesters holding signs against Islamophobia and a Muslim ban, evoking a sense of injustice and moral outrage that most viewers would associate with anger.",anger
sadness_05857,"The golden retriever's droopy eyes and downcast expression, combined with being confined behind a rusty chain-link fence, evokes a strong sense of sadness and longing in a typical viewer.",sadness
anger_08648,"The image shows a street protest with a flamboyantly dressed woman in a masquerade mask and purple feather boa holding a bold yellow sign criticizing capitalism, alongside someone in a Guy Fawkes mask — the theatrical, energetic, and provocative nature of the scene is most likely to evoke excitement in a typical viewer.",excitement
awe_07431,"The image depicts a vast, sunlit snow-covered mountain slope with a dramatic sky and sweeping alpine scenery, which typically evokes a sense of wonder and grandeur in viewers.",awe
disgust_04759,"The close-up of peeling, decayed bark with rough textures, pitting, and decomposing organic matter typically evokes a visceral sense of repulsion and disgust in a typical viewer.",disgust
anger_05950,"The image depicts a solemn protest with signs reading ""Stand Up for Gaza – Stop the Killing"" and ""Free Palestine,"" evoking a strong sense of grief and sorrow over conflict and loss of life, which would most strongly elicit sadness in a typical viewer.",sadness
awe_00344,"The image depicts a sweeping mountain landscape with towering peaks, deep forested valleys, rocky cliffs, and a clear blue sky — a classic sublime natural scene that typically evokes a sense of wonder and grandeur in viewers.",awe
contentment_06795,"A cat curled up and sleeping peacefully on a chair evokes a warm, calm, satisfied feeling in a typical viewer — the scene is cozy and serene, most closely matching contentment.",contentment
excitement_04504,"The image shows two people smiling and posing playfully with bicycles outdoors — one flashing a peace sign and the other making a fun gesture — which conveys a lighthearted, humorous mood that a typical viewer would find amusing.",amusement
disgust_03869,"The image shows a large pile of garbage and rubble dumped along a roadside wall, which typically evokes a strong sense of revulsion and disgust in viewers due to the unpleasant, unsanitary appearance of the waste-strewn environment.",disgust
anger_01921,"The image depicts a Black Lives Matter protest with demonstrators holding signs, evoking a strong sense of righteous indignation and collective outrage over racial injustice, making anger the dominant emotion a typical viewer would feel.",anger
contentment_09561,"The image of an older man warmly holding a small child on his lap while looking at a map together evokes a peaceful, heartwarming sense of calm and happiness, most closely aligned with contentment.",contentment
amusement_10393,"The image displays a vibrant, large-scale fireworks display bursting against a dark night sky with golden and red sparks radiating outward, which is a universally celebratory and visually spectacular sight that most typically evokes a strong sense of excitement in viewers.",excitement
excitement_00812,"The image captures a white-water rafting boat dramatically flipping over in powerful rapids, with people being thrown into the churning water — a dangerous, high-intensity moment that would primarily evoke fear in a typical viewer.",fear
disgust_03372,"The image shows a hand covered in dark, slimy mud or algae, which most viewers would find visually repulsive and off-putting, strongly evoking disgust.",disgust
sadness_09281,The black-and-white image of a somber stone funerary statue of a young woman holding roses — likely a grave monument — evokes a strong sense of grief and mourning in a typical viewer.,sadness
excitement_14661,"The image shows four men in matching uniforms performing together on stage, mouths open in song with engaged, joyful expressions — a lively, energetic performance that most viewers would find uplifting and stimulating.",excitement
fear_04007,"The image depicts a digitally manipulated face with cracked, crumbling skin rendered in an eerie purple tone against a black background, creating an unsettling, monstrous appearance that is likely to trigger a strong sense of unease and dread in a typical viewer.",fear
contentment_03969,"The lone red poppy in a nearly empty glass vase on a grey, rain-streaked windowsill, rendered in stark black-and-white except for the solitary flower, evokes a quiet, melancholic mood — the image feels lonely and bittersweet, pointing most strongly to sadness.",sadness
anger_06396,"The image combines a dramatic blazing fire in the foreground with a large glowing sun setting through a hazy, smoke-filled sky — the scale, color intensity, and raw elemental power of the scene are visually overwhelming and sublime, evoking a sense of awe in a typical viewer.",awe
amusement_13971,"The image shows a shiny red University of Cincinnati Bearcats Christmas ornament hanging on a decorated tree with colorful lights, evoking warm holiday cheer and festive satisfaction.",contentment
disgust_10606,"The image shows a large pile of scattered garbage and waste dumped on a public street in an urban area, which typically evokes a strong feeling of disgust in viewers due to the unsanitary and polluted environment.",disgust
awe_13652,"The image depicts a serene winter sunset with silhouetted trees, a snow-covered landscape, and a warm glowing sky — a scene of quiet, expansive natural beauty that most viewers would find breathtaking and humbling.",awe
disgust_02699,"The image shows a heavily corroded, rust-covered surface with flaking paint and decay, which typically evokes a visceral sense of revulsion or unpleasantness in viewers due to its deteriorated, grimy appearance.",disgust
anger_03463,"The image depicts an intense boxing match with one fighter landing a punch on the other, which typically evokes a strong sense of excitement and adrenaline in viewers watching the competitive, high-energy action.",excitement
amusement_17050,"The image features two whimsical frog figurines posed playfully around a cheerful coffee cup reading ""Today is gonna be a good day,"" creating a lighthearted, humorous, and charming scene that most viewers would find funny and endearing.",amusement
contentment_05100,"The image shows a couple in a warm embrace, smiling softly at each other in a cozy setting, which evokes a calm, warm sense of happiness and peace rather than high-arousal excitement — most closely matching contentment.",contentment
fear_06568,"The image depicts a grotesque, highly detailed creature with decaying flesh, exposed teeth, dangling entrails, and mutant appendages — visual elements that are classically associated with revulsion and repulsion, making disgust the overwhelmingly dominant emotion a typical viewer would experience.",disgust
disgust_08796,"The image shows dark, damp soil mixed with debris and fragments in a terracotta pot, presenting a murky and unappealing texture that most viewers would find off-putting or unpleasant.",disgust
disgust_10232,"A close-up macro shot of a large, dark, hairy spider crawling on rocky ground is a classic fear-inducing stimulus; arachnophobia is one of the most common human fears, and the spider's prominent fangs and looming presence would trigger a strong fear response in a typical viewer.",fear
anger_00901,"The image features a person holding a blade-like object (an axe) directly in front of their face in a threatening, confrontational manner, combined with dark dramatic makeup and a stark black background, which would most strongly evoke fear in a typical viewer.",fear
anger_03189,"The image shows active flames burning along the roadside with smoke filling the sky, a lone figure near the fire, and an eerie dusk atmosphere — the combination of uncontrolled fire encroaching on a road and the presence of a person in a dangerous situation most strongly evokes fear in a typical viewer.",fear
sadness_08028,"The image shows a woman kneeling solemnly at a gravestone in a cemetery, with a red flower placed on the grave and what appears to be a letter or note in her hand, conveying grief and mourning that typically evokes sadness in a viewer.",sadness
contentment_07213,"The image shows a smiling U.S. Fish & Wildlife Service worker holding a small wild bird perched on her finger in a lush green meadow under a blue sky — a warm, peaceful, and wholesome scene that evokes a sense of calm happiness and satisfaction.",contentment
fear_11701,"The image shows a decaying, cracked mask or sculpture with closed eyes and a slightly open mouth, rendered in dark sepia tones — the deterioration, hollow eye sockets, and eerie stillness of the face evoke a strong sense of unease and dread in a typical viewer.",fear
excitement_12426,"The image shows two people in colorful, festive costumes at what appears to be a Pride parade, smiling broadly and posing joyfully together, which evokes a lively, celebratory energy most strongly characterized as excitement.",excitement
disgust_06097,"The image shows a heavily soiled, stained, and filthy toilet, which is a classic elicitor of the disgust response in virtually all typical viewers due to its association with waste, uncleanliness, and contamination.",disgust
disgust_09852,"The close-up image of an unusual, velvety red marine creature (likely a nudibranch) nestled in dark coral evokes a sense of wonder and marvel at the strange beauty of deep-sea life.",awe
excitement_00902,"The image shows a surfer riding a powerful, churning wave in what appears to be rough ocean conditions, evoking a sense of thrill and high-energy action that most viewers would find exciting.",excitement
anger_05183,"The image shows a woman at a protest holding a sign that reads ""Vergüenza, Vergüenza, Qué Vergüenza de Congreso"" (""Shame, Shame, What a Shame of a Congress""), with a stern, distressed expression — the protest context and confrontational message most strongly evoke anger in a typical viewer.",anger
sadness_00064,"The image shows a Civil War Confederate soldier's gravestone in a cemetery alongside a Confederate battle flag, evoking a sense of grief, loss, and mourning associated with death and a historical war.",sadness
sadness_11627,"The image shows a crying newborn baby being held by an adult, and the sight of a distressed, tearful infant typically evokes sadness in a typical viewer.",sadness
anger_04684,"The image shows two boxers in an intense competitive match, with one delivering a punch — the dynamic action, athletic intensity, and high-stakes competition most strongly evoke excitement in a typical viewer.",excitement
amusement_10598,"The image shows a warm, festive Christmas ornament on a glowing tree with a cheerful holiday greeting, evoking a calm, warm sense of holiday happiness and comfort most aligned with contentment.",contentment
fear_06221,"The image depicts a dark, threatening scene with blood-stained clothing, a menacing figure looming over a prone body, evoking a strong sense of danger and dread.",fear
excitement_01831,"The image shows a group of people laughing, cheering, and celebrating together at what appears to be a social event, with big smiles and energetic poses that convey high-arousal positive energy, most strongly evoking excitement in a typical viewer.",excitement
anger_10356,"The man's deeply furrowed brow, squinting eyes, and tense facial expression project a strong, intimidating scowl that most viewers would associate with anger.",anger
excitement_16929,"The woman is laughing openly with a wide smile and an animated hand gesture, conveying a light-hearted, humorous moment that typically evokes amusement in a viewer.",amusement
disgust_02908,"The image shows a large discarded portrait photo of a person's face thrown into an overflowing skip/dumpster, surrounded by crumpled waste paper — the act of discarding a human likeness as trash evokes a sense of sadness or melancholy in a typical viewer.",sadness
anger_04928,"The image depicts an active wildfire spreading through a forest with visible flames and thick smoke, which evokes a strong sense of threat and danger in a typical viewer.",fear
sadness_01042,"The image depicts a serene cemetery with an ornate marble monument topped by a religious figure holding a cross, evoking a quiet, reflective atmosphere associated with mourning and loss, making sadness the dominant emotion.",sadness
anger_01173,"The image depicts a protest scene where a masked individual holds a sign reading ""Injustice anywhere is a threat to justice everywhere,"" evoking a strong sense of moral outrage and indignation at systemic injustice, which most typically registers as anger in a viewer.",anger
sadness_06373,"The image shows a person with tears streaming down their cheek and reddened eyes, which are universally recognized cues of crying and emotional distress, evoking a strong sense of sadness in a typical viewer.",sadness
fear_10994,"The image shows a group of people dressed as zombies with fake blood and torn, gore-covered costumes, which is a theatrical/Halloween-style scene that most viewers would find humorously over-the-top and entertaining rather than genuinely frightening, evoking amusement.",amusement
anger_01090,"The image depicts a man shouting intensely into a megaphone at what appears to be a nighttime protest, surrounded by a crowd — the passionate, confrontational energy and raised voices convey a strong sense of anger as the dominant emotion a typical viewer would feel.",anger
fear_04033,"The image shows a dead or dying moth lying on its back on a dirty windowsill, which typically evokes a visceral sense of disgust in viewers due to the close-up view of an insect in a decayed or disturbing state.",disgust
sadness_03285,"The black-and-white image of a disabled person slumped over in a worn wheelchair on a bare street, with a small begging bowl nearby, conveys profound suffering, poverty, and helplessness, evoking a strong sense of sadness in a typical viewer.",sadness
anger_00637,"The image shows two seabirds facing each other with open beaks in what looks like a comical squabble or argument, which most viewers would find humorous and entertaining.",amusement
amusement_05407,"The image depicts a lively outdoor festival with colorful bunting, a lit stage, and a crowd of people socializing in warm, sunny weather, which evokes a strong sense of energetic, upbeat excitement in a typical viewer.",excitement
awe_09341,"The image shows a stunning sunrise framed perfectly through Mesa Arch in Canyonlands, with dramatic sun rays, glowing red rock, and a vast canyon landscape — a scene of overwhelming natural grandeur that most viewers would find breathtaking and inspiring.",awe
fear_10690,"The image shows a quirky, surreal scene of a speaker/stereo unit dressed up in human clothing (orange shirt, scarf, baggy pants, sneakers) posed like a person in front of a house — this absurd, playful, and creative composition is primarily humorous and would evoke amusement in a typical viewer.",amusement
anger_11328,"The image shows a happy dog enthusiastically chewing on a large rawhide bone, with a wide-open mouth and energetic expression — a classic ""happy dog"" scene that most viewers would find funny and charming, evoking amusement.",amusement
excitement_17427,"The image shows two young musicians performing live — a woman singing passionately into a microphone and a man playing acoustic guitar — creating an energetic, upbeat performance atmosphere that typically evokes excitement in viewers.",excitement
anger_01419,"The image shows a lone silhouetted figure walking in front of a massive, raging fire at night, evoking a strong sense of danger, threat, and dread that would primarily trigger fear in a typical viewer.",fear
fear_09423,"The close-up black-and-white shot of a vintage baby doll with blank, glassy eyes, an expressionless plastic face, and slightly open mouth creates an unsettling, uncanny-valley effect that is commonly associated with fear or dread in typical viewers.",fear
amusement_06778,"The image shows a young woman with a broad, genuine smile and relaxed posture, which conveys a warm, happy, and pleasant feeling — most consistent with contentment in a typical viewer.",contentment
anger_10804,"The image depicts a protest crowd holding signs demanding the return of children to their families, invoking themes of injustice, family separation, and civic outrage — a scene most typical viewers would find emotionally charged with anger.",anger
anger_11180,"The image shows a hippopotamus with its mouth wide open in an enclosure, with a human hand nearby — the sight of the massive, gaping jaws of a large, dangerous animal up close is likely to trigger a strong fear response in a typical viewer.",fear
fear_05383,"The image shows a person in a gory zombie/horror costume holding a bloody chainsaw posing with a smiling woman, likely at a Halloween event. While the woman's smile and the playful costume context add amusement, the dominant visual impact for a typical viewer is the graphic fake blood, menacing expression, and large chainsaw — elements primarily designed to evoke fear.",fear
fear_00529,"The image depicts a snarling gargoyle statue with bared teeth, horns, and bat-like wings perched atop a stone pillar — classic iconography of gothic menace that is most likely to evoke fear in a typical viewer.",fear
amusement_03526,"The image shows three women smiling and laughing together at what appears to be a celebratory event (TIME 100 gala), radiating warmth and joy that evokes a relaxed, pleasant feeling of happiness and ease in a typical viewer.",contentment
disgust_06805,"The image shows an overflowing trash can filled with discarded items on a snowy night, which typically evokes a sense of disgust due to the sight of waste and litter in an otherwise quiet, wintry environment.",disgust
disgust_06103,"The image shows an overflowing litter bin surrounded by a large pile of food waste and garbage on a public street, which typically provokes a strong sense of revulsion and disgust in viewers due to the unsanitary and visually offensive nature of the scene.",disgust
anger_07349,"The image depicts a tense political confrontation between opposing groups — one displaying pro-Trump flags and another holding an anti-Trump sign — with body language suggesting conflict, which would predominantly evoke anger in a typical viewer.",anger
awe_01058,"The image depicts a couple in stunning, elaborate traditional Indonesian wedding attire surrounded by lush floral decorations and ornate golden archwork, evoking a sense of grandeur and wonder that most viewers would find awe-inspiring.",awe
amusement_08925,"The image shows a baby with a broad, open-mouthed smile and bright, squinting eyes, radiating pure joy — a typical viewer would immediately feel a warm, cheerful sense of amusement in response to the child's infectious laughter.",amusement
sadness_10488,"The black-and-white image of a person who appears to be homeless, sitting alone on the steps of a grand SunTrust Bank building surrounded by all their belongings, evokes a strong sense of sadness due to the stark contrast between wealth and poverty, isolation, and human hardship.",sadness
disgust_07786,"The image depicts an overflowing trash bin surrounded by scattered litter — pizza boxes, plastic bags, cigarette butts, and other refuse strewn across a cobblestone sidewalk, which typically evokes a strong sense of revulsion and disgust in a typical viewer.",disgust
excitement_09616,"The image shows a woman in a vibrant pink wig, purple sequined outfit, and playful accessories at what appears to be a Pride parade, grinning and gesturing — the colorful, over-the-top costume and her joyful expression are inherently funny and lighthearted, evoking amusement in a typical viewer.",amusement
sadness_09277,"The image shows heavily shattered glass doors and debris scattered across the floor of what appears to be a vandalized or broken-into building, evoking a sense of threat, violation, and unease that most strongly maps to fear.",fear
excitement_07551,"The image shows a cheerful family playfully holding snowballs in an autumn outdoor setting, with wide smiles and laughing expressions, evoking a lighthearted, humorous, and fun scene that would make a typical viewer laugh or smile.",amusement
amusement_00970,"The image shows a neatly arranged platter of colorful and appetizing appetizers — cherry tomatoes, white cheese cubes, and green olives on toothpicks — which evokes a calm, pleasant sense of satisfaction and well-being typically associated with contentment.",contentment
fear_08024,"The image features a bold, intricately detailed foo dog (guardian lion) tattoo in vivid red and purple on an arm — a striking, visually impressive piece of body art that typically elicits a sense of wonder and admiration in viewers due to its elaborate design and skilled execution.",awe
amusement_17456,"The image shows a young child joyfully running in front of a large, cartoonish dinosaur statue dressed in a cowboy hat and bandana, creating a playful and whimsical scene that most viewers would find funny and entertaining.",amusement
disgust_08508,"The image shows what appears to be marine creatures (likely horseshoe crabs or similar organisms) in a rocky tidal pool environment — an unusual and somewhat alien-looking scene that would most likely evoke a sense of awe or mild disgust; the strange, creepy appearance of the creatures blending into the rocky substrate is most likely to trigger disgust in a typical viewer.",disgust
anger_06205,"The image shows a large protest march under the ""Million Women Rise"" banner calling to end male violence against women, which typically evokes a sense of righteous anger in viewers due to the serious subject matter of gender-based violence being protested.",anger
disgust_06319,"The image shows a slow cooker filled with a chunky meat and tomato sauce (likely chili or bolognese), which appears unappetizing due to its messy, murky, and somewhat unrefined appearance — the splatters on the pot's rim and the muddy, indistinct texture of the food are likely to trigger a mild disgust response in a typical viewer.",disgust
sadness_00630,"The image depicts an ornate cemetery monument with a veiled figure atop a tall column, surrounded by dark trees — a solemn, funerary scene that most typically evokes sadness in a viewer.",sadness
fear_11497,"The image depicts a person lying on the ground with graphic wounds, blood, and gore (clearly a horror film prop/makeup from Darkstorm Films), which would primarily evoke disgust in a typical viewer due to the disturbing and viscerally unpleasant visual stimuli.",disgust
disgust_07156,The extreme close-up macro shot of a spider — an animal widely associated with phobia and creepiness — crawling on a leaf is likely to trigger a strong fear/aversion response in a typical viewer.,fear
fear_06287,"The close-up image of a large, fuzzy moth with a dark, hairy body resting in grass is likely to trigger a mild sense of revulsion or unease in a typical viewer due to its alien-like appearance, dark thorax, and dense hair-like scales — classic triggers for the disgust response.",disgust
disgust_03521,"The image shows a polluted urban lake with trash (plastic bottles, debris) floating alongside a bird nesting amid the litter, evoking a strong negative reaction to environmental degradation and waste contaminating a natural habitat.",disgust
anger_00082,"The close-up of a snarling lioness with bared teeth and an aggressive facial expression directed straight at the camera creates an immediate sense of threat and danger, making fear the dominant emotion a typical viewer would feel.",fear
disgust_00104,"The image shows heavily deteriorated, cracked, and peeling paint on a rusted metal surface, evoking a strong sense of decay and repulsion that a typical viewer would associate with disgust.",disgust
excitement_04370,"Two women in traditional Vietnamese áo dài gracefully posing with arms outstretched in a lush green rice field evokes a peaceful, harmonious sense of well-being and satisfaction rather than high-arousal excitement or awe.",contentment
contentment_10937,"The image shows a laughing baby being playfully tickled by an older child, a joyful and lighthearted interaction that most viewers would find funny and delightful, evoking amusement.",amusement
awe_03136,"A beautiful white/palomino horse galloping freely in an open paddock under a bright sky evokes a strong sense of excitement due to the dynamic motion, power, and energy of the animal in full stride.",excitement
contentment_05125,"The vivid scarlet plumage of the Scarlet Ibis, strikingly contrasted against the dark mud and green grass, creates a visually stunning and wondrous scene that inspires a sense of awe in the viewer.",awe
sadness_03777,"The image shows a weathered, seemingly closed or abandoned café with a torn, moss-covered awning, peeling paint, and empty display windows, evoking a sense of loss and melancholy about a once-active establishment now in decline.",sadness
sadness_11216,"The image shows a gravestone in a cemetery, marking the burial site of a Civil War lieutenant who died at the Battle of Bull Run, evoking a strong sense of grief, loss, and mourning in a typical viewer.",sadness
excitement_06807,"The image shows two young women laughing and playing together outdoors — one giving the other a piggyback ride — radiating pure joy and lighthearted fun, which most strongly evokes a sense of happiness and amusement in a typical viewer.",contentment
fear_08203,"The image depicts a person in a creepy, horror-themed clown costume with a skull-patterned outfit, blood-splatter design, spooky ghost decorations, and a dark haunted-house setting, which is primarily designed to evoke fear in a typical viewer.",fear
anger_02373,"The image shows a wooden structure engulfed in massive, roaring flames with billowing black smoke, evoking a strong sense of danger and threat that would most powerfully trigger fear in a typical viewer.",fear
contentment_04779,"The image features a neatly styled bowl of warm oatmeal surrounded by fresh fruit, milk, and a branded oat package on a clean wooden board — a wholesome, calm, and inviting breakfast scene that evokes a sense of comfort and peaceful satisfaction.",contentment
anger_09289,"The image shows a protest/demonstration crowd holding signs reading ""What's a Life Worth?"" and ""Want to save money on your healthcare?"", suggesting a politically charged rally likely related to healthcare rights, which typically evokes a sense of anger or frustration in a typical viewer.",anger
anger_03768,"The image depicts a large crowd marching and chanting with raised fists and banners, strongly evoking the intensity and tension of a protest or demonstration, which typically triggers a sense of anger in a typical viewer.",anger
amusement_00530,"The image depicts a warmly lit, detailed miniature Christmas village scene with snow, festive trees, glowing houses, and a horse-and-rider figurine, evoking a cozy, peaceful, and nostalgic holiday feeling that most closely aligns with contentment.",contentment
disgust_05051,"The image shows a woodland area littered with scattered debris and rubbish dumped illegally, which typically evokes a strong sense of disgust in viewers due to the environmental pollution and disrespect for nature.",disgust
disgust_01461,"The image shows a large raw cut of meat sitting in a pan, presented in stark black-and-white, emphasizing the raw, unprocessed texture of fat and flesh, which typically evokes a visceral sense of disgust in a typical viewer.",disgust
awe_04449,"The image depicts a stunning tropical sunset over calm water with silhouetted trees and mountains, creating a breathtaking, majestic scene that typically evokes a sense of overwhelming wonder and grandeur in viewers.",awe
amusement_00366,"The image shows Cinderella's Castle at Walt Disney World dramatically lit up with vibrant colors and spectacular fireworks bursting overhead against a night sky, creating an overwhelming sense of wonder and grandeur that would most strongly evoke awe in a typical viewer.",awe
sadness_05956,"The image shows a partially collapsed or demolished building with rubble, broken roof panels, and debris surrounded by a temporary fence, evoking a strong sense of loss and urban decay that would make a typical viewer feel sad.",sadness
excitement_11859,"The image shows two elaborately costumed participants at the Brighton Pride March, dressed in vivid red feathered outfits and striking poses, which evokes a lively, energetic, and celebratory feeling most closely aligned with excitement.",excitement
amusement_04896,"The image shows a neatly wrapped gift in kraft paper with rustic twine and a charming handmade wooden star ornament, evoking a warm, cozy, and satisfying feeling of holiday charm and simple pleasures — most consistent with contentment.",contentment
awe_00995,"The image shows a smiling newlywed couple — a groom in a Scottish kilt holding flowers and a beaming bride in a white dress — outside a stone church, evoking a warm, peaceful sense of happiness and satisfaction that best maps to contentment.",contentment
amusement_05817,"The image shows a warmly lit Christmas tree adorned with colorful ornaments, evoking a cozy, peaceful holiday atmosphere that typically produces a sense of calm happiness and satisfaction in viewers.",contentment
sadness_10340,"A solitary black crow standing among weathered, flat grave markers in an overgrown cemetery evokes a somber, melancholic atmosphere — the combination of death symbolism (crow, gravestones) and the quiet, neglected setting most strongly produces sadness in a typical viewer.",sadness
disgust_01643,"The image depicts dark, oil-like sludge mixed with scattered debris and gravel, evoking a sense of pollution and filth that most viewers would find repulsive and revolting.",disgust
anger_07831,"The image shows a cat mid-yawn with its mouth wide open and tongue visible, which most viewers would find cute and funny — a classic internet-cat comedic moment — making amusement the dominant emotional response.",amusement
disgust_05486,"A close-up macro shot of a large, hairy spider directly facing the camera is a classic fear-inducing stimulus, as arachnophobia is one of the most common fears and the spider's prominent legs, fangs, and direct orientation toward the viewer trigger a strong fear response in a typical viewer.",fear
sadness_04996,"The image shows a group of men sitting and resting on a city sidewalk, appearing calm and at ease, which evokes a quiet, peaceful sense of everyday life and relaxed togetherness, most closely aligning with contentment.",contentment
awe_01719,"The image depicts a traditional Japanese Shinto wedding ceremony with beautifully dressed participants, a striking red ceremonial parasol, and an ornate temple in the background — a culturally rich and visually impressive scene that typically evokes a sense of wonder and reverence in viewers.",awe
contentment_01350,"The image shows a beautifully presented cappuccino with latte art in the shape of a heart, accompanied by small cookies on a saucer atop a warm wooden table — a cozy, inviting scene that evokes a calm sense of warmth, comfort, and satisfaction, most closely aligned with contentment.",contentment
anger_03154,"The close-up of a powerful tiger with its mouth open and tongue visible, combined with its intense gaze and striking markings, evokes a sense of awe in a typical viewer — admiration for the animal's majestic beauty and raw power.",awe
awe_13742,"The image features a vivid, full rainbow arching over a lush urban park with palm trees and buildings under a blue sky — a breathtaking natural spectacle that typically inspires a sense of wonder and awe in viewers.",awe
amusement_19408,"The image shows an adorable baby lying on a colorful play mat, wearing a humorous bib that reads ""Feed Me More Footy – West Coast Eagles,"" which is a playful, lighthearted combination of infant cuteness and sports-fan humor that most viewers would find funny and charming.",amusement
awe_05259,"The sweeping vista of Bryce Canyon's dramatic hoodoo formations, vivid red-orange rock towers stretching to the horizon under a vast cloudy sky, evokes an overwhelming sense of wonder and grandeur at nature's scale and beauty.",awe
amusement_12824,"The image features a grand Ferris wheel with colorful lights (red, white, and blue) against a dramatic sky, alongside a classical statue — the combination of monumental scale, vibrant colors, and architectural grandeur typically evokes a sense of wonder and awe in a typical viewer.",awe
contentment_16414,"A small wild cottontail rabbit nestled near the base of a tree in a natural garden setting evokes a warm, peaceful, and pleasant feeling — the kind of quiet, gentle joy one gets from an unexpected encounter with a charming little animal in nature.",contentment
excitement_13918,"The image shows two performers energetically rapping/performing on stage with microphones, dynamic body language (one leaning forward intensely), and a live concert atmosphere, which typically evokes a feeling of excitement in viewers.",excitement
sadness_08722,"The image shows an elderly man sitting alone on a worn, chain-supported bench outside what appears to be a vacant or closed storefront, his posture hunched and gaze cast downward, conveying isolation and melancholy that evokes sadness in a typical viewer.",sadness
disgust_01661,"The image shows a dark, cluttered pile of broken, dusty, and cobweb-covered discarded objects, evoking a strong sense of repulsion and aversion toward filth, decay, and waste.",disgust
excitement_16907,"The man is making an exaggerated, wide-eyed, open-mouthed expression with a thumbs-up gesture, which is playfully over-the-top and comedic, making a typical viewer laugh or feel amused.",amusement
disgust_07003,"The image shows a dense, tangled mass of spider silk wrapped around dead leaves and debris, which is a creepy and unsettling sight that typically triggers a visceral reaction of disgust or revulsion in most viewers due to its association with spiders and decaying organic matter.",disgust
sadness_07349,"The image shows a crumbling, abandoned stone structure with collapsed wooden beams and decaying walls, evoking a sense of loss, decay, and the passage of time — feelings most strongly associated with sadness.",sadness
sadness_11255,"The image depicts weathered, moss-covered stone grave markers in a cemetery setting with an overcast sky, evoking a somber, melancholic atmosphere typically associated with death and loss.",sadness
fear_05044,"The image shows a hand holding open scissors in a dark, shadowy outdoor setting with a dramatic glinting light at the blade tips — the combination of a sharp weapon, low-key lighting, and ominous atmosphere is likely to evoke fear in a typical viewer.",fear
contentment_06181,"The soft-focus bokeh background, delicate purple wildflowers, and warm golden-green tones create a serene, pleasant scene that evokes a calm, satisfied sense of well-being in a typical viewer.",contentment
contentment_05180,"The image shows a charming, creatively crafted ""happy snail"" bento box with colorful, playful food art — a smiling snail made from eggs and vegetables — which is whimsical and lighthearted, most likely eliciting amusement in a typical viewer.",amusement
excitement_01217,"The image shows two young women running freely through a blooming wildflower field at golden hour, with their hair flowing — a scene radiating carefree joy, freedom, and peaceful beauty that most strongly evokes a sense of serene happiness and contentment.",contentment
excitement_17808,"The image shows a group of friends laughing, making silly faces, and embracing at what appears to be a party or nightclub, which typically evokes a sense of fun and playful joy in viewers — most closely aligned with amusement.",amusement
amusement_18598,"The image shows a smiling young woman sitting in a macramé hammock chair surrounded by festive party decorations, balloons, plants, and snacks, radiating a warm, cheerful, and relaxed celebratory atmosphere that evokes a sense of peaceful happiness and satisfaction.",contentment
amusement_13577,"The image shows a warmly decorated Christmas tree with red ornaments, gold and red tinsel garlands, and festive bows in a cozy home setting, which evokes a calm, warm feeling of holiday comfort and satisfaction.",contentment
disgust_02641,"The image shows a corrugated pipe discharging dark, murky, foul-looking liquid into what appears to be a sewer or drainage pit with grimy, contaminated walls — the dirty, polluted appearance of the water and environment typically provokes a strong sense of disgust in viewers.",disgust
excitement_05682,"The woman is cheering with her arm raised, mouth wide open in a joyful shout, and wearing what appears to be a sports jersey — all strong visual cues of high-energy, enthusiastic celebration that most viewers would find contagiously energizing.",excitement
disgust_06276,"The image shows bananas with large, dark, rotting bruises and mold on the skin, which is visually unpleasant and typically evokes a strong sense of disgust in viewers.",disgust
anger_04982,"The image shows a firefighter battling an intense, close-range blaze with large open flames and thick smoke — a dangerous, high-stakes scene that most viewers would find alarming and threatening, evoking a strong sense of fear.",fear
anger_08211,"The image shows a person holding a protest sign invoking religious freedom against a mandate to cover birth control costs, a politically charged and divisive message that is most likely to evoke anger in a typical viewer due to its confrontational, ideological tone.",anger
anger_06873,"The image shows a firefighter facing a massive, raging wildfire at close range, which primarily evokes a sense of danger and dread in a typical viewer.",fear
excitement_15154,"The image shows a man running or jogging across a scenic bridge over calm water with lush green hills under a clear blue sky, evoking a peaceful, pleasant atmosphere that most viewers would find calming and satisfying.",contentment
excitement_05002,"The image shows a crowd of people at what appears to be a lively outdoor event, with several individuals in the foreground smiling broadly and flashing peace signs — conveying an energetic, celebratory atmosphere that most viewers would find infectious and stimulating.",excitement
fear_00662,A close-up macro shot of a spider clinging to a plant stem is a classic trigger of arachnophobia and general creepiness; the dominant emotional response for a typical viewer would be fear.,fear
excitement_11815,"The image shows a lone country musician performing on a warmly lit stage with a red curtain backdrop, evoking a cozy, intimate live-music atmosphere that typically produces a sense of calm enjoyment and satisfaction in viewers.",contentment
contentment_05414,"The image depicts a young woman wrapped in a cozy, colorful blanket poncho, holding a vintage camera while standing peacefully among lush green ferns — evoking a serene, tranquil, and pleasantly warm feeling of quiet enjoyment in nature.",contentment
amusement_00112,"The image features brightly colored Easter eggs on decorative white plates alongside fresh yellow tulips and warm pastel tones, creating a cheerful, peaceful, and pleasant springtime scene that evokes a calm sense of happiness and satisfaction.",contentment
contentment_15150,"The image shows a woman smiling warmly while relaxing at an outdoor café, evoking a calm, pleasant, and satisfied feeling in a typical viewer.",contentment
sadness_11755,"The image shows a large Mastiff dog lying in a yellow doghouse with a droopy, heavy-lidded expression and a resting paw hanging out — the dog's melancholy, tired, and dejected posture and facial expression typically evoke a feeling of sadness or gentle sympathy in a typical viewer.",sadness
fear_08219,"The image depicts a realistic mummy figure emerging from a coffin with decayed, bandaged features and a menacing appearance, which is a classic horror imagery designed to evoke fear in a typical viewer.",fear
fear_11212,"The book cover features a man with blood dripping from his mouth and hands covering his eyes, creating a viscerally threatening and unsettling horror scene that most strongly evokes fear in a typical viewer.",fear
disgust_01941,"The image shows a visibly dirty, unflushed, and stained toilet in a grimy bathroom, which would trigger an immediate and strong visceral reaction of disgust in a typical viewer.",disgust
awe_10067,"The image depicts a breathtaking ocean sunset with vivid orange and pink hues radiating across the sky, calm reflective water, and a dramatic silhouetted island — a scene of grand natural beauty that most viewers would find overwhelmingly awe-inspiring.",awe
anger_08007,"The image depicts police officers arresting or detaining protesters at what appears to be a civil rights demonstration, with individuals on the ground and officers applying zip-tie restraints — a tense, confrontational scene that most viewers would respond to with anger.",anger
anger_09886,"The image captures two boxers in the heat of a competitive bout, with intense physicality and dynamic action mid-punch, which typically evokes a strong sense of excitement in viewers watching the high-energy confrontation.",excitement
contentment_00239,"The serene scene of a duck perched calmly on a rock beside softly rippling, blue water with gentle light reflections creates a peaceful, tranquil atmosphere that evokes a sense of contentment in a typical viewer.",contentment
contentment_11173,"The image shows a smiling woman standing among a herd of cows in a pleasant rural/pastoral setting, which evokes a calm, pleasant feeling of everyday rural life and mild enjoyment.",contentment
fear_09130,"A person peeking through dense corn stalks with a serious, slightly menacing expression creates a playful but unsettling ""hiding in the bushes"" scene that most viewers would find comically amusing — like a humorous portrait or a lighthearted jump-scare setup.",amusement
anger_06308,"A lion with its mouth wide open, baring large fangs directly toward the camera, is a classically threatening display that most viewers would instinctively perceive as dangerous, triggering a fear response.",fear
contentment_02432,"The image shows a laughing baby in a small tub while a smiling adult holds its hands — the joyful, giggling expression of the infant and the warm interaction create a light, playful mood that most strongly evokes amusement in a typical viewer.",amusement
contentment_07617,"The image shows two people walking together through a serene, rolling countryside landscape with expansive farmland stretching into the distance, evoking a peaceful, warm sense of calm and well-being rather than intense excitement or wonder.",contentment
excitement_03263,"The image shows two smiling people in swimwear at a lively pool party on a sunny day, radiating a fun, carefree, social atmosphere that most viewers would find upbeat and energizing.",excitement
contentment_03916,"The image shows a smiling mother tenderly holding her baby near blooming pink flowers in a sunny garden, evoking a warm, peaceful sense of happiness and calm well-being in the viewer.",contentment
sadness_11364,"The black-and-white image of an ornately carved stone cross in a cemetery setting evokes a somber, mournful feeling associated with death and loss, making sadness the dominant emotion a typical viewer would experience.",sadness
disgust_06334,"The image shows a narrow alleyway filled with littered trash — bottles, cups, plastic bags, and food packaging — piled up in a grimy, mossy space, which typically evokes a strong sense of revulsion and disgust in viewers.",disgust
amusement_11322,"The image shows children joyfully participating in what appears to be an Easter egg-and-spoon race on a grassy lawn, with a crowd watching and a photographer capturing the moment — the lively, energetic atmosphere and the children's gleeful expressions most strongly evoke excitement in a typical viewer.",excitement
awe_00514,"The close-up of a fuzzy bumblebee peacefully foraging on vibrant lavender blossoms in soft, warm light creates a serene, harmonious natural scene that evokes a calm sense of satisfaction and well-being in a typical viewer.",contentment
sadness_09942,"The image shows a gravestone in a cemetery, a setting universally associated with death, loss, and mourning, which most strongly evokes sadness in a typical viewer.",sadness
fear_04087,"The dark, abandoned hallway with deteriorating walls, peeling paint, deep shadows, and an eerie sense of isolation creates a strongly unsettling atmosphere that most viewers would associate with dread and fear.",fear
disgust_01150,"The image shows a large pile of used, discarded cigarette butts overflowing an outdoor ashtray dusted with snow — a visually unpleasant, dirty, and unhealthy scene that most viewers would find repulsive and revolting.",disgust
disgust_09059,"The image depicts overflowing green dumpsters surrounded by scattered trash and litter on the street, which typically evokes a strong visceral reaction of disgust in viewers due to the filth, waste, and unsanitary conditions shown.",disgust
amusement_13787,"The image captures a vibrant Chinese lion dance performance with stacked ceremonial drums in the foreground, evoking the energy and spectacle of a festive cultural celebration that would most strongly elicit excitement in a typical viewer.",excitement
excitement_13515,"The image shows a large, vibrant Pride parade with crowds of people marching down a sunny street, carrying rainbow flags and accessories, creating an energetic and celebratory atmosphere that most strongly evokes excitement in a typical viewer.",excitement
amusement_02473,"The image shows an elaborately dressed cosplayer in a stunning Poison Ivy costume with intricate green leaf detailing, vibrant red hair, and a dramatic pose at what appears to be a comic convention — the creativity, visual spectacle, and energy of the costume naturally evoke excitement in a typical viewer.",excitement
excitement_05115,"Five young women are captured mid-air jumping together in an open meadow with arms spread wide and big smiles, radiating pure high-energy joy and celebration that most strongly evokes excitement in a typical viewer.",excitement
amusement_03575,"The image shows a group of friends raising glasses in a celebratory toast, which evokes a strong sense of joy, energy, and social celebration — most closely aligned with excitement.",excitement
awe_02515,"The image depicts a serene flock of sandpipers foraging along a glowing, golden-hued shoreline at sunset, evoking a peaceful, warm, and harmonious feeling that most typifies contentment.",contentment
excitement_18360,"The image shows a cheerful woman posing playfully alongside the Pluto Disney character at a theme park, both striking fun poses, which typically evokes laughter and lighthearted amusement in viewers.",amusement
disgust_09320,"A close-up macro shot of a spider centered in its web triggers an instinctive arachnophobic response in most viewers, making fear the dominant emotion evoked.",fear
awe_08284,"The image of a young child sitting peacefully on a sunny beach beside a handcrafted sandcastle evokes a warm, pleasant sense of calm happiness and simple joy, most closely matching contentment.",contentment
fear_07519,"A close-up of a spider on its web against a dark background is a classic trigger for arachnophobia; the dark, ominous setting and the spider's prominent position make fear the overwhelmingly dominant emotion for a typical viewer.",fear
disgust_00604,"The image shows a man appearing to vomit or drool, which is a viscerally unpleasant sight that would trigger an immediate disgust response in a typical viewer.",disgust
disgust_04568,"A close-up of a large spider centered on its web against a dark background is a classic trigger for arachnophobia and general unease, making fear the dominant emotional response for a typical viewer.",fear
fear_11826,"The dark, looming shadow of a hunched, claw-handed figure cast on a bare wall evokes a classic horror/thriller aesthetic, creating a strong sense of dread and unease in a typical viewer.",fear
excitement_11696,"The image shows a laughing child splashing into a backyard pool after coming down a water slide, a scene bursting with playful energy and joy that most viewers would find thrilling and lively.",excitement
awe_02635,"The image depicts peaceful hilltop cottages bathed in warm sunlight with a misty horizon and open landscape, evoking a calm, pleasant sense of tranquility and satisfaction in a typical viewer.",contentment
fear_03217,"The image shows a vulture confined behind wire cage bars, staring directly at the viewer with an intense, somewhat unsettling gaze; the combination of the bird's imposing appearance, its caged and vulnerable state, and its piercing direct eye contact is most likely to evoke sadness in a typical viewer.",sadness
excitement_08059,"The image shows a mountain biker catching air during a downhill race through a forest course, conveying high speed, athleticism, and dynamic action that typically elicits excitement in viewers.",excitement
awe_02502,"The image depicts a serene outdoor wedding ceremony with a couple at the altar, flower-petal-lined aisle, and gathered loved ones, evoking a warm, peaceful sense of happiness and satisfaction typical of contentment.",contentment
anger_02699,"The image shows a person at what appears to be a protest or rally, mouth wide open as if shouting or chanting passionately, which conveys intense energy and collective fervor that a typical viewer would perceive as excitement.",excitement
fear_14408,"The image shows a heavily tattooed performer passionately screaming into a microphone at what appears to be a loud, energetic punk/metal concert, which typically evokes a sense of high-energy excitement in a typical viewer.",excitement
amusement_08748,"The image shows families enjoying a colorful, lively carousel with unique animal figures (tiger, bear) in a festive, warmly lit setting — a scene of joyful, energetic fun that most viewers would find exciting and lively.",excitement
sadness_01939,"The image depicts an old, partially ruined Gothic church with a Celtic cross gravestone in the foreground under a dark, overcast sky — a scene heavy with mortality, decay, and solemnity that most typically evokes sadness.",sadness
excitement_11672,"The image shows two people in a tandem skydive, with the front person giving enthusiastic double thumbs-up and a huge grin mid-freefall, conveying an intense, high-energy thrill that most viewers would associate with excitement.",excitement
excitement_02546,"The image shows energetic dancers in vibrant yellow-and-blue costumes performing under colorful club lights before an engaged crowd, creating a high-energy, festive atmosphere that most strongly evokes excitement in a typical viewer.",excitement
disgust_09310,"The image shows a tree base on a sidewalk surrounded by scattered litter, trash, and debris, which typically evokes a strong sense of disgust in viewers due to the unsanitary and neglected urban environment.",disgust
contentment_02563,"The image shows a young woman with a gentle smile holding a bouquet of flowers in soft, warm natural light, creating a peaceful and pleasant atmosphere that most viewers would find quietly satisfying and calm.",contentment
sadness_07532,"The image depicts a serene marble angel statue in a cemetery with weathered gravestones and bare autumn trees, evoking a quiet, mournful atmosphere associated with death, loss, and mourning.",sadness
excitement_07405,"The image depicts a person standing in clear, turquoise tropical water with arms raised joyfully under a bright blue sky, conveying a strong sense of freedom, relaxation, and peaceful happiness typical of a carefree beach moment.",contentment
fear_01980,"The image features a quirky, wild-haired troll-like doll wedged in a cracked tree trunk with snow on its head, displaying a goofy wide grin — a whimsical and humorous scene that is most likely to elicit amusement in a typical viewer.",amusement
amusement_16396,"The image of a young girl gleefully rolling out dough in a kitchen radiates pure, warm joy — her wide smile and engaged posture evoke a calm, wholesome sense of happiness and well-being in the viewer, best captured by contentment.",contentment
excitement_09661,"The image shows two young women laughing, hitchhiking, and leaning against a convertible on an open road — a classic carefree road-trip scene full of energy and spontaneity that strongly evokes excitement in a typical viewer.",excitement
sadness_05530,"The man's furrowed brow, intense downward gaze, and tense hand-to-temple posture convey a brooding, stressed expression that most strongly evokes sadness (or distress) in a typical viewer.",sadness
sadness_11065,"The image shows a young man gazing thoughtfully over a city at dusk, with warm glowing lights spread across the hillside — a tranquil, reflective scene that evokes a sense of wonder and grandeur typical of awe.",awe
amusement_00232,"The image shows a tender moment of a mother helping her smiling baby take first steps outdoors, evoking a warm, peaceful sense of joy and satisfaction that best aligns with contentment.",contentment
contentment_13405,"The image shows a group of well-dressed young people posing together on the steps of an impressive building, smiling and appearing celebratory — likely at a formal event such as a graduation or wedding — which evokes a warm, peaceful sense of happiness and satisfaction.",contentment
fear_11271,"The image shows a person wearing highly realistic gore/zombie makeup with exposed teeth, simulated torn flesh, and blood, which is designed to be viscerally unsettling and provokes a strong reaction of disgust in a typical viewer.",disgust
fear_02385,"The image depicts a woman with a heavily bloodied bandage wrapped around her face and visible wounds, which typically evokes a strong visceral reaction of fear in viewers due to the graphic suggestion of injury and danger.",fear
fear_01590,"The image depicts a Red Skull action figure head — a grotesque, skull-like red face with a menacing scowl wearing a military cap — which is designed to look threatening and monstrous, most likely evoking fear in a typical viewer.",fear
disgust_04441,"The image shows a pile of filthy urban litter — cigarette butts, soggy paper scraps, and unidentifiable wet debris — accumulated around a dirty sidewalk drain, which most viewers would find repulsive and revolting.",disgust
fear_05600,"The image shows a person dressed as a zombie Elvis Presley, with gore makeup including fake blood on the face and hands — a humorous Halloween-style costume that blends a recognizable pop-culture icon with horror theatrics, which most typical viewers would find funny and entertaining rather than genuinely frightening.",amusement
excitement_01825,"The image shows a young woman beaming with a wide, joyful smile while proudly holding up a basket of freshly picked strawberries in a sunny farm field, evoking a warm, peaceful sense of satisfaction and happiness in the viewer.",contentment
awe_00671,The image depicts a serene beach sunset with warm golden light reflecting on the ocean waves — a quintessentially majestic natural scene that typically evokes a sense of wonder and awe in viewers.,awe
awe_11413,The image depicts a serene sunrise over a misty pond with frost-covered vegetation and warm golden light reflecting on the water — a breathtaking natural scene that would overwhelmingly evoke a sense of awe in a typical viewer.,awe
contentment_00683,"The image shows delicate bleeding heart flowers (Lamprocapnos spectabilis) in soft pink hues hanging gracefully from a arching stem against a lush green background — a serene, harmonious natural scene that evokes a calm sense of peace and quiet satisfaction rather than excitement or awe.",contentment
disgust_00896,"The image shows a large, dark cockroach-like insect (likely a shield cockroach or similar species) on reddish sandy ground, which typically triggers a strong visceral reaction of disgust in most viewers due to its association with unpleasant creepy-crawlies.",disgust
excitement_17555,"The image shows a group of four friends holding hands and laughing together in a sunny park, radiating warmth, togetherness, and peaceful joy — which most strongly evokes contentment in a typical viewer.",contentment
fear_07687,"The image shows a white plastic skull model wearing Ray-Ban sunglasses against a red background — a quirky, humorous juxtaposition that most viewers would find funny and lighthearted rather than genuinely frightening or disgusting.",amusement
awe_14610,"The image features a silhouetted figure (likely a mermaid statue) seated on a rock gazing at a breathtaking sunset over the ocean, with vivid purples, oranges, and reds filling the sky — a visually stunning scene that overwhelmingly inspires a sense of wonder and grandeur.",awe
amusement_16261,"The image shows a quirky, colorful store window display featuring a mannequin girl in a tutu, a stuffed dog wearing a green Frankenstein hat with its tongue out, and a heavily tattooed figure in the background — the absurd, playful, and whimsical combination of elements is likely to make a typical viewer laugh or smile.",amusement
contentment_16207,"The image shows a warm, tender moment between a mother and child relaxing together on a couch in a cozy home setting, evoking a sense of peace, warmth, and domestic harmony that most viewers would associate with contentment.",contentment
excitement_11186,"The image shows a lively performer on stage wearing a bright yellow hat and white outfit, singing passionately into a microphone — the energetic performance atmosphere and vibrant colors evoke excitement in a typical viewer.",excitement
contentment_09202,"The warm, tender scene of a smiling adult guiding a young child to gently pat a horse on a sunny farm day radiates a calm, peaceful happiness that most strongly evokes contentment in a typical viewer.",contentment
awe_11949,"The image showcases ancient stone stupas lining a path with towering, snow-capped Himalayan peaks dramatically rising in the background under a vivid blue sky, creating an overwhelming sense of grandeur and wonder that most viewers would find awe-inspiring.",awe
amusement_08998,"The image shows multiple people holding sparkling sparklers at night, evoking a festive, celebratory atmosphere that typically triggers a strong sense of excitement in viewers.",excitement
disgust_10623,"The image shows a nearly empty fast-food box with just a few greasy, leftover scraps of food and sauce stains, which typically evokes a feeling of disgust in a typical viewer.",disgust
disgust_02313,"A large, boldly patterned spider (likely an Argiope species) sitting prominently in its web is a classic fear-evoking stimulus; arachnophobia is one of the most common human fears, and the close-up view of the spider's long legs and distinctive markings would trigger a strong fear response in a typical viewer.",fear
fear_11296,"The image shows a crowded display of quirky animal and character costume masks (pig, cat, rabbit, deer, horse, Spider-Man, Hulk, etc.) packed together in a novelty/costume shop, which most viewers would find whimsical and funny rather than threatening or disturbing.",amusement
excitement_19051,"The image shows a young toddler with a huge, beaming smile while seated on what appears to be an open-top bus, radiating pure joy and delight that would make a typical viewer feel amused and charmed by the child's infectious happiness.",amusement
excitement_18628,"The image shows a woman in a bright neon-green wig, rainbow umbrella, colorful beaded necklaces, and a ""Peace Love"" shirt, suggesting a festive Pride parade setting — the vivid colors, energetic pose, and open mouth convey a lively, celebratory atmosphere that most viewers would find exciting.",excitement
anger_03995,"The young lion's wide-open mouth, fully extended tongue, and scrunched expression resemble a comically exaggerated roar or yawn, which most viewers would find humorous and entertaining rather than threatening.",amusement
disgust_01413,"The image shows a messy, bubbly spill of a brown liquid (likely coffee or soda) on a wooden surface, which typically evokes a visceral sense of revulsion due to its unappealing, grimy appearance.",disgust
anger_00412,"The image depicts people in a heated confrontation at what appears to be a political rally, with individuals shouting and pointing aggressively at each other, which strongly evokes anger in a typical viewer.",anger
sadness_03803,"The image shows a lone child huddled in a doorway, watching rain fall outside — the solitary posture, cool blue tones, wet surroundings, and sense of isolation strongly evoke sadness in a typical viewer.",sadness
disgust_06609,"The dark, gloomy alleyway with large black dumpsters and a pair of shoes barely visible underneath evokes a strong sense of unease and dread, as the hidden shoes suggest a person concealed in a threatening or dangerous scenario.",fear
anger_08767,"The image shows a firefighter standing near large, actively burning brush piles in a wooded area with smoke rising in the background, creating a tense and dangerous scene that would most strongly evoke fear in a typical viewer.",fear
awe_07610,"The image depicts a breathtaking golden sunset behind a silhouetted island of pine trees perfectly reflected on a calm lake, creating a grand, majestic scene that overwhelmingly evokes a sense of wonder and awe in a typical viewer.",awe
sadness_05018,"The image depicts an old, weathered gravestone in a cemetery, a setting strongly associated with death, loss, and mourning, which would evoke sadness in a typical viewer.",sadness
awe_10642,"The image depicts a serene lakeside sunset with warm golden hues, long tree shadows, a calm reflective water surface, and a distant bridge silhouette — a breathtaking natural scene that most viewers would find deeply peaceful and beautiful, evoking a sense of tranquil wonder.",awe
sadness_10418,"The image shows an old gravestone commemorating multiple members of the Stephens family, including several infants and young children who died within months of birth, evoking a profound sense of grief and sorrow in a typical viewer.",sadness
awe_14516,"The image depicts a serene mountain landscape with a clear blue sky, lush green vegetation, and a gently lit valley, evoking a calm, peaceful, and satisfying feeling in a typical viewer.",contentment
anger_02049,"The image depicts a bloodied bull in a bullfighting arena, visibly wounded with blood streaming down its sides and banderillas embedded in its back — a scene of graphic animal suffering that most typical viewers would find repulsive and morally disturbing.",disgust
anger_02212,"The image shows a tabby cat on a cat tree with its mouth wide open in an exaggerated yawn or hiss, eyes squinted, which gives it a hilariously dramatic expression — most viewers would find this comical and entertaining rather than threatening.",amusement
amusement_06393,"The image shows a young child laughing joyfully and energetically while surrounded by colorful balloons, evoking a strong sense of lively, infectious fun and playful energy in the viewer.",amusement
sadness_04941,"The image shows an adorable baby mid-yawn with eyes squeezed shut, which most viewers would find endearing and humorous, triggering amusement rather than any other emotion.",amusement
sadness_12293,"The image depicts a solemn stone memorial statue showing a cloaked figure sheltering a small child, set in a quiet park — its grave, commemorative nature evokes a dominant feeling of sadness in a typical viewer.",sadness
sadness_02717,"The image depicts a heavily rusted, decayed shipwreck abandoned on a muddy, desolate shoreline, evoking a strong sense of melancholy and loss over time — the dominant emotional response for a typical viewer would be sadness.",sadness
fear_10607,"The image depicts a highly realistic alien/creature mask with dark hollow eyes, an unsettling greenish skin texture, and swirling facial markings — a classic uncanny-valley appearance designed to disturb, which would most strongly evoke fear in a typical viewer.",fear
contentment_16354,"The image shows two pronghorn antelope in a peaceful, open grassland dotted with yellow wildflowers — a serene, harmonious natural scene that typically evokes a calm sense of satisfaction and tranquility in viewers.",contentment
amusement_13388,"The cheerful yellow Woodstock figurine with a gentle smile, sitting contentedly and holding a cookie, set against a soft green background evokes a warm, pleasant sense of calm happiness and nostalgia rather than high-arousal excitement or amusement.",contentment
fear_07520,"The image shows two people in grotesque, cartoonish green monster costumes with exaggerated facial features on a city street at night — a classic Halloween or costume-party scene that is more silly and playful than threatening, making amusement the dominant reaction for a typical viewer.",amusement
awe_07246,"The image features a dramatic spiral staircase wrapping around a towering industrial structure, shot with vivid HDR colors — glowing orange railings against a deep blue-purple sky and warmly lit lamps — creating a visually striking, almost surreal composition that inspires a sense of wonder and grandeur.",awe
sadness_07293,"The image shows a calm, relaxed calico cat resting on a sunlit stone wall beside a rustic old building, evoking a peaceful, warm, and pleasant feeling in a typical viewer.",contentment
awe_00045,"The image features a delicate plumeria flower resting on a weathered wooden dock at golden sunset, with calm water and boats in the background — a serene, peaceful scene that evokes a quiet sense of satisfaction and tranquility most aligned with contentment.",contentment
fear_10989,"The image depicts a severely deteriorated, abandoned building with peeling paint, dirty cracked glass, cobwebs, and decay, which most strongly evokes a sense of sadness — the melancholy of neglect and the passage of time.",sadness
fear_08325,"The weathered, grotesque stone gargoyle with a gaping mouth and hollow eyes on a dark Gothic cathedral wall evokes a strong sense of dread and unease in a typical viewer.",fear
anger_00368,"The image shows a man passionately speaking into a megaphone at what appears to be a protest or rally, with a crowd behind him — the energy, urgency, and collective action on display most strongly evoke excitement in a typical viewer.",excitement
disgust_00960,"A close-up macro shot of a large spider on its web actively consuming prey triggers an instinctive arachnophobic and visceral negative reaction in most typical viewers, with the dominant emotion being fear.",fear
fear_12309,"The cheetah is crouched low in a stalking/hunting posture, staring directly and intensely into the camera with piercing eyes — a classic predatory threat display that would trigger a fear response in a typical viewer.",fear
amusement_03596,"The brightly lit, colorfully decorated carousel with ornate horses and festive lights evokes a sense of joyful, energetic fun that is most consistent with excitement in a typical viewer.",excitement
contentment_16462,"The image shows a woman calmly leaning on a railing overlooking a Formula 1 race circuit with an impressive multi-tiered tower in the background, evoking a relaxed, pleasant sense of leisure and ease rather than intense emotion.",contentment
amusement_06099,"The image shows people dressed in cheerful Christmas costumes (Santa, Mrs. Claus, and elves) posing happily in a festive, decorated setting, which evokes a lively, joyful holiday spirit most aligned with excitement.",excitement
sadness_00260,"The child's wet hair, slightly furrowed brow, and serious, pouting expression directed at the camera evoke a mild sense of displeasure or grumpiness, which most closely maps to anger among the eight categories.",anger
awe_07884,"The image depicts a serene, snow-covered winter forest under a clear blue sky, with soft light and a peaceful, undisturbed path — evoking a sense of calm wonder and quiet beauty most strongly associated with awe.",awe
amusement_02845,"The image features a vibrant carnival/fairground scene with a colorful clown statue, a glowing ""MAGIC"" sign, and festive decorations under a bright blue sky — all hallmarks of a lively, energetic amusement setting that would primarily evoke excitement in a typical viewer.",excitement
contentment_00070,"The image shows a tender moment between a mother and her newborn baby — she is gently cradling the infant's head and leaning in close with her eyes closed, radiating warmth, peace, and nurturing love, which evokes a calm, warm sense of contentment in a typical viewer.",contentment
disgust_10098,"The image shows an overflowing, wire mesh trash can in a park with garbage spilling onto the ground, which typically evokes a strong sense of disgust in viewers due to the unpleasant sight of waste and litter in a natural setting.",disgust
amusement_10960,"The image shows a towering swing carousel ride at full spin against a dramatic blue sky, with riders suspended high in the air — a classic thrill-ride scene that most viewers would find energizing and exhilarating rather than peaceful or frightening.",excitement
fear_03423,"The heavily cracked and deteriorated face of an old doll, with its hollow glassy eyes and decayed features, evokes a strong sense of unease and dread typically associated with fear (the ""uncanny valley"" effect of a damaged, humanoid object).",fear
amusement_06107,"The image shows people riding a high-flying amusement park thrill ride, suspended in the air at a steep angle, which evokes a strong sense of thrill and high-energy stimulation typical of excitement.",excitement
contentment_04864,"The image shows a young woman with a warm, bright smile, stylish jewelry, and vibrant clothing, projecting a friendly and pleasant demeanor that evokes a sense of calm happiness and satisfaction in a typical viewer.",contentment
anger_06678,"The image depicts a desolate, burning cityscape with crumbling buildings engulfed in flames and dark smoke, centered on a lone, defeated-looking statue of a human figure surrounded by fire — evoking a powerful sense of loss, destruction, and hopelessness that most strongly maps to sadness.",sadness
fear_12338,"The image features a quirky owl figurine perched atop a building ledge adorned with a star, set against a vivid blue sky — the charming, slightly whimsical scene of a decorative owl ""guarding"" a star is likely to elicit a light-hearted smile rather than any strong positive or negative emotion, making amusement the dominant response.",amusement
amusement_19211,"The image displays an appealing, neatly arranged spread of Mediterranean appetizers — olives, pickles, cocktail onions, and cured meats in rustic ceramic bowls — which evokes a warm, pleasant sense of satisfaction and ease, typical of a relaxed dining or tapas experience.",contentment
contentment_02334,"The image shows a smiling woman warmly embracing two young children on a couch, radiating a sense of warmth, peace, and familial love that evokes a calm, happy satisfaction in a typical viewer.",contentment
awe_06077,"The image depicts a solemn religious communion ceremony in a church, with robed clergy administering the Eucharist — a sacred, peaceful, and reverent moment that typically evokes a sense of calm spiritual fulfillment in a typical viewer.",contentment
awe_04138,"The image depicts a serene coastal scene at golden hour with Table Mountain dramatically silhouetted against a soft pastel sky, evoking a sense of grandeur and wonder at the majestic natural landscape.",awe
contentment_09470,"Three fluffy, soft yellow ducklings sitting together in lush green grass bathed in warm golden sunlight evokes a calm, warm, pleasant feeling of peace and well-being typical of contentment.",contentment
contentment_11555,"The image depicts a bride in a white wedding gown holding a classic white floral bouquet, evoking a serene, warm, and peaceful feeling associated with a joyful but calm life milestone, most consistent with contentment.",contentment
excitement_05280,"The image shows a confident model strutting down a runway at a 2016 fashion show in an elegant, flowing ensemble — a lace dress, a beautifully printed silk scarf, and a wide-brimmed hat — evoking a sense of glamour and dynamic energy that most viewers would find exciting.",excitement
contentment_00668,"The image of a dog nestled cozily under a warm plaid blanket on a rug in a softly lit room evokes a calm, warm, and peaceful feeling of contentment in a typical viewer.",contentment
sadness_02953,"The black-and-white image of a person slumped over a table, apparently exhausted or asleep in what looks like a waiting area, evokes a sense of weariness, loneliness, and hardship in a typical viewer.",sadness
excitement_17708,"The image shows a smiling woman riding a dolphin through splashing waves while waving at the camera — a thrilling, dynamic, and joyful scene that most viewers would find energizing and exhilarating.",excitement
fear_07239,"The image depicts a person wearing an extremely unsettling costume featuring a large, spiraling mouth with teeth where the face should be — a deeply grotesque and body-horror-esque visual that most viewers would find viscerally disturbing and revolting.",disgust
fear_03129,"The image shows a person in a spooky Halloween costume resembling Beetlejuice, complete with a wild grey-green wig, fake wounds/stitches, heavy dark makeup, a black-and-white striped jacket, and fake cobwebs covering their face with a toy spider — the elaborate, recognizable costume and playful pose in a party setting are likely to evoke amusement in a typical viewer.",amusement
disgust_00301,"The image shows a heavily rusted, decayed metal pipe with decomposing organic debris clinging to it, partially submerged in still water — the combination of corrosion, rot, and abandonment most strongly evokes a sense of sadness tied to decay, neglect, and the passage of time.",sadness
disgust_09850,"The image shows a large, dense mass of cockroaches crawling over each other and dry leaves, a sight that most people find viscerally repulsive and triggers a strong disgust response.",disgust
amusement_02349,"The image of a cheerful young girl in a pretty pink dress smiling brightly amid colorful Christmas gifts and a decorated tree evokes a warm, joyful holiday scene that most viewers would find delightfully heartwarming and festive, best captured by contentment.",contentment
excitement_10267,"The image shows a person rappelling down a waterfall face, a thrilling and dynamic adventure sport scene that most viewers would find energizing and pulse-quickening.",excitement
disgust_03641,"The image depicts a massive accumulation of garbage bags, overflowing dumpsters, and waste piled up in an urban alleyway, which typically evokes a strong sense of revulsion and repulsion in viewers.",disgust
disgust_00772,"The image shows an overflowing recycling bin filled with miscellaneous waste and packaging materials, which typically evokes a mild sense of disgust or unpleasantness in viewers due to the cluttered, messy appearance of discarded refuse.",disgust
fear_10153,"The dark, shadowy close-up of a human skull with high-contrast lighting and a menacing atmosphere is a classic horror visual that most viewers would associate with dread and unease.",fear
awe_14016,"The image shows a sleek white-and-red helicopter (registration 2-HELO) on a grassy field, which typically evokes a sense of excitement in viewers due to the dynamic, powerful nature of the aircraft and the anticipation of flight.",excitement
excitement_05892,"The image captures two young boys mid-performance in a dynamic, energetic martial arts or baton-twirling routine at what appears to be a school event, with one child airborne in an impressive high kick — the athleticism, skill, and lively performance atmosphere naturally evoke excitement in a typical viewer.",excitement
anger_08189,"The image shows a young person raising a fist and shouting while holding a ""Black Lives Matter"" sign in the middle of a road, conveying a powerful sense of passionate protest and righteous indignation that most viewers would experience as anger.",anger
anger_07230,"The image shows a smoldering, smoky fire burning through dry leaves and debris close to surrounding bushes and dry grass, evoking a sense of danger and potential uncontrolled spread, which most strongly triggers fear in a typical viewer.",fear
anger_05759,"The image shows a man with a peeling face mask making an exaggerated screaming expression, which reads as a comedic, self-aware performance rather than genuine distress, making amusement the dominant emotion a typical viewer would feel.",amusement
awe_03296,"The sweeping aerial view of a stunning coastal city (Nice, France) with vivid turquoise waters, a long sandy beach, terracotta rooftops, and dramatic clouds inspires a sense of grandeur and wonder that most powerfully evokes awe.",awe
amusement_13692,"The image captures a vibrant nighttime carnival/fairground scene with a glowing Ferris wheel, colorful lights, rides, and crowds of people, all of which evoke a strong sense of thrilling, energetic excitement in a typical viewer.",excitement
contentment_15233,"The image shows an adorable, well-behaved puppy wearing an ""In Training"" service dog vest, sitting obediently in a charming autumn setting — a scene that evokes a warm, pleasant sense of calm happiness and satisfaction in a typical viewer.",contentment
fear_06975,"The image depicts a menacing evil clown with an exaggerated snarling expression, wild hair, and a crouching predatory pose — a classic horror archetype (coulrophobia trigger) designed to unsettle viewers, making fear the dominant evoked emotion.",fear
fear_08650,"The image depicts an eerie, dimly lit wax figure of a man with unsettling green-tinted skin surrounded by taxidermied birds, including a barn owl and a swooping raptor — the dark, uncanny atmosphere and horror-museum aesthetic would most strongly evoke fear in a typical viewer.",fear
contentment_11171,"The close-up of a small rabbit nestled cozily in soft gray towels, with its large gentle eye and calm demeanor, evokes a warm, peaceful feeling of contentment in a typical viewer.",contentment
contentment_02745,"The image shows a young girl playfully posed on all fours on a playground, smiling mischievously at the camera, which evokes a lighthearted, humorous reaction in a typical viewer.",amusement
fear_13056,"The image depicts a person in intense zombie makeup with fake blood, dark eye makeup, and a menacing gaze, which is designed to evoke a strong sense of dread and unease in a typical viewer.",fear
disgust_05065,"The close-up image of a large, vividly colored spider on its web is likely to trigger a strong instinctive fear response in a typical viewer, as spiders are a common phobia trigger and the macro perspective makes the creature appear imposing and threatening.",fear
sadness_02334,"The image depicts a weathered WWII military gravestone of a young soldier (age 24) in a somber cemetery setting, with a dark, desaturated tone — this evokes a strong sense of grief and mourning in a typical viewer.",sadness
awe_05114,"The image shows a graceful roe deer standing serenely in a softly lit, flower-dotted meadow with a dreamy bokeh background, evoking a peaceful, harmonious feeling of tranquility in nature — most aligned with contentment.",contentment
contentment_06050,"The image shows a couple sitting peacefully in a golden meadow, smiling warmly at each other, evoking a sense of calm happiness, warmth, and quiet satisfaction in the viewer.",contentment
sadness_08448,The image shows a clown in colorful costume with a Union Jack umbrella walking in the rain — an inherently whimsical and incongruous scene that most viewers would find humorous and lighthearted.,amusement
sadness_00196,"The black-and-white photograph of a lone swan by a misty, still lake with bare weeping willow branches evokes a quiet, melancholic mood — the monochrome palette, sparse winter vegetation, and solitary subject combine to produce a gentle but clear sense of sadness.",sadness
excitement_10852,"The image shows a crowd of people at what appears to be a lively concert or party, with arms raised, mouths open in cheers, and festive accessories — all clear visual cues of high-energy, positive arousal that most strongly evokes excitement in a typical viewer.",excitement
awe_06726,"The image showcases a vast, dramatic desert landscape with towering red sandstone cliffs, rippled rust-colored dunes, and a traditional Bedouin camp, evoking a sense of wonder and grandeur at the scale and beauty of the natural environment.",awe
contentment_14642,"The image shows two people laughing and engaging in lively conversation at an outdoor café, radiating warmth and joy — a scene most viewers would find cheerful and relaxing, evoking a gentle, pleasant sense of ease rather than high-arousal excitement.",contentment
sadness_02611,"The gray cat is lounging calmly on a cat tree with a relaxed, slightly sleepy expression, evoking a peaceful and cozy domestic scene that most viewers would find pleasantly calming and satisfying.",contentment
anger_06241,"The image depicts a massive wildfire with towering plumes of dark smoke filling an orange-red sky over a road blocked by traffic cones, conveying an immediate sense of imminent danger and threat that most viewers would strongly associate with fear.",fear
awe_05841,"The image depicts a warm, intimate wedding ceremony in a church, with a smiling bride and groom exchanging vows — a scene that evokes a peaceful, warm sense of happiness and satisfaction rather than high-arousal excitement, making contentment the dominant emotion.",contentment
anger_10020,"The image depicts a firefighter standing before a massive, raging fire with thick black smoke billowing into the sky, creating a scene of intense danger and peril that most typically evokes fear in viewers.",fear
sadness_03691,"The image shows a dark, cluttered interior filled with tangled wires, unidentifiable machinery, and shadowy equipment, creating a disorienting and unsettling atmosphere that is most likely to evoke fear in a typical viewer.",fear
disgust_10015,"The image depicts a large landfill or open dump site overflowing with garbage bags and waste, with workers and trucks unloading more trash — the overwhelming presence of filth, refuse, and pollution typically triggers a strong visceral reaction of disgust in a typical viewer.",disgust
amusement_10141,"The vivid, saturated purple bloom of the wildflower set against soft green and grey natural tones creates a serene, pleasing scene that evokes a calm sense of satisfaction and peace in a typical viewer.",contentment
disgust_05416,"The image shows massive piles of discarded clothing crammed into a dilapidated warehouse, vividly illustrating the scale of textile waste and environmental degradation, which most viewers would find deeply off-putting and revolting.",disgust
fear_03866,"The sculpture depicting a face split between a lifelike human visage and a decaying skull, surrounded by bones and decomposing hands, is a classic memento mori motif that would most strongly evoke fear in a typical viewer due to its macabre, death-themed imagery.",fear
contentment_01356,"The image shows a woman gently smelling a red rose at what appears to be a romantic dinner setting, evoking a quiet, peaceful sense of pleasure and well-being that most strongly aligns with contentment.",contentment
contentment_12621,"The image shows a team of sled dogs harnessed and ready to run on a snowy trail surrounded by winter scenery, evoking a sense of thrilling adventure and energetic anticipation in a typical viewer.",excitement
awe_03293,"The image shows a young girl in a pink dress standing in front of a piñata that reads ""Beat the Hell Outta It"" — the humorous juxtaposition of an innocent toddler with the comedic, irreverent text on the piñata is the dominant source of amusement for a typical viewer.",amusement
awe_04248,"The image shows two people peacefully sitting on a rocky overlook gazing at a vast, mirror-like lake surrounded by mountains and a wide blue sky — a classic scenic vista that typically evokes a sense of wonder and grandeur in viewers.",awe
disgust_10802,"The close-up of a rattlesnake's head with its distinctive slit pupil, triangular shape, and dangerous appearance would trigger a strong fear response in most typical viewers due to the snake's threatening and venomous nature.",fear
contentment_11309,"The image features delicate white and pink bougainvillea flowers in soft focus against a dark green background, evoking a calm, peaceful, and pleasant feeling of quiet satisfaction and tranquility.",contentment
fear_13506,"The image shows what appears to be a weapon wrapped in black tape with exposed wires suggesting an improvised explosive device, which would instill a strong sense of fear in a typical viewer due to its threatening and dangerous appearance.",fear
anger_02242,"The woman is displaying a fierce, snarling facial expression with bared teeth, furrowed brows, and an intense forward lean, which is a classic depiction of rage that would evoke anger in a typical viewer.",anger
amusement_13540,"The image depicts a cheerful Christmas scene with festive decorations — a decorated green card with a mini stocking, holly berries, a wrapped gift with a green bow, pine branches, and snow — evoking the warm, peaceful satisfaction of the holiday season.",contentment
awe_08926,"The silhouetted boats and lone figure on a calm sea beneath a vivid, richly colored sunset sky creates a serene yet grand scene that most viewers would find breathtaking and deeply moving, evoking a sense of awe.",awe
anger_06218,"The image combines dark, fiery tones with a vulture perched on piles of money and gold, burning cash, and an intense, haunting human face looming in the background — a foreboding, threatening composition that most strongly evokes fear in a typical viewer.",fear
excitement_03201,"The image shows a person at a Pride parade wearing a vibrant rainbow mohawk wig, colorful sunglasses, and a festive expression, surrounded by a lively crowd and a rainbow flag — the playful, over-the-top costume and celebratory atmosphere are most likely to evoke amusement in a typical viewer.",amusement
sadness_00262,"The image shows a whimsical arrangement of fairy garden figurines and decorative ornaments placed on cut logs within a cemetery setting; the juxtaposition of playful, charming decorations against the solemn gravestones evokes a gentle, peaceful feeling of contentment rather than fear or sadness.",contentment
excitement_01344,"The image shows a young girl with a wide open mouth and a huge grin, energetically playing with a beach ball and colorful toy, radiating pure high-energy joy and enthusiasm that most strongly evokes excitement in a typical viewer.",excitement
fear_06128,"The vivid purple coloration of the crayfish combined with its alien-like appearance, raised claws in a defensive posture, and unusual close-up framing creates a striking, otherworldly scene that most viewers would find visually stunning and wonder-inducing.",awe
fear_09365,"The image shows a tattoo being applied to a leg, featuring dark, graphic imagery with vivid red ink resembling dripping blood, which is viscerally unsettling and likely to provoke a strong negative reaction in a typical viewer.",disgust
sadness_03475,"The image depicts a grave (likely Jim Morrison's at Père Lachaise Cemetery) adorned with flowers and offerings, evoking a sense of loss, mourning, and remembrance that most viewers would associate with sadness.",sadness
anger_07563,"The striking juxtaposition of roaring fire and flames burning atop ice blocks on a frozen, snow-covered shoreline creates a surreal, visually stunning scene that overwhelmingly evokes a sense of wonder and awe in a typical viewer.",awe
contentment_04894,"The image shows a charming hoopoe bird with a distinctive crest foraging peacefully on lush green grass, evoking a calm, pleasant sense of well-being and harmony with nature.",contentment
fear_00385,"The image shows a skeleton projected onto a woman's face and body, creating an eerie, macabre visual that directly evokes a visceral fear response in a typical viewer due to its death imagery and unsettling juxtaposition of the living and skeletal.",fear
disgust_01375,"A close-up macro shot of a spider on rotted, hole-riddled wood triggers an instinctive arachnophobic response in a typical viewer, making fear the dominant emotion.",fear
disgust_05516,"The image shows a pale, segmented worm-like creature (likely a millipede or larva) crawling on a dark, damp, decaying surface — a sight most typical viewers would find repulsive and revolting, making disgust the dominant emotion.",disgust
sadness_10045,"The image shows a woman dressed as a nun, eyes downcast and hands clasped in a prayerful, solemn pose, evoking a quiet, peaceful sense of calm and spiritual serenity that a typical viewer would interpret as contentment.",contentment
fear_07753,"The image shows two children wearing matching skeleton Halloween costumes, which is a playful and lighthearted scene that most viewers would find cute and humorous rather than genuinely scary.",amusement
excitement_02588,"The image shows a energetic rock musician performing on stage — playing guitar, singing into a mic, wearing a sleeveless vest with a leopard-print guitar strap — which typically evokes a lively, high-energy feeling of excitement in viewers.",excitement
excitement_07061,"The image shows a cheerful woman smiling broadly while posing next to a person in a donkey mascot costume at what appears to be a fun event — the playful, lighthearted scenario of a mascot photo-op naturally evokes amusement in a typical viewer.",amusement
fear_13299,"The image features an unsettling figure with green body paint, glitter makeup, and a distorted baby doll — an eerie, grotesque aesthetic that most typical viewers would find disturbing and revolting rather than amusing or awe-inspiring.",disgust
fear_05503,"The image shows a quirky action figure of a mummy-like character wearing sunglasses and holding a cocktail drink, which creates a humorous and whimsical scene that would amuse a typical viewer.",amusement
sadness_11015,"The image shows an old, weathered gravestone of a child (Henry, son of D. & E. Ruffner), evoking a strong sense of grief and loss in a typical viewer.",sadness
amusement_11332,"The image shows two smiling young people at what appears to be a homecoming event, with elaborate decorative mums/corsages, cheerleader uniform, and festive accessories — a celebratory, upbeat scene that most viewers would find cheerful and lively.",excitement
awe_07244,"The image depicts Cinderella's Castle at a Disney theme park decorated for Christmas, an iconic and grand fairy-tale structure that typically inspires a sense of wonder and magnificence in viewers, even under overcast, rainy conditions.",awe
awe_10186,"The image depicts a powerful, dramatic waterfall surrounded by lush tropical vegetation, creating an overwhelming sense of nature's grandeur and sublime scale that most viewers would find awe-inspiring.",awe
anger_05856,"The woman's quirky costume hat, expressive pointing gesture, and enthusiastic campaigning on a city street create a lighthearted, comical scene that a typical viewer would find amusing.",amusement
contentment_01559,"The image shows a woman crouching down to hug a small child on a quiet rural road, evoking a warm, peaceful sense of tender affection and calm well-being.",contentment
disgust_00803,"The image shows a pot of murky, brownish-green liquid or soup with an unappealing color and texture, which would typically evoke a sense of disgust in a typical viewer due to its unappetizing appearance.",disgust
disgust_04265,"The image shows numerous discarded cigarette butts littering a sandy/concrete surface, which typically evokes a strong sense of disgust due to the unclean, polluting, and unhygienic nature of the scene.",disgust
fear_00077,"An X-ray image of the pelvis/hip area typically evokes a sense of unease or apprehension in a typical viewer, as medical imaging of bones and internal structures is commonly associated with injury, illness, or clinical concern, making fear the dominant emotional response.",fear
contentment_09238,"The image shows crystal-clear turquoise water with two people wading in a serene, picturesque coastal cove, evoking a peaceful and pleasurable sense of relaxation and well-being.",contentment
fear_12826,"The image shows a person pressing their face close to a glass case containing a taxidermied animal with its mouth open in a snarl, creating a tense, threatening visual confrontation that most viewers would find unsettling or alarming.",fear
fear_02925,"The image shows a person in a dramatic Halloween-style costume with red face paint, chains, a tattered grey outfit, and a toy spider — a theatrical horror getup designed to startle or unsettle viewers, which primarily evokes fear.",fear
contentment_11803,"The image depicts a peaceful, sun-drenched garden scene with a cozy wicker chair, blooming flowers, lush greenery, and charming stone accents — evoking a sense of quiet relaxation and well-being that most closely aligns with contentment.",contentment
amusement_12554,"The image depicts a well-presented, appetizing breakfast spread with colorful fruits, cold cuts, cheese, a soft-boiled egg, and warm beverages, evoking a sense of calm satisfaction and comfort associated with a pleasant meal.",contentment
excitement_17567,"The image shows a group of young children wearing matching red caps, arms raised, mouths open in joyful shouts, holding magnifying glasses and exploring outdoors — their highly energetic, animated enthusiasm evokes a strong sense of excitement in a typical viewer.",excitement
awe_06964,"The image displays a breathtaking, fiery sunset with dramatic clouds ablaze in vivid reds and oranges, creating an overwhelmingly grand and majestic scene that would inspire a sense of wonder and awe in a typical viewer.",awe
awe_05031,"The image shows two elderly women with hands pressed together in a prayer/namaste gesture, dressed in white, likely at a religious site — evoking a sense of peaceful devotion and quiet spiritual calm, which most strongly maps to contentment.",contentment
awe_06487,"The image features a dramatically edited urban skyline with explosive, surreal rainbow colors bursting across the sky and reflecting off skyscrapers, creating a visually overwhelming and spectacular scene that would most strongly evoke a sense of awe in a typical viewer.",awe
awe_11627,"The image features a strikingly beautiful Green-winged Macaw with vivid red, green, and blue plumage perched elegantly on a wooden stump — its extraordinary colors and natural grandeur are likely to inspire a sense of wonder and admiration in a typical viewer.",awe
awe_10124,"The sweeping panoramic view of a mountainside village bathed in warm golden light, with layered hills, lush greenery, and a clear blue sky, evokes a sense of grandeur and breathtaking natural beauty that most viewers would find awe-inspiring.",awe
disgust_10349,"The image shows murky, debris-filled shallow water with dark decomposing seaweed and what appear to be jellyfish or shells half-buried in wet sand — the overall scene is grimy, murky, and visually unappealing, most likely triggering a mild sense of disgust in a typical viewer.",disgust
contentment_14744,"The serene Japanese garden with a tranquil reflecting pond, traditional thatched-roof teahouse, manicured trees, and clear blue sky creates a peaceful, harmonious scene that evokes a calm sense of satisfaction and well-being.",contentment
sadness_10148,"The image shows a woman with her head bowed and hand pressed to her forehead, hugging her knees in a hunched, withdrawn posture — a classic visual cue of distress or grief that most viewers would associate with sadness.",sadness
excitement_07314,"The image shows a energetic male performer singing into a microphone with his hand raised dramatically on stage, conveying high-energy performance that typically evokes excitement in viewers.",excitement
awe_11234,"The image features a serene coastal scene with two birds in flight, a weathered pier stretching over calm water, a faint rainbow arching across a dramatic cloudy sky, and warm autumn-toned vegetation in the foreground — a combination of natural beauty and grandeur that typically evokes a sense of awe in viewers.",awe
fear_04777,"The long, dimly lit escalator tunnel with eerie green lighting, receding into darkness, creates a sense of unease and mystery that most strongly evokes fear in a typical viewer.",fear
excitement_06413,"The image captures a lively outdoor celebration (likely a Pride parade) with a woman laughing and head thrown back in joy, colorful accessories, and a festive crowd — all cues that typically evoke a sense of excitement and high-energy fun in a viewer.",excitement
anger_08790,"The image depicts a public protest with people holding signs showing what appear to be images of displaced or suffering people (likely Kurdish refugees), alongside political flags and someone speaking through a megaphone — a scene typically evoking sadness in a typical viewer due to the humanitarian message being conveyed.",sadness
sadness_10661,"The image shows a middle-aged man with gray hair and a mustache looking downward in a calm, quiet indoor setting with warm lighting — the overall mood is peaceful and subdued, evoking a sense of quiet contentment in a typical viewer.",contentment
