id,reasoning,valence_7,arousal_5,has_people,has_threat_or_danger,has_disgusting_content,novelty_5,playfulness_5,warmth_5,energy_5,aesthetic_5
disgust_10137,"A large, spiky, vividly patterned caterpillar clinging to a plant stem — its bold black, cream, red, and white coloration combined with prominent sharp spines evokes a strong sense of unease and mild repulsion, as many people find such creatures unsettling or creepy.",2,4,none,3,4,4,1,1,2,2
awe_10217,"A vast, fiery sunset over a calm ocean with the sun half-submerged on the horizon evokes a sense of grandeur and serene wonder — the scale and drama of the scene dominate the emotional response.",6,3,none,1,1,4,1,4,2,5
anger_11477,"A structure is being fully consumed by intense, roaring flames amid dark trees — a vivid scene of destruction that evokes alarm, threat, and loss, with no safety or comfort present.",1,5,none,5,1,3,1,1,5,2
contentment_09058,A smiling young woman lying peacefully in lush green grass holding yellow flowers with eyes closed conveys a strong sense of serene contentment and gentle happiness.,6,2,prominent_faces,1,1,2,3,5,1,4
awe_09194,"A lone sage-grouse displaying in golden-hour light across a vast, quiet sagebrush prairie evokes quiet wonder and peaceful solitude — the warm amber tones and the bird's subtle presence in the wide open landscape inspire gentle contentment with a hint of awe.",5,2,none,1,1,3,1,4,2,4
contentment_10601,"A mature couple shares a quiet, warm moment outdoors — the woman knits while the man leans in with gentle curiosity — evoking a sense of peaceful domestic contentment and quiet companionship.",6,2,prominent_faces,1,1,2,2,5,1,4
amusement_12617,"A cute baby in a colorful walker with arms outstretched evokes warmth, delight, and amusement — the scene is cheerful and lighthearted.",6,3,prominent_faces,1,1,2,5,5,3,4
excitement_09096,"A vibrant Pride parade fills a city street with people marching joyfully, waving rainbow flags, wearing colorful leis, and surrounded by floating soap bubbles — the scene radiates collective celebration, energy, and positive social connection.",7,4,prominent_faces,1,1,2,5,4,5,4
awe_12902,"The sweeping green valley with rolling hills, dappled sunlight, dramatic rock formations, and an expansive sky evokes a sense of serene grandeur and natural wonder — calm yet quietly awe-inspiring.",6,2,none,1,1,4,1,4,2,4
excitement_11970,"A lively street carnival scene featuring a person in an elaborate white flamenco dress with red poppy embroidery alongside a shirtless person in a novelty bunny mask, surrounded by a crowd of onlookers — the costumes, public performance energy, and festive atmosphere strongly evoke lighthearted amusement and excitement.",6,4,prominent_faces,1,1,4,5,3,4,
contentment_14276,"A lush tropical garden scene with a koi pond, small fountain, volcanic rocks, wooden bridge, and dense palm canopy evokes a peaceful, restorative sense of natural beauty — the dominant feeling is serene contentment amplified by the aesthetic grandeur of the verdant setting.",6,2,none,1,1,4,2,4,2,5
sadness_08315,"A casually dressed man holds a small dog in a red harness while socializing outdoors with a beer, evoking a relaxed, warm, and mildly cheerful social atmosphere.",5,2,prominent_faces,1,1,2,3,4,2,3
fear_11820,"A sleepy, relaxed tuxedo cat photographed in black and white with dramatic whiskers — the subject looks drowsy and peaceful, evoking quiet contentment and mild warmth despite the moody monochrome aesthetic.",6,1,none,1,1,2,2,4,1,4
sadness_10023,"The low-angle shot of a weathered, moss-covered stone religious statue against an overcast sky in what appears to be a cemetery setting evokes solemnity and a sense of subdued awe, with a slightly foreboding atmosphere from the dark tones and cloudy backdrop.",3,3,none,2,1,3,1,1,2,3
sadness_08238,"A makeshift memorial with candles, flowers, religious votive candles, a pair of sneakers, and what appears to be a funeral program — hallmarks of grief and loss — evoking a strong sense of sorrow and mourning.",2,2,none,1,1,2,1,3,1,3
excitement_19727,"A group of young people in a circle of chairs are laughing and celebrating together, with one person triumphantly raising both fists in the air — the scene radiates shared joy, high energy, and social bonding.",7,5,prominent_faces,1,1,2,4,4,5,3
awe_09984,"A well-dressed man in a suit raises his hand energetically while speaking into a microphone, conveying confidence, enthusiasm, and positive engagement — likely evoking excitement or amusement in the viewer.",6,4,prominent_faces,1,1,2,3,3,4,4
excitement_15142,"A lone runner in bright yellow competes in a grueling desert ultramarathon across a harsh, arid rocky landscape under intense sun — the scene radiates high physical exertion, determination, and adventurous excitement against a dramatic, barren backdrop.",6,4,prominent_faces,2,1,4,2,2,5,4
fear_10439,"A masked figure (Michael Myers) staring through a window bathed in deep red lighting at night creates a deeply unsettling, threatening atmosphere — high arousal, strongly negative valence, with dramatic horror aesthetics.",1,5,prominent_faces,5,1,3,1,1,3,3
contentment_13591,"Beautifully composed cluster of bicolor roses with creamy white and deep magenta petals, evoking a strong sense of natural beauty, peace, and gentle pleasure — the dominant feeling is serene contentment with a touch of aesthetic delight.",6,2,none,1,1,3,1,4,2,5
fear_10210,Two children in matching zombie costumes with fake blood and grey face paint on a sunny boardwalk evoke playful Halloween-style fun mixed with mild theatrical horror imagery.,5,3,prominent_faces,2,3,3,4,3,3,3
contentment_14906,"Two elegant flamingos wading and feeding in sunlit water evoke a calm, pleasant sense of contentment and natural beauty, with gentle movement and soft pink tones creating a serene, aesthetically pleasing scene.",6,2,none,1,1,2,2,4,2,4
awe_10615,An adorably wide-eyed baby with wild black hair and a slightly open mouth creates an overwhelmingly charming and heartwarming scene that evokes delight and amusement.,6,3,prominent_faces,1,1,3,4,5,2,4
excitement_13091,"A vocalist is mid-leap at an energetic punk/rock basement show, mic in hand, radiating raw physical intensity and excitement — the crowded low-ceiling space, colorful string lights, and explosive body language collectively generate a high-energy, exhilarating atmosphere.",6,5,prominent_faces,1,1,3,3,3,5,3
excitement_11612,"Two women in matching white t-shirts appear to be dancing or playfully interacting outdoors near a wooden building, with one gesturing animatedly and both showing energy and joy — the scene radiates lively, positive social energy.",6,4,prominent_faces,1,1,2,5,4,4,3
sadness_06972,"The close-up black-and-white portrait of a man with a hard, downturned expression, furrowed brow, and intense direct gaze conveys strong negative valence and interpersonal threat, evoking a tense, confrontational feeling.",2,4,prominent_faces,4,1,2,1,1,3,3
disgust_06859,"The image shows a badly injured or infected toenail with visible redness, swelling, and a small wound with blood — strongly repulsive medical content that dominates the viewer's response.",1,4,people_present,3,5,2,1,1,2,1
contentment_09603,"A peacefully sleeping infant wrapped in a soft blanket evokes tender contentment and warmth — the serene, still face and cozy setting radiate innocence and calm safety.",6,1,prominent_faces,1,1,2,1,5,1,4
amusement_16407,"A brightly lit Ferris wheel spinning at night with vivid motion blur conveys exhilarating, high-energy excitement and wonder — the luminous colors against the deep blue sky create a visually stunning, dynamic spectacle.",6,4,none,1,1,4,4,3,5,5
disgust_05789,"The image shows a beach littered with plastic waste and debris, evoking a sense of environmental degradation and sadness — the natural setting is marred by pollution, producing a negative, low-energy, melancholic response.",2,2,none,2,3,2,1,1,1,1
anger_08212,"Two boxers are actively clashing in a ring with a referee present — a high-intensity, physically confrontational scene that evokes competitive aggression and excitement rather than comfort or calm.",3,5,prominent_faces,4,1,2,1,1,5,3
amusement_16422,"A spinning carnival thrill ride lit up with vivid red lightning-bolt graphics and glowing neon lights at dusk, with riders visible — the motion blur, high energy, and festive spectacle strongly evoke excitement and amusement.",6,5,people_present,2,1,4,5,2,5,4
disgust_05022,"A heavily rotted, collapsed jack-o'-lantern with mold and decay visible inside evokes disgust and mild sadness — the festive object is grotesquely decomposed, yet retains a darkly humorous, lopsided ""face.""",2,3,none,2,4,2,2,1,1,1
disgust_08284,"The dominant feeling is repulsion, driven by the prominent raw pig's head displayed in a butcher's market stall — a visually confronting and viscerally unpleasant subject for most viewers.",2,3,people_present,2,4,3,1,1,2,2
anger_08108,"A large male lion lies in lush green grass with its mouth wide open and tongue fully extended in a dramatic yawn, simultaneously conveying raw power/latent threat and comic absurdity — the dominant feeling is a mix of amused surprise and mild unease at the visible teeth and size.",5,4,none,3,1,3,4,2,3,4
awe_10602,"A rainbow arc cuts diagonally across a lush garden with a lily pond, creating a magical, serene, and visually striking scene that evokes wonder and peaceful joy.",6,3,none,1,1,4,2,4,2,5
contentment_14219,"Tiny golden mushrooms glowing in warm sunlight against vivid green moss create a serene, enchanting miniature world — evoking quiet wonder and gentle contentment through intimate macro detail and soft bokeh.",6,2,none,1,1,4,3,4,2,5
amusement_15472,"A vivid, close-up wild rose in full bloom with rich magenta petals and a bright golden centre against lush green foliage evokes a strong sense of natural beauty and serene contentment.",6,2,none,1,1,2,1,4,2,5
disgust_06886,"A close-up of a large black-and-yellow orb-weaver spider centered on its web triggers arachnophobic unease and mild disgust, with the creature's prominent body and long legs creating an unsettling, threat-adjacent mood despite the neutral background.",2,4,none,4,3,3,1,1,2,2
excitement_11066,"The surreal, dreamlike composition — a masked violinist standing atop a grand piano floating in clouds, a glamorous woman draped across it, and a small child joyfully rocking out on a piano keyboard raft — creates a visually striking, fantastical scene that blends dark theatricality with whimsical wonder, evoking a sense of grand, mysterious awe tinged with playful delight.",6,4,prominent_faces,2,1,5,3,2,,
fear_08154,"A dramatically lit wedding dress hanging alone in darkness against ornate damask wallpaper — the ghostly, headless silhouette and stark chiaroscuro lighting evoke a haunting, melancholic unease rather than celebration.",2,3,none,3,1,3,1,1,2,4
sadness_12213,"A weathered stone cross lying flat on a grave slab, tangled in dead twigs and debris, conveys profound melancholy and abandonment — evoking grief and mortality through its dark, desaturated tones and decayed surroundings.",2,2,none,2,2,2,1,1,1,3
contentment_14937,"A relaxed calico cat is draped contentedly across a person's arm with eyes closed, radiating warmth, comfort, and gentle humor — the dominant feeling is cozy amusement.",6,2,people_present,1,1,3,4,5,1,4
disgust_10400,"The image shows a full trash bin with rotting banana peels and food waste alongside a recycling bin of papers, evoking mild disgust and a sense of mundane disorder or neglect.",2,2,none,1,4,1,1,1,1,1
fear_13822,"A performer with wild flowing hair aggressively wields a elaborate biomechanical/alien-styled guitar on a dark concert stage — the intense motion blur, dark atmosphere, and aggressive posture radiate raw, high-energy excitement and intensity.",6,5,prominent_faces,2,1,4,2,1,5,4
anger_06252,"An object (possibly electronics/cans) engulfed in intense flames on a dark, cracked ground at night, with a person's legs visible nearby — the combination of destructive fire, darkness, and potential danger dominates the emotional tone.",2,5,people_present,4,1,3,1,2,5,2
disgust_04664,"The image shows a dense pile of heavily corroded, rust-encrusted metal pipes mixed with rotting wood debris — the decay, grime, and organic decomposition create a strong sense of repulsion and dread.",2,3,none,3,4,2,1,1,2,1
amusement_08689,"The image shows a cheerful animatronic figure in a red band uniform surrounded by colorful toy instruments and twinkling lights, evoking a playful, festive, and lighthearted atmosphere reminiscent of a theme park or holiday display.",6,3,prominent_faces,1,1,3,5,4,3,3
contentment_13331,"A golden-hour seascape with shorebird silhouettes foraging at the surf's edge evokes serene wonder — the warm, glowing light and tranquil scene inspire quiet awe and deep contentment.",6,2,none,1,1,4,2,5,2,5
amusement_09919,"A warm, festive Christmas vignette with a tartan ""Merry Christmas"" cushion, pink hydrangeas, golden pastries, and cheerful holiday decorations evokes strong contentment and seasonal joy.",6,2,none,1,1,2,3,5,2,4
anger_08666,"A large, energized crowd at a protest rally, waving flags and holding politically charged signs (e.g., ""Stop Morally Bankrupt Greedy Evil Billionaires""), conveying collective outrage and social tension rather than joy or calm.",2,5,people_present,2,1,2,1,2,5,2
anger_10850,"A vivid campfire burning strongly amid deep snow creates a striking contrast — the warm, dancing orange flames against the cold blue-white landscape evoke a sense of comfort and primal excitement, with mild elemental energy.",6,3,none,2,1,3,2,5,4,4
excitement_09631,"A person has fallen out of a whitewater raft into churning rapids while others struggle to control the overturning boat, creating a scene of high-stakes danger and intense physical energy.",2,5,prominent_faces,5,1,4,1,1,5,3
anger_06792,"A group of protesters outside a grand building holding signs saying ""NOT IN SPLOTT"" and ""No Incineration,"" with one person dressed as Santa Claus — the costumed figure and activist message create a quirky, mildly humorous yet purposeful scene with a mix of playful protest energy and mild social frustration.",4,3,prominent_faces,1,1,3,4,3,3,
fear_13114,"A close-up of an aged, reconstructed human skull (likely Neanderthal) stares directly at the viewer with dark, hollow eye sockets and exposed teeth — a viscerally unsettling image that evokes a strong sense of unease, mortality, and mild dread.",2,4,none,3,3,3,1,1,2,2
disgust_11058,"A crushed, dirty cigarette butt discarded on grimy asphalt evokes a strong sense of disgust and mild sadness — it is visually repulsive, mundane, and speaks to pollution and neglect.",2,2,none,2,4,1,1,1,1,1
disgust_08558,"A bowl of large cooked insect larvae (likely palm weevil grubs) in dark sauce is visually repulsive to most Western observers, with segmented, worm-like bodies dominating the frame and triggering strong disgust responses.",2,3,none,2,5,3,1,1,1,1
awe_14265,"A breathtaking mountain sunset with fiery orange and gold clouds over layered ridgelines and pine-covered peaks evokes overwhelming grandeur and expansiveness, with vivid dramatic colors that feel both serene and electrifying.",6,4,none,1,1,5,1,3,4,5
disgust_09924,A smashed watermelon lying on dirty alley pavement beside a grimy dumpster evokes mild disgust and urban decay/sadness — the wasted food and gritty setting are the dominant emotional drivers.,2,2,none,1,3,2,1,1,1,1
excitement_17688,"A dynamic Australian rules football match scene mid-kick, conveying energetic athletic action and competitive excitement on a bright green oval.",6,4,people_present,1,1,2,3,2,5,3
excitement_17790,"A group of diverse children in vibrant superhero costumes are triumphantly raising their fists in a sunny park, radiating pure joy, playfulness, and high-energy excitement.",7,5,prominent_faces,1,1,3,5,5,5,4
sadness_06812,"A lone person stands on a sunlit hilltop overlooking a sweeping cityscape under a bright blue sky, evoking a sense of quiet wonder and peaceful contemplation of grand scale scenery.",6,2,people_present,1,1,4,1,3,2,4
anger_07456,"A smoldering campfire with glowing orange flames and ash-covered logs evokes a primal sense of warmth and rustic comfort, tempered by a faint undercurrent of danger from the open fire.",5,3,none,2,1,2,1,5,3,3
contentment_15079,"Two children outdoors — an older girl holding a toddler who looks sulky/unhappy; the scene is mild and domestic but the toddler's grumpy expression and the slightly odd wooden stick introduce a mildly negative, low-energy, slightly humorous tone.",3,2,prominent_faces,1,1,2,2,3,2,3
awe_14538,"A towering fountain jet shoots dramatically into a clear blue sky over a calm lake, with a faint rainbow at its base — the sheer scale and grandeur of the water column against the vast open sky evokes overwhelming awe and wonder.",6,4,none,1,1,5,2,3,5,5
excitement_10774,"A smiling hula dancer in a vibrant red dress with a floral headpiece and pearl lei, mid-performance outdoors — the dominant feeling is joyful celebration, driven by her radiant smile, dynamic movement, and festive cultural attire.",6,4,prominent_faces,1,1,3,4,4,4,5
sadness_09256,"Hundreds of memorial candles and lanterns glowing in the dark evoke a solemn, contemplative atmosphere — the warm flickering light is beautiful yet tinged with collective grief and remembrance.",3,2,none,1,1,3,1,4,2,4
contentment_16247,"Three children laughing and playing together in shallow ocean water evokes pure joy and lighthearted fun, driven by their bright smiles, playful interaction, and carefree summer setting.",7,3,prominent_faces,1,1,2,5,4,3,4
amusement_14980,"A young woman with a slight smile and stylish blue mirrored sunglasses is taking a photo on a bright, colorful outdoor day — the scene feels light, casual, and cheerful, evoking gentle amusement and contentment.",6,2,prominent_faces,1,1,2,3,4,2,4
disgust_07011,"The image shows a dirty, littered sidewalk with a murky puddle and scattered trash, evoking a strong sense of urban neglect and filth.",2,2,none,2,4,2,1,1,1,1
fear_11783,"A person is wearing a novelty scarf/fabric printed with a woman's face, creating a surreal, distorted, and uncanny illusion — the mouth area is especially warped and unsettling, producing a mix of humour and mild unease.",4,3,prominent_faces,1,2,4,4,2,2,2
fear_12447,"The image shows a person wearing elaborate skull face paint with a teal wig, evoking an uncanny, macabre aesthetic that blends artistic creativity with unsettling imagery of death/decay.",3,4,prominent_faces,3,3,4,3,1,3,4
excitement_19023,"The image captures two people laughing and sharing a joyful moment at what appears to be a lively nightclub, radiating infectious positive energy and social excitement.",7,4,prominent_faces,1,1,2,5,4,4,4
amusement_13373,"Two smiling adults toasting with dark beers in what appears to be a bar or recreation venue, radiating cheerful social warmth and casual fun.",6,3,prominent_faces,1,1,2,4,4,3,3
awe_06578,"The beach scene with crashing waves, an old wooden boat, a distant lighthouse, and a wide open sky evokes a sense of serene grandeur with mild wistfulness — the expansive seascape and dramatic clouds inspire quiet awe, while the weathered boat adds a note of melancholy beauty.",5,3,people_present,2,1,4,2,3,3,4
anger_08989,"A gleeful toddler crawling and laughing on a sunny pavement radiates pure joy and playfulness, evoking warm amusement and light-hearted excitement.",6,3,prominent_faces,1,1,2,5,4,3,3
disgust_09106,"The image depicts a severely trashed and filthy living space overflowing with garbage bags, pizza boxes, bottles, and debris — an extreme hoarding/neglect scene that is visually repulsive and deeply unsettling, evoking strong negative affect.",1,4,none,3,5,3,1,1,2,1
anger_05669,"A firefighter in protective gear battles a large, aggressive open flame in a brushy wildland setting — the roaring fire dominates the frame, conveying immediate danger, urgency, and high emotional intensity.",2,5,people_present,5,1,3,1,1,5,3
sadness_08500,"A memorial grave site with candles, flowers, and tributes placed reverently on lush green grass evokes quiet grief and solemnity, with the white draped stone monument bearing a signature suggesting mourning for a beloved figure.",2,2,none,1,1,3,1,2,1,4
anger_08703,"A young child playing happily with Angry Birds toys on the floor evokes warmth and lighthearted amusement — the playful scene, superhero shirt, and toy setup create a cheerful, endearing moment.",6,2,prominent_faces,1,1,2,5,5,2,3
awe_11754,"A serene aerial view of a historic hilltop chapel at dusk, surrounded by lush farmland and a distant village under a soft pastel sky — evoking quiet awe and peaceful contentment through grand scale, beauty, and tranquility.",6,2,none,1,1,4,1,4,2,5
disgust_05610,"A dark, close-up macro shot of a spider suspended on a thin web thread against a near-black background evokes unease and mild dread — its leggy silhouette and stark isolation amplify a creeping, threatening quality.",2,4,none,4,3,3,1,1,2,2
sadness_12348,"A crumbling, ivy-covered stone ruin standing alone in an overgrown field evokes a melancholic, desolate atmosphere — the decay, abandonment, and wild vegetation signal neglect and the passage of time.",2,2,none,1,1,2,1,1,1,3
disgust_11020,"A close-up macro shot of a colorful orb-weaver spider centered on its intricate web evokes unease and mild dread — the creature's prominent body, spindly red-striped legs, and sharp focus against a blurred green background make it visually striking but unsettling for many viewers.",2,4,none,4,3,3,1,1,2,
fear_14403,"A figure with dramatic villain-like face paint, dark shadowing, intense glaring eyes, and spiky dark hair stares directly at the viewer from a dark background — evoking menace and unease.",2,4,prominent_faces,4,2,3,1,1,3,3
contentment_13043,"A joyful wedding moment with a smiling bride and groom embracing intimately, surrounded by warm fairy lights and floral decor, evoking deep contentment and romantic warmth.",7,2,prominent_faces,1,1,2,2,5,2,5
sadness_12104,"The close-up of a gorilla's face with downcast eyes and a heavy, brooding expression evokes a sense of quiet melancholy and contemplative solemnity, amplified by the dark, shadowy tones.",2,2,none,2,1,3,1,1,1,3
excitement_14689,"A drag performer in elaborate costume — oversized white wig, sparkling jewellery, gloves, and black corset — laughs openly while tossing glitter in bright sunlight, radiating high-energy festivity and flamboyant joy.",6,5,prominent_faces,1,1,4,5,3,5,4
disgust_10156,"A battered, dirty mailbox knocked over and half-buried in grimy, slushy snow conveys neglect, damage, and desolation — evoking a quietly melancholic, bleak mood.",2,2,none,1,2,2,1,1,1,1
anger_08219,"A man in cosplay (eye patch, tactical gloves, dark jacket) points a prop gun directly at the camera in an aggressive, confrontational pose — evoking tension, intimidation, and mild threat.",2,4,prominent_faces,4,1,3,2,1,4,3
fear_09519,"A lone figure holding a camera stands in a crumbling, abandoned building seen through a dark doorway — the decayed walls, harsh monochrome lighting, and eerie isolation create a strong sense of dread and unease.",2,4,people_present,4,2,3,1,1,2,3
sadness_10732,"A lone figure slumped on a curb in worn clothing with cleaning bottles at their feet suggests urban hardship and social marginalization, evoking a heavy, melancholic mood.",2,2,people_present,2,1,3,1,1,1,3
awe_10352,"A beautifully composed nature photograph of a male Red-winged Blackbird singing atop a cattail stem — the warm, soft bokeh background, vibrant plumage detail, and lively singing pose evoke a serene yet uplifting sense of natural beauty and quiet wonder.",6,2,none,1,1,3,2,4,2,5
disgust_08679,"The image depicts rotting, moldy strawberries alongside a shriveled, dried-out banana peel — decaying food that is visually repulsive and evokes a strong sense of disgust and mild sadness over waste/decay.",2,2,none,1,5,2,1,1,1,2
anger_07437,"A massive, roaring inferno at night with silhouetted figures in the foreground creates an overwhelming sense of danger and grandeur — the scale of the fire, the fire tornado column, and the lone figure standing before it evoke intense arousal with a mix of awe and threat.",3,5,people_present,5,1,5,1,1,5,4
fear_11961,"Three people in elaborate horror-themed costumes (a scary clown, a skull-faced figure, and a creature with a centipede) at what appears to be a comic/horror convention — unsettling and grotesque yet clearly playful and performative, evoking a mix of creepiness and fun.",4,4,prominent_faces,3,3,4,4,2,3,
excitement_09959,A mid-air football clash with players jumping and competing for the ball conveys high physical energy and competitive excitement.,5,4,prominent_faces,2,1,2,3,2,5,3
excitement_11386,"A person standing triumphantly on top of a van with arms raised wide, surrounded by dramatic snow-capped mountains, radiates freedom, exhilaration, and a sense of vast grandeur — evoking strong positive energy and awe at the scale of nature.",6,4,people_present,2,1,4,3,3,5,5
excitement_16436,"A vibrant Pride-style festival scene with elaborately costumed people in feather boas and colorful outfits dancing and socializing in bright sunlight, radiating high energy, joy, and celebration.",6,4,prominent_faces,1,1,3,5,4,5,3
excitement_11104,"A smiling young woman in a stylish outfit at a lively outdoor music festival with colorful flags, sunshine, and crowds — radiating joy, social energy, and festive excitement.",6,4,prominent_faces,1,1,2,4,4,4,4
sadness_10192,"A solitary man in a moody, dimly-lit Gothic archway looks back over his shoulder with a serious, brooding expression, evoking a sense of quiet tension, introspection, and subtle melancholy.",3,2,prominent_faces,2,1,3,1,2,2,4
sadness_08104,"A cracked, weathered gravestone fallen and broken on a grassy cemetery ground evokes quiet melancholy and a sense of neglect, decay, and mortality.",2,2,none,1,1,2,1,1,1,2
sadness_08330,"An abandoned, decayed industrial space strewn with broken glass, rust, graffiti, and debris evokes a strong sense of desolation and unease, with dark tones and threatening disrepair reinforcing negative affect.",2,3,none,4,3,2,1,1,2,2
sadness_06487,"The word ""DIED"" carved into a moss-covered gravestone with a dried, dead autumn leaf resting on it creates a powerful mood of mortality, loss, and melancholy — aesthetically composed but emotionally heavy and somber.",2,2,none,2,1,2,1,1,1,3
excitement_19845,"An aerial acrobat performs a dramatic, graceful pose suspended in a large illuminated circular hoop apparatus against a dark stage backdrop, conveying spectacle, skill, and exhilarating performance energy.",6,4,prominent_faces,2,1,4,3,2,5,4
excitement_08455,"A lively group of young performers in matching pinstripe costumes striking fun, energetic poses on a sunny city street parade, radiating joy and playful camaraderie.",6,4,prominent_faces,1,1,3,5,4,5,4
anger_05771,"A controlled prairie burn with dramatic billowing smoke columns, visible flames, and firefighters in gear creates a scene of high energy and tension — simultaneously awe-inspiring in scale and mildly threatening in nature.",3,4,people_present,4,1,4,1,1,5,4
anger_11304,"A lizard lunging directly at the camera with its mouth wide open in an aggressive threat display creates an intense, confrontational feeling of alarm and unease.",2,5,none,4,2,3,1,1,5,3
excitement_12941,"A smiling young woman playfully running through a vibrant field of yellow wildflowers with a fluffy dog gives the scene a joyful, carefree, and lively quality that radiates warmth and delight.",6,4,prominent_faces,1,1,2,5,4,4,4
contentment_16468,"A neatly plated slice of chocolate cake with a fork and glass of water on a warm marble-toned café table evokes quiet, pleasant contentment — the scene is cozy, appetizing, and relaxed with no tension or excitement.",6,2,none,1,1,2,2,4,1,4
disgust_09419,A carved jack-o'-lantern pumpkin staged to look like it's vomiting its own guts (seeds and stringy flesh) out of its mouth — a humorous Halloween craft that blends mild gross-out disgust with clear comedic intent.,4,3,none,1,4,3,5,2,2,2
awe_13493,"A golden sunset over a calm sea with mountain silhouettes creates a sense of vast, serene grandeur — the warm glow, reflective water path, and sweeping scale inspire quiet awe and deep contentment.",6,2,none,1,1,4,1,5,2,5
anger_06687,"A snarling lion with bared teeth and an open mouth dominates the frame, conveying raw aggression and threat — the dominant feeling is intense alarm or intimidation, amplified by the PTSD/anger-outburst framing in the caption.",2,5,none,5,2,2,1,1,5,2
excitement_08780,"Three people are hamming it up for the camera at what appears to be a lively party — making silly faces, sticking out tongues, and flashing rock-on hand signs — conveying high-energy, lighthearted fun and contagious laughter.",6,4,prominent_faces,1,1,2,5,4,4,3
excitement_19109,"Two young athletes goofing around — one riding on the other's shoulders and pointing at the camera — in a gymnasium setting, conveying clear fun and lighthearted silliness.",6,3,prominent_faces,1,1,2,5,4,4,3
sadness_09484,"A young woman gazes downward with a pensive, melancholic expression in a moody black-and-white portrait; the soft-focus foreground, dark tones, and introspective body language collectively evoke quiet sorrow and emotional withdrawal.",2,2,prominent_faces,1,1,2,1,1,1,4
amusement_15599,"A glowing Ferris wheel with pink/purple lights reflects beautifully on a calm dark waterway at night, evoking a sense of wonder and gentle excitement — visually striking yet serene.",6,3,none,1,1,4,3,3,2,5
amusement_11573,"The scene features quirky, devil-themed stuffed toys with exaggerated goofy expressions — particularly the big red smiley ball — which evokes lighthearted amusement and playful whimsy rather than any genuine threat or negativity.",6,2,none,1,1,3,5,3,2,3
awe_07737,"A lone mountain goat with thick white fleece stands calmly on alpine grass against a soft green forest backdrop — the scene is serene, visually appealing, and gently charming with no threat or unpleasantness.",6,2,none,1,1,3,2,4,2,4
awe_14336,"A sweeping coastal cityscape under a clear blue sky with calm waves, sandy beach, and a modern skyline evokes a sense of serene grandeur and open-air contentment.",6,2,people_present,1,1,4,2,4,2,4
anger_10882,"A large, roaring bonfire in a cluttered backyard very close to a wooden shed and brick wall evokes a sense of danger and unease — the fire is out of control and potentially threatening nearby structures.",2,4,none,4,1,2,1,2,5,2
sadness_07250,"A lone silhouetted figure sits hunched on the floor of a dark corridor, knees drawn up, facing a distant bright window — a classic visual metaphor for isolation, despair, and helplessness, evoking a heavy sense of sorrow.",2,2,people_present,2,1,2,1,1,1,3
anger_11016,"A street protest scene with crowds holding activist banners (SF Tenants Union, Central City SRO Collaborative) and a bold ""ED LEE"" sign, conveying civic tension, collective frustration, and organized dissent rather than joy or calm.",2,4,people_present,2,1,2,1,2,4,2
excitement_10066,"A skilled surfer riding a powerful cresting wave with dynamic movement, vivid green water, and high physical energy — evoking excitement and exhilaration.",6,5,people_present,2,1,3,3,2,5,4
awe_09699,"An elderly couple gazing warmly at each other with genuine smiles evokes a strong sense of love, contentment, and quiet joy — the dominant feeling is tender happiness shared between two people.",6,2,prominent_faces,1,1,2,2,5,2,4
disgust_08440,"The image shows illegal dumping of garbage bags and scattered litter on a rocky outdoor path, evoking a strong sense of disgust and mild frustration at environmental neglect.",2,2,none,2,4,2,1,1,1,1
fear_14955,"A dimly lit gothic interior with a dramatic bird-of-prey sculpture rising from a pedestal, cobwebs, candelabras, and a dark fireplace creates an ominous, foreboding atmosphere that evokes dread and unease.",2,4,none,3,2,4,1,1,3,3
fear_11136,"The image is dark, surreal digital art depicting a contorted, partially nude figure dissolving into a swarm of dark ravens/crows, with blood-like stains and ghostly hands — evoking a strong sense of dread, anguish, and psychological disturbance.",1,5,people_present,5,3,4,1,1,4,3
excitement_12334,"A group of children and adults wade in shallow coastal water while an instructor demonstrates with a seine net, evoking a cheerful, educational outdoor experience full of gentle activity and summer warmth.",6,3,prominent_faces,1,1,2,4,4,3,3
disgust_04898,"The scene depicts an overflowing, broken street trash bin surrounded by litter and graffiti-covered walls in a run-down urban environment, evoking feelings of neglect, decay, and repulsion.",2,2,none,2,4,2,1,1,1,1
awe_12763,"A wedding ceremony in progress — a bride in white, a groom in grey, and an officiant at a podium — evokes warmth, joy, and quiet contentment tied to a meaningful life milestone.",6,2,prominent_faces,1,1,2,1,5,2,4
anger_10050,"The image shows an older man wearing a symbolic chain around his neck and a white tunic reading ""99%"", surrounded by other protesters — evoking feelings of social anger, protest, and injustice rather than positive emotions.",2,4,prominent_faces,2,1,3,1,1,4,2
sadness_11006,"A cemetery gravestone for a couple who lived in the early-to-mid 20th century, inscribed with ""The Lord Is Our Shepherd"" — the scene is quiet, somber, and reflective, evoking a subdued sense of loss and mortality.",2,2,none,1,1,2,1,2,1,3
anger_11460,"A large sculptural installation engulfed in towering flames against a pitch-black night sky, with fireworks bursting overhead and a lone silhouetted figure watching — the dramatic, overwhelming spectacle of fire and light evokes intense, high-energy awe mixed with a hint of unease.",5,5,people_present,4,1,5,2,2,5,5
anger_07376,"A man in a white blazer and clerical collar shouts passionately into a megaphone while pointing upward, conveying forceful, confrontational energy that evokes strong arousal and a mildly negative-to-neutral valence.",3,5,prominent_faces,2,1,3,1,1,5,3
contentment_11944,"A young couple in matching white clothing sit in a sunlit meadow, the man tenderly kissing the woman's cheek while she smiles warmly down at a newborn baby she cradles — the scene radiates quiet joy, intimacy, and new-family contentment.",7,2,prominent_faces,1,1,2,2,5,1,5
awe_06764,"A deep-space astrophotograph of the Horsehead Nebula region in Orion, with vivid crimson nebulosity, brilliant blue-white stars, and an infinite star field — the sheer cosmic scale and otherworldly beauty evoke a profound sense of vastness and wonder.",6,3,none,1,1,5,1,2,2,5
contentment_12441,"Vivid, richly colored orchids in full bloom create a visually lush and pleasing scene that evokes gentle delight and quiet contentment, with no threatening or unpleasant elements present.",6,2,none,1,1,2,1,4,2,5
awe_06670,"The scene depicts ancient castle ruins overlooking a wide river valley with lush green hills, a small village, and a cruise ship — an evocative, historically layered landscape that inspires quiet grandeur and contemplative wonder.",6,2,none,1,1,4,1,3,2,4
sadness_06945,"A weathered bronze funerary statue of a grieving woman seated in a posture of quiet mourning, set against a dark granite monument and shadowy evergreens, evokes a heavy, melancholic solemnity with no warmth or levity.",2,2,none,1,1,3,1,1,1,4
awe_14660,"A man in festive traditional attire (embroidered cap, flowing robe, striped scarf) speaks into a microphone at an outdoor gathering, smiling warmly — the scene radiates cheerful celebration and light-hearted social joy.",6,3,prominent_faces,1,1,3,4,4,3,3
amusement_09868,"A warmly lit Christmas gift tag hanging against a bokeh-filled tree creates a cozy, festive, and gently joyful atmosphere — evoking quiet holiday contentment.",6,2,none,1,1,2,3,5,2,4
fear_09591,"The scene depicts a theatrical/staged violent act — a blood-covered man laughing maniacally while apparently stabbing a prone victim — evoking strong fear and disgust through the graphic simulated gore, menacing expression, and power imbalance between aggressor and victim.",1,5,prominent_faces,5,4,3,1,1,5,2
excitement_15983,"A dynamic sports moment showing a softball player making an overhead catch mid-game, surrounded by teammates and opponents, radiating competitive energy and athletic triumph.",6,4,prominent_faces,1,1,2,3,3,5,4
amusement_09886,"A soft bouquet of pink tulips tied with a satin ribbon alongside a delicate filigree butterfly ornament on a warm wooden surface radiates gentle beauty and calm positivity, evoking a serene, contented feeling.",6,2,none,1,1,2,2,5,1,5
disgust_09390,"The image shows heavily corroded, rusted, and peeling metal/painted surface — visually decayed and deteriorating, evoking a strong sense of disgust and sadness through rot, decay, and ugliness.",2,2,none,2,4,2,1,1,1,1
awe_12359,"The image depicts a vast, sunlit high-altitude mountain landscape with snow-capped peaks and a dramatic lens-flare sun — an awe-inspiring scene of grandeur, openness, and natural majesty that evokes a sense of overwhelming scale and serene beauty.",6,3,people_present,2,1,5,1,2,3,5
contentment_08108,"Two young boys playing at a shallow, crystal-clear tropical beach with a colorful swim ring evokes a strong sense of joy, innocence, and carefree fun in a beautiful, safe setting.",6,3,prominent_faces,1,1,2,5,5,3,4
anger_06593,"A raging wildfire consuming dry grassland and brush, with towering orange flames and billowing smoke, evokes intense threat and danger — the dominant feeling is primal alarm and dread.",2,5,none,5,1,3,1,1,5,2
contentment_13215,"A solitary seagull perched on a weathered rope fence against a vast, misty, overcast beach scene evokes quiet solitude and mild melancholy, with a subdued, peaceful atmosphere.",4,2,none,1,1,2,2,2,2,3
contentment_08229,"A young girl beams with a wide, genuine smile while doing schoolwork, radiating pure joy and warmth — the image evokes a strong sense of innocent delight and cheerful contentment.",7,2,prominent_faces,1,1,2,4,5,2,5
sadness_08769,"A dark, derelict hallway strewn with debris and broken furniture evokes a strong sense of dread and melancholy — the decay, deep shadows, and eerie lone light source at the end of the corridor create an unsettling, foreboding atmosphere.",2,4,none,4,3,3,1,1,2,3
excitement_11646,"A lively group of young people riding in the open bed of a pickup truck, laughing, making gestures, and drinking, conveying a strong sense of fun, social energy, and carefree excitement.",6,4,prominent_faces,2,1,2,5,4,5,3
fear_07599,"A person in heavy dark theatrical/horror makeup with wide dark-rimmed eyes and exaggerated dark lips is grinning wildly at the camera in a grainy black-and-white photo, creating an unsettling, menacing intensity that evokes unease and dread.",2,5,prominent_faces,4,2,3,1,1,5,2
amusement_08857,"A shiny red Christmas ornament nestled in a snow-dusted evergreen tree evokes holiday warmth and quiet festive contentment, with rich color and seasonal symbolism creating a pleasant, cozy mood.",6,2,none,1,1,2,2,5,1,4
excitement_16985,"A woman performing on stage with dynamic lighting, an expressive open mouth suggesting singing, bold styling and vibrant teal stage lighting creates an energetic, exciting performance atmosphere.",6,4,prominent_faces,1,1,3,3,3,5,4
disgust_10669,"The image shows a runner's gear and race bib (number 946) spread out on a red mat on dusty desert ground, evoking the mild excitement and quiet purposefulness of endurance sport preparation, with no threatening or emotionally extreme content.",5,2,none,1,1,2,1,2,2,2
amusement_08433,"The image shows Gru and a Minion character costumes at what appears to be a theme park parade — inherently fun, lighthearted, and energetic, evoking strong amusement and excitement from familiar, beloved animated characters in a lively outdoor setting.",6,4,people_present,1,1,3,5,3,4,3
disgust_04861,"An overflowing, dirty trash can at a gas station evokes a sense of neglect and mild repulsion — the primary affective tone is one of unpleasantness tied to uncleanliness and urban decay.",2,2,none,1,4,1,1,1,1,1
fear_09274,"A highly detailed Full Armor Unicorn Gundam model kit displayed in a glass case evokes excitement and mild awe through its intricate mechanical design, vibrant green and white color scheme, and imposing armament — a collector's showpiece radiating dynamism without any negative content.",6,4,none,1,1,4,3,2,4,4
disgust_08551,"A large, hairy tarantula-like spider photographed up close on dark soil dominates the frame, likely triggering strong aversion and unease in most viewers due to widespread arachnophobia and the creature's imposing, alien appearance.",2,4,none,4,4,3,1,1,2,2
excitement_15984,"A young man performing stand-up comedy on stage with colorful stage lights, holding a mic with an expressive open mouth and a gesturing free hand — the scene radiates lively, humorous energy that invites laughter and engagement.",6,4,prominent_faces,1,1,2,5,3,4,3
amusement_15886,"A smiling gingerbread man held up against warm bokeh Christmas tree lights evokes cozy holiday joy and lighthearted charm — the dominant feeling is cheerful contentment with a playful, festive warmth.",6,2,people_present,1,1,2,4,5,2,4
contentment_11485,"A beautifully arranged Japanese osechi ryori bento box and ozoni soup bowl, with vibrant, jewel-like colors and meticulous presentation, evokes a strong sense of visual pleasure, cultural richness, and calm festive contentment.",6,2,none,1,1,3,2,4,2,5
awe_06936,"A long-exposure coastal sunset photograph with a dramatic orange-gold sky, misty ocean, and a solitary dark cliff — the scene radiates serene grandeur and quiet awe through its vast scale, soft tones, and tranquil stillness.",6,2,none,1,1,4,1,4,2,5
excitement_09185,"A smiling toddler in a colorful snow suit joyfully trudges through deep snow, radiating delight and playful energy in a safe, wintry outdoor setting.",6,4,prominent_faces,1,1,2,5,4,4,4
amusement_10052,"A gleefully smiling toddler playing in a backyard wading pool on a sunny summer day evokes strong warmth, joy, and lighthearted playfulness with no negative elements whatsoever.",7,3,prominent_faces,1,1,2,5,5,3,4
awe_12684,"Cinderella's Castle at Walt Disney World, reflected in calm water under a vivid blue sky, evokes a sense of grandeur, wonder, and magical positivity — the iconic fairy-tale architecture and lush surroundings inspire awe and delight.",6,3,none,1,1,4,3,3,2,5
fear_09095,"A dark, descending wooden tunnel stretching into a vanishing point with dim artificial lights evokes a sense of dread and unease — the claustrophobic, shadow-filled corridor with no visible end feels ominous and foreboding.",2,4,none,4,1,4,1,1,2,3
excitement_12485,"A smiling, energetic performer on stage holding a microphone under dramatic spotlight lighting evokes a strong sense of excitement and joy — the dynamic pose, bright smile, and live-performance context radiate positive, high-energy emotion.",6,4,prominent_faces,1,1,3,3,3,4,4
disgust_06321,"An underwater photo of a crab clinging to a rocky, algae-covered surface — murky, dim, and texturally complex in a way that many find slightly unsettling or repulsive rather than appealing or exciting.",3,2,none,2,3,2,1,1,1,2
sadness_07810,"An aged, weathered cemetery with crumbling and fallen gravestones bathed in late-afternoon light evokes a quiet, melancholic solemnity — the decay and mortality themes pull valence negative while the peaceful setting tempers intensity.",2,2,none,2,1,2,1,2,1,3
sadness_11131,Two candles burning in dim darkness before a framed portrait evokes a memorial or vigil atmosphere — quiet grief and mourning dominate the scene.,2,2,prominent_faces,1,1,2,1,2,1,3
excitement_14904,"A skier in vibrant yellow and red gear carves aggressively through fresh powder on a steep alpine slope under brilliant blue skies, conveying high-energy excitement and exhilaration through dynamic motion, bold colors, and dramatic mountain scenery.",6,5,people_present,2,1,3,3,2,5,5
disgust_10219,A snake photographed close-up on sandy ground evokes a mild but real sense of threat and unease — reptiles trigger instinctive wariness — while the scene itself is fairly static and mundane.,2,3,none,3,2,2,1,1,2,2
contentment_10995,"A smiling adult giving a laughing child a piggyback ride at a sunny beach radiates pure joy, warmth, and familial love — the dominant feeling is heartfelt contentment blended with playful delight.",7,3,prominent_faces,1,1,2,5,5,3,4
amusement_14283,"A smiling young girl rides a seesaw at a colorful playground with other children playing in the background, radiating pure childhood joy and lighthearted fun.",7,3,prominent_faces,1,1,2,5,5,3,4
awe_10132,"A grand, highly organized royal military ceremony at Windsor Castle with rows of ceremonial guards in vivid red uniforms and bearskin hats, a marching band, and a reviewing dignitary under a canopy — the scene radiates pomp, grandeur, and disciplined spectacle that evokes awe and pride.",6,4,people_present,1,1,4,1,2,4,
fear_08136,"A large crocodile photographed up close in dark, shadowy conditions with its scaly body and snout prominently displayed, evoking a strong sense of danger and primal threat.",2,4,none,5,3,3,1,1,2,2
amusement_18940,"Two smiling women posing with Santa Claus in a cheerful holiday setting evokes warmth, celebration, and lighthearted joy.",6,3,prominent_faces,1,1,2,4,5,2,3
sadness_05726,"A black-and-white wartime photograph showing Vietnamese civilians—women and children—on the ground in apparent distress, crying and in anguish, evoking profound grief and suffering.",1,4,prominent_faces,4,1,2,1,1,3,2
contentment_13825,"A solitary hawk perched calmly on a power line against a clear blue sky evokes quiet contentment and peaceful stillness — a simple, clean natural scene with no threat or chaos.",5,2,none,1,1,2,1,3,1,3
sadness_08706,"A weathered stone funerary statue of a grieving woman with downcast eyes, draped in robes and holding a wilted laurel branch, set in a dark monochrome cemetery context — the dominant feeling is profound melancholy and solemnity, evoked by the mourning pose, decay, and somber setting.",2,2,prominent_faces,1,1,3,1,1,1,
fear_08821,"A punk/metal performer with wild pink-and-black spiked hair, face tattoos/markings, mouth open in an intense scream, holding a microphone mid-performance — the scene radiates raw, aggressive energy and high emotional intensity against a loud, chaotic backdrop.",3,5,prominent_faces,3,2,4,2,1,5,3
amusement_14625,"The scene shows a quiet outdoor boat/kayak storage area with a commemorative stone monument, evoking a calm, mildly pleasant sense of leisure and place with no threat or drama.",5,2,none,1,1,2,2,3,2,3
amusement_16329,A charmingly quirky Christmas tree decorated with Star Trek spaceship models instead of traditional ornaments evokes warm holiday nostalgia blended with geeky delight and lighthearted humour.,6,2,none,1,1,4,5,4,2,3
sadness_09043,"A armed soldier in camouflage sits on the back of a military vehicle with a mounted heavy weapon overhead, in an arid conflict-zone landscape — the combination of weaponry, tense body language, and combat setting evokes unease and threat.",2,4,prominent_faces,5,1,3,1,1,3,2
disgust_10056,"A large, detailed close-up of a wolf spider on a weathered wooden surface dominates the frame, evoking a strong visceral reaction of unease and revulsion that many people associate with arachnophobia and disgust.",2,4,none,4,4,2,1,1,2,2
contentment_10012,"A young girl in a school uniform is deeply focused on drawing at a classroom desk, evoking a sense of quiet contentment and innocent industriousness.",6,2,prominent_faces,1,1,2,3,4,2,4
contentment_10619,"A young woman in denim overalls gently cradles a small piglet against her chest in a warm, sunlit farm setting — the tender, nurturing gesture and soft expression evoke a strong sense of gentle contentment and affection.",6,2,prominent_faces,1,1,2,3,5,2,4
amusement_18018,"A glowing Ferris wheel and colorful ride tower at dusk create a festive, vibrant fairground atmosphere against a deep twilight sky — evoking a lively sense of celebration and wonder.",6,4,none,1,1,4,5,3,4,5
disgust_04789,"An overflowing, trash-covered bin on a dark urban street at night evokes a strong sense of grime and neglect, with the dominant feeling being disgust tempered by mild urban melancholy.",2,2,none,2,4,2,1,1,1,1
awe_10144,"A dramatic, mist-shrouded rocky mountain rising from a cold, still fjord with patches of snow evokes a sense of grand, sublime wilderness — imposing scale, moody atmosphere, and austere beauty dominate the scene.",5,3,none,2,1,4,1,1,2,4
awe_07450,"A dramatic aerial view of a serpentine mountain road (likely Stelvio Pass) zigzagging up a vast, sunlit alpine slope evokes a strong sense of grandeur, scale, and wonder — the sweeping curves and immense landscape create feelings of awe and exhilaration.",6,4,none,2,1,5,1,2,4,5
disgust_05279,"The image shows a heavily weathered, paint-peeling door with a tarnished old knob and rusted latch, evoking decay, neglect, and a sense of eerie abandonment — feelings of unease and melancholy dominate.",2,2,none,3,3,2,1,1,1,3
fear_08153,"The image depicts a person lying motionless on the ground with visible blood on their face and hand, strongly evoking distress, danger, and visceral discomfort.",1,5,prominent_faces,5,4,2,1,1,1,1
sadness_07105,"The image shows a partially demolished concrete structure with rubble, twisted rebar, and debris piled in the foreground against a grey sky — evoking a sense of destruction, loss, and desolation.",2,3,none,4,2,2,1,1,2,2
awe_09356,"A sweeping rural sunset with dramatic altocumulus clouds lit in vivid orange and gold over an open pastoral landscape with a windmill and bare trees evokes a sense of vast, quiet grandeur — serene yet stirring in scale and natural beauty.",6,3,none,1,1,4,1,4,2,5
amusement_14808,"The image showcases a vibrant, beautifully arranged beetroot and avocado salad with fresh herbs, radiating freshness and visual appeal through its rich purples, greens, and reds — evoking a strong sense of pleasure and contentment tied to wholesome, appetizing food.",6,2,none,1,1,2,2,4,2,4
anger_07243,"A person in dark gothic clothing snarls aggressively directly at the camera with bared teeth and intense red lips, creating a confrontational, threatening, and slightly unsettling mood.",2,5,prominent_faces,4,2,2,2,1,5,2
excitement_10616,"Children playing soccer outdoors on a sunny day with mountains in the background evokes a light, active, and cheerful mood — energetic but not intense or threatening.",6,3,people_present,1,1,2,4,3,4,3
amusement_09887,"A lively convention scene with people in creative costumes — including a giant cheerful purple mascot costume and armored knights — radiates fun, humor, and festive social energy, evoking strong amusement and excitement.",6,4,prominent_faces,1,1,4,5,4,4,3
sadness_10049,"A lone young man in a dark hoodie stands against a brooding, fog-shrouded coastline at dusk — the cold blue palette, isolation, and overcast atmosphere evoke a quiet melancholy and introspective heaviness.",2,2,prominent_faces,2,1,3,1,1,2,3
awe_06510,"The sweeping glacier cascading between dramatic rocky cliffs, with dark silhouetted conifers in the foreground, evokes a profound sense of grandeur and sublime scale — the dominant feeling is one of awe at nature's raw, imposing magnificence.",6,3,none,2,1,5,1,2,2,5
disgust_09200,A yellow jacket wasp is actively consuming what appears to be a spider or another insect on a plant stem — a visceral predation scene with exposed soft tissue and bodily fluids that is simultaneously biologically fascinating and deeply repulsive.,2,4,none,4,4,3,1,1,3,2
excitement_18563,"A lively nightclub scene where friends are goofing around — one man mock-grabbing another's face while both laugh — radiates loud, boisterous fun and high social energy.",6,4,prominent_faces,1,1,2,5,3,5,2
fear_08049,"A close-up of a snarling monster/werewolf action figure in a suit evokes unease and mild horror — the bared teeth, glowing green eyes, and grotesque face are deliberately threatening and repulsive, though the toy medium softens the intensity slightly.",2,4,none,4,3,3,2,1,3,2
anger_11663,"A street protest scene with people holding yellow signs demanding an end to ""endless war"" in multiple countries — the confrontational political message, crowd tension, and serious subject matter evoke strong negative arousal and a sense of collective anger or frustration.",2,4,prominent_faces,3,1,2,1,1,4,2
excitement_18530,"Two people ride a decorated motorcycle through what appears to be a festive parade, with the passenger laughing joyfully and wearing a whimsical costume (black dress, hat, lace parasol), surrounded by a large cheering crowd — the scene radiates celebratory energy and lighthearted fun.",6,4,prominent_faces,1,1,3,5,3,4,
anger_10219,"A close-up black-and-white photo of a large feline (likely a lioness) with mouth wide open, baring sharp fangs in an aggressive roar directed straight at the viewer — this creates a strong sense of threat and primal fear.",2,5,none,5,1,3,1,1,5,3
amusement_11849,"A flamboyantly costumed drag performer with an enormous teased blonde wig, heavy stage makeup, glittery gold outfit, and a headset mic commands the stage with theatrical energy — the over-the-top spectacle is inherently humorous and entertaining.",6,4,prominent_faces,1,1,4,5,3,4,3
fear_09326,"A decayed, dark, looming haunted house photographed from a low angle at night, with bare dead trees, chains, and a single dim light — evoking dread and unease through its oppressive, threatening atmosphere.",2,4,none,4,2,3,1,1,2,3
disgust_09284,"A dramatic nighttime scene of glowing red-hot coals beneath a smoking grill/pit, lit by a single bright light, evoking a primal, intense, and slightly ominous atmosphere through fire, darkness, and billowing smoke.",4,4,people_present,3,1,4,1,2,4,4
anger_09612,"A large, dense crowd of protesters in what appears to be a Greek city (signs in Greek script), carrying banners with political slogans near a historic white tower — the scene conveys civic tension, collective frustration, and political anger rather than positivity or calm.",2,4,prominent_faces,3,1,2,1,1,4,2
contentment_15834,"Two people sitting on a park bench on a sunny day, turned to look back at the camera with relaxed, slightly playful expressions — evoking a light, pleasant, socially warm mood.",6,2,prominent_faces,1,1,2,3,4,2,3
excitement_10291,"A vibrant outdoor hula dance performance with joyful, energetic women in colorful floral dresses and lei garlands dancing in the street before a lively crowd, evoking festivity and celebratory excitement.",6,4,prominent_faces,1,1,3,4,4,5,4
contentment_14678,"A smiling young man relaxing outdoors with a tablet amid lush tropical greenery conveys a strong sense of contentment and pleasant leisure, with warm, sunlit tones and a carefree atmosphere.",6,2,prominent_faces,1,1,2,2,4,2,4
disgust_08473,"A dense, writhing mass of hundreds of newly-hatched spiderlings clustered together and dispersing across a pale surface triggers strong aversion and unease; the sheer quantity of small crawling creatures is visually repulsive and unsettling for most viewers.",2,4,none,3,5,3,1,1,4,1
amusement_13285,"A striking deep-crimson peony in full bloom against lush green foliage evokes quiet beauty and serene contentment — the rich, velvety petals and intricate golden stamens are visually captivating without being alarming or agitating.",6,2,none,1,1,3,1,4,2,5
awe_14817,"A colony of African penguins perched atop large granite boulders with a vivid blue ocean behind them evokes a sense of delight and gentle wonder — the charming, almost comical line of penguins on the rocks is visually novel and playful against a beautiful natural backdrop.",6,2,none,1,1,4,4,3,2,4
contentment_09358,"The close-up of delicate lavender mint blossoms against lush green foliage evokes quiet, refreshing contentment — the soft colors, gentle textures, and natural harmony are soothing and pleasant without being thrilling.",6,2,none,1,1,2,2,4,2,4
amusement_12584,"A warm, hearty vegetable and cheese omelette served on a plate evokes a sense of contentment and appetite satisfaction — the golden cheese, vibrant broccoli, and rustic egg bowl are visually appealing and comforting.",6,2,none,1,1,2,1,4,2,4
amusement_18455,"A warmly lit, decorated Christmas tree in a cozy home setting with colorful ornaments and twinkling lights evokes a strong sense of contentment, nostalgia, and domestic comfort.",6,2,none,1,1,2,3,5,2,4
disgust_06775,"The scene depicts a desolate, litter-strewn alleyway or abandoned lot with scattered debris, broken materials, and what appears to be makeshift shelter remnants — evoking a strong sense of neglect, poverty, and urban decay that is visually grim and emotionally heavy.",2,2,none,2,4,2,1,1,1,1
excitement_19914,A baseball pitcher in mid-windup under stadium lights with a modest crowd watching evokes mild excitement and engagement — the dynamic athletic pose and live-game atmosphere generate moderate energy and positive arousal without any threat or negative content.,5,3,people_present,1,1,2,2,2,4,3
contentment_13899,"A warm family selfie of two adults and a young child snuggled together on a couch, all smiling genuinely, radiating comfort, closeness, and quiet happiness.",6,2,prominent_faces,1,1,2,3,5,2,4
fear_14446,"A figure in a dark cloak and skull/ghost mask stands in a dimly lit, blue-toned room at night — a classic horror tableau that evokes dread and unease.",2,4,people_present,5,2,3,1,1,2,3
awe_11703,"A sweeping harbor sunset with industrial cranes silhouetted against a vivid orange-to-blue gradient sky, calm reflective water, and jet contrails — the grand, tranquil scale and luminous beauty evoke a sense of quiet vastness and wonder.",6,2,none,1,1,4,1,3,2,5
contentment_13443,"A masked lapwing bird stands alert at the water's edge with its beak open mid-call, displaying vivid yellow facial wattles against calm, softly reflective water — a visually pleasing nature scene that feels peaceful yet lively due to the bird's animated posture.",5,2,none,1,1,3,2,3,2,4
contentment_12843,"Soft pink oleander blossoms against a lush green bokeh background create a gentle, serene, and aesthetically pleasing scene that evokes quiet contentment and natural beauty.",6,2,none,1,1,2,2,4,2,4
disgust_08289,"The extreme close-up of heavily corroded, flaking, rust-eaten metal evokes a sense of decay and repulsion — the dominant feeling is one of deterioration and mild disgust, reinforced by the pitted, scabrous texture and muted, sickly color palette of orange-brown rust against faded paint.",2,2,none,2,4,2,1,1,1,
contentment_11618,"A young woman rests her head gently against a golden retriever's face in a warm, tender moment — evoking quiet comfort and contentment, softened slightly by the presence of a wheelchair user in the background suggesting vulnerability.",6,2,prominent_faces,1,1,2,2,5,1,3
disgust_07106,A close-up macro shot of a spider suspended on its web against a vivid green background evokes a mix of mild dread and revulsion — spiders are a common phobia trigger and the predatory posture with prey in its grasp amplifies the unsettling quality.,2,4,none,4,4,3,1,1,2,3
disgust_07376,"The image shows a person's feet at the edge of a hole in the ground filled with trash and debris, marked with a humorous repurposed fast-food sign — the absurdity and incongruity of the scene creates a darkly comedic, mildly gross impression.",3,3,people_present,2,3,4,4,1,2,2
anger_06291,"A tropical rainforest burning with visible flames and thick smoke billowing upward conveys a strong sense of environmental destruction, threat, and distress — evoking dread and grief over ecological loss.",2,4,none,5,2,2,1,1,4,2
sadness_08920,"The image depicts a derelict, abandoned interior space with debris-strewn floors, peeling ceiling, broken fixtures, and a general atmosphere of decay and neglect, evoking a strong sense of melancholy and desolation.",2,2,none,2,3,2,1,1,1,2
contentment_16205,"A calm, attentive tabby cat with striking green eyes gazes directly at the camera in a cozy indoor setting, evoking a sense of gentle contentment and quiet companionship.",5,2,none,1,1,2,2,4,1,4
contentment_11749,"A beaming toddler with pigtails laughing joyfully in an Ohio State sweatshirt radiates pure, uninhibited delight — the wide smile, sparkling eyes, and carefree pose make this image overwhelmingly warm and positively valenced.",7,4,prominent_faces,1,1,2,5,5,4,4
awe_12553,"A richly saturated HDR autumn landscape with a calm reflective lake, dramatic rocky cliffs, and densely forested hillside evokes a sense of grandeur and serene wonder — the stillness of the water and the vivid, almost otherworldly colors create quiet awe rather than agitation.",6,2,none,1,1,4,1,3,2,5
anger_08570,"A massive industrial fire rages at night, engulfing a large building in intense orange flames with billowing dark smoke — the scene conveys overwhelming danger, destructive power, and alarm.",2,5,none,5,1,3,1,1,5,2
disgust_08654,"The image shows the interior of a heavily rusted, decaying yellow metal bin filled with gravel, crumpled paper scraps, and a cigarette butt — a grimy, neglected, and visually repulsive scene that strongly evokes disgust and a sense of urban decay or sadness.",2,2,none,1,4,2,1,1,1,1
contentment_08177,"Delicate pink crepe myrtle blossoms in late bloom with green seed pods evoke a bittersweet, gently melancholic beauty — the fading petals and transitioning seed pods suggest transience and quiet decay amid soft natural light.",3,2,none,1,1,2,1,3,2,4
fear_07988,"The image depicts a highly realistic figure of Freddy Krueger — a scarred, grotesque horror villain with bloody bladed fingers — evoking strong fear and disgust through menacing posture, graphic wounds, and bladed weapon display.",1,5,prominent_faces,5,5,3,1,1,4,2
disgust_09167,"A dimly lit restaurant scene showing a shared rice dish on a white plate with two glasses of red wine and a person seated across — the intimate dining atmosphere evokes mild contentment, though the dark/grainy image and messy plate reduce aesthetic appeal.",5,2,people_present,1,1,2,2,3,1,2
fear_14601,"The scene shows seals resting on rocks amid calm, sunlit blue water — a peaceful, naturalistic tableau that evokes quiet contentment and mild interest, with gentle rippling water and unhurried wildlife creating a serene, low-energy atmosphere.",5,2,none,1,1,3,2,3,2,3
contentment_15092,"A lone Holstein cow stands calmly on lush green coastal pasture with a misty ocean backdrop, evoking quiet rural contentment and gentle peacefulness.",5,1,none,1,1,2,2,3,1,4
anger_04924,"A car engulfed in massive flames with protest signage, repeated across four panels — the intense fire, destruction, and political unrest context evoke strong negative arousal and threat.",2,5,none,5,2,3,1,1,5,2
anger_09001,"A large, aggressive fire consumes what appear to be beehives in a bush setting — the towering orange flames dominate the frame, conveying danger, destruction, and loss, evoking a strongly negative and threatening emotional response.",2,5,none,5,1,3,1,1,5,2
contentment_09634,"A visibly pregnant woman cradles her belly with a gentle smile near a window — the scene radiates warmth, intimacy, and quiet contentment with no threats or negative elements.",6,2,prominent_faces,1,1,2,1,5,1,4
fear_13746,"The image shows a small photo card being held, depicting dark, gothic-styled figures including a masked/helmeted character with blood-red markings and pale, dark-lipped women — the overall aesthetic is sinister, mysterious, and unsettling, evoking a creepy or threatening mood.",2,4,prominent_faces,4,2,3,1,1,3,3
sadness_09508,"A black-and-white close-up profile of a bearded man gazing upward with a contemplative, slightly melancholic expression — the monochrome palette, shadowed lighting, and distant gaze evoke a pensive, quietly sad or introspective mood.",3,2,prominent_faces,1,1,2,1,2,2,4
amusement_13066,"A cheerful, colourful Christmas-tree ornament of a knitted elf/angel figure surrounded by gold and red baubles evokes festive warmth, lighthearted delight, and a sense of cozy holiday contentment.",6,2,none,1,1,2,4,5,2,4
excitement_16498,"A smiling woman stands triumphantly on dramatic desert rock formations under a blazing sun and vivid blue sky, evoking a strong sense of joy, freedom, and grandeur in the natural landscape.",6,3,prominent_faces,1,1,4,3,4,3,4
anger_07752,"A large nighttime crowd gathered around massive open flames at what appears to be Burning Man, with costumed figures, glowing props, and a palpable sense of ritual spectacle — evoking intense excitement and awe through the combination of fire, darkness, and communal energy.",6,5,people_present,3,1,5,3,2,5,4
amusement_11806,"A richly decorated Christmas advent calendar scene featuring a glowing ornament-laden tree, a vintage red vehicle loaded with gifts, Santa visible inside, and a starry night sky — evoking festive joy, childlike wonder, and holiday warmth.",7,4,people_present,1,1,4,5,5,4,5
contentment_15925,"A cheerful young girl wearing a sparkly tiara sits safely buckled in a car seat, smiling warmly while holding a toy — the scene radiates innocent joy and gentle warmth.",6,2,prominent_faces,1,1,2,4,5,2,3
awe_13589,"A serene, sun-lit winter landscape with spiraling tire tracks on a snow-covered hillside and a broad scenic vista evokes a calm sense of wonder and peaceful beauty, with mild visual interest from the curving patterns.",6,2,none,1,1,3,2,3,2,4
amusement_12221,"A lively Halloween costume party with laughing, smiling people in fun costumes (Little Miss Sunshine, sheep, priest, Superman) holding drinks — the scene radiates high social energy, humor, and carefree celebration.",6,4,prominent_faces,1,1,3,5,4,4,3
awe_11306,"A sweeping panoramic view of the Grand Canyon under brooding storm clouds evokes overwhelming grandeur and vastness — the sheer scale of ancient layered rock, the dramatic moody sky, and the depth of the canyon combine to produce a sense of awe-inspiring magnificence tinged with the sublime tension of an approaching storm.",6,4,none,2,1,5,1,2,4,
anger_05507,"A shaved-head woman is captured mid-shout in profile against vivid neon pink/yellow lighting, conveying raw, high-energy intensity — the open mouth, tense expression, and bold colors collectively project a forceful, activating emotional charge.",2,5,prominent_faces,3,1,3,1,2,5,4
amusement_18847,"The image shows a Coca-Cola branded roller coaster car at what appears to be a trade show or expo, with a fun fairground backdrop showing excited riders — the combination of a recognizable brand, amusement park context, and bright colors evokes a lighthearted, fun, and mildly stimulating mood.",6,3,people_present,1,1,3,4,3,3,
excitement_13434,"A grinning man in a flamboyant red curly wig, blue sunglasses, and an orange feather boa waves at the camera in what appears to be a festive parade setting, radiating fun and lighthearted silliness.",6,4,prominent_faces,1,1,3,5,4,4,3
amusement_10777,"Young cheerleaders in matching red-and-black uniforms performing in a gym evokes spirited, upbeat excitement — the coordinated poses, pom-poms, and energetic body language radiate enthusiasm and youthful fun.",6,4,prominent_faces,1,1,2,4,4,4,3
sadness_10607,"The image shows a collapsed, heavily damaged interior — likely a school gymnasium or auditorium — with debris, fallen wooden panels, and structural destruction, evoking a strong sense of loss, ruin, and desolation.",2,3,none,4,2,3,1,1,2,2
excitement_14544,"A joyful wedding celebration with confetti/petals showering a smiling bride and groom surrounded by cheering guests, radiating happiness, festivity, and warmth.",7,4,prominent_faces,1,1,2,4,5,4,4
excitement_09835,"A lone musician plays acoustic guitar outdoors at golden hour, gazing upward with an expression of absorbed passion — evoking a sense of contentment and quiet inspiration rather than high-energy excitement.",6,2,prominent_faces,1,1,2,2,4,2,4
anger_07416,"Two rhinoceroses pressing their heads together in what appears to be a confrontational or sparring posture — the raw power, tension, and imposing physicality of these massive animals creates a sense of intensity and mild threat, tempered by the naturalistic setting.",3,4,none,3,1,3,1,1,4,3
fear_09316,"A black cat with glowing red eyes lurking in dark, tangled branches creates a deeply unsettling, ominous atmosphere — the combination of darkness, predatory stare, and gothic composition strongly evokes dread and unease.",2,4,none,4,1,3,1,1,3,3
fear_07398,"The image appears to be a theatrical or film performance depicting a bloody, violent scene — one figure looms over another with blood-covered hands and clothing, evoking strong feelings of threat, menace, and revulsion, though the performative context adds a layer of staged intensity.",2,5,prominent_faces,5,4,3,1,1,5,2
anger_08349,"A heavily made-up, monstrous face staring wide-eyed and snarling directly at the camera in a dark, shadowy black-and-white still — classic horror imagery designed to provoke visceral dread.",1,5,prominent_faces,5,3,3,1,1,4,2
fear_07480,"The blurred, monochrome image of a weathered, ornate wooden door overgrown with bare, grasping vines evokes a sense of foreboding and melancholy — the motion blur and skeletal branches create an unsettling, haunted atmosphere.",2,3,none,3,1,3,1,1,2,3
disgust_09619,"A lone frog perched on a broad lily pad amid a murky, duckweed-covered pond evokes a quiet, slightly eerie naturalistic calm — serene yet tinged with the rawness of a dark, stagnant wetland environment.",4,2,none,1,2,2,2,2,1,4
sadness_10434,"The ancient Mayan temple rising dramatically under heavy storm clouds, surrounded by jungle and weathered ruins, evokes a sense of awe and somber grandeur — the moody overcast sky and scale of the monument create an atmosphere that is impressive yet slightly ominous.",5,3,none,2,1,5,1,2,2,4
excitement_08921,"A joyful, energetic performer is dancing and smiling on a lit stage, radiating infectious enthusiasm and positive energy that strongly evokes excitement and amusement.",6,4,prominent_faces,1,1,2,4,4,5,4
contentment_12994,"A young child sits cross-legged on a beautifully patterned mosaic floor, quietly absorbed in examining or adjusting her sandal — the scene radiates gentle contentment, innocence, and quiet warmth with soft dappled light.",6,1,prominent_faces,1,1,2,3,5,1,4
amusement_09781,"A brightly costumed clown making balloon animals in a busy public square radiates lighthearted fun and festivity, making amusement the dominant feeling.",6,3,prominent_faces,1,1,3,5,3,3,3
contentment_09306,"A young man resting peacefully in a turquoise hammock outdoors among green foliage conveys deep relaxation and contentment, with soft natural light and a serene, unhurried atmosphere.",6,1,prominent_faces,1,1,2,2,4,1,4
sadness_08491,"Ancient stone ruins under a heavy overcast sky evoke a melancholic, solemn atmosphere — the crumbling gothic arches, muted tones, and empty green lawn suggest quiet desolation and the passage of time.",2,2,none,1,1,3,1,1,1,3
contentment_10624,"A lone silhouetted figure stands arms wide open on a beach against a blazing orange-red sunset over the ocean — a visually striking, expansive, and uplifting scene that evokes a profound sense of freedom and grandeur.",6,4,people_present,1,1,4,2,4,4,5
disgust_05242,"A cluster of overripe, withering rose hips amid lush green foliage evokes a quietly melancholic yet natural beauty — the decaying fruit contrasts with vibrant leaves, suggesting the passage of seasons and organic decay without being alarming or threatening.",3,2,none,1,3,2,1,2,1,3
anger_08448,"A NYC yellow taxi engulfed in flames and smoke in the middle of a city street — a dramatic, dangerous, and alarming scene that evokes strong threat and urgency.",2,5,none,5,2,3,1,1,5,2
disgust_10021,"Decaying, partially decomposed mushrooms amid dead leaves and sparse vegetation evoke a sense of rot and organic decline, with muted, drab tones and no clear focal point of beauty or danger — the dominant feeling is mild repulsion combined with melancholy.",2,2,none,1,4,2,1,1,1,2
anger_09370,"The image shows two close-up shots of lions — one male with a mane gazing intensely, and one (likely female) with mouth open baring sharp teeth — conveying raw predatory power and latent threat, evoking tension and unease rather than warmth or joy.",2,4,none,4,1,3,1,1,4,4
contentment_09911,"A vibrant autumn forest canopy bursting with reds, oranges, yellows, and greens under a clear blue sky evokes a serene yet visually stunning sense of seasonal beauty and natural grandeur.",6,2,none,1,1,4,1,4,2,5
fear_12287,"A horror VHS cover titled ""SideShow: Freak Out!"" featuring grotesquely disfigured, monster-like faces with diseased, rotting skin behind theatrical red curtains — designed to disturb and unsettle the viewer with visceral, repulsive imagery.",2,4,prominent_faces,4,5,3,1,1,3,2
disgust_08130,"Raw, bloody cuts of meat piled on dark smoky shelves evoke a strong sense of repulsion and unease, dominated by the visceral display of animal carcass parts in a grim, dimly lit environment.",2,3,none,2,5,2,1,1,2,1
contentment_07409,"A vivid yellow flower in sharp focus against lush green foliage with a dreamy bokeh background evokes a sense of gentle contentment and natural beauty — calm, pleasant, and visually appealing without any tension or urgency.",6,2,none,1,1,2,2,4,2,4
fear_12806,"A figure with a fully bandaged face, dark goggle-like glasses, and an ominous shadow looming behind creates a deeply unsettling, threatening atmosphere reminiscent of classic horror imagery.",2,4,prominent_faces,4,2,4,1,1,3,3
excitement_14985,"A young woman's face fills the frame with wide, bulging eyes and a wide-open screaming mouth, conveying intense, high-energy surprise or excitement — the exaggerated expression is playful and theatrical rather than genuinely distressing, set in a cozy book-lined room.",6,5,prominent_faces,1,1,3,5,3,5,3
awe_06482,"A dramatic, snow-covered mountain peak bathed in warm golden-hour light against a brooding grey sky evokes a sense of overwhelming grandeur and sublime vastness, inspiring awe through scale, ruggedness, and the tension between warmth and cold.",6,4,none,2,1,5,1,2,3,5
anger_11053,"The image shows an anti-war protest with people carrying politically charged signs demanding an end to U.S. military involvement, evoking strong feelings of frustration, indignation, and collective anger over perceived injustice.",2,4,prominent_faces,2,1,2,1,1,4,2
disgust_10857,"A young man is submerged in a bathtub filled with murky water and floating rubbish/trash (wrappers, food waste, bottles, paper), creating a striking and repulsive scene that is simultaneously absurd and unsettling, evoking strong disgust with an undercurrent of dark humour.",2,4,prominent_faces,3,5,4,2,1,2,
fear_09994,"A person in a dramatic vampire/villain costume with white face paint, snarling expression, and black cape poses menacingly under a red lantern in darkness, evoking a strong spooky/threatening atmosphere typical of Halloween horror entertainment.",2,4,prominent_faces,4,2,3,2,1,4,3
awe_10580,"A grand, ancient stone church with a tall clock tower, Gothic arched windows, and a graveyard in the foreground under a bright blue sky evokes a sense of quiet reverence and serene grandeur — the combination of historic scale, solemnity, and pleasant sunlit conditions produces a calm yet mildly awe-inspiring emotional tone.",5,2,none,1,1,4,1,3,2,
awe_13566,"A tall foxglove in full bloom dominates the frame against a soft, lush green garden backdrop — serene, beautiful, and gently uplifting, evoking quiet contentment and natural beauty.",6,2,none,1,1,2,1,4,2,5
excitement_11147,"A vibrant Pride parade filled with people waving rainbow flags, wearing matching white shirts, and carrying a ""You Are Empowered – Happy Pride from Wells Fargo"" banner evokes strong positive energy, community celebration, and joyful collective movement.",7,5,prominent_faces,1,1,3,5,5,5,4
awe_06544,A majestic medieval castle and hilltop village set against snow-capped mountains with lush spring foliage in the foreground evokes grandeur and serene wonder — the scene is visually stunning and expansive but tranquil.,6,2,none,1,1,5,1,3,2,5
anger_08638,"The scene depicts a tense street protest with crowds, police in high-vis jackets, and confrontational body language, evoking a strong sense of collective agitation and social conflict.",2,5,prominent_faces,4,1,2,1,1,5,2
sadness_09600,"A close-up black-and-white portrait of a person with a single tear rolling down their cheek conveys deep emotional pain and grief, with the stark monochrome rendering amplifying the sense of sorrow and vulnerability.",2,2,prominent_faces,1,1,2,1,1,1,4
sadness_12755,"A close-up black-and-white portrait of a person with tears streaming down their face conveys deep emotional pain and sorrow, with the raw vulnerability of the close crop amplifying the sense of grief.",1,3,prominent_faces,1,1,2,1,1,2,3
awe_11514,"A serene golden sunset over calm water with silhouetted boats and passengers evokes deep tranquility and a sense of wonder — the warm glowing light, mirror-like reflections, and quiet human presence combine to produce a predominantly peaceful yet spiritually stirring feeling.",6,2,people_present,1,1,4,1,5,2,5
disgust_05668,"A large, unsightly pile of black garbage bags dumped on a city sidewalk dominates the foreground, evoking mild disgust and urban disorder, while the overcast day and mundane street scene keep energy and valence low.",2,2,people_present,1,4,2,1,1,2,1
disgust_07940,"A lone pedestrian in vivid red pants walks away under an umbrella past a large mound of black garbage bags on a grey, rainy urban sidewalk — the contrast of colour against grime and decay evokes a mildly melancholic yet slightly wry urban moment.",3,2,people_present,1,4,3,2,1,2,3
excitement_15663,"Two people are laughing and hugging exuberantly in what appears to be a festive outdoor setting, radiating infectious joy, warmth, and high-energy social bonding.",7,5,prominent_faces,1,1,2,5,5,5,4
contentment_10128,"A gently flowing forest stream winding through a canopy of vivid autumn foliage in gold, orange, and red evokes a serene, beautiful, and quietly uplifting mood with a sense of grandeur in nature's seasonal spectacle.",6,2,none,1,1,4,1,5,2,5
fear_08894,"A man in a white lab coat and surgical mask is drenched in realistic-looking fake blood, holding what appears to be a bloody prop organ — a Halloween/horror costume that is visually disturbing and viscerally repulsive, triggering strong disgust and unease.",2,4,prominent_faces,4,5,3,2,1,3,1
amusement_14606,A snow-dusted Christmas tree adorned with warm glowing lights and classic red-and-gold ornaments radiates festive coziness and quiet holiday contentment.,6,2,none,1,1,2,3,5,2,5
anger_09466,"A large, roaring fire engulfs tree branches at night with intense orange-red flames and smoke, creating a visceral sense of danger and raw elemental power.",2,5,people_present,5,1,3,1,2,5,2
fear_09966,"An extreme macro close-up of a dragonfly's compound eye and hairy thorax fills the frame — the alien, insectoid detail and unexpected intimacy with a creature most people find unsettling is likely to trigger mild disgust or fear rather than warmth or joy.",2,4,none,3,3,4,1,1,2,3
awe_06623,"A steam train winding through a vast, open highland landscape with dramatic mountains and expansive sky evokes a sense of grandeur and wonder — the scale of nature dwarfs the train, creating a majestic, awe-inspiring scene with a peaceful, timeless quality.",6,3,none,1,1,4,1,2,3,4
anger_06015,"A grey cat with its mouth wide open, teeth and tongue fully visible, and wide yellow eyes creates an expression that reads as hilariously expressive and almost ""laughing,"" making the scene highly amusing and playful despite the slightly alarming open-mouthed pose.",6,4,none,2,1,3,5,3,4,3
excitement_09529,"The image is a colourful, lively Kannada film promotional poster featuring a joyfully jumping man, a serene illustrated woman's face surrounded by flowers, and festive typography — evoking cheerful, celebratory energy with bright colours and playful composition.",6,3,prominent_faces,1,1,2,4,4,3,3
excitement_17532,"A smiling woman in a vivid carnival/pride costume — rainbow feathered masquerade mask, fairy wings, colorful bead necklaces — radiates festive joy and high-energy celebration, evoking strong positive arousal.",7,4,prominent_faces,1,1,4,5,4,5,4
contentment_11770,"A tender slow dance between a man in a tuxedo and a woman in a teal dress at what appears to be a wedding reception, surrounded by smiling onlookers and a chandelier-lit ballroom — evoking warmth, intimacy, and quiet joy.",6,2,prominent_faces,1,1,2,2,5,2,4
contentment_08212,"A beautiful white cat with striking blue eyes sits calmly among lush green grass and wild plants, evoking a gentle sense of contentment and natural charm.",6,2,none,1,1,2,2,4,2,4
contentment_12345,"Three young boys sitting on a step in front of an ornate carved wooden door, smiling and posing playfully — the scene radiates lighthearted joy and carefree childhood fun.",6,3,prominent_faces,1,1,2,5,4,3,4
disgust_04882,"A close-up macro shot of a spider perched on a vivid green leaf, with its dramatic shadow cast below — the combination of an arachnid subject, tight framing, and dark background creates a subtly unsettling, creepy atmosphere with notable visual artistry.",2,4,none,3,3,4,1,1,2,4
disgust_10884,"A graffiti-covered trash bin at night evokes a sense of urban neglect and vandalism — the chaotic scrawls, garbage bags, and dirty setting create a mildly negative, low-energy, somewhat repulsive atmosphere.",2,2,none,2,3,2,1,1,2,1
sadness_08896,"The image shows a severely fire-damaged and partially collapsed building facade on what appears to be a UK high street, evoking a strong sense of loss, destruction, and distress — the charred, crumbling structure contrasts sharply with the intact neighboring buildings.",2,3,none,4,2,3,1,1,2,2
awe_13803,"A breathtaking view of the Lower Falls of the Grand Canyon of Yellowstone, with a rainbow formed in the mist, towering canyon walls, rushing water, and hikers descending steep metal stairs — the sheer scale, natural grandeur, and slight edge of vertigo create an overwhelming sense of wonder mixed with mild exhilaration.",6,4,people_present,2,1,5,1,2,4,
fear_06988,"An abandoned, heavily rusted and shattered CRT monitor dumped in the dirt among dead leaves evokes a strong sense of decay, waste, and neglect — the dominant feeling is one of melancholy and mild repulsion at the degradation and environmental pollution.",2,2,none,2,4,2,1,1,1,1
disgust_06535,"The image shows discarded pink high heels, a crushed cup, and an empty beer can left on top of a trash bin at night — evoking a sense of neglect, mild disgust, and melancholy, with an ironic/darkly humorous undertone.",2,2,none,1,3,3,2,1,1,2
sadness_10940,"A golden-brown dog perched on a sofa gazing longingly out a glass door evokes gentle wistfulness and mild amusement — the pose is endearingly curious and slightly comical, conveying quiet yearning rather than distress.",5,2,none,1,1,2,3,4,2,3
awe_13338,"A sweeping Alpine valley panorama with lush green meadows, charming village clusters, and layered mountain peaks under a clear blue sky evokes a profound sense of serene grandeur and natural beauty.",6,2,none,1,1,4,1,4,2,5
amusement_17430,"A young woman smiles confidently at what appears to be a glamorous red-carpet movie premiere, surrounded by an energetic crowd, evoking a strong sense of excitement and positive social energy.",6,4,prominent_faces,1,1,2,3,3,4,4
sadness_11081,"A chubby-cheeked toddler in a stroller leans over the tray with a focused, slightly pouty expression, wearing tiny red Crocs — an inherently endearing and lighthearted scene that radiates warmth and gentle amusement.",6,2,prominent_faces,1,1,2,4,5,2,4
anger_06544,"A massive wildfire engulfs a forested mountainside, with billowing orange-tinged smoke columns dominating the sky — the scene is visually dramatic, environmentally threatening, and conveys imminent destruction and danger.",2,5,none,5,1,4,1,1,5,3
sadness_09830,"The image depicts a dilapidated, abandoned building with peeling paint, rusted corrugated roofing, and scrawled graffiti (""WANTED""), evoking a strong sense of neglect, decay, and desolation that pulls toward sadness and mild unease.",2,2,none,2,3,2,1,1,1,1
amusement_13975,"An elaborately decorated front yard overflowing with hundreds of colourful Christmas lights, glowing figurines, and snow creates a dazzling, festive spectacle that feels joyful, visually overwhelming in a positive way, and slightly awe-inspiring in its sheer scale and density.",6,4,none,1,1,4,5,5,4,4
sadness_06080,"A man and a small dark cat figurine both peer through wooden window blinds toward outside light, creating a quietly humorous and cozy domestic moment with a sense of shared curiosity.",6,2,prominent_faces,1,1,3,4,4,2,3
amusement_18498,"Two young girls with vibrant face paint (butterfly/cat and tiger) smiling outdoors at what appears to be a fun event, radiating joy, playfulness, and carefree childhood delight.",7,3,prominent_faces,1,1,3,5,5,3,4
disgust_05945,"A large, dark, glossy spider resting among dead leaves evokes a strong fear/disgust response — its close-up, predatory appearance and venomous associations make it unsettling and repulsive to most viewers.",2,4,none,4,4,3,1,1,2,2
awe_10178,"The image depicts a grand, ornately decorated Thai Buddhist temple (likely Wat Arun in Bangkok) with a gleaming golden Buddha statue in the foreground, photographed from a dramatic low angle against a deep blue sky — a composition that evokes reverence, grandeur, and spiritual awe.",6,4,none,1,1,5,1,3,2,5
excitement_15092,"A vibrant parade performer in a white dress with massive rainbow feathered wings radiates joyful energy and celebration, generating a strong sense of excitement and festive exuberance.",7,5,prominent_faces,1,1,4,5,4,5,5
anger_05425,"A snarling tiger filling the frame with bared fangs and an aggressive facial expression creates an immediate sense of threat and danger, dominating the viewer's attention with raw predatory intensity.",2,5,none,5,1,3,1,1,5,4
anger_10478,"A young male lion with wide-open jaws exposing large fangs and a dark mottled tongue dominates the frame — the raw display of predatory power and sharp teeth creates a visceral sense of threat and intimidation, elevating arousal and negative valence despite the animal's possible yawn.",2,5,none,4,2,3,1,1,5,3
amusement_09113,"A large Ferris wheel dominates a sunny blue-sky fairground scene with market stalls and palm trees, evoking a lively, cheerful leisure atmosphere with a sense of grandeur and festive energy.",6,3,none,1,1,3,4,4,3,3
fear_13759,"A vividly backlit orb-weaver spider clutching its prey on a glistening web evokes a strong mix of unease and visceral fascination — the predatory act, the spider's prominence, and the close-up macro framing make this simultaneously repulsive and aesthetically striking.",2,4,none,4,4,3,1,1,3,3
fear_09330,"A large garden spider photographed close-up on its web against a clear blue sky evokes a visceral mix of unease and mild awe — the creature's detailed, looming body and spindly legs trigger instinctive arachnophobic discomfort and a low-level threat response.",2,4,none,4,3,3,1,1,2,2
disgust_05934,"A large, plump green caterpillar (likely a sphinx moth larva) clinging to reddish plant stems evokes mild unease and disgust in many viewers due to its slimy, segmented appearance and large size, while also carrying some natural curiosity.",3,3,none,2,3,3,1,2,2,3
amusement_09603,"The image shows a vintage ""Galaxy"" roller coaster sign at what appears to be an older or slightly run-down amusement park, evoking a mix of nostalgic excitement and slight melancholy from the weathered, faded aesthetic.",5,3,none,1,1,3,4,2,3,3
amusement_16440,"A selective-colour holiday still life — a glowing tealight candle amid silver baubles and a vivid blue glitter star ornament in snow — evokes quiet festive warmth and gentle contentment, with the soft candlelight as the emotional focal point.",6,2,none,1,1,3,2,5,2,4
amusement_15455,"A vividly repainted Soviet-era MiG-21 jet fighter in bold primary colours (blue, yellow, red) sits statically on a concrete apron — the striking, unusual livery and recognisable warplane form combine novelty/excitement with a playful, almost cartoonish energy.",6,4,none,2,1,4,4,2,3,4
disgust_09761,"The black-and-white image shows a desiccated, decomposed carcass of a small animal on rough pavement — the decayed, twisted remains evoke strong disgust and a sense of morbid unpleasantness with little to no positive valence.",1,3,none,2,5,2,1,1,1,1
excitement_12827,"A joyful Pride parade scene with two smiling people embracing in the foreground, colorful rainbow flags, festive crowd energy, and celebratory atmosphere radiating happiness and inclusion.",6,4,prominent_faces,1,1,2,5,4,4,4
anger_08299,"A man dramatically throws open his shirt to reveal an ""Unleash the Albino Fury"" t-shirt while shouting, creating a comedic, over-the-top performative moment that reads as playful and entertaining rather than genuinely threatening.",6,4,prominent_faces,1,1,3,5,2,5,2
contentment_09877,"A lone figure sits peacefully on a bench gazing at a vast, sunlit Alpine valley blanketed in snow with dramatic mountain peaks — the scene evokes serene contemplation and quiet grandeur, balancing warmth of solitude with the awe of immense natural scale.",6,2,people_present,1,1,4,1,3,2,5
anger_09550,"A car is engulfed in massive, roaring flames with thick black smoke billowing into a rainy sky at a busy intersection, while a lone person stands dangerously close — conveying intense threat, danger, and dramatic tension.",2,5,people_present,5,2,4,1,1,5,3
sadness_11670,"A weathered stone angel kneeling in prayer against a dark, shadowy backdrop of bare branches and dense foliage evokes solemn reverence and melancholy — the monochrome palette, funerary context, and upward-gazing supplication combine to produce a quietly mournful yet transcendent emotional tone.",3,2,none,1,1,4,1,2,1,
amusement_18371,"A cheerful young girl with bright blue eyes is beaming a wide, carefree smile while wearing a colorful citrus-print sun hat outdoors — the dominant feeling is pure, lighthearted joy and delight.",7,3,prominent_faces,1,1,2,5,5,3,4
amusement_12455,"A close-up spread of freshly prepared bruschetta with vibrant red tomatoes and white cheese evokes appetite appeal and quiet contentment — warm, inviting, and visually satisfying without any tension or drama.",6,2,none,1,1,2,2,4,2,4
fear_12676,"The image depicts heavy, rusted metal security grates and bars over a brick wall with a stark red background — a scene evoking confinement, urban decay, and inaccessibility, creating a tense, somewhat oppressive atmosphere.",2,3,none,3,2,2,1,1,2,2
contentment_10205,"Two elderly people sharing a warm, joyful moment over tea — both laughing and visibly at ease — radiates genuine happiness, comfort, and connection.",6,2,prominent_faces,1,1,2,3,5,2,4
amusement_12877,"Two adults and a baby stand in a decorated indoor space — the neutral-to-serious facial expressions, lack of smiling, and subdued body language create a mildly melancholic or discontented mood despite the colorful hanging decorations in the background.",3,2,prominent_faces,1,1,2,2,3,2,3
fear_06658,"A creepy evil-looking clown doll with sharp teeth, menacing eyes, and cracked face paint dominates the frame, evoking strong unease and dread through its uncanny, threatening appearance.",2,4,none,4,3,3,1,1,2,2
sadness_11493,"A decaying, abandoned wooden boat half-submerged in shallow mudflats, shot in stark black-and-white, evokes a strong sense of desolation, loss, and melancholy — the vessel's deterioration and isolation dominate the emotional tone.",2,2,none,1,2,2,1,1,1,3
awe_13272,"A powerful multi-tiered waterfall cascades over mossy rocks amid lush green vegetation and wildflowers, with a small rainbow forming in the mist — a scene of grand natural beauty that evokes wonder and serene majesty.",6,3,none,1,1,4,2,3,4,5
fear_10391,"A dark, dimly lit horror figurine of a Frankenstein-like monster in a suit evokes unease and mild dread through its ghoulish pallid face, dark shadows, and macabre aesthetic.",2,3,none,3,3,3,2,1,2,2
awe_06751,"A sweeping pier stretching toward a blazing golden sunset over open water, with dramatic luminous clouds — the vast scale, radiant light, and serene grandeur evoke a profound sense of wonder and peaceful transcendence.",6,3,none,1,1,5,1,4,3,5
amusement_14558,"A lively pen of colorful roosters, hens, and ducks on straw at what appears to be a poultry fair — energetic and visually interesting but entirely ordinary farm life, evoking mild amusement and light curiosity.",5,3,people_present,1,1,2,3,3,3,3
disgust_09614,A Christmas tree worm (Spirobranchus giganteus) nestled in pale coral evokes quiet wonder — the intricate spiral plumes against the textured reef create a sense of calm discovery and subtle natural beauty.,5,2,none,1,1,4,2,3,1,4
awe_14597,"A burrowing owl is hilariously pressed up against a tiny wooden signpost as if reading or leaning on it — the quirky, almost human-like posture in a calm natural setting makes this image predominantly amusing and charming.",6,2,none,1,1,3,4,3,2,4
anger_07860,"A person in a soaked shirt and festive elf hat is mid-shout with arms thrown wide, clearly reacting to the shock of cold water in what appears to be a polar plunge — the combination of playful costume, dramatic expression, and high-energy physical reaction evokes energetic, humorous excitement.",6,5,prominent_faces,1,1,3,5,3,5,
anger_06158,"A lioness with jaws wide open, exposing large fangs and teeth in an aggressive roar — the dominant feeling is visceral threat and alarm, driven by the animal's intimidating open-mouthed display directed straight at the viewer.",2,5,none,5,2,3,1,1,5,3
amusement_19380,"The image shows Coney Island's Wonder Wheel amusement park on an overcast day — a lively, nostalgic fairground scene with colorful rides and people strolling, evoking a sense of fun and mild excitement tempered by the grey sky.",6,3,people_present,1,1,3,4,3,3,3
disgust_04590,"A small green spider on a leaf with a dramatic shadow cast behind it — the close-up of an arachnid triggers mild unease and creepiness for many viewers, with disgust and low-grade fear as dominant responses, though the natural macro setting keeps it from being intensely threatening.",2,3,none,3,3,3,1,1,2,2
disgust_09158,"A dense pile of rotting, blemished pears and fallen fruit on the ground, mottled with decay and purple leaves, evokes a strong sense of organic decomposition and waste — primarily unpleasant and mildly repulsive.",2,2,none,1,4,2,1,1,1,2
amusement_16243,"A sun-drenched field of vivid golden California poppies stretching into the distance alongside desert cacti under a blue sky evokes a strong sense of natural beauty, serenity, and uplifting wonder.",6,2,none,1,1,4,2,4,2,5
fear_06966,"A massive, dramatically lit dinosaur skull fossil dominates the frame — its ancient scale, dark moody lighting, and hollow eye sockets evoke a sense of awe and perhaps mild unease, driven primarily by the grandeur and strangeness of the prehistoric remains.",5,3,none,2,1,5,1,2,2,4
excitement_19335,"A vibrant carnival/pride parade scene with elaborately costumed performers in feathered outfits, a rainbow flag, and a sunny plaza setting — the dominant feeling is joyful excitement and celebratory energy.",6,4,prominent_faces,1,1,3,5,4,5,4
disgust_05700,"Overflowing rubbish bins with visible waste and litter evoke a sense of disorder and mild repulsion, dominated by the unpleasant sight of garbage spilling out in a mundane urban setting.",2,2,none,1,4,1,1,1,1,1
disgust_10427,"The image shows a dark, water-filled underground pit or sewer chamber with stagnant black water, grimy brickwork, and a cracked concrete slab — evoking a strong sense of repulsion and unease due to the filthy, enclosed, and potentially hazardous environment.",2,3,none,4,4,2,1,1,1,1
excitement_19039,"A tattooed guitarist performs on a dimly lit club stage with purple lighting and a Teva brand backdrop, striking a cool, expressive pose — evoking excitement and lively energy from a live music performance.",6,4,prominent_faces,1,1,3,3,3,4,3
amusement_15382,"A baby looking slightly uncertain or unimpressed while being held by a Santa Claus figure in front of a decorated Christmas tree evokes a warm, festive, and mildly amusing scene — the baby's serious expression contrasts humorously with the cheerful holiday setting.",6,2,prominent_faces,1,1,2,4,5,2,3
awe_09562,"The sweeping, otherworldly panorama of Bryce Canyon's hoodoos bathed in warm golden-pink light conveys overwhelming grandeur and scale, evoking a sense of sublime wonder at nature's vast, alien beauty.",6,4,none,1,1,5,1,4,3,5
sadness_07412,"The close-up of fallen, withered leaves on a mossy, weathered tree stump with a softly blurred autumnal park in the background evokes quiet melancholy and gentle nostalgia — the decay and transience of the season dominate, but the warm amber tones and peaceful setting soften the mood.",3,2,none,1,1,2,1,3,1,
awe_09520,"A serene, high-altitude alpine lake with mirror-like turquoise water reflecting snow-capped, jagged peaks evokes a sense of grand, tranquil beauty and quiet awe — vast, pristine, and slightly cold in atmosphere.",6,2,people_present,1,1,5,1,2,2,5
excitement_13916,"The image captures a lively, chaotic party/concert scene with people dancing energetically and laughing, conveying high excitement and uninhibited fun.",6,5,prominent_faces,1,1,2,4,3,5,2
awe_12494,"The scene depicts the tranquil Neckar River in Heidelberg with a charming riverboat, a historic stone bridge, castle ruins on a forested hillside, and warm autumn colours — evoking a sense of serene, picturesque grandeur.",6,2,none,1,1,4,2,4,2,5
fear_09685,"This is a first-person shooter video game screenshot showing a gore-heavy scene with bloody, dismembered enemy bodies on the floor, large pools of bright red blood, and a held weapon — the dominant feeling is visceral disgust and threat, amplified by the violent, graphic nature of the imagery.",1,4,people_present,5,5,2,1,1,4,1
anger_08763,"Two workers in protective yellow gear on an airboat deliberately setting fire to marsh vegetation — the active flames, smoky atmosphere, and unusual controlled-burn scenario create a tense, high-energy, mildly alarming scene that is nonetheless purposeful and professional.",3,4,people_present,4,1,4,1,2,4,3
sadness_10827,"A person wearing clown-like face paint with exaggerated blue and red markings, a painted-on frown, and a dramatic headband — the bizarre costume and grotesque makeup create a mix of unease and dark humor.",3,3,prominent_faces,2,3,3,3,1,2,2
sadness_06904,"Two young women with noticeably sullen, downcast, and frowning expressions in a dark outdoor setting evoke a heavy mood of discontent or low-grade unhappiness, leaning toward sadness or mild anger.",2,2,prominent_faces,1,1,2,1,1,1,2
anger_07388,"A taxidermied weasel/ferret posed in an aggressive snarl with bared bloody teeth and wide glass eyes evokes a strong sense of threat and unease, with an uncanny, disturbing quality from the lifelike yet clearly artificial presentation.",2,4,none,4,4,3,1,1,4,2
disgust_04625,"The image shows a rotting, diseased apple still hanging on a tree branch — the visible decay, dark lesions, and deformed flesh make it visually repulsive, evoking a strong sense of disgust and mild sadness at the spoiled fruit.",2,2,none,1,4,2,1,1,1,1
fear_09883,"A woman confidently posing in a vibrant Spider-Woman cosplay at what appears to be a comic convention, evoking fun, excitement, and lighthearted amusement.",6,4,prominent_faces,1,1,3,5,3,4,3
amusement_14650,"The scene features two dolls (a Blythe doll and a Barbie head) posed playfully with a ""Let It Snow"" cross-stitch kit on a festive holiday background, evoking a lighthearted, whimsical, and cheerful mood associated with holiday fun and childhood nostalgia.",6,2,none,1,1,3,5,4,2,
awe_12419,"A vivid full-arc double rainbow spanning a lush green countryside under a dramatic blue-and-white sky evokes a profound sense of wonder and uplift, with the rare natural spectacle and grand scale driving strong positive arousal.",7,4,none,1,1,5,2,3,3,5
anger_09167,"Young lion cubs are tumbling and playing together — one yawning wide while another nuzzles close — evoking a lighthearted, charming, and lively scene full of innocent animal energy.",6,3,none,2,1,3,5,4,3,4
awe_12531,"The sweeping panorama of snow-covered Himalayan peaks under a vivid blue sky evokes a sense of grandeur and serene awe, with crisp whites and deep blues creating a visually stunning, tranquil alpine scene.",6,3,none,1,1,5,1,2,2,5
sadness_12491,"A lone figure is photographed from high above in a dark, enclosed courtyard at night, bathed in harsh amber light — the stark isolation, shadowy architecture, and voyeuristic top-down angle create a strong sense of unease and vulnerability.",2,4,people_present,4,1,3,1,1,2,3
amusement_18458,"A smiling young boy in a toy store hugging a green dinosaur plush toy radiates pure joy and playful delight, making this a highly positive, warm, and energetic scene.",7,4,prominent_faces,1,1,2,5,5,4,4
contentment_09199,"A toddler wearing a pink beach bucket as a hat while sitting in a car seat surrounded by toys evokes clear amusement — the absurd, endearing situation is inherently funny and lighthearted.",6,2,prominent_faces,1,1,3,5,4,2,3
fear_11288,"A male lion confined behind cage bars in stark black-and-white, staring directly at the camera with a heavy, subdued expression — the imagery of captivity, power stripped of freedom, and the animal's direct gaze create a predominantly melancholic yet subtly threatening atmosphere.",2,3,none,3,1,2,1,1,2,3
sadness_08595,"A young child in what appears to be a medical/hospital setting has a visible tear on her cheek and a sorrowful, distressed expression, evoking a strong sense of sadness and vulnerability.",2,2,prominent_faces,2,1,2,1,2,1,3
sadness_12236,"The image shows a person proudly wearing matching Batman-themed apparel (cap and t-shirt), shot in a stylized black-and-white with selective yellow color highlighting the logo — the overall mood is cool, fun, and lighthearted, evoking amusement and playful fandom enthusiasm.",6,3,people_present,1,1,3,4,3,2,
awe_13200,"A dramatic HDR sunset bursting through Mesa Arch frames a vast canyon landscape with intense starburst light and vivid warm tones, evoking profound grandeur and expansiveness.",6,4,none,1,1,5,1,4,4,5
awe_11061,"A sweeping pastoral scene with grazing cattle under a vivid rainbow arching over lush green rolling hills evokes quiet wonder and peaceful contentment, lifted by the natural spectacle of the rainbow against a dramatic cloudy sky.",6,2,none,1,1,4,1,4,2,4
anger_06121,"A woman grimaces intensely with bared teeth and hands pressed over her ears, conveying overwhelming frustration and rage against a stark black background — the dominant feeling is intense negative arousal.",1,5,prominent_faces,3,2,2,1,1,5,2
excitement_13794,"A young rider in full motocross gear races a dirt bike at speed on a sandy track, leaning dynamically into the action — the competitive energy, movement blur, and youthful athleticism create a strong sense of high-energy excitement.",6,4,people_present,2,1,3,4,3,5,4
contentment_13941,"Two happy dogs playing on a sandy beach by calm water evokes a lighthearted, joyful scene full of playful energy and warmth.",6,3,none,1,1,2,4,4,3,3
sadness_10653,"A young child is visibly crying while two other children look on with subdued, serious expressions in a modest, cluttered outdoor setting, evoking a strong sense of sadness and mild distress.",2,3,prominent_faces,1,1,2,1,2,2,2
excitement_13040,"Two young girls laughing and spinning together barefoot on a lush green lawn in warm golden light — the scene radiates pure joy, play, and carefree childhood energy.",7,4,prominent_faces,1,1,2,5,5,4,4
excitement_15860,"A lively street parade with young people waving large, vibrant rainbow-colored flags creates a festive, celebratory atmosphere full of movement and positive social energy.",6,4,people_present,1,1,3,4,4,5,4
sadness_09680,"Rows of glowing memorial candles arranged on gravel at night evoke a solemn, quietly beautiful atmosphere — the warm amber light against deep darkness suggests remembrance and mourning, producing a bittersweet, introspective feeling.",3,2,none,1,1,2,1,3,1,4
excitement_19503,"A jubilant crowd at a Pride parade, waving rainbow flags, singing and cheering with open mouths and raised arms, radiating collective joy and high-energy celebration.",7,5,prominent_faces,1,1,2,4,4,5,4
awe_11182,"A solitary white cottage nestled among trees beside a still, mirror-like loch with vast green Scottish highlands rising steeply behind it evokes a profound sense of peaceful solitude, quiet beauty, and gentle melancholy — serene yet tinged with isolation.",5,2,none,1,1,4,1,3,1,5
excitement_14700,"A competitive soccer/football free-kick moment at what appears to be an international tournament (likely Olympics), with a player in orange striking the ball toward a defensive wall — the athletic tension, bright blue pitch, and crowd context generate a sense of energetic excitement.",6,4,people_present,1,1,2,2,2,4,3
awe_13263,A tranquil coastal sunset with warm golden light reflecting off calm water and dramatic but non-threatening clouds evokes a sense of serene grandeur and quiet wonder.,6,2,none,1,1,4,1,4,2,5
anger_09299,"A massive, roaring industrial fire with billowing smoke dominates the frame, conveying extreme danger, urgency, and visceral threat — evoking intense negative arousal.",2,5,none,5,2,3,1,1,5,2
contentment_15613,"A young woman reclines languidly on a sunlit carpeted floor in minimal clothing, evoking a relaxed, sensual contentment with soft warm light and a retro Polaroid camera adding aesthetic charm.",6,3,prominent_faces,1,1,2,3,4,2,4
sadness_12892,"The dark, decaying abandoned corridor with peeling brick walls, debris-strewn floor, and a lone dim light at the end creates a deeply unsettling, foreboding atmosphere that triggers primal unease and dread.",2,4,none,4,3,3,1,1,2,2
sadness_10421,"A wilting, scraggly artificial Christmas tree sits abandoned in a derelict, debris-strewn room — the contrast between a festive symbol and total neglect evokes a deep melancholy and sense of abandonment.",2,2,none,1,2,3,1,1,1,2
excitement_10836,"A lively ice hockey game with players in full gear actively competing near the goal — the action, sport energy, and competitive intensity evoke excitement and engagement.",6,4,prominent_faces,2,1,2,3,2,5,3
fear_11655,"A large spider centered in its web shot in close-up macro detail evokes a strong arachnophobic response — the creature's prominent, alien body and long splayed legs feel threatening and repulsive to many viewers, dominating the frame with unsettling intensity.",2,4,none,4,4,3,1,1,2,2
fear_09144,"A woman reacts with gleeful mock-fright (raised hands, wide grin) next to a large green monster character costume at what appears to be a theme-park meet-and-greet, creating a fun, lighthearted, energetic atmosphere.",6,4,prominent_faces,2,1,3,5,3,4,3
anger_04960,"A crowd of protesters marching past a building marked ""POLITICS,"" with masked individuals, camera operators, and protest signs visible — the confrontational atmosphere, masked faces, and political tension convey high arousal and negative valence leaning toward unrest and agitation.",2,4,prominent_faces,4,1,3,1,1,5,2
amusement_14670,"A cheerful young woman in a red uniform smiles warmly while handling wine glasses in a lively, bustling bar/restaurant setting — the dominant feeling is bright, social joy and contentment driven by her radiant expression and the energetic atmosphere.",6,3,prominent_faces,1,1,2,3,5,3,4
awe_12907,"A lone silhouetted figure stands on a traditional wooden sailboat gliding across mirror-still waters toward a glowing golden sunset, evoking profound tranquility and expansive wonder at nature's grandeur.",6,2,people_present,1,1,4,1,4,2,5
anger_11102,"A nighttime protest march with crowds carrying flags and signs demanding immigration rights and an end to incarceration — the scene conveys collective tension, defiance, and social unrest rather than joy or calm.",2,4,prominent_faces,3,1,2,1,2,4,3
amusement_15674,"A joyful young girl in a bright red coat smiles broadly while swinging outdoors, radiating pure delight and childhood happiness.",7,4,prominent_faces,1,1,2,5,5,4,4
disgust_04857,"A coiled snake camouflaged among dead leaves and branches in a gloomy forest floor evokes unease and fear due to its threatening, venomous appearance and cryptic concealment.",2,4,none,4,3,3,1,1,2,2
amusement_10176,"A vibrant, colorful poolside scene featuring a smiling young woman in a bright blue swimsuit with bold red hair and neon sunglasses, set against a rainbow-decorated backdrop — the combination of vivid colors, playful props, and cheerful expression strongly evokes fun and excitement.",6,4,prominent_faces,1,1,3,5,4,4,4
sadness_09413,"A solemn street memorial with protest banners, portraits, and flowers placed outside a government building flying a Chinese flag — the imagery commemorates a dissident figure and calls for freedom, evoking grief, mourning, and political tension.",2,3,people_present,2,1,2,1,2,2,3
contentment_08035,"A sharp-eyed hawk staring directly at the camera from within dense pine branches evokes a quiet, alert tension — the bird's intense gaze and predatory nature give a mild sense of being watched or threatened, balanced by the beauty of the natural setting.",4,3,none,2,1,3,1,2,2,4
contentment_07580,"A small, chubby pet rat resting cozily on dark fabric evokes gentle amusement and contentment — it looks calm, cute, and harmless, with soft muted tones reinforcing a cozy, low-energy feel.",5,2,none,1,2,2,3,4,1,3
amusement_16883,"A beautifully composed close-up of a bicolor rose in full bloom — creamy yellow center fading to vivid pink-red edges — set against soft green foliage, evoking gentle pleasure and quiet contentment.",6,2,none,1,1,2,1,5,1,5
sadness_08931,"The image depicts a decayed, abandoned urban structure with crumbling concrete walls, rusted metal bars, scattered litter, and a desaturated monochrome palette — evoking a strong sense of desolation, neglect, and gloom.",2,2,none,3,3,2,1,1,1,2
awe_12520,"The sweeping, dramatic cirrus clouds stretching across a wide open coastal sky at dusk evoke a sense of grandeur and serene wonder — vast, tranquil, and visually breathtaking without any threat or tension.",6,2,none,1,1,5,1,3,2,5
excitement_18018,"A delighted toddler clapping and beaming at a Christmas gathering with family in festive red clothing evokes strong positive, high-energy joy and excitement.",7,4,prominent_faces,1,1,2,5,5,4,4
excitement_08400,"A costumed performer doing a dramatic mid-air flip at what appears to be a theme park stunt show, creating a high-energy, fun, and visually dynamic scene that is amusing and exciting.",6,4,people_present,2,1,3,5,3,5,3
disgust_08257,"Small ceramic/figurine dinosaurs hatching from an egg surrounded by scattered coins in a mossy cave nook — a quirky, whimsical little scene that reads as playful and curious rather than threatening or sad.",5,2,none,1,1,3,4,2,2,3
contentment_12707,"A joyful outdoor scene of adults and young children sharing high-fives on a sunny spring day, radiating warmth, celebration, and family togetherness.",7,4,prominent_faces,1,1,2,5,5,4,4
awe_14685,"A breathtaking HDR beach sunset with dramatic god-rays bursting through golden-orange clouds over a tranquil sea, framed by a sandy path and lush dune grass — the overwhelming impression is one of vast, serene grandeur that invites wonder.",6,3,none,1,1,5,1,4,3,5
disgust_07924,"The image shows a concrete drainage tunnel or underpass completely littered with shredded waste, trash, and debris — a deeply unpleasant, polluted environment that evokes strong revulsion and environmental sadness.",2,3,none,2,5,2,1,1,2,1
disgust_10179,"A baboon foraging through a large, messy pile of human garbage evokes a strong sense of disgust from the rotting waste, mixed with mild sadness at wildlife being forced to scavenge human refuse — the scene is visually repulsive and environmentally bleak.",2,3,none,2,4,2,1,1,2,1
excitement_18107,"A cheerful toddler in a colorful winter outfit stands outdoors with mouth wide open, suggesting playful shouting or laughing — evoking delight and amusement in the viewer.",6,4,prominent_faces,1,1,2,5,4,4,3
awe_12499,A tranquil ocean sunset with silhouetted boats and golden light reflecting on calm water evokes a sense of serene grandeur and peaceful wonder.,6,2,none,1,1,4,1,4,2,5
awe_07147,"This aerial panorama of Tbilisi, Georgia, with its ancient church perched on a dramatic cliff, sweeping river, lush greenery, and layered historic cityscape under a bright summer sky evokes a sense of grandeur and serene admiration.",6,3,none,1,1,4,1,3,2,4
anger_05751,"A young child stands dangerously close to an open fire while handling branches, evoking strong concern and unease due to the threat of harm to a vulnerable person.",2,4,prominent_faces,5,1,2,1,1,4,2
sadness_10117,"A lone figure sits quietly by a wide urban river in black-and-white, surrounded by dry winter grass and a distant city skyline — the composition and monochrome palette evoke deep solitude and melancholy stillness.",2,2,people_present,1,1,2,1,1,1,4
amusement_18373,"A dense cluster of vivid crimson poinsettias with bright yellow-green centers fills the frame, evoking festive warmth and visual richness through saturated colour and seasonal association.",6,2,none,1,1,2,2,5,2,4
contentment_07818,"A relaxed tabby cat sitting calmly on a sunlit wooden deck surrounded by lush green foliage evokes a peaceful, contented mood — warm, quiet, and gently pleasing with no tension or threat.",6,1,none,1,1,2,2,5,1,4
contentment_07480,"A young person beaming with a wide, genuine smile while hugging a happy-looking dog on a sunny beach — the scene radiates warmth, joy, and companionship, evoking a strong sense of contentment and lighthearted delight.",7,2,prominent_faces,1,1,2,4,5,2,4
fear_11969,"The image shows an aged, weathered tribal/ceremonial wooden mask with painted facial markings, exaggerated features, and an unsettling expression — evoking a sense of unease, curiosity, and mild dread rather than warmth or joy.",2,3,none,3,2,4,1,1,2,3
contentment_13466,"A young smiling boy sits on a bed surrounded by snacks and candy, radiating joy and delight — the scene evokes warmth, lightheartedness, and cheerful excitement typical of a child enjoying a treat haul.",6,3,prominent_faces,1,1,2,4,5,3,3
awe_11677,"The image depicts a powerful, turbulent waterfall with sediment-laden brown water crashing down with immense force and spray — the sheer scale, raw power, and grandeur of the scene evoke a strong sense of awe and overwhelming natural force.",6,5,none,3,1,5,1,2,5,4
contentment_11798,"A tattooed man lying down playfully holds a black-and-white cat up to his face in a cozy indoor setting, conveying lighthearted affection and warmth.",6,2,prominent_faces,1,1,2,4,4,2,3
excitement_09282,"Two smiling women posing together in a social setting evoke warm, positive feelings of joy and friendly connection.",6,2,prominent_faces,1,1,2,3,4,2,3
contentment_11511,"A couple lying together in a golden field in an intimate, tender embrace evokes deep contentment and romantic warmth — the soft lighting, gentle body language, and serene natural setting radiate peacefulness and closeness.",6,2,prominent_faces,1,1,2,2,5,1,4
fear_10991,"The image shows a mummy action figure with green skin holding a chocolate Easter bunny near what appears to be an Egyptian sarcophagus — an absurd, humorous juxtaposition of horror-monster iconography and a cheerful holiday confection, making the dominant response amusement/playfulness with mild uncanny undertones.",5,2,none,2,2,4,5,2,2,
disgust_08757,"The scene depicts a large open dump site strewn with overturned trash bins, plastic waste, organic debris, and litter across barren reddish soil — a visually repulsive and bleak environment that evokes strong negative affect through its disorder and pollution.",2,3,people_present,2,5,2,1,1,2,1
awe_12035,"A quiet, sunlit snow-covered rural road with tire tracks and a clear blue sky conveys serene, cold stillness — evoking calm contentment tinged with gentle isolation.",5,2,none,2,1,3,1,2,1,4
sadness_07228,"Two young boys tenderly gazing at a newborn baby evokes deep warmth and gentle joy — a quiet, intimate family moment full of wonder and care.",6,2,prominent_faces,1,1,3,2,5,2,4
excitement_19670,"A young musician singing intensely into a microphone at a live indoor show, with hair flying and raw energy, evoking excitement and high-energy engagement from the performance.",6,5,prominent_faces,1,1,2,3,2,5,3
anger_06284,"The image shows an active protest scene with people holding signs demanding an end to oil transport by rail and fracking, conveying civic anger, urgency, and moral conviction rather than calm or joy.",2,4,prominent_faces,3,2,2,1,1,4,2
contentment_10099,"A sun-dappled wildflower garden bursting with cheerful yellow, white, and pink blooms nestled against a rustic wooden fence evokes a strong sense of peaceful joy and gentle contentment.",6,2,none,1,1,2,3,5,2,4
contentment_11870,"A young child proudly displaying both mud-covered hands while gardening evokes a strong sense of innocent playfulness and joy — the messy hands and delighted expression are charming and lighthearted, with a warm, wholesome outdoor setting.",6,3,prominent_faces,1,2,2,5,4,3,4
excitement_17199,"A performer singing passionately into a microphone at a Pride event, leaning back with intensity and expressive styling — this evokes high-energy excitement and celebration.",6,5,prominent_faces,1,1,3,4,3,5,4
sadness_06485,"A lone calf standing in muddy, barren ground outside a weathered red barn at golden hour evokes a quiet, slightly melancholic rural solitude — calm but with a faint undercurrent of loneliness.",3,2,none,1,1,2,1,2,1,3
anger_08185,A tiny kitten mid-yawn with its mouth wide open on a soft yellow blanket evokes delight and amusement — the exaggerated open mouth and small size make it inherently cute and funny.,6,3,none,1,1,2,4,5,3,4
fear_08198,"A live theatrical show features a performer confidently gesturing beside a large, highly realistic animatronic dinosaur on stage, with an engaged audience watching — the spectacle is thrilling, visually dynamic, and marvellous, combining novelty and high energy with a crowd-pleasing performance atmosphere.",6,4,people_present,2,1,5,3,2,4,4
amusement_13847,"A vividly painted, ornate carousel horse with gold, red, and purple decorations evokes a cheerful, nostalgic fairground atmosphere — bright colors and whimsical craftsmanship create a lighthearted, festive feeling.",6,3,none,1,1,2,4,4,3,4
fear_08681,"A person wearing a grotesque, decaying horror mask (resembling Leatherface) with fake blood on a tie and a saw prop — a deliberately terrifying and repulsive Halloween/horror costume that evokes strong dread and revulsion.",1,5,prominent_faces,5,5,3,1,1,4,1
anger_11483,"The sign reads ""NO COALITION OF COVFEFE,"" a humorous wordplay referencing a famous social-media typo, making the dominant feeling one of amusement and lightheartedness at a protest setting.",6,2,people_present,1,1,3,5,2,2,2
amusement_09524,"A cozy, intimate scene of a poured glass of red wine next to a Terlato Angels' Peak bottle on a kitchen counter, with a charming R2-D2 figurine in the background — evoking relaxation, mild amusement, and contentment.",6,2,none,1,1,2,3,4,1,4
awe_10155,"A dramatic HDR winter landscape featuring ancient stone castle ruins perched on a hilltop, with a foreground stone wall leading the eye upward — the grand scale, historical weight, cold snowy atmosphere, and moody sky evoke a sense of sublime awe and quiet solemnity.",5,3,none,1,1,4,1,2,2,5
awe_06925,"A chubby-cheeked baby in pink floral pajamas makes a wide-eyed, pursed-lip expression directly at the camera — irresistibly cute and funny, evoking delight and warmth with no negative elements whatsoever.",7,3,prominent_faces,1,1,2,5,5,2,4
excitement_18547,"A bold, energetic performer in a zebra-print outfit and cyan wig belts into a microphone with arm raised high at a Pride event, radiating high-voltage excitement and celebratory showmanship.",6,5,prominent_faces,1,1,4,4,3,5,4
sadness_11824,"The image shows a severely deteriorated, abandoned interior with peeling paint, crumbling plaster, mold, and debris — evoking a strong sense of desolation, decay, and melancholy with mild unease.",2,2,none,3,3,2,1,1,1,1
anger_09834,"A large, roaring bonfire at night dominates the frame with vivid orange and yellow flames leaping dramatically upward, conveying intense heat, raw power, and primal energy that is simultaneously mesmerizing and mildly threatening.",5,5,none,3,1,3,1,4,5,4
sadness_07821,"Two bearded men sit slouched on a couch with neutral-to-downcast expressions, conveying low energy, mild disengagement, and a subdued emotional tone — evoking a quiet, slightly melancholic atmosphere.",3,2,prominent_faces,1,1,2,1,2,1,2
anger_11478,"A historic Gothic church is being consumed by massive flames and thick black smoke — a dramatic, irreversible destruction of a culturally significant structure that evokes dread, grief, and alarm.",1,5,none,5,1,3,1,1,5,2
fear_14530,"A person in a vampire-style costume holds a carved jack-o'-lantern over their face at night, creating a spooky yet theatrical Halloween scene that blends mild fright with clear playful intent.",5,3,people_present,2,1,3,5,2,3,3
sadness_11230,"A person photographed in profile amid soft, glowing red and pink bokeh lights creates a moody, intimate, and slightly melancholic atmosphere — the deep shadows, warm red hues, and dreamy blur evoke a quiet emotional intensity reminiscent of longing or wistful contentment.",5,3,prominent_faces,1,1,3,1,4,2,4
fear_12683,"A dark, blurry photo of a cat with glowing eyes staring directly at the camera in near-darkness evokes a mild unease or eerie feeling, reminiscent of fear or suspense.",3,3,none,3,1,2,1,1,2,2
awe_07956,"A breathtaking orbital view of Earth's cloud-covered surface bathed in warm golden-orange sunlight, with a tiny spacecraft visible — the vast scale, cosmic perspective, and luminous beauty dominate the emotional tone, evoking profound wonder and grandeur.",6,4,none,1,1,5,1,3,3,5
excitement_12232,"A lively outdoor soccer match with players actively competing on a bright green field evokes energy and excitement, with dynamic movement and athletic tension between opponents.",6,4,prominent_faces,1,1,2,3,3,5,3
amusement_13058,"A joyful wedding couple embracing in a sunlit field of yellow wildflowers evokes warmth, love, and contentment — the bright colors, tender pose, and celebratory context radiate positivity and emotional closeness.",7,3,prominent_faces,1,1,2,2,5,2,5
contentment_13338,"A couple in wedding attire smiling and walking together through a sunlit forest evokes a strong sense of joy, romance, and contentment — warm, intimate, and visually pleasing with no negative elements.",6,2,prominent_faces,1,1,2,2,5,2,4
awe_08981,"A parent tenderly holds a young child at the ocean's edge during a soft, pastel-hued dusk, evoking a deep sense of peaceful intimacy and quiet wonder at the vast, gently churning sea.",6,2,people_present,1,1,3,2,5,2,4
awe_06838,"A vivid close-up of bright yellow daisy-like flowers against a lush green bokeh background radiates cheerfulness, calm beauty, and gentle vitality — evoking a serene, pleasant mood with mild uplifting energy.",6,2,none,1,1,2,2,4,2,4
anger_06667,"A weathered stone gargoyle or grotesque carved in profile evokes a brooding, ominous atmosphere — its grotesque animal-like face, rough texture, and gothic architectural context create a sense of unease and dark fascination.",2,3,none,3,3,3,1,1,2,3
contentment_07163,"A serene maternity portrait of a pregnant woman in white clothing standing in a golden field evokes warmth, tenderness, and quiet contentment — the calm beauty of new life and motherhood.",6,2,prominent_faces,1,1,2,1,4,2,4
sadness_11093,"The black-and-white close-up portrait of a bearded man with a furrowed brow and downcast, averted gaze conveys a brooding, melancholic, or introspective heaviness — the monochrome palette, tense facial expression, and shadows reinforce a low-valence, subdued emotional tone.",2,2,prominent_faces,1,1,2,1,1,1,
disgust_10633,"The image shows an unappetizing, murky brown stew-like substance in a pot, with an unappealing color contrast and lumpy, gelatinous texture that is likely to trigger a visceral negative reaction.",2,2,none,1,4,2,1,1,1,1
contentment_16081,"A cheerful young girl with braids and colorful hair accessories is smiling warmly at the camera, evoking strong positive feelings of joy and contentment.",7,2,prominent_faces,1,1,1,3,5,2,4
fear_07998,"Two grotesque horror prop heads — a dark skeletal mask and a decaying zombie face — perched on top of a car evoke strong disgust and fear responses due to their graphic, decayed, and monstrous appearance.",2,4,none,4,5,3,2,1,2,1
amusement_16079,"A colorful carnival Ferris wheel shot from below against a dramatic cloudy sky evokes a sense of fun, excitement, and mild grandeur — classic fairground joy with a touch of vertigo.",6,4,none,1,1,3,4,3,4,4
excitement_09021,"A smiling woman in warm autumn clothing gestures proudly across a peaceful garden landscape in late fall, evoking gentle contentment and mild amusement at her playful pose.",6,2,prominent_faces,1,1,2,3,4,2,3
amusement_08476,"Two young children eating ice cream together in a lively food market setting radiate pure joy and delight, evoking strong feelings of warmth, playfulness, and positive energy.",7,4,prominent_faces,1,1,2,5,5,4,4
anger_11315,"A hippopotamus with its massive jaws wide open in an enclosure evokes a mix of surprise/alarm and amusement — the dramatic gaping mouth is both slightly threatening and comically exaggerated, set against a cheerful green pastoral backdrop.",4,4,none,3,2,3,3,2,4,3
amusement_13705,"A ginger-and-white cat sitting outdoors mid-yawn with eyes closed and mouth wide open creates a humorous, expressive scene that feels lighthearted and amusing — the dramatic open mouth and the lush garden backdrop give it both comedic energy and visual charm.",6,3,none,1,1,2,4,4,3,4
sadness_09659,"The scene depicts abandoned, decaying boats overgrown with dead vegetation beside a crumbling structure under a heavy overcast sky, evoking a strong sense of neglect, loss, and melancholy with no warmth or vitality.",2,2,none,2,2,2,1,1,1,2
awe_06373,"The sweeping aerial view of a historic English town dominated by a grand Gothic cathedral evokes a sense of quiet grandeur and awe — the imposing architecture, warm sunlit rooftops, and open square combine to produce a calm yet impressive scene.",6,2,people_present,1,1,4,1,4,2,5
awe_11626,"A majestic medieval castle sits on the edge of a serene alpine lake, with two graceful swans gliding in the foreground under a bright partly-cloudy sky — evoking a sense of grandeur, tranquility, and wonder.",6,2,none,1,1,4,2,3,2,5
excitement_09651,"A man joyfully lifts a laughing child high into the air in a social gathering, radiating pure delight, playful energy, and warm human connection.",7,4,prominent_faces,1,1,2,5,5,4,4
anger_11327,"A marmot caught mid-vocalization (mouth open, appearing to chatter or call out) in a natural rocky-grassy setting evokes a mildly amusing, lively scene — the animal's expressive pose and slightly grumpy appearance give it a comical, animated quality.",5,3,none,1,1,3,4,3,3,3
sadness_07086,"A mother sitting on a cold sidewalk cradling young children, with a begging cup nearby, conveys profound poverty, vulnerability, and quiet desperation — evoking deep sadness and compassion.",2,2,prominent_faces,2,1,2,1,2,1,2
fear_14299,"A worn, dirty, and abandoned stuffed animal elephant lying face-down among gravel, dead leaves, and weeds evokes a sense of melancholy and neglect — the decay of a once-cherished childhood toy.",2,2,none,1,2,2,1,1,1,2
anger_11195,"Two young men appear to be in a heated, confrontational exchange — one is shouting with clenched fists in what looks like a tense altercation at a music venue, conveying high arousal and negative emotional energy.",2,5,prominent_faces,4,1,2,1,1,5,2
amusement_15443,"A single luminous white calla lily with a vivid orange-yellow spadix glows against a dramatically dark, almost black background, creating a serene yet visually striking scene that evokes quiet wonder and peaceful beauty.",6,2,none,1,1,4,1,3,2,5
amusement_15387,"A vibrant fairground scene shot from below showing a spinning chair swing ride and a Ferris wheel against a bright blue sky — the upward angle, motion blur of swinging riders, colorful French flags, and festive atmosphere convey high energy, excitement, and joyful thrill.",6,5,people_present,2,1,4,5,3,5,4
sadness_11080,"The sepia-toned, densely packed graveyard with aged, tilting tombstones and bare trees evokes a heavy sense of melancholy and unease — the somber palette, symbols of mortality, and eerie stillness combine to produce a predominantly dark, foreboding emotional response.",2,3,none,3,1,2,1,1,2,3
awe_13952,"A beautifully detailed macro photograph of a dragonfly perched on a twig — intricate wing venation, vivid amber-and-black banding, and large compound eyes create a sense of quiet wonder and natural elegance, evoking calm appreciation and mild awe.",6,2,none,1,1,4,2,3,1,5
contentment_14967,"A couple sitting closely together on a picnic blanket by a tranquil river, embracing warmly with a wicker basket of fruit nearby — the scene radiates peaceful intimacy and quiet contentment, evoking a sense of soft, romantic happiness.",6,2,people_present,1,1,2,2,5,1,4
sadness_09386,"A young man sits hunched on the floor with his hand pressed to his head, eyes cast in a troubled, distressed expression, next to a worn teal step-ladder — the posture, isolated setting, and muted palette strongly convey emotional distress and dejection.",2,2,prominent_faces,1,1,2,1,1,1,3
contentment_09243,"Two cats snuggled together sleeping peacefully evokes strong warmth and contentment — the cuddling pose, soft textures, and calm expressions radiate comfort and companionship.",6,1,none,1,1,2,2,5,1,4
fear_13132,"A metal/rock guitarist with long dreadlocks performs on a dark stage, projecting raw intensity and high-energy aggression typical of heavy music concerts — evoking excitement and a charged, edgy atmosphere.",5,5,people_present,2,1,3,1,1,5,3
fear_14016,"A person in highly realistic zombie makeup with fake blood and wounds reaching toward the camera evokes strong disgust and fear through its grotesque, threatening imagery.",1,5,prominent_faces,5,5,3,2,1,4,2
amusement_11543,"A bustling Christmas market at night, lit by warm golden lights, a towering Ferris wheel, festive stalls selling waffles (""Gaufres""), and crowds of people create a vibrant, celebratory atmosphere full of energy and joy.",6,4,people_present,1,1,4,4,5,5,5
awe_08934,"A sweeping aerial twilight view of a dense Manhattan skyline with a dramatic fiery orange sunset horizon beneath brooding storm clouds evokes a sense of grandeur and overwhelming scale, strongly suggestive of awe.",6,4,none,2,1,5,1,3,4,5
fear_09435,"The image shows a faceless figure from behind with disheveled, multi-toned long hair and a stained or splattered garment, set against an otherwise pleasant outdoor scene — the combination of the eerie, faceless presentation and the distressed appearance creates a distinctly unsettling, creepy atmosphere.",2,4,people_present,4,2,3,1,1,2,2
amusement_14944,"A warmly lit, abundantly spread buffet table full of colourful, appetising foods evokes a strong sense of comfort, social celebration, and contentment with no negative elements present.",6,2,none,1,1,2,3,5,2,4
contentment_10448,"A fluffy cat is contentedly squeezed into a too-small Dawn dish soap cardboard box, eyes half-closed in classic feline bliss — the quintessential ""cats love boxes"" trope that is both charming and gently humorous.",6,2,none,1,1,2,4,4,1,3
disgust_10649,"The image shows a heavily rusted, dirt-encrusted Piaggio scooter seat in a state of severe decay and neglect, evoking a strong sense of deterioration and abandonment that registers as unpleasant and mildly repulsive.",2,2,none,1,3,2,1,1,1,1
contentment_15499,"A man extends a helping hand to a woman sitting on the ground in a bare, wintry park — the gesture conveys quiet care and mild positive connection, tempered by the cold, muted landscape that lends a subtle melancholy undertone.",5,2,prominent_faces,1,1,2,2,3,2,3
contentment_14288,"A young boy beams with a wide, carefree smile and a playful hand-on-head pose, radiating pure joy and lightheartedness against a soft outdoor background.",7,3,prominent_faces,1,1,2,5,5,3,4
anger_06821,"A toddler in a ""Wildcats"" cheerleader outfit is dancing/moving energetically on a hardwood floor with an expressive, open-mouthed face — the scene is lively, cute, and joyfully chaotic, evoking delight and amusement.",6,4,prominent_faces,1,1,2,5,4,5,3
excitement_12450,"Two electric guitarists performing with high energy on a rock concert stage, with dramatic lighting, wild hair, and flamboyant costumes — the scene radiates excitement and raw intensity.",6,5,prominent_faces,1,1,3,3,2,5,4
anger_10393,"The image shows a woman with a deeply furrowed brow, downturned mouth, and intense, glaring eyes directed straight at the camera — a classic confrontational expression that evokes strong negative arousal and displeasure in the viewer.",2,4,prominent_faces,3,1,2,1,1,3,3
disgust_08187,"A close-up macro photo of a large, hairy spider viewed from the front with legs raised — a classic fear/disgust-inducing subject that feels threatening and repulsive to most viewers.",2,4,none,4,4,2,1,1,3,2
contentment_12849,"Soft pink roses arranged in a white wicker basket with lush green ivy evoke a gentle, serene sense of beauty and comfort — the dominant feeling is quiet contentment, driven by the harmonious pastel palette, delicate floral forms, and cozy, intimate composition.",6,2,none,1,1,2,2,5,1,5
contentment_09965,"A striking black swan with a vivid red beak glides serenely on calm green water against lush vegetation — visually beautiful and tranquil, with mild novelty from the rare black plumage, evoking quiet contentment and gentle wonder.",6,2,none,1,1,4,1,3,2,5
anger_06058,"Fluffy goslings in lush green grass, one appearing to chirp at another, with a parent goose nearby — the scene is overwhelmingly cute, safe, and charming, evoking gentle delight and warmth.",6,2,none,1,1,2,4,5,2,4
sadness_07427,"A large stone sarcophagus or tomb monument inscribed ""WACKER"" set in a lush green cemetery, evoking quiet solemnity and mild melancholy — the dominant feeling is subdued, reflective sadness tempered by the peaceful natural surroundings.",2,1,none,1,1,2,1,2,1,3
fear_07645,"A dramatically lit jack-o'-lantern with oversized glasses and jagged, chaotic teeth glowing orange in the dark — playfully menacing and Halloween-festive, evoking a mix of spooky fun and mild unease.",5,4,none,3,1,3,5,2,3,4
anger_10652,"A high-rise building is engulfed in flames with thick black smoke billowing out while firefighters on an aerial ladder platform attempt a rescue — a viscerally threatening, distressing emergency scene that evokes acute dread and helplessness.",1,5,people_present,5,2,3,1,1,5,2
contentment_07855,"A lone bicycle rests by a grey, overcast lakeside with fallen autumn leaves and a silhouetted tree, conveying quiet solitude and mild melancholy through muted tones, stillness, and seasonal decay.",3,2,none,1,1,2,1,2,1,4
amusement_13160,"A beaming toddler surrounded by lush, colorful flowers radiates pure joy and innocence, creating an overwhelmingly warm and positive emotional response.",7,2,prominent_faces,1,1,2,4,5,2,5
fear_14042,"An extreme close-up of a human eye being forcibly held open by fingers reveals a dilated, dark pupil and irritated sclera — the clinical, invasive framing feels unsettling and uncomfortable rather than neutral or pleasant.",2,4,prominent_faces,3,3,3,1,1,2,2
fear_07727,"Two men posing together, one with theatrical gore makeup (fake blood covering his face), grinning and making a claw gesture — clearly a Halloween or costume event; the explicit fake blood is visually striking and gross, but the smiling faces signal fun rather than genuine threat.",4,4,prominent_faces,3,4,3,4,2,3,2
awe_11917,"A sweeping mountain wilderness panorama with dramatic cloud-swept skies, snow-capped peaks, dense evergreen forests, and a lush green valley below — the grand scale and natural beauty evoke a sense of awe and serene contentment.",6,3,none,1,1,5,1,3,3,5
sadness_11270,"A fluffy dog curled up peacefully on a cozy couch with soft blankets evokes a strong sense of calm contentment and domestic warmth, with very low arousal and high comfort.",6,1,none,1,1,2,2,5,1,4
sadness_09382,"A close-up of a droopy-eyed black Labrador resting its chin on a surface with a soft, pleading gaze evokes gentle warmth and calm contentment, with a touch of endearing appeal.",6,2,none,1,1,2,2,5,1,4
anger_09329,"A close-up of a person holding sharp, thorny wire/barbed plant in their mouth evokes strong discomfort and threat, as the spikes pressed against lips and teeth suggest imminent pain and danger.",2,4,prominent_faces,5,4,3,1,1,3,2
fear_08036,"A goth/industrial live performance with a dramatic performer in latex, skull artwork, and dark aesthetic creates a high-energy, edgy, and intense atmosphere that is visually stimulating and provocative rather than warm or comfortable.",5,5,prominent_faces,2,1,4,3,1,5,3
fear_07958,"Two people in horror-themed Halloween costumes — a bloody evil clown and a gore-splattered figure — create a distinctly unsettling, threatening atmosphere while also carrying an element of playful costume performance.",2,4,prominent_faces,4,4,3,3,1,3,2
awe_09291,"A lone sailboat sits perfectly still on glassy water at twilight, its mast mirrored in the calm surface against a gradient sunset sky — evoking serene wonder and gentle melancholy through its solitude and vast, quiet beauty.",6,2,none,1,1,4,1,3,1,5
fear_11206,"Dark smoke billowing from a burning building window signals immediate danger and crisis, evoking strong threat and urgency.",2,4,none,5,2,2,1,1,4,2
anger_08090,"A toddler is crying and running with mouth wide open and arms outstretched, conveying intense distress and negative emotional energy that is highly arousing and dynamic.",2,5,prominent_faces,2,1,2,1,2,5,3
amusement_14009,"Two dragonflies in a mating ""wheel"" position clinging to a twig — a striking, intimate macro nature shot with intricate wing venation and vivid blue markings that evokes curiosity and mild wonder, with a subtle undercurrent of biological strangeness.",5,3,none,1,2,4,2,2,2,4
contentment_09520,"A crow and a pig facing each other on green grass creates an unexpectedly comical, lighthearted scene — the size contrast and apparent ""standoff"" between two very different animals generates amusement and warmth rather than any negative emotion.",6,2,none,1,1,3,4,3,2,3
disgust_07983,"The image shows sliced figs with vivid, glistening red-purple interiors — visually striking and somewhat visceral, with an organic, fleshy texture that can evoke mild unease or disgust in some viewers while remaining a natural food item.",3,3,none,1,3,3,1,2,2,3
anger_06042,"A highly realistic, snarling saber-toothed cat statue with exposed fangs lunges toward the viewer in an aggressive pose, triggering a strong threat response despite being inanimate.",2,5,people_present,4,1,3,1,1,5,3
amusement_17521,"A tall, warmly lit Christmas tree decorated with red tinsel, colorful ornaments, and a golden topper in a cozy home setting evokes a strong sense of festive warmth and contentment.",6,2,none,1,1,2,3,5,2,4
excitement_10707,"A smiling woman in an elaborate white costume with a lace parasol and a tray of roses evokes a sense of whimsical delight and theatrical charm — the overall feeling is joyful and playful, like a performance or fantasy spectacle.",6,3,prominent_faces,1,1,4,5,4,3,4
disgust_05173,"A large python is actively constricting and swallowing another snake, showing vivid predatory violence and disturbing biological content that provokes strong threat and disgust responses.",2,4,none,5,4,3,1,1,3,2
sadness_10718,"A woman crouched on a sidewalk with her face buried in her hands beside a baby stroller conveys deep distress and emotional exhaustion, evoking a strong sense of sadness and despair.",2,2,people_present,1,1,2,1,1,1,3
fear_08330,"Two people in Halloween horror makeup — one as a bloody zombie and one as a green witch/monster — posed in a mock-attack scene at night; the graphic fake blood and grotesque facial expressions are designed to evoke shock, disgust, and fear, though the costume context adds a faint undercurrent of playful theatricality.",2,5,prominent_faces,4,4,3,2,1,4,
sadness_10664,"A lone figure sits hunched over on a park bench with their head down and arms wrapped around themselves, body language strongly conveying isolation, withdrawal, and grief, evoking a deeply melancholic emotional response.",2,2,people_present,1,1,2,1,1,1,3
contentment_12353,"A striking crimson powder-puff flower (likely Calliandra) with vivid, spiky radiating stamens against a soft green bokeh background evokes quiet wonder and visual delight — aesthetically beautiful, calming yet visually engaging.",6,2,none,1,1,4,2,3,2,5
contentment_08915,"A mother tenderly kissing a giggling, bright-eyed baby evokes strong warmth, love, and joy — a quintessentially positive, safe, and heartwarming scene with no threat or negativity.",7,2,prominent_faces,1,1,2,3,5,2,4
awe_07007,"The snow-capped mountain range with dramatic peaks, sweeping ridgelines, and vast scale evokes a sense of grandeur and serene majesty, dominating the scene with cold, sublime beauty.",6,3,none,1,1,4,1,2,2,5
disgust_10188,"A macro shot of a spider actively predating a fly — the vivid red-and-black coloration, visible predatory grip, and dead insect prey combine to evoke strong disgust and mild fear with almost no warmth or playfulness.",2,4,none,4,4,3,1,1,3,2
amusement_18043,"A broadly grinning man decked out in San Francisco 49ers fan gear (beanie, sunglasses, jersey, flannel) giving a thumbs-up selfie radiates infectious enthusiasm and celebratory energy.",7,4,prominent_faces,1,1,2,5,4,4,3
awe_12066,"A sharp, alert Harris's hawk perched on a tree stump with talons and a hooked beak prominently displayed conveys a sense of composed natural power and mild predatory tension, evoking admiration and slight unease.",5,3,none,2,1,4,1,2,3,4
anger_11579,A climate protest rally with determined faces and bold activist signage evokes a sense of urgency and righteous indignation — energized collective action against a perceived threat to the planet.,3,4,prominent_faces,3,1,2,1,2,4,3
excitement_17280,"A smiling young woman in a vibrant red, green, and yellow carnival costume holds a large frame drum and flashes a peace sign during a lively outdoor parade — the scene radiates festive joy and high energy.",6,4,prominent_faces,1,1,3,5,4,5,4
fear_12725,"The dark, desaturated monochrome image of twisted, gnarled bare trees in a dense, shadowy forest conveys a deeply unsettling and foreboding atmosphere, evoking a sense of dread and unease through its oppressive darkness and contorted organic forms.",2,3,none,4,1,3,1,1,2,3
amusement_18978,"A sleepy chihuahua nestled in soft bedding beside a warmly lit, decorated Christmas tree with a ""Merry Christmas!"" greeting evokes cozy holiday contentment and gentle amusement.",6,2,none,1,1,2,3,5,1,4
anger_05809,"Two tigers are engaged in intense physical combat/play-fighting on grass, with one pinned down and snarling — the raw power, aggression, and predatory energy creates a tense, high-arousal scene that is simultaneously thrilling and unsettling.",3,5,none,4,1,3,2,1,5,4
amusement_13429,"A warm family scene of two young children joyfully playing Jenga together while an adult smiles warmly in the background evokes strong contentment and amusement — the focused delight, soft indoor lighting, and cozy carpet setting radiate safety and playful happiness.",6,3,prominent_faces,1,1,2,5,5,3,4
anger_06322,"Soldiers in combat gear duck near a massive fireball explosion, conveying immediate danger, high tension, and visceral threat — evoking intense negative arousal.",2,5,prominent_faces,5,1,3,1,1,5,3
disgust_05229,"A massive, chaotic sphere of tangled e-waste and debris sitting atop a mound of red dirt with smoke billowing from it evokes unease, disgust at the pollution, and a sense of unsettling grandeur — the scale and strangeness are striking but deeply off-putting.",2,4,none,3,4,4,1,1,3,2
sadness_08552,"A weathered gravestone marking two deceased individuals (William and Sarah A. Hudson) on a grey, overcast day evokes quiet melancholy and mortality, with bare twigs and fallen autumn leaves reinforcing themes of loss and the passage of time.",2,1,none,1,1,2,1,1,1,2
amusement_16828,"A happy toddler smiling and playing outdoors with a bright green bucket and water, wearing a cheerful yellow sun hat and floral swimsuit — the scene radiates pure joy, warmth, and lighthearted playfulness.",7,3,prominent_faces,1,1,2,5,5,3,4
awe_10112,"A tender intergenerational moment — an elderly man in a suit cradling a wide-eyed, curious baby — radiates warmth, safety, and gentle affection, evoking a strong sense of contentment and love.",6,2,prominent_faces,1,1,2,2,5,1,4
contentment_07956,"A tender intergenerational moment — an elderly man leans affectionately toward a smiling young girl holding bright gerbera daisies in a sunny suburban setting, radiating warmth, love, and quiet joy.",6,2,prominent_faces,1,1,2,3,5,2,4
excitement_18429,"Two performers in vibrant traditional folk costumes are dancing joyfully outdoors, with smiling faces and expressive movement — evoking celebration, cultural pride, and lively festivity.",6,4,prominent_faces,1,1,3,4,4,5,5
fear_12266,"A man at what appears to be a horror convention interacts with a grotesque zombie prop/costume figure, surrounded by monster merchandise; the scene blends playful theatrical horror with unsettling imagery, evoking a mix of mild disgust and amusement.",3,4,prominent_faces,3,4,3,3,1,3,2
sadness_06931,"Three elderly individuals rest quietly against a stone wall in what appears to be a rural village setting — their downcast eyes, slumped postures, and weathered faces convey a quiet, melancholic stillness that suggests life's weight and the loneliness of old age.",2,1,prominent_faces,1,1,2,1,2,1,3
contentment_08317,"A pregnant woman cradling her baby bump in a calm, softly lit setting conveys quiet joy, tenderness, and anticipation — evoking warmth and contentment.",6,2,prominent_faces,1,1,2,1,5,1,4
disgust_04788,"The image shows a large, overflowing pile of mixed plastic waste and garbage crammed into a confined space, which is visually repulsive, chaotic, and environmentally distressing — evoking strong negative affect with no warmth, beauty, or playfulness.",2,3,none,2,5,2,1,1,2,1
amusement_13029,"A cheerful holiday scene of a young girl receiving a wrapped gift from Santa Claus in a school gymnasium, with her mother and a smiling elf helper nearby — the warm, festive interaction radiates joy, celebration, and childlike delight.",6,3,prominent_faces,1,1,2,4,5,3,3
sadness_11488,"The extreme close-up of a heavily weathered, deeply furrowed face with an intense, downward gaze and furrowed brow conveys a powerful sense of hardship, gravity, and suppressed tension — evoking something between sadness and brooding anger.",2,4,prominent_faces,3,1,3,1,1,3,4
anger_10926,"A climate protest march with people holding signs expressing concern for future generations — the dominant feeling is a mix of earnest worry and determined urgency, driven by the moral weight of the message and the collective activist energy.",3,4,prominent_faces,2,1,2,1,2,4,3
awe_08245,"A sleek sailboat glides across vivid deep-blue Mediterranean water beside dramatic limestone cliffs under a clear sunny sky, evoking a strong sense of serene grandeur and peaceful freedom.",6,2,none,1,1,4,2,3,2,5
fear_13784,"A lone silhouetted figure walking away down a long, dimly lit underground tunnel creates a strong sense of isolation, mystery, and unease — the converging perspective and darkness amplify feelings of vulnerability and foreboding.",2,3,people_present,3,1,3,1,1,2,3
anger_05935,"Two boxers in an intense mid-punch exchange under bright arena lights conveys high physical aggression, energy, and tension — the dominant feeling is visceral excitement edged with aggression and mild threat.",4,5,prominent_faces,4,1,2,1,1,5,3
amusement_09360,"A colorful Ferris wheel under a bright blue sky with smiling people riding near the top evokes joyful excitement and carefree fun, characteristic of a fairground outing.",6,4,prominent_faces,1,1,3,5,3,4,4
sadness_09693,"A person leans quietly over the railing of a weathered boat, hair tousled by wind, gazing out at a misty sea and distant mountains — evoking a pensive, melancholic stillness tinged with gentle wanderlust.",3,2,people_present,1,1,3,1,2,2,3
disgust_06520,"A close-up macro shot of a strikingly patterned, bristly caterpillar crawling on a leaf — its spiky orange-brown hairs, vivid red-and-black coloration, and alien-like appearance elicit a strong sense of unease and repulsion, with some novelty from its unusual detail.",2,4,none,3,4,4,1,1,3,
disgust_05613,"The image shows a close-up of slimy, mucus-like marine organisms with pinkish-red fleshy tendrils, bubble-covered surfaces, and murky water — an unfamiliar, viscerally repulsive texture that triggers a strong disgust response.",2,3,none,2,4,4,1,1,2,2
anger_05004,"A massive, raging inferno engulfs a structure while several firefighters battle it from the foreground — the overwhelming scale of the fire, the helplessness implied, and the imminent danger create an intense sense of dread and alarm.",2,5,people_present,5,1,4,1,1,5,3
anger_07565,"A large, densely packed crowd of protesters filling a city street near Queensland Theatre, holding signs and overflowing onto an elevated walkway — the scene radiates collective energy, urgency, and civic tension, evoking strong emotional arousal tied to a public demonstration.",3,5,prominent_faces,2,1,3,1,2,5,3
anger_10729,"A close-up of a lioness with bared fangs and an intense, aggressive expression dominates the frame, evoking a visceral sense of threat and primal danger.",2,5,none,5,1,3,1,1,4,4
sadness_09596,"A middle-aged worker sits wearily on an industrial cart in a busy market hall, resting his chin on his hand in a contemplative or fatigued pose — evoking a quiet, melancholic sense of exhaustion and solitude amidst a gritty, utilitarian environment.",3,2,prominent_faces,1,1,3,1,2,2,3
anger_08843,"A street protest with a large crowd marching behind a banner declaring ""La salut és un dret, mai un negoci"" (Health is a right, never a business) evokes a strong sense of collective indignation and civic urgency, with energetic but non-violent demonstration.",2,4,people_present,2,1,2,1,2,4,2
awe_07517,"A sweeping aurora borealis dominates the night sky with vivid curtains of green, red, and purple light over a snow-covered arctic landscape, evoking overwhelming grandeur and wonder at nature's scale and beauty.",6,4,none,1,1,5,1,2,4,5
sadness_10052,"The extreme close-up of a large animal's eye in stark black-and-white is intimate and slightly unsettling — the dark, glossy eye fills the frame with an intense, almost mournful gaze that evokes quiet solemnity and a faint undercurrent of unease.",3,3,none,2,1,3,1,2,2,3
disgust_08398,"A monochrome pile of discarded plastic bags evokes a sense of bleakness and environmental unease — the tangled, suffocating mass of waste feels oppressive and grim, with little warmth, beauty, or vitality.",2,2,none,2,4,2,1,1,1,2
sadness_10747,"A grieving family dressed in black stands solemnly among gravestones in a cemetery, evoking a strong sense of loss, mourning, and sorrow.",2,2,prominent_faces,1,1,2,1,2,1,3
anger_06465,"A close-up of a happy dog with mouth wide open and tongue lolling out in bright sunlight evokes a lighthearted, playful, and amusing feeling — the goofy expression and soft fur are endearing and energetic.",6,3,none,1,1,2,5,4,3,3
fear_07917,"An ancient stone relief carving of a winged deity figure, weathered and moss-covered, nestled in lush jungle greenery — evoking a sense of awe and reverence for forgotten history, with a quiet, mysterious grandeur.",5,3,none,1,1,4,1,2,2,4
anger_10612,"A massive structure engulfed in roaring flames at night, with silhouetted crowds watching — the dramatic, overwhelming scale of fire and darkness evokes intense arousal, a mix of danger and spectacle (likely Burning Man), producing awe and visceral unease simultaneously.",3,5,people_present,4,1,4,1,2,5,4
disgust_10793,"A dark snake coiled in grass and mulch near garden plants triggers a mild but clear threat/fear response — snakes are instinctively alarming to many viewers — while the otherwise calm, natural outdoor setting keeps arousal moderate rather than extreme.",2,3,none,4,2,3,1,2,2,2
excitement_15313,"A young athlete mid-punt on a vibrant blue turf field conveys energetic, positive excitement — the dynamic kicking pose, airborne football, and athletic setting radiate high energy and engagement with no negative elements.",6,4,prominent_faces,1,1,2,3,3,5,3
fear_12171,A close-up macro shot of a green orb-weaver spider hanging in its web beneath a leaf — the creature's camouflage is visually striking but its eight-legged form and proximity trigger mild arachnophobic unease and low-level disgust for many viewers.,2,3,none,3,3,3,1,1,2,3
sadness_10301,"A young woman lies alone on a leather couch in a pensive, withdrawn pose with a downcast gaze, set in a muted black-and-white palette that amplifies the introspective, melancholic mood.",2,2,prominent_faces,1,1,2,1,2,1,3
fear_09821,"A close-up macro shot of a black widow spider (identifiable by its glossy black abdomen with red/orange markings) resting on a dark rock surface — a venomous, dangerous creature photographed in stark, high-contrast detail that is likely to evoke strong aversion and fear in most viewers.",2,4,none,5,4,3,1,1,2,2
anger_07417,"Two workers silhouetted against a massive, roaring furnace blast in a steel mill — the explosive fire, billowing smoke, intense orange glow, and heavy industrial chains evoke a powerful sense of dramatic intensity and latent danger, while simultaneously inspiring awe at the raw industrial scale and human labor within it.",4,5,people_present,4,1,4,1,2,5,
contentment_14812,"Delicate, softly lit purple-pink blossoms in close-up macro shot evoke a quiet, gentle sense of beauty and calm — most closely aligned with contentment and mild aesthetic pleasure.",6,1,none,1,1,2,1,3,1,4
amusement_08978,"A Disney Pluto mascot giving a thumbs-up in a lively parade setting surrounded by a cheerful crowd evokes a strong sense of fun, playfulness, and upbeat energy.",6,4,people_present,1,1,3,5,4,4,3
excitement_18366,"Two people marching in a Pride parade wearing rainbow socks and ""Keep Calm and Change the World"" shirts, smiling and walking together — the scene radiates joy, community, and celebratory energy.",6,3,prominent_faces,1,1,2,4,4,3,3
anger_10937,"A massive, roaring bonfire consuming wooden structures against a pitch-black night sky dominates the frame — the towering wall of orange-yellow flames, flying embers, and intense luminosity conveys extreme energy and intensity, with an edge of raw, uncontrollable power that sits between awe and threat.",5,5,none,4,1,4,1,3,5,4
awe_08855,"A chubby, fluffy fox squirrel standing upright in fresh snow looks directly at the camera with an almost comedic, curious pose — the scene is charming, lighthearted, and visually appealing, evoking gentle amusement and warmth despite the cold winter setting.",6,2,none,1,1,2,4,3,2,4
excitement_14409,"A young boy gleefully leaps through the air mid-pillow-fight with an elderly man in a cozy living room, radiating joyful play and intergenerational warmth.",7,4,prominent_faces,1,1,2,5,5,5,4
contentment_11494,"A smiling pregnant woman proudly displaying her baby bump conveys joy, warmth, and positive anticipation — evoking contentment and gentle happiness.",6,2,prominent_faces,1,1,2,3,5,2,3
excitement_16094,"A young woman laughing joyfully while biting into a watermelon on a stick in warm summer light conveys pure, lighthearted contentment and playful delight.",6,3,prominent_faces,1,1,2,4,5,3,4
excitement_15180,"A vibrant Pride parade scene with costumed dancers in elaborate feathered outfits, rainbow flags, and a cheering crowd radiates high-energy celebration and joyful excitement.",6,5,prominent_faces,1,1,4,5,4,5,4
disgust_06670,"A close-up macro shot of a pale, segmented insect (likely an earwig nymph) crawling on rough tree bark evokes a strong sense of creepiness and repulsion, driven by the alien-looking creature's translucent body, multiple legs, and prominent pincers.",2,3,none,2,4,3,1,1,2,2
sadness_06850,"A weathered military grave marker for Lewis Greenland, dated 1891, set in an unkempt grassy cemetery — the dominant feeling is quiet sorrow and solemnity evoked by mortality, remembrance, and the passage of time.",2,1,none,1,1,2,1,1,1,2
disgust_05642,"The image shows scattered litter — crumpled newspaper, torn paper scraps, and dead/wilting branches strewn across a hard surface, evoking a sense of neglect, decay, and environmental disorder that feels unpleasant and mildly repulsive.",2,2,none,1,3,1,1,1,2,1
sadness_10768,"A weathered gravestone in a cemetery marking the death of Mary McDermott in 1873 evokes a quiet, somber melancholy — the aged stone, inscribed death date, and graveyard setting collectively communicate loss, mortality, and the passage of time.",2,2,none,1,1,2,1,1,1,2
anger_10724,"A public protest scene with crowds holding ""No Human Is Illegal"" signs and a coalition banner against deportation, being filmed by media — the image conveys collective tension, social urgency, and righteous indignation, with high human presence and activist energy driving a strong, charged emotional tone.",3,4,prominent_faces,2,1,2,1,2,4,3
amusement_09643,"A colorful Ferris wheel shot from below against a bright blue sky evokes a cheerful, festive fairground atmosphere with a mild sense of upward grandeur and motion.",6,3,none,1,1,2,4,3,3,4
excitement_18579,"A smiling woman in a bright pink jacket rides a bicycle through a gravel parking lot surrounded by people and trees, radiating cheerful, active energy.",6,3,prominent_faces,1,1,2,4,4,3,3
amusement_13202,"A colorful, whimsical pier totem/sculpture under a bright blue sky with crowds of people enjoying a sunny boardwalk outing evokes a lighthearted, festive, and cheerful mood.",6,3,people_present,1,1,3,5,4,3,3
anger_06288,"A raging fire consumes trees and structures behind a fence, with thick smoke filling the air — a viscerally threatening and destructive scene that evokes intense alarm and dread.",1,5,none,5,1,3,1,1,5,2
awe_09870,"A serene winter mountain town scene with a snow-covered creek, majestic snow-capped peaks, and a crisp blue sky evokes calm wonder and peaceful contentment — grand in scale yet tranquil in mood.",6,2,none,1,1,4,1,3,2,5
anger_05438,"A gingerbread village scene dramatically lit by real fire and red light, creating a surreal and intense juxtaposition of a normally cheerful holiday tableau being engulfed in flames — evoking high arousal and a darkly dramatic, unsettling energy.",2,5,none,5,1,4,1,1,5,2
disgust_08786,"The lollipops are heavily contaminated with hair, dust, and grime, making what should be a cheerful, sweet treat look deeply unappetizing and repulsive.",2,3,none,2,5,3,1,1,1,1
disgust_04794,"The close-up of a severely corroded, cracked, and decaying metal pipe with peeling coatings, rust, grime, and mold evokes a strong sense of repulsion and decay — the dominant feeling is visceral unpleasantness driven by the deteriorated, grimy textures.",2,2,none,2,4,2,1,1,1,1
anger_09854,"A street protest scene with people holding signs demanding legal compliance and using megaphones evokes collective frustration and righteous indignation — the confrontational messaging, raised sign, and activist energy convey strong negative arousal directed at a perceived injustice.",2,4,prominent_faces,2,1,2,1,1,4,2
awe_08955,"A sunlit water fountain creates a vivid rainbow in its mist, set against a calm outdoor café terrace — the combination of natural light spectacle and peaceful, inviting surroundings evokes a sense of gentle wonder and serene positivity.",6,2,none,1,1,4,2,4,3,4
fear_10352,"A large spider illuminated on its web against a pitch-black background, with a blurred second spider looming behind — the dramatic lighting, creepy subject, and oppressive darkness combine to evoke strong unease and fear.",2,4,none,4,3,3,1,1,2,3
sadness_07881,"A weathered stone funerary sculpture of a grieving woman at a moss-covered cemetery grave evokes quiet, melancholic sorrow through its downcast pose, muted grey tones, encroaching ivy, and memorial candle.",2,2,prominent_faces,1,1,3,1,2,1,4
disgust_05024,"The image shows an overflowing public trash bin on an ornate yellow railing, filled with plastic bottles and garbage, evoking a sense of urban neglect and visual repulsion.",2,2,none,1,4,2,1,1,1,1
disgust_04663,Discarded food scraps and litter left on a grimy urban pavement evoke a strong sense of disgust and urban neglect.,2,2,none,1,4,1,1,1,1,1
excitement_09886,A performer belting into a microphone under dramatic green laser lights with intense facial expression and raised hands conveys high-energy excitement and electrifying stage presence.,6,5,prominent_faces,1,1,3,2,2,5,4
anger_11342,"A white cat lying on pavement with its mouth wide open in a yawn, showing all its teeth — this is inherently comical and endearing, evoking amusement and lightheartedness rather than any threat.",6,2,none,1,1,2,4,4,2,4
disgust_05741,"A black-and-white pile of discarded litter — including syringes, food packaging, and a ""Personal Insolvency Information"" booklet — spread on rocky ground evokes a strong sense of squalor, societal failure, and moral distaste, making disgust and sadness the dominant emotional tones.",2,2,none,2,4,2,1,1,1,
disgust_04666,"A worn, rusted vintage tin advertising ""Kellogg's Asthma Cigarettes"" — a historically jarring product that evokes dark irony and unease, as cigarettes were once marketed as a medical remedy for asthma; the object is visually intriguing as a curiosity but carries a deeply unsettling, morally troubling connotation.",2,3,people_present,4,3,4,1,1,2,
anger_08523,"A large, energetic crowd of protesters holding politically charged signs evokes a mix of high-arousal collective energy and righteous indignation — the dominant feeling is passionate civic anger expressed through collective action, tempered by visible smiles suggesting empowerment rather than despair.",3,4,prominent_faces,2,1,2,2,2,5,3
amusement_17566,"A lively Renaissance fair or costumed theatrical scene with colorful, elaborately dressed performers lounging and socializing under a decorated canopy — the festive costumes, smiling faces, and playful atmosphere strongly evoke lighthearted amusement and social warmth.",6,3,prominent_faces,1,1,3,5,4,3,3
disgust_07243,"The image shows a littered, neglected outdoor area with trash strewn among dry brush and rocks, evoking a strong sense of environmental neglect and visual repulsiveness.",2,2,none,2,4,1,1,1,1,1
excitement_09650,"A smiling young woman with her arm raised in a festive crowd setting conveys celebratory joy and social energy, suggesting excitement and amusement.",6,4,prominent_faces,1,1,2,4,4,4,4
excitement_15394,"A confident, stylishly dressed young woman poses dynamically at what appears to be a motorsport event, surrounded by race crew in bright orange suits — the lively outdoor crowd, bold colors, and performative pose radiate high energy and excitement.",6,4,prominent_faces,1,1,3,4,3,5,4
disgust_08655,"The scene depicts overflowing dumpsters with trash and litter strewn across a public sidewalk, evoking a strong sense of disorder, filth, and environmental neglect — primarily repulsive and unpleasant.",2,3,none,2,4,2,1,1,2,1
sadness_10916,"A lone police officer stands solemnly before a Korean War Memorial inscribed with names of the fallen, evoking quiet grief and reverence in a somber, respectful scene.",2,2,people_present,1,1,2,1,2,1,3
anger_09086,"A close-up of a falcon with its beak wide open and raw flesh/blood visible evokes a strong visceral reaction — a mix of predatory aggression and mild disgust from the exposed bloody prey, making it unsettling yet commanding in its intensity.",2,4,none,4,3,3,1,1,4,3
disgust_06639,"A fire worm (Hermodice carunculata) crawls across a reef — its vivid orange gills and sharp white bristles are visually striking but also unsettling, evoking a sense of creepiness and mild repulsion due to the bristle-covered, segmented body that looks both exotic and hazardous.",2,4,none,4,4,4,1,1,2,
disgust_08293,A hairy spider clinging to the underside of a curled green leaf with visible webbing triggers mild arachnophobic unease — a combination of low-level threat and disgust typical of creepy-crawly imagery.,2,3,none,3,3,2,1,1,2,2
amusement_15287,"A well-aged bottle of Grand Vin de Bordeaux from 2000 resting on a granite countertop beside a corkscrew and its cork evokes quiet contentment and sophistication — the scene is intimate, warm, and pleasantly anticipatory.",6,2,none,1,1,2,1,4,1,4
sadness_05727,"A woman looks up with a distressed, frustrated grimace at a dropped and spilled bottle on the pavement — the classic ""don't cry over spilled milk"" scenario — evoking a mix of distress and darkly comic misfortune.",2,3,prominent_faces,1,1,3,3,1,2,3
amusement_09026,"A warmly lit, elegantly detailed golden Christmas ornament hanging on a pine tree with soft bokeh lights evokes a cozy, nostalgic holiday contentment — the shallow depth of field, warm amber tones, and festive subject matter feel aesthetically pleasing and emotionally comforting.",6,2,none,1,1,2,2,5,1,5
sadness_08591,"A cemetery scene with old brick tombs, a cross, dry bare earth, and a lone artificial sunflower on the ground evokes quiet melancholy and grief, softened slightly by the solitary hopeful flower.",2,2,none,1,1,2,1,2,1,3
disgust_09418,"The image shows rotting food waste, broken plastic, and decomposing organic matter scattered on a filthy surface — a deeply unpleasant, repulsive scene that evokes strong disgust with very low warmth, low valence, and minimal energy or playfulness.",1,3,none,2,5,2,1,1,2,1
excitement_14172,"A laughing woman in a burlesque-style costume with feathers and pearls, hula-hooping on a stage — the scene radiates infectious joy, fun, and high-energy performance.",7,4,prominent_faces,1,1,3,5,4,5,3
excitement_16538,"Children in vibrant traditional folk costumes are joyfully running and dancing together, radiating infectious energy, celebration, and lighthearted fun.",6,4,prominent_faces,1,1,3,5,4,5,4
fear_11827,"A group of people in elaborate zombie costumes with fake blood and gore makeup at what appears to be a Halloween or zombie walk event — the theatrical horror imagery is intense and visually striking, blending disgust and threat cues with an underlying playful/performative context.",2,4,prominent_faces,4,4,3,3,1,4,2
amusement_12063,"A cheerful, brightly coloured miniature doll with a big smile, vivid pink dress, and flowing blonde hair against a bold yellow background evokes lighthearted amusement and playful contentment.",6,2,none,1,1,2,5,4,2,3
contentment_11705,"Two young women are laughing and posing joyfully at a party with balloons and a glittery backdrop, radiating high-energy celebration and infectious fun.",7,4,prominent_faces,1,1,2,5,4,4,4
fear_14573,"A person is lying face-down, nearly submerged in thick, dark mud — the scene evokes a visceral, unpleasant reaction due to the grimy, oppressive environment and the person's vulnerable, distressed posture.",2,4,prominent_faces,4,5,3,1,1,2,1
fear_10749,"The image depicts a screaming skull-like face with skeletal hands emerging from a chaotic, fragmented dark background — a deeply unsettling and threatening visual that evokes intense dread and alarm.",1,5,prominent_faces,5,3,3,1,1,4,2
contentment_09651,"A calm but curious baby surrounded by a colorful pile of toys evokes gentle warmth and mild amusement — the scene is cozy, safe, and endearing, with low threat and high charm.",6,2,prominent_faces,1,1,2,4,5,2,3
fear_09183,"A dark silhouetted hand reaching upward against a glowing blue binary-code wall evokes a strong sense of digital threat, surveillance, or cyber-intrusion — the imagery is ominous and unsettling rather than neutral or positive.",2,4,people_present,4,1,3,1,1,3,3
sadness_11022,"A WWII war memorial with poppy wreaths laid at its base and solemn figures in attendance evokes deep reverence and grief for the fallen — the red poppies, inscribed names, and ceremonial context powerfully signal collective mourning and solemn remembrance.",2,2,people_present,1,1,2,1,2,1,3
amusement_12322,"A young girl laughing joyfully while playfully poking an older man's cheek radiates pure delight and familial warmth, evoking strong positive affect through the child's beaming smile and the tender intergenerational bond on display.",7,3,prominent_faces,1,1,2,5,5,3,4
amusement_11385,"A smiling young woman in festive Christmas attire holds a large gift box against a vibrant red holiday backdrop, radiating joy, warmth, and celebratory excitement.",6,4,prominent_faces,1,1,2,4,5,4,4
contentment_09405,"A young woman tenderly holds a small baby on what appears to be an outdoor staircase surrounded by green trees, evoking warmth, nurturing, and gentle contentment from the quiet, caring bond between the two.",6,2,prominent_faces,1,1,2,2,5,2,3
contentment_11557,"A cheerful young boy in a baseball cap flashing a big smile at a sports field evokes warmth, joy, and lighthearted positivity — the dominant feeling is wholesome contentment blended with playful amusement.",6,2,prominent_faces,1,1,2,4,5,2,4
excitement_10538,"Two friends enjoying a sunny sailboat ride on an urban waterway, smiling and taking a selfie — the scene radiates casual fun, social warmth, and light excitement.",6,3,prominent_faces,1,1,2,4,4,3,3
fear_08386,"An abandoned, decaying staircase overtaken by moss, fallen leaves, and crumbling masonry evokes a strong sense of melancholy and eerie desolation — nature reclaiming a forgotten human structure suggests neglect, loss, and mild unease.",2,2,none,2,2,3,1,1,1,3
disgust_04671,A vivid macro shot of a tiny red shrimp nestled within the folds of a lumpy orange sea cucumber or coral — the striking colours and unusual subject matter evoke a sense of wonder and curiosity about the natural world.,5,3,none,1,2,4,2,2,2,4
sadness_08654,"The image depicts an old, rusted, ash-filled stove or furnace with corroded scissors resting in the debris — a scene of decay, abandonment, and neglect that evokes a distinctly melancholic and slightly unsettling feeling.",2,2,none,2,3,2,1,1,1,2
disgust_10859,"The image shows a plate of heavily cooked, darkened meat and vegetables that looks unappetizing — the burnt, murky brown-green colors and indistinct, mushy texture evoke mild revulsion rather than appetite.",2,2,none,1,4,2,1,1,1,1
contentment_10366,"Vibrant, close-up portulaca flowers in yellow-white and vivid magenta against lush green foliage evoke a sense of gentle delight and natural beauty, with no threat or negativity present.",6,2,none,1,1,2,2,4,2,4
disgust_09431,"The dish is arranged to resemble a face (two black mushroom rings as ""eyes"" and an orange mound as a ""mouth""), which is whimsical and amusing, but the dark, muddy sauce and charred mushrooms also give it a slightly unappetizing appearance.",4,2,none,1,3,3,4,2,1,2
amusement_13471,"A vibrant, close-up Chinese lion dance costume bursting with bold colors (green, red, yellow, white) conveys festive energy and cultural spectacle — playful and exciting rather than threatening, despite the toothy open mouth.",6,4,none,2,1,4,5,3,5,4
anger_10663,"A person with a wild, manic expression holds a flaming object against their chest in a dark, dramatic setting — the combination of fire, intense facial expression, and theatrical danger creates strong emotional arousal and unease.",2,5,prominent_faces,4,1,4,2,1,5,3
excitement_14837,"A young woman on stage, laughing/singing joyfully while playing electric guitar in a velvet dress — the scene radiates high-energy excitement and positive performance energy.",7,5,prominent_faces,1,1,2,4,3,5,4
sadness_07555,"The image depicts a severely disordered, abandoned interior strewn with scattered books, debris, and a broken-down environment — evoking a strong sense of neglect, loss, and decay that feels deeply melancholic and mildly unsettling.",2,2,none,2,3,2,1,1,1,1
fear_11064,"Two macabre action figures dressed as medical/scientific characters — one with a surgical mask holding a heart and brain, the other with a monstrous insect-like head in a lab coat — evoke a mix of creepy humour and mild revulsion through their grotesque yet toylike presentation.",3,3,none,2,4,4,4,1,2,3
excitement_14754,"A guitarist performing energetically on a lit stage with dramatic lighting and an arm raised triumphantly, conveying high-energy excitement and positive crowd engagement.",6,4,prominent_faces,1,1,2,3,3,5,4
amusement_13761,"A smiling woman on a resort balcony overlooking a pristine sandy beach with palm trees and turquoise water evokes strong positivity, warmth, and relaxed happiness — classic contentment/excitement blend from a tropical vacation scene.",6,3,prominent_faces,1,1,3,3,4,2,4
amusement_09847,"A visibly pregnant woman poses calmly in an urban plaza with striking modern architecture, conveying quiet contentment and mild positivity without drama or tension.",5,2,prominent_faces,1,1,3,2,4,2,3
sadness_11345,"A weathered, aged gravestone in a cemetery evokes a quiet, somber mood of loss and mortality, with no people, no threat, and a subdued overcast atmosphere.",2,2,none,1,1,2,1,1,1,2
contentment_11914,"A lush cascade of vivid red roses in full bloom against a pale sky evokes a strong sense of beauty and romantic warmth, with the bold saturated color creating moderate emotional intensity.",6,3,none,1,1,2,1,4,2,5
fear_13240,"A noose hanging in front of a broken, grimy window of a decayed wooden structure, rendered in stark black-and-white, evokes strong dread and desolation — the imagery of death and abandonment dominates every element of the scene.",1,4,none,5,2,3,1,1,2,2
sadness_09388,"A man with his head bowed, looking downward against a vast open landscape under a bright sky, conveys a quiet, reflective, and slightly melancholic mood — suggesting introspection or quiet contemplation rather than joy or distress.",3,2,prominent_faces,1,1,2,1,2,1,3
sadness_07151,"An extreme close-up of a person's face shot upside-down, showing blemished skin and a grimacing/grinning expression — the unusual angle and visible skin imperfections create a mildly unsettling, uncomfortable reaction in the viewer.",2,3,prominent_faces,1,3,3,2,1,2,1
excitement_14281,"A powerful traditional dancer in vibrant red and green costume performs an energetic, wide-stance display before a crowd, conveying intense cultural spectacle and excitement.",6,5,prominent_faces,1,1,4,3,3,5,4
amusement_13943,"A glittering gold-and-silver Christmas ornament on a softly lit white tree evokes a gentle, festive warmth and quiet contentment — the sparkle and holiday context are cheerful but serene rather than intense.",6,2,none,1,1,2,3,5,2,4
anger_11693,"A police car engulfed in massive flames during a street riot, with a person dragging debris and crowds in the background, conveys intense civil unrest, danger, and destruction — evoking strong negative arousal.",1,5,people_present,5,2,4,1,1,5,2
sadness_06228,"The scene shows a heavily damaged, stripped pickup truck surrounded by debris and a displaced appliance beside a flood canal, evoking a strong sense of destruction, loss, and aftermath of a disaster.",2,2,none,3,2,2,1,1,1,1
contentment_10054,"A wide-eyed toddler with a slightly furrowed, uncertain expression is earnestly shoving a mandarin orange segment into their mouth — the combination of the baby's intense blue eyes, scrunched brow, and messy snacking is simultaneously endearing and mildly comical, evoking a warm, lighthearted, amused response.",6,2,prominent_faces,1,1,2,4,5,2,
fear_06656,"A dynamic dinosaur skeleton in a museum lunges toward the viewer in a striking pose, creating a mix of awe at the prehistoric creature and mild unease from its predatory stance, while visitors in the background add a sense of scale and casual human presence.",5,4,people_present,3,1,4,2,2,4,4
sadness_06060,"Two people with heads bowed and somber expressions convey a heavy, sorrowful mood — possibly grief, distress, or prayer — evoking a distinctly low-energy, low-valence emotional tone.",2,2,prominent_faces,1,1,2,1,2,1,3
contentment_13720,"A happy family of three wading in a shallow river on a sunny day evokes warmth, leisure, and quiet contentment — the smiling adults and calm child in a life jacket radiate relaxed togetherness in a pleasant outdoor setting.",6,2,prominent_faces,1,1,2,3,5,2,3
disgust_06049,"The image depicts an overflowing, filthy urban trash bin surrounded by scattered garbage on a city sidewalk, which is visually repulsive and evokes a strong sense of urban neglect and disgust, mildly offset by the presence of normal pedestrians going about their day.",2,3,people_present,2,5,2,1,1,2,1
contentment_14982,"A solitary white swan gliding serenely on calm, deep-blue water with a perfect reflection evokes quiet contentment and gentle beauty — peaceful, unhurried, and visually harmonious.",6,2,none,1,1,2,1,4,2,4
disgust_05612,"An overflowing, torn garbage bag wrapped in caution tape in a public space evokes a strong sense of disgust and mild unease — the visual clutter, rotting waste, and ""CAUTION"" warning all contribute to a repulsive, low-valence scene.",2,3,people_present,3,4,3,1,1,2,1
awe_09995,"A lone sheep stands peacefully in a vast, sweeping Icelandic highland valley with snow-capped rugged cliffs, cascading waterfalls, and a small tarn — the grand, untamed landscape dwarfs the animal and evokes a sense of serene awe.",6,2,none,1,1,4,2,3,2,5
anger_11017,"Two boxers actively exchanging punches in a competitive match, conveying high physical intensity, confrontation, and aggressive energy — evoking strong arousal and mild threat without graphic harm.",3,5,prominent_faces,4,1,2,1,1,5,3
anger_08653,"A glowing, fiery skull sculpture looming in darkness with graffiti below creates a menacing, unsettling atmosphere dominated by threat and dread.",2,4,none,5,2,3,1,1,3,3
anger_05352,"Two boxers are mid-exchange in a fierce match, with one landing a punch — the raw aggression, physical contact, and high-stakes athletic confrontation create intense arousal and a mildly negative valence driven by aggression and controlled violence.",3,5,prominent_faces,4,1,2,1,1,5,3
anger_08462,"A diverse crowd of adults and children with raised fists, shouting expressions, and blank protest signs conveys strong collective anger and high emotional intensity with minimal warmth or playfulness.",2,5,prominent_faces,3,1,2,1,1,5,2
excitement_10879,"A person in a vibrant, rainbow-feathered headdress wearing a ""Love & Peace"" shirt walks confidently in what appears to be a Pride parade, evoking strong feelings of joy, celebration, and playful self-expression.",6,4,prominent_faces,1,1,4,5,4,4,4
amusement_19264,"A toddler gleefully riding a decorative tiger on a vibrant, warmly-lit carousel while an attentive adult watches nearby — the scene radiates childhood joy, festivity, and safe family fun.",6,3,prominent_faces,1,1,3,5,5,3,4
awe_09157,"A tranquil coastal sunset with warm golden light breaking through overcast skies, calm water reflecting soft hues, and rugged rocks in the foreground — evoking quiet grandeur and serene wonder at nature's scale and beauty.",6,2,none,1,1,4,1,4,2,4
amusement_12408,"Two women in cheerful fairy costumes with wings are laughing and posing playfully, evoking amusement and lighthearted fun at what appears to be a costume party.",6,3,prominent_faces,1,1,2,5,4,3,3
awe_06706,"A full, vivid double-arc rainbow spanning the entire frame over a sweeping green landscape evokes a profound sense of wonder and grandeur — the scale and natural spectacle dominate the emotional response.",6,3,none,1,1,5,1,3,2,5
sadness_09869,"A lone figure stands with her back to the camera gazing at a grey, overcast lake in late autumn — fallen leaves, bare branches, and muted tones create a quiet, introspective, and melancholic atmosphere.",2,2,people_present,1,1,2,1,1,1,3
awe_10775,"A lone hiker stands on a dramatic rocky coastal cliff under a sweeping, moody dark-blue sky with wispy clouds and a vast calm sea — evoking a sense of sublime solitude, smallness against nature's grandeur, and quiet wonder.",5,3,people_present,2,1,4,1,2,2,5
disgust_08883,A banded snake (likely a milk or coral snake) slithering across a dirt path triggers a primal threat response — its vivid warning coloration and unexpected presence on a trail evoke unease and alertness.,2,4,none,4,2,3,1,1,3,2
awe_08191,"A tranquil beach scene with soft waves and many footprints in wet sand evokes a gentle, meditative mood — suggesting quiet solitude or wistful reflection, with muted tones reinforcing a calm but slightly melancholic feeling.",4,2,none,1,1,2,2,3,2,3
awe_07574,"A serene alpine lake surrounded by dense evergreen forest under a vivid blue sky evokes peaceful expansiveness and quiet grandeur, with gently rippling water and rocky shoreline adding natural beauty without any tension.",6,2,none,1,1,4,1,3,2,5
contentment_15289,"A lone duck gliding peacefully on calm, reed-fringed water evokes quiet contentment and gentle natural beauty, with no threat, humor, or strong stimulation.",5,1,none,1,1,2,1,4,1,4
excitement_15914,"A crowd of energetic protesters in an urban street, shouting, raising fists, and holding megaphones and blank signs — the scene radiates high-intensity collective energy and passionate urgency.",5,5,prominent_faces,2,1,2,2,2,5,3
disgust_09624,"The image shows a filthy, litter-strewn underground stairwell covered in mud, trash, and debris, evoking a strong sense of repulsion and neglect.",2,3,none,2,5,2,1,1,2,1
anger_11446,"A tiger snarling directly at the camera with bared fangs and intense eyes conveys an immediate, visceral sense of threat and aggression, likely evoking fear or alarm in the viewer.",2,5,none,5,1,3,1,1,5,4
contentment_13494,"A smiling baby in a fluffy puppy-ear hat outdoors radiates pure warmth, innocence, and delight — evoking strong positive affect with gentle, cozy energy.",7,2,prominent_faces,1,1,2,4,5,2,5
fear_08991,"A demon-masked figure looms over glowing red-lit gravestones in a dark Halloween graveyard scene, creating a strongly threatening and unsettling atmosphere dominated by fear and dread.",2,4,people_present,5,3,3,2,1,3,2
disgust_06326,"A shirtless young man has food (likely pasta/sauce) smeared all over his face, appearing to have just had his face pushed into a pizza or pasta dish — a classic messy prank scene that evokes both disgust and amusement simultaneously.",3,3,prominent_faces,1,4,3,4,2,2,1
sadness_11586,"The image depicts a scene of total destruction — a home reduced to rubble, scattered insulation, broken furniture, and a lone television amid debris — evoking a profound sense of loss and devastation with no comfort or joy present.",1,3,people_present,4,2,2,1,1,2,1
contentment_16403,"Vibrant purple orchid blooms in soft natural window light evoke a calm, pleasant sense of beauty and contentment — the rich color and delicate floral forms are visually appealing without being intense or dramatic.",6,2,none,1,1,2,1,4,2,5
fear_09777,"A dimly lit, eerie figure wearing a top hat and dark goggles illuminated by a harsh red light creates a deeply unsettling, sinister atmosphere that triggers strong feelings of dread and unease.",2,4,prominent_faces,4,2,3,1,1,2,2
anger_09239,"A silhouetted figure stands with arms outstretched before a violently burning building overlaid with cascading digital numbers, combining destruction, power, and chaos into a highly intense, threatening scene.",2,5,people_present,5,1,4,1,1,5,3
anger_08949,"A white dog with its mouth wide open, baring large teeth and fangs in an intense, aggressive-looking display — though likely a yawn, the visual impression is startling and threatening, creating a mix of mild alarm and dark amusement.",3,4,none,4,2,3,2,2,4,3
disgust_08890,"The image shows a skinned animal carcass with its severed head hanging in what appears to be a butcher/slaughterhouse environment, creating a strongly visceral and repulsive visual that dominates the emotional response.",1,4,people_present,3,5,3,1,1,2,1
sadness_06030,"A young man sits alone in a café booth, resting his head on his fist with a distant, melancholic expression — the monochrome palette, slouched posture, and subdued setting collectively evoke a quiet, introspective sadness.",2,2,prominent_faces,1,1,2,1,2,1,3
awe_10835,"The scene depicts dramatic karst limestone islands rising from calm, deep-blue tropical waters under a vivid cloudy sky — a visually grand and serene natural landscape that evokes quiet wonder and expansiveness.",6,2,none,1,1,5,1,3,2,5
anger_11486,"A lioness with wide-open jaws and prominent sharp fangs dominates the frame, conveying raw predatory power and an implicit threat that triggers a strong fear/danger response.",2,5,none,4,1,3,1,1,5,3
anger_08442,"A massive fireball explosion billowing black smoke rises over a barren desert landscape, viewed through what appears to be a weapons sight or fence — the dominant feeling is intense dread and alarm driven by the obvious destructive force and danger on display.",1,5,none,5,1,4,1,1,5,2
disgust_07899,"An overflowing trash can surrounded by scattered beer bottles, cans, and litter outside Citizens Bank Park after a game evokes a strong sense of disgust and mild chaos, with the mess and waste dominating the scene.",2,3,people_present,2,4,2,1,1,2,1
disgust_05117,"A decaying onion washed ashore on a rocky beach with seaweed evokes mild disgust from the rotting organic matter in the foreground, offset by a calm, sunlit coastal scene with boats and distant mountains in the background.",3,2,none,1,3,2,1,3,1,2
amusement_18237,"A young girl beaming with joy sits surrounded by wrapped Christmas gifts in front of a warmly decorated tree with stockings and fairy lights, radiating festive happiness and innocence.",7,3,prominent_faces,1,1,2,4,5,3,4
disgust_04946,"The image shows a pile of burned, charred debris and ash on concrete, evoking a strong sense of destruction, decay, and ugliness — likely triggering disgust and/or sadness in viewers.",2,2,none,3,4,2,1,1,1,1
amusement_14465,"A smiling young woman holding up a Beck's beer bottle at what appears to be a lively outdoor social gathering, radiating joy and fun — evoking amusement and excitement.",6,4,prominent_faces,1,1,2,4,4,4,3
fear_07921,"The image depicts a dark, decayed, abandoned room labeled ""Telephone Room,"" with crumbling walls, stains, dim lighting, and sparse rusted objects — evoking a strong sense of dread, desolation, and unease.",2,3,none,3,3,2,1,1,1,2
anger_06334,"A large tiger stalks directly toward the camera with an intense, focused gaze and lowered head, evoking a primal sense of threat and tension that commands attention.",2,5,none,4,1,3,1,1,4,4
anger_09297,"A large building is engulfed in fire and billowing smoke while a line of riot-geared police faces a crowd of civilians, creating an intensely threatening and distressing scene of civil unrest.",1,5,prominent_faces,5,2,3,1,1,5,2
excitement_15250,"Two men riding atop a convertible in a Pride parade, waving joyfully and holding a pink heart sign reading ""Married with Pride,"" surrounded by cheering crowds — the scene radiates celebratory happiness and social triumph.",7,4,prominent_faces,1,1,3,4,5,5,4
anger_05661,"Two dogs with bared teeth lunging at each other in a dark setting evokes high energy and a mix of playful roughhousing and apparent aggression, creating tension and moderate unease despite likely being play behavior.",3,4,none,4,1,2,3,1,4,2
amusement_18686,"Three smiling women in matching red dresses proudly display LG smartphones in front of the iconic Sagrada Família in Barcelona, creating a vibrant, upbeat promotional scene that radiates positive energy and excitement.",6,4,prominent_faces,1,1,3,3,4,4,4
excitement_16320,"A laughing toddler sprawled joyfully on a sidewalk covered in colorful chalk drawings radiates pure delight and playful energy, making this image overwhelmingly positive and lighthearted.",7,4,prominent_faces,1,1,2,5,5,4,4
excitement_08471,"A vibrant Pride parade scene bursting with rainbow colors, costumed riders on motorcycles, waving flags, and a cheering crowd — the overwhelming mood is high-energy celebration and joyful excitement.",7,5,prominent_faces,1,1,4,5,4,5,4
sadness_11217,"A lone stray cat sits amid debris in front of a decaying, graffiti-marked urban building in stark black-and-white, evoking a sense of desolation, melancholy, and quiet unease.",2,2,none,2,2,2,1,1,1,3
fear_07075,"A towering jack-o'-lantern scarecrow figure looming against a dark night sky evokes a strong sense of dread and unease, amplified by dramatic uplighting, bare branch ""arms,"" and tattered dark drapery — classic horror-Halloween imagery designed to frighten.",2,4,none,4,1,4,2,1,3,4
disgust_05913,A vividly colored green mamba coiled on a branch evokes unease and vigilance — its striking neon-yellow-green scales and alert posture are visually arresting but carry an implicit sense of danger and threat.,2,4,none,4,2,4,1,1,3,4
sadness_06605,"A fluffy koala huddled quietly on a branch with a slightly droopy, sleepy expression evokes gentle warmth and soft contentment, with the moody dark-purple bokeh background adding a touch of calm melancholy.",5,1,none,1,1,2,2,4,1,4
fear_12043,"The image features unsettling horror-themed novelty toys — a two-headed bloody clown doll, a metallic baby figure with green eyes, and a large fake black widow spider — which evoke a creepy, disturbing reaction with a touch of dark humor/playfulness.",2,4,none,3,3,4,3,1,2,2
anger_09173,A raised fist bearing a Hellfest wristband against a backdrop of glowing concert lights conveys high-energy excitement and communal euphoria typical of a live music festival.,6,5,people_present,1,1,3,2,3,5,4
awe_09876,"A tightly closed flower bud with rich crimson petals just beginning to emerge from green sepals evokes quiet anticipation and gentle beauty — serene, hopeful, and visually delicate.",6,2,none,1,1,2,1,4,1,4
contentment_15845,"A sunny, open tropical beach scene with calm water, white sand, a thatched palapa, a volleyball net, and a few relaxed beachgoers evokes a pleasant, leisurely holiday atmosphere — gently positive and tranquil.",6,2,people_present,1,1,2,3,4,2,4
awe_07405,"A deserted desert road stretching into the darkness under a vast, star-filled night sky evokes a profound sense of solitude and wonder — the immense starscape and empty landscape inspire awe while the deep shadows and isolation carry a faint undertone of unease.",5,3,none,2,1,5,1,2,2,5
awe_14815,"The vivid turquoise rushing water cascading over mossy rocks, framed by bare tree branches, evokes a sense of natural grandeur and serene wonder — powerful yet peaceful.",6,3,none,1,1,4,1,2,4,5
disgust_10920,"A heavily rotted, collapsed jack-o'-lantern with mold, sagging skin, and decay evokes a strong sense of disgust and mild unease, its grotesque deterioration dominating the emotional response.",2,3,none,2,4,2,1,1,1,1
excitement_17546,"A young bearded man speaking into a microphone at what appears to be a lively outdoor event, surrounded by colorful balloons and a small crowd, evoking a festive, energetic, and positive atmosphere.",6,4,prominent_faces,1,1,2,4,4,4,3
excitement_08268,"A vibrant carnival/pride parade performer in an elaborate red feathered costume poses joyfully with arms outstretched amid a lively crowd and colorful street atmosphere, radiating high-energy celebration and festive excitement.",7,5,prominent_faces,1,1,4,5,4,5,4
amusement_11890,"A laughing toddler being offered a snack outdoors radiates pure joy and warmth, evoking delight and lighthearted amusement in the viewer.",7,3,prominent_faces,1,1,2,5,5,3,4
fear_14655,"A person in graphic horror makeup/costume covered in fake blood and gore, holding a severed skull prop under dim theatrical lighting — the dominant feeling is visceral repulsion and unease, with elements of theatrical threat.",2,4,prominent_faces,4,5,3,2,1,3,2
sadness_08240,"A young lion resting its chin on a rock with a calm, slightly melancholic gaze evokes quiet contentment tinged with gentle sadness — the soft golden light and still posture create a peaceful but subdued mood.",4,2,none,2,1,3,1,3,1,4
fear_11838,"A man with dramatic black-and-white face paint featuring crosses and dark eye markings, wearing a black fedora, smirks directly at the camera — the theatrical menace and gothic imagery create an unsettling, dark intensity.",2,4,prominent_faces,4,2,3,2,1,3,3
amusement_09318,"A cheerful woman in Renaissance faire costume is spinning wool with a drop spindle, smiling warmly at the camera — the scene is festive, wholesome, and playful, evoking contentment and mild amusement.",6,2,prominent_faces,1,1,3,4,4,2,3
amusement_17212,"A minimalist Scandinavian-style Christmas vignette with hanging pine boughs, a small wreath, colorful wrapped gifts, and a striking red boot evokes quiet holiday contentment — warm, festive, and aesthetically pleasing without being loud or intense.",6,2,none,1,1,3,3,4,2,4
fear_14607,"A person wearing highly realistic zombie makeup with simulated blood, wounds, and pale skin stares intensely at the camera — the theatrical gore and menacing expression are visually disturbing yet recognizably costume-based, creating a mix of unease and dark spectacle.",2,4,prominent_faces,4,4,3,2,1,3,2
amusement_14293,A tranquil woodland scene with delicate white and pink-purple wildflowers against a lush green forest backdrop evokes gentle contentment and quiet natural beauty.,6,2,none,1,1,2,2,4,2,4
amusement_19270,"Two smiling women sitting together on a wooden bench surrounded by lush greenery, radiating warmth, companionship, and relaxed happiness — evoking gentle contentment.",6,2,prominent_faces,1,1,2,3,5,2,3
awe_10939,"A frozen lake at golden-hour sunset casts a warm, glittering light path across the ice toward a silhouetted treeline — the scene is serene yet grand in scale, evoking quiet wonder and peaceful contemplation.",6,2,none,1,1,4,1,4,2,5
sadness_06070,"A dog resting its head on a soft blanket with heavy, drooping eyes and a gentle, melancholic expression evokes a quiet, tender sadness and calm comfort.",3,1,none,1,1,2,1,4,1,4
anger_06445,"A massive wooden structure burns dramatically against a pitch-black night sky while a crowd watches from a distance — the scale of the inferno, the spectacle, and the communal gathering evoke overwhelming intensity and grandeur.",6,5,people_present,3,1,5,2,2,5,4
awe_09601,"The image shows a group of Muslim worshippers seated on the floor of a mosque, quietly reading religious texts — a serene, spiritually contemplative scene that evokes a sense of peaceful devotion and communal calm.",6,1,people_present,1,1,2,1,4,1,4
excitement_11088,"A competitive ice hockey game in action, with players aggressively competing for the puck — the dynamic movement, physical contest, and athletic intensity evoke excitement and competitive energy.",6,4,prominent_faces,2,1,2,3,2,5,3
disgust_06799,"The image depicts a pile of discarded litter — crushed cans, dirty bottles, and scattered papers on grimy ground — evoking a strong sense of disgust and mild sadness at environmental neglect.",2,2,none,1,4,1,1,1,1,1
fear_12072,"A woman in elaborate zombie nurse makeup with grotesque, gory prosthetics and fake blood dominates the frame at a zombie walk event — the viscerally realistic horror makeup evokes strong disgust and fear while the costume/parade context adds a faint layer of theatrical playfulness.",2,4,prominent_faces,4,5,3,2,1,3,2
awe_13903,"A young woman in an elaborate golden crown and ornate costume smiles at a festive outdoor parade, radiating celebration and joy.",6,3,prominent_faces,1,1,3,4,4,3,4
awe_09942,"A vivid ocean sunset with a golden sun reflecting across calm-to-gentle waves evokes serene grandeur — the sweeping warm palette, the luminous path of light on the water, and the vast horizon combine to produce a deeply peaceful yet awe-inspiring feeling.",6,2,none,1,1,4,1,5,2,5
contentment_10786,"A large, calm grey Great Dane lies serenely on lush green grass beside a small aircraft, projecting quiet contentment and gentle dignity with no threat or unpleasantness present.",5,2,none,1,1,3,2,4,1,4
anger_05015,"A large group of people gathered outdoors holding protest signs advocating for family unity and immigrant rights — the scene conveys collective purpose, mild passion, and social solidarity, with a hopeful yet serious emotional tone.",5,3,prominent_faces,1,1,2,2,3,3,3
awe_12526,"An outdoor wedding ceremony with a bride, groom, officiant, flower girls, and groomsmen under a white floral arch evokes warmth, joy, and celebratory contentment — a highly positive, socially rich moment.",6,3,prominent_faces,1,1,2,2,5,2,4
anger_09892,"A massive structure engulfed in towering flames at night, with silhouetted onlookers in the foreground — the overwhelming scale of fire, the dramatic lighting, and the ritualistic destruction evoke intense arousal and a mix of awe and primal unease.",5,5,people_present,4,1,5,1,1,5,4
excitement_08296,"A vibrantly costumed performer dances energetically in what appears to be a Pride parade, radiating joy and celebration through bold red feathers, jeweled costume, and an exuberant pose — the scene is festive, visually dynamic, and overwhelmingly positive in mood.",6,5,prominent_faces,1,1,4,5,3,5,4
awe_08208,"A serene ocean sunset framed by silhouetted trees casts warm golden-orange light across calm water, evoking a profound sense of peaceful grandeur and natural beauty.",6,2,none,1,1,4,1,5,2,5
amusement_10280,"A smiling father holding a dressed-up baby in front of a large, brilliantly lit Christmas tree evokes warmth, joy, and family contentment — a classic feel-good holiday scene.",6,2,prominent_faces,1,1,2,3,5,2,4
excitement_14591,A rider in full leathers carves through a racing circuit on a vivid red Honda VTR at speed — the motion blur and aggressive lean convey high-energy excitement and mild thrill-based arousal.,6,4,people_present,2,1,3,2,2,5,4
contentment_09185,A delicate blue butterfly resting peacefully on a vivid green leaf in a lush natural setting evokes quiet contentment and gentle appreciation of nature's beauty.,6,2,none,1,1,2,2,4,1,4
awe_13942,"The vast, rugged mountain valley with sparse vegetation and an expansive sky evokes a sense of grand solitude and quiet wonder at nature's scale.",5,2,none,1,1,4,1,2,2,4
disgust_08096,"The scene shows a gravel ground heavily littered with discarded bottles, cans, and trash beneath a metal structure — likely after a large public event — evoking strong feelings of disgust and mild sadness at the environmental neglect and human carelessness.",2,2,none,1,4,2,1,1,1,1
awe_08003,"A sweeping tropical beach scene at golden hour featuring a vivid rainbow arching over Diamond Head crater evokes expansive wonder and serene joy — the warm light, calm water, lush palms, and rare atmospheric phenomenon combine to produce a deeply uplifting, awe-tinged sense of peaceful grandeur.",7,3,people_present,1,1,5,2,5,2,
fear_07476,"A grotesque, hyper-realistic horror clown mask with simulated blood, rotting flesh texture, and a menacing expression dominates the frame at close range, evoking strong unease and revulsion.",1,5,prominent_faces,4,5,3,1,1,3,1
awe_10082,"Two people in rich, ornate Indian ceremonial attire — a child and an adult — evoke a sense of cultural grandeur and solemn festivity, with the child's wide, serious gaze lending quiet gravity to the vibrant splendour of the occasion.",6,3,prominent_faces,1,1,4,2,4,2,5
amusement_09343,"A person in a flamboyant, colorful costume with an elaborate decorated hat is entertaining at what appears to be a festive venue, evoking a fun and lively atmosphere.",6,4,prominent_faces,1,1,4,5,3,4,3
awe_11477,"A sweeping alpine panorama under a vivid, cloudless blue sky with snow-capped peaks, forested ridges, and a valley town below evokes a strong sense of grandeur and serene vastness — classic triggers of awe and contentment.",6,2,none,1,1,4,1,3,2,5
contentment_08552,"An extreme close-up of a cat's face with wide, intensely golden eyes staring directly at the viewer creates a mildly startling, curious, and slightly unsettling feeling — the huge dilated pupils and unexpected intimacy of scale evoke mild alertness and amusement simultaneously.",5,3,none,1,1,4,4,3,2,4
excitement_08395,"A boldly costumed performer in a skimpy feathered outfit wearing a ""Mr. Gay Latino WA '08"" sash at what appears to be a Pride parade — the scene is vibrant, theatrical, and celebratory, evoking lively amusement and excitement.",6,4,prominent_faces,1,1,4,5,3,4,3
anger_05009,"A sweaty punk/hardcore concert with a singer screaming into a crowd of agitated, yelling fans — high physical energy, aggressive body language, and a chaotic mosh-pit atmosphere dominate the scene.",5,5,prominent_faces,3,1,2,2,2,5,2
awe_11871,"A golden sunset with the sun partially veiled by layered clouds creates a serene yet visually stunning scene that evokes deep wonder and tranquility — the warm amber tones, soft circular sun disk, and sweeping cloud bands feel vast and awe-inspiring.",6,2,none,1,1,5,1,5,2,5
contentment_11294,"A close-up of delicate white-pink blossoms with soft bokeh green background evokes a serene, gentle sense of natural beauty and tranquility — most consistent with quiet contentment.",6,2,none,1,1,2,2,4,2,4
contentment_09047,"Two young women laughing and exploring together in a lush green forest, one playfully pulling down a tree branch, radiating joy, friendship, and lighthearted adventure.",6,3,prominent_faces,1,1,2,4,4,3,4
fear_12042,"The scene features occult/ritualistic objects — an animal skull, a jar containing a preserved animal, a pentagram-stamped grimoire, and scattered straw on a dark rug — creating a deeply unsettling, macabre atmosphere that evokes dread and repulsion.",2,4,none,4,4,4,1,1,2,2
excitement_11550,"A young boy beams with a gap-toothed grin at what appears to be a theme park or outdoor attraction, radiating pure joy and playfulness that makes the scene feel warm, light-hearted, and highly positive.",7,4,prominent_faces,1,1,2,5,5,4,4
awe_10211,"A vast, frost-dusted desert landscape with yucca plants under a moody, cloud-streaked sky and snow-capped mountains evokes quiet grandeur and melancholic solitude — the muted palette, stillness, and epic scale inspire a sense of awe tinged with loneliness.",5,2,none,1,1,4,1,2,2,4
awe_06601,"A serene beach sunset with golden light reflecting on calm waves and a vast sky evokes a profound sense of wonder and tranquil beauty, dominated by awe and peaceful contentment.",6,2,none,1,1,4,1,4,2,5
excitement_12449,"A man racing in a road running event with bib number 486, mid-stride on an open road surrounded by green countryside — the scene conveys active, positive energy and mild excitement typical of competitive sport.",5,3,prominent_faces,1,1,2,2,3,4,3
excitement_11500,"Two smiling people on a road trip — one giving a thumbs-up — radiate cheerful, carefree happiness, making the dominant feeling warm, light, and positively energetic.",6,3,prominent_faces,1,1,2,4,4,3,3
amusement_17496,"Two elderly men in elaborate, colorful pirate/colonial costumes at a sunny outdoor festival evoke a strong sense of fun and lighthearted amusement — the playful outfits, bright sunshine, festive bunting, and casual demeanor (flip-flops under period costumes) create a cheerful, humorous scene.",6,3,prominent_faces,1,1,3,5,4,3,
amusement_10282,"A young girl beaming with a wide smile while decorating a Christmas tree, surrounded by festive stockings and holiday ornaments, radiates pure joy and warmth — evoking a strongly positive, cheerful, and celebratory feeling.",7,3,prominent_faces,1,1,2,4,5,3,4
contentment_12903,"An elderly couple shares a warm, joyful moment during a picnic in a lush green park, smiling and leaning into each other — the scene radiates contentment, intimacy, and gentle happiness.",6,2,prominent_faces,1,1,2,3,5,2,4
anger_10825,"A massive fireball and billowing black smoke engulf the scene behind heavy machinery in a desert/industrial setting, creating an overwhelmingly threatening and alarming atmosphere dominated by danger and destruction.",2,5,none,5,2,3,1,1,5,2
excitement_18085,"A joyful couple playfully jumping and dancing on a white duvet in a misty pine forest, holding hands mid-air — the whimsical, carefree setting and visible laughter evoke strong lighthearted delight and excitement.",6,4,prominent_faces,1,1,4,5,4,5,4
contentment_10058,"A group of smiling young women posing together at what appears to be an outdoor social gathering or party, conveying happiness, friendliness, and social warmth.",6,3,prominent_faces,1,1,2,4,4,3,3
sadness_06739,"A fluffy cream-colored dog resting its chin on a soft sherpa blanket with large, soulful eyes gazing upward conveys a deeply warm, gentle, and slightly melancholic mood — the droopy, puppy-dog eyes and relaxed pose evoke tenderness and quiet longing.",5,1,none,1,1,2,1,5,1,5
disgust_08702,"An overflowing public trash bin packed with pizza boxes, beer bottles, and energy drink cans evokes a strong sense of mess and repulsion, making disgust the dominant feeling.",2,2,none,1,4,1,1,1,1,1
anger_07291,"Two dogs snarling and snapping at each other with bared teeth and wide-open jaws conveys aggression and threat, producing strong feelings of alarm and unease in the viewer.",2,5,none,5,2,2,1,1,5,2
amusement_13166,"A cherubic toddler contentedly munching on a snack while a caregiver tends nearby evokes warmth, innocence, and gentle comfort — a quintessential heartwarming everyday moment.",6,2,prominent_faces,1,1,2,3,5,2,4
amusement_13216,"A colorful, cheerful My Little Pony Play-Doh toy set with bright pinks, yellows, and blues evokes playful excitement and childlike delight, with no negative elements present.",6,3,prominent_faces,1,1,2,5,4,3,3
disgust_08300,"A dense, writhing mass of hundreds of baby spiderlings clustered on a leaf triggers strong visceral disgust and fear responses due to the overwhelming number of arachnids, their tangled legs, and the unsettling sense of infestation.",2,4,none,4,5,3,1,1,3,2
awe_13192,"A dramatic fiery sunset over a calm lake with a mountain silhouette bathes the scene in intense reds and oranges, evoking overwhelming grandeur and sublime wonder.",6,4,none,1,1,5,1,4,4,5
disgust_05603,"The image shows a large platter densely covered in what appear to be fried insects (likely worms/larvae and larger bugs), which is visually repulsive to most Western observers and strongly triggers disgust responses due to the writhing, glistening mass of dark insect bodies.",2,4,none,2,5,4,1,1,2,1
amusement_11495,"A red-haired child is grinning cheekily while lying sideways, radiating pure playful joy and lighthearted mischief against a vivid red background.",6,4,prominent_faces,1,1,2,5,4,4,4
awe_12476,"Two bison standing calmly in a vast, golden prairie with frost on their fur evokes a quiet, grounded sense of natural serenity — powerful yet peaceful, with subtle grandeur in the wild landscape.",5,2,none,2,1,3,1,3,2,4
sadness_11904,"A young child riding a big-wheel tricycle on a sunny autumn day in a quiet suburban neighborhood evokes a warm, cheerful, and gently playful mood — the scene is peaceful and nostalgic, with fall leaves adding a cozy, golden-season atmosphere.",6,2,people_present,1,1,2,4,5,2,3
fear_08267,"A creatively carved and painted Halloween pumpkin featuring multiple Minion characters from Despicable Me, shown both unlit and lit from within — the novelty of the craft, the goofy cartoon faces, and the Halloween context make this predominantly amusing and lighthearted.",6,3,none,1,1,4,5,3,3,4
fear_11768,"The heavily motion-blurred, dark image of a distorted human face lit by eerie warm and neon lights creates an unsettling, disorienting, and vaguely threatening atmosphere.",2,4,prominent_faces,3,2,3,1,1,4,2
contentment_13894,"A cute toddler bundled in a star-patterned winter jacket and a whimsical animal hat sits contentedly on a blue seat, evoking warmth, delight, and gentle amusement.",6,2,prominent_faces,1,1,2,4,5,2,4
disgust_08401,"A striking close-up of a vivid red scorpionfish partially buried in dark sediment — its warty, alien texture, intense staring eye, and blood-red coloration evoke a mix of unease and fascination, leaning toward disgust and mild threat.",2,4,none,4,4,4,1,1,2,3
excitement_18670,"Two men in formal suits laughing and gesturing exuberantly at what appears to be a celebratory event (likely a wedding), conveying infectious joy and high-energy excitement.",7,5,prominent_faces,1,1,2,5,4,5,3
anger_04809,"A massive pyrotechnic structure blazes with intense fire and fireworks at night, with silhouetted crowd watching — the spectacular scale, explosive energy, and dramatic lighting evoke a strong sense of awe and excitement.",6,5,people_present,3,1,5,2,2,5,4
amusement_12329,"A serene, weathered cherub statue with closed eyes and a peaceful expression, nestled among winter florals — it evokes quiet, bittersweet tranquility with a hint of melancholy through its aged, cemetery-adjacent aesthetic.",5,1,none,1,1,2,1,3,1,4
sadness_08512,"A figure dressed entirely in elaborate black mourning attire, holding red roses, walks through a cemetery — the dark gothic costume, graveyard setting, and funereal atmosphere evoke a strong sense of dread and melancholy.",2,3,people_present,3,1,4,1,1,2,3
disgust_08850,"The image shows a filthy, heavily soiled pit latrine with stains, grime, rust, and biological waste covering the floor and walls, evoking a strong visceral disgust response with virtually no positive qualities.",1,3,none,3,5,2,1,1,1,1
fear_06572,"The dramatic dual-toned lighting (cold blue vs. threatening red), masked figure, and glowing flask in darkness create a tense, ominous atmosphere that evokes unease and apprehension.",2,4,prominent_faces,4,1,4,1,1,3,4
contentment_08508,"A vividly colored monarch butterfly resting on soft pink wildflowers against lush green foliage evokes a gentle, peaceful delight — the kind of quiet natural beauty that invites calm appreciation and contentment.",6,2,none,1,1,3,2,4,2,4
contentment_07420,"A smiling woman in vibrant traditional Hmong attire sells colorful textiles at a lively outdoor market, radiating joy, cultural richness, and warm human connection.",6,3,prominent_faces,1,1,3,3,5,3,4
fear_10272,"The image shows quirky, handcrafted puppet/folk-art figures — a guitar-playing mustachioed man and a clown backdrop — which are whimsical and humorous, evoking lighthearted amusement rather than any negative emotion.",6,2,none,1,1,3,5,3,2,3
sadness_07914,"The close-up portrait of a black-and-white colobus monkey with intense, directly staring amber eyes and a stern, furrowed expression conveys a serious, mildly unsettling tension — the animal's gaze feels confrontational and slightly threatening, evoking a low-level sense of unease or wariness.",3,3,none,3,1,3,1,2,2,
awe_11282,"The aerial view of a lush green coastline with a railway tunnel, calm turquoise sea, and sandy beach evokes a sense of serene grandeur and natural beauty, inspiring quiet awe and contentment.",6,2,none,1,1,4,1,3,2,5
contentment_16199,"A dense cluster of bright golden-yellow crocuses bathed in warm sunlight evokes a cheerful, uplifting mood — the vivid color, soft bokeh background, and fresh spring setting radiate positivity and gentle delight.",6,2,none,1,1,2,2,5,2,4
fear_13883,"A close-up macro shot of a green stink bug on a large green leaf evokes mild unease or disgust for many viewers due to the creeping insect, while remaining naturalistic and calm overall.",3,2,none,2,3,2,1,2,1,2
disgust_07042,"A large, chaotic pile of scattered litter and crushed containers dumped on muddy ground evokes disgust and mild sadness — the scene is visually repulsive and environmentally distressing, with no redeeming warmth or positive energy.",2,2,none,2,4,2,1,1,1,1
awe_10786,"The stark silhouette of a bare, twisted dead tree against a moody twilight sky with dramatic cloud patterns evokes a melancholic, slightly eerie feeling — the gnarled branches reaching outward feel foreboding yet the soft blues and warm golden tones of the sky lend a quiet, solitary beauty.",2,3,none,2,1,4,1,2,2,
awe_13112,"The image shows an elegantly decorated wedding or celebration cake table under a white fabric arch with orange accent draping, conveying a sense of joyful occasion, warmth, and visual grandeur that evokes a serene, uplifting celebration atmosphere.",6,2,none,1,1,3,2,5,2,4
awe_09552,"A dramatic ocean sunset with crashing waves and vivid golden light radiating across the horizon evokes an overwhelming sense of grandeur and sublime beauty, characteristic of awe.",6,4,none,2,1,5,1,4,4,5
excitement_17039,"A smiling, bearded man with tattoos relaxes in a classic convertible car, radiating carefree enjoyment and cool style — the dominant feeling is cheerful contentment with a touch of stylish excitement.",6,3,prominent_faces,1,1,2,4,4,3,4
excitement_14377,"A smiling runner throwing thumbs-up mid-race radiates infectious joy and high-energy enthusiasm, making this a strongly positive, lively, and celebratory scene.",6,4,prominent_faces,1,1,2,4,4,5,3
anger_06186,"A snarling dog with bared teeth in an aggressive lunging posture dominates the frame, conveying immediate threat and danger, which produces a strong stress/fear response in the viewer.",2,5,none,5,2,2,1,1,5,2
anger_07855,"A close-up of a tiger with open mouth and exposed teeth/tongue, viewed through bars, creates an intense, threatening presence that evokes primal fear and tension.",2,5,none,5,1,3,1,1,4,4
amusement_16522,"A majestic Ferris wheel silhouetted against a stunning gradient sunset sky with vivid oranges, golds, and blues, plus a dramatic jet contrail — the grand scale, rich colors, and fairground context evoke a sense of wonder and uplifting excitement.",6,4,none,1,1,4,3,4,4,5
fear_14000,"The image depicts a woman with realistic-looking blood covering her face and shoulder, likely horror/zombie makeup, which dominates the scene with disturbing and viscerally repulsive imagery, evoking strong negative affect.",2,4,prominent_faces,4,4,3,1,1,3,2
awe_11665,"A sweeping mountain landscape with dense evergreen forests, rocky cliffs, a winding road, and dramatic clouds evokes quiet grandeur and serene vastness — primarily awe and contentment.",6,2,none,1,1,4,1,3,2,4
sadness_09952,"The black-and-white image of a derelict, debris-strewn interior with broken windows and metal cages evokes a strong sense of decay and abandonment, producing feelings of melancholy and unease.",2,2,none,3,3,2,1,1,1,2
amusement_14004,"A vibrant theme park scene featuring beloved Incredibles characters on flashy ride platforms with a cheerful, energetic performer alongside — the bright reds, sunny skies, and festive atmosphere radiate fun and excitement.",6,4,people_present,1,1,3,5,4,4,3
excitement_18378,"Two women are laughing and celebrating energetically in a lively bar/club setting, radiating joy and high-energy excitement — arms raised, mouths open in laughter, surrounded by a festive crowd and neon lighting.",7,5,prominent_faces,1,1,2,5,4,5,3
contentment_13383,"A chubby orange tabby cat with a grumpy, long-suffering expression wears a tiny bow on its head while being firmly cradled by a smiling person — the cat's deadpan displeasure against the human's cheerful affection makes the scene inherently amusing and light-hearted.",6,2,people_present,1,1,2,4,4,2,
excitement_11040,"A lively Pride parade float packed with people dancing, cheering, and celebrating under confetti, conveying high-energy collective joy and festivity.",6,5,prominent_faces,1,1,3,5,4,5,3
awe_14134,"The lush, expansive green valley with rolling hills and a bright sky evokes a sense of serene grandeur and natural beauty, likely inspiring contentment or awe.",6,2,none,1,1,4,1,4,2,4
amusement_09102,"A gleeful young child holding a large conch shell to his ear on a sunny beach — his wide open smile and sparkling eyes radiate pure delight and lighthearted fun, making the dominant feeling one of warm, playful joy.",7,3,prominent_faces,1,1,2,5,5,3,4
sadness_06704,"A young woman lies curled on a bed in a stark black-and-white photo, her gaze distant and hollow — the pose, isolation, muted tones, and introspective expression collectively evoke a heavy, melancholic stillness.",2,2,prominent_faces,1,1,2,1,1,1,3
contentment_09266,"A young child reaches toward the camera with a mischievous, wide-eyed expression and a slight grin, conveying innocent playfulness and warmth — the dominant feeling is gentle delight tinged with curiosity.",6,3,prominent_faces,1,1,2,5,5,3,4
anger_08917,"A black-and-white cat is caught mid-yawn/hiss with its mouth wide open, surrounded by garden plants on a wooden deck — the dramatic open-mouthed expression is inherently comedic and lively, evoking a strong sense of playful amusement.",6,4,none,2,1,3,5,3,4,4
fear_13542,"The image depicts what appear to be improvised explosive devices — wired canisters (baby powder tins) connected by detonator wires inside a cardboard box — strongly evoking fear, dread, and threat despite the innocent baby imagery on the tins.",1,5,none,5,2,3,1,1,2,1
anger_09671,"The Mirage volcano eruption show at night creates a dramatic spectacle of towering fire, cascading lava-like water, and vivid orange-red reflections — visually stunning and energetic, evoking a sense of grand spectacle and wonder.",6,5,none,3,1,5,2,3,5,4
sadness_10288,"A close-up black-and-white portrait of a young man gazing upward with a tense, troubled expression — the monochrome palette, upward gaze, and somber facial tension evoke a melancholic or wistful mood.",2,2,prominent_faces,1,1,2,1,1,2,3
disgust_10149,"A large spider lurking at the entrance of a dark burrow amid green moss evokes a strong sense of threat and unease, with the creature's prominent legs and dark body triggering instinctive aversion and fear responses.",2,4,none,4,4,3,1,1,2,2
fear_10655,"A young boy with camouflage face paint aims a bright green toy gun outdoors — the scene is playful and energetic, evoking amusement and mild excitement, though the simulated threat gesture introduces a slight edge of unease.",5,4,prominent_faces,3,1,3,5,3,4,3
fear_14414,"A whimsical skeleton-shaped Halloween cookie with white icing held in a hand, surrounded by spooky decorations (skull figurine, dark orbs) — the dominant feeling is playful amusement with mild spooky theatricality, not genuine threat.",5,2,people_present,2,1,3,5,3,2,3
excitement_10507,"A blonde female performer sings passionately into a microphone on a warmly lit red/orange stage at what appears to be a lively 2009 concert event, conveying high-energy excitement and positive engagement.",6,4,prominent_faces,1,1,2,3,4,4,4
excitement_18502,"A singer performs passionately on a darkened stage, microphone raised, eyes closed, with bold makeup and expressive body language — conveying high-energy emotional intensity and excitement.",6,5,prominent_faces,1,1,3,2,2,5,4
awe_12068,"Silhouetted birds perched on a bare, leafless tree against a warm golden sunset sky evokes a quiet, melancholic beauty — the stark dead tree and darkened forms suggest stillness and solemnity, while the glowing backdrop lends a serene, otherworldly grandeur.",5,2,none,1,1,4,1,3,1,5
disgust_05204,"A close-up of a grimy ashtray overflowing with used cigarette butts evokes strong disgust and mild sadness — the accumulation of waste signals decay, neglect, and an unhealthy habit.",2,2,none,2,4,2,1,1,1,1
awe_10546,"A close-up of a golden reed/grass plume backlit by warm winter light evokes quiet, serene beauty — gentle movement suggested by the swept fronds, warm amber tones, and soft bokeh background create a calm yet aesthetically pleasing sense of natural tranquility.",6,2,none,1,1,2,1,4,2,4
contentment_08663,"A serene, sunlit garden pathway lined with palm trees leads to a grand white mosque with a minaret, evoking a sense of peaceful reverence and quiet awe at the architectural beauty amid lush greenery.",6,2,none,1,1,4,1,4,2,5
anger_06261,"The image depicts a protest with demonstrators holding signs demanding racial justice and criticizing police violence, conveying a strong sense of collective anger and urgency under a bright sky.",2,4,prominent_faces,2,2,2,1,1,4,2
sadness_08471,"A fledgling bird lies flat on the ground with wings spread and beak open wide, appearing distressed or injured — evoking concern, vulnerability, and mild distress in the viewer.",2,3,none,3,1,2,1,2,2,2
disgust_06301,"An underwater macro photo of a dark, ruffled nudibranch crawling over algae-encrusted rock evokes quiet curiosity and mild unease — the alien, slug-like creature with frilly appendages is visually interesting but carries a subtle creepiness, set against a dim, murky ocean floor.",3,2,none,2,3,4,1,1,1,
anger_07087,"The image shows a man with a proud, exaggerated grin displaying missing/discolored teeth while wearing a medal — the combination of the unusual facial appearance and achievement context creates a mix of amusement and mild discomfort in the viewer.",4,3,prominent_faces,1,3,4,3,2,3,2
fear_08337,"The image is a signed promotional photo from a Halloween horror film featuring the iconic masked killer Michael Myers looming large and menacingly over a small costumed child, evoking strong feelings of dread and threat despite the playful ""Happy Halloween"" autograph inscription.",2,4,people_present,5,1,2,2,1,3,2
anger_10618,"A book being consumed by fire amid ash and rubble evokes a strong sense of destruction and loss — the deliberate burning of written knowledge carries a deeply negative, disturbing charge with high visual intensity from the active flames.",2,4,none,4,2,2,1,1,4,2
excitement_19633,"A mountain biker is airborne mid-race on a rugged rocky hillside, conveying high-speed adrenaline, physical risk, and competitive intensity that dominates the emotional tone.",6,5,people_present,3,1,3,2,1,5,4
awe_10073,"A vivid tropical sunset bathes the scene in deep magenta and violet hues, with silhouetted longtail boats resting on a mirror-still shallow bay — the dramatic, otherworldly colour palette and serene grandeur combine to produce a powerful sense of elevated wonder and tranquil beauty.",6,3,none,1,1,5,1,3,2,5
excitement_15369,"A motocross rider on a bright green Kawasaki dirt bike (#284) actively racing on a dirt track conveys high energy and excitement, with dynamic movement and vivid colors creating an engaging, positive scene.",6,4,people_present,2,1,3,3,2,5,3
amusement_13127,"Children joyfully playing in a ball pit with confetti/foam falling around them at what appears to be a festive indoor event, conveying high energy, delight, and playful excitement.",7,4,prominent_faces,1,1,3,5,4,5,4
disgust_08238,"A dead, visibly injured/bloody bird lying in a container on a sidewalk evokes strong disgust and sadness, with the gore of exposed flesh and blood being the dominant perceptual stimulus.",1,4,people_present,3,5,2,1,1,1,1
contentment_10138,"A man relaxing in a hammock on a sunny deck with a happy dog in the foreground evokes a strong sense of leisure, comfort, and domestic contentment.",6,2,prominent_faces,1,1,2,3,5,2,3
fear_11194,"A black-and-white image of a sinister, hollow-eyed doll surrounded by sharp, chaotic branches evokes dread and unease — the uncanny face with dark eye sockets, the entrapment by jagged sticks, and the monochromatic high-contrast aesthetic all strongly signal threat and psychological disturbance.",2,4,none,4,2,3,1,1,3,
sadness_10762,"A black-and-white close-up profile portrait of a woman with a faint downward smile and gaze, conveying quiet introspection and gentle contentment — the soft focus background and subtle expression create a calm, intimate, mildly warm mood.",5,2,prominent_faces,1,1,2,2,3,1,4
anger_08871,"Two boxers actively exchanging blows in an Olympic ring creates a high-energy, physically intense confrontation that evokes strong arousal and moderate threat, with competitive excitement dominating the scene.",5,5,prominent_faces,4,1,2,1,1,5,3
amusement_10195,"A calm, sunny French coastal scene with a lifeguard post (Poste de Secours), gentle sea, and a few leisurely pedestrians evokes a relaxed, mildly pleasant sense of contentment and safety.",5,2,people_present,1,1,2,2,4,2,3
awe_10841,"A vivid rainbow arcing over rolling green hills beneath dramatic storm clouds creates a striking contrast between brooding darkness and brilliant color, evoking a sense of wonder and transcendence.",6,3,none,2,1,4,1,2,3,5
contentment_13371,"A young woman gazes away over still water from behind a railing, her posture and averted face conveying quiet introspection and melancholy, evoking a subdued, contemplative emotional tone.",2,2,prominent_faces,1,1,2,1,2,1,3
disgust_08388,"A massive, tightly compressed bale of crushed plastic bottles dominates the entire frame — an overwhelming mass of waste that evokes environmental unease and repulsion, with no warmth, beauty, or joy.",2,3,none,2,4,2,1,1,2,2
amusement_10021,"A creative, eye-catching Christmas tree sculpture made entirely of stacked orange Hermès-style gift boxes with faux snow accents in a shopping mall atrium — novel, playful, and visually striking but fundamentally lighthearted and festive.",6,3,none,1,1,4,4,3,2,4
fear_08277,"This is a horror film still (Dark Storm Films) showing two blood-covered men in a dark, decrepit setting — one appearing to attack or restrain the other — evoking strong threat, disgust, and distress.",1,5,prominent_faces,5,5,2,1,1,4,1
amusement_18790,"The image bursts with vibrant, saturated colors of carnival rides — a towering Ferris wheel and a spinning ride — shot dramatically from below against a vivid blue sky, evoking a strong sense of excitement and festive energy.",6,4,none,1,1,4,5,3,5,4
sadness_11861,"A weathered gravestone in an overgrown cemetery evokes quiet melancholy and solemnity — the worn inscription, dead foliage, and imagery of death combine to produce a subdued, somber feeling.",2,2,none,1,1,2,1,1,1,2
contentment_14340,"A beautifully styled chocolate cake adorned with glazed strawberries evokes pleasure, indulgence, and visual delight — the dominant feeling is warm contentment with mild excitement from the rich, appetizing presentation.",6,2,none,1,1,2,2,4,2,5
contentment_14809,"A young woman smiles softly in a sunlit park setting, conveying gentle warmth and quiet contentment with no threats or negative elements present.",6,2,prominent_faces,1,1,2,2,4,2,4
disgust_06056,"The image depicts a chaotic mass of plastic waste and debris churning in ocean waves, evoking strong negative feelings of environmental disgust, sadness, and moral outrage at pollution.",2,4,none,4,5,2,1,1,4,1
anger_05093,"A woman screams with wide-open red-lipsticked mouth directly at the camera in a confrontational close-up, conveying intense aggression or raw emotional outburst, making the dominant feeling highly charged and unsettling.",2,5,prominent_faces,4,1,3,1,1,5,3
contentment_13758,A relaxed calico cat lounging on a decorative glass table surrounded by colorful flowers and ornate white decor in a bright sunroom evokes a strong sense of domestic contentment and charm.,6,2,none,1,1,2,2,5,1,4
disgust_06537,"A close-up macro shot of a hairy spider perched on a stone surface evokes unease and revulsion — its prominent fangs, multiple eyes, and spiny legs fill the frame, triggering strong arachnophobia-related threat and disgust responses.",2,4,none,4,4,3,1,1,3,2
excitement_15491,"A footballer executes a spectacular overhead/bicycle kick mid-air during a match, capturing a rare, athletic peak-action moment that radiates excitement and dynamic energy.",6,5,people_present,1,1,4,3,2,5,4
disgust_10323,"The interior of a hollowed-out, cut-open pumpkin lying on dirty ground reveals slimy seeds and pulp arranged in a way that faintly resembles a face — the scene is messy, viscerally organic, and mildly unsettling, evoking a sense of repulsion mixed with eerie recognition.",2,3,none,2,4,3,1,1,2,
contentment_13118,"A young child beaming with a messy, food-covered face in bright sunlight radiates pure joy and innocence, evoking warmth and amusement in the viewer.",7,3,prominent_faces,1,1,2,5,5,3,4
sadness_11763,"A toddler in a pink dress is visibly crying/distressed outdoors, with tears and a scrunched face — the dominant feeling is sympathetic sadness and distress, evoked by the child's raw emotional expression of upset.",2,4,prominent_faces,1,1,2,1,2,3,3
contentment_07920,"A toddler sits cozily inside a bright pink play tent decorated with colorful felt shapes, holding a toy lantern and looking at a book — a warmly playful and contented domestic scene that evokes gentle joy and comfort.",6,2,prominent_faces,1,1,2,5,5,2,4
sadness_10992,"A weathered, isolated barn sits under a heavy grey overcast sky on a bleak, dormant winter farmscape with patchy snow and bare trees, evoking a strong sense of loneliness and melancholy.",2,1,none,1,1,2,1,1,1,2
awe_07449,"A couple in wedding attire posing before the Eiffel Tower in Paris evokes a sense of romantic grandeur and quiet joy — the iconic landmark, elegant dress, and overcast yet atmospheric sky combine to inspire awe and contentment.",6,2,prominent_faces,1,1,4,2,4,2,5
anger_09605,"A large, animated political protest crowd carrying banners demanding boycotts and featuring a Socialist Party flag evokes collective defiance and tension, with high social energy and an undercurrent of grievance.",2,4,prominent_faces,2,1,2,1,1,4,2
excitement_15512,"A performer in a striking red gown sings passionately under vivid red stage lighting, projecting high energy and dramatic intensity that evokes excitement and awe.",6,5,prominent_faces,1,1,4,2,3,5,5
sadness_11085,"A modest, lovingly decorated grave marked with a small stone angel plaque, white gravel, a brick border, artificial flowers, and ornamental balls — the scene evokes quiet grief and tender remembrance.",2,2,none,1,1,2,1,3,1,3
excitement_10751,"A young woman is joyfully tossing autumn leaves around her, laughing with arms outstretched — the swirling leaves and her radiant expression create a highly energetic, playful, and warm scene full of spontaneous delight.",7,4,prominent_faces,1,1,3,5,4,5,4
disgust_06674,"The image depicts a metal ashtray overflowing with dirty cigarette butts and ash beside a Zippo lighter, rendered in dark, desaturated tones — evoking a sense of grim repulsion and melancholic decay.",2,2,none,2,4,2,1,1,1,2
sadness_10698,"An elderly man sits alone in a dimly lit café, hunched over with his head resting on his hand while gazing out at a grey, wintry street — a posture and setting that strongly conveys loneliness, melancholy, and quiet resignation.",2,2,people_present,1,1,2,1,2,1,3
sadness_10132,"A wall of Italian cemetery burial niches with marble plaques, portrait photos of the deceased, and numerous flower arrangements evokes quiet grief and solemnity — the combination of death commemoration, human faces, and funerary flowers creates a distinctly mournful yet tenderly dignified atmosphere.",2,2,prominent_faces,1,1,2,1,2,1,3
fear_12561,"A glowing jack-o'-lantern carved with a bat/jagged mouth shape against pitch black darkness evokes Halloween dread and eerie suspense, with the warm orange glow creating dramatic tension rather than comfort.",2,4,none,3,1,3,3,2,3,3
anger_04998,A protest scene with a young person holding a bold red-and-white sign demanding social justice; the setting conveys collective frustration and civic tension rather than warmth or joy.,2,4,prominent_faces,2,1,2,1,1,4,2
fear_12578,"A highly detailed, grotesque vampire/monster figurine with sharp fangs, sunken eyes, and pallid skin against a dark background — designed to unsettle and frighten the viewer.",2,4,none,4,4,3,1,1,3,2
sadness_12285,"A weathered gravestone in a sunlit cemetery evokes quiet grief and solemnity — the mortality symbolism, Christian cross, and aged stone dominate the mood, producing a reflective, melancholic feeling with little warmth or energy.",2,1,none,1,1,2,1,1,1,2
disgust_09555,"A close-up macro shot of a Christmas tree worm embedded in coral — the intricate, alien-like feathery spirals are visually striking and scientifically fascinating, evoking a sense of awe at the hidden beauty of underwater life, with slight unease from the dark background and unfamiliar organic textures.",5,3,none,1,2,5,2,2,2,
contentment_13548,"A tiny kitten sleeping peacefully on a warm red surface against a golden-yellow background radiates pure comfort and contentment — the soft fur, closed eyes, and curled posture evoke deep calm and gentle warmth with no negative elements whatsoever.",7,1,none,1,1,2,3,5,1,5
contentment_15291,"Vibrant, saturated magenta bougainvillea blossoms in full bloom evoke a strong sense of visual pleasure and calm delight — the dominant feeling is serene contentment tinged with mild aesthetic excitement from the rich colour.",6,2,none,1,1,2,2,4,2,5
fear_14153,"A pale, unsettling doll/figure with long black hair obscuring its face in dim reddish light strongly evokes dread and unease, reminiscent of horror iconography (e.g., The Ring/Ju-On).",1,4,prominent_faces,5,3,3,1,1,2,2
disgust_09412,"A discarded cigarette butt stubbed out on cracked, stained concrete evokes feelings of neglect, pollution, and urban decay — primarily unpleasant and mildly repulsive.",2,2,none,2,4,1,1,1,1,1
disgust_06564,"A dead or frozen fish carcass lying in snow at night evokes a strong sense of disgust and unease — the exposed reddish flesh, cold pallor, and dark setting combine to produce a viscerally repulsive and unsettling impression.",2,3,none,2,4,2,1,1,1,1
amusement_13963,A laughing mother holds up a grinning baby in a warm home kitchen — the mutual joy and shared delight between caregiver and child radiates strong positive emotion and loving warmth.,7,4,prominent_faces,1,1,2,5,5,3,4
amusement_14179,"A cheerful toddler confidently riding a toy motorcycle on a vibrant, colorful playground radiates pure joy and light-hearted energy, evoking a strong sense of delight and lively fun.",6,4,prominent_faces,1,1,2,5,4,4,4
awe_06332,"A double rainbow arching over a calm marina with sailboats and turquoise water evokes a strong sense of awe and uplifted wonder — the rare atmospheric phenomenon combined with the serene coastal scene produces an overwhelmingly positive, majestic feeling.",6,3,none,1,1,5,2,3,2,5
excitement_08490,"A lively pride festival parade with a convertible car, costumed/novelty figures, cheering crowds, and a festive banner evokes a celebratory, fun, and slightly absurd atmosphere — dominant feeling is upbeat amusement with high social energy.",6,4,prominent_faces,1,1,3,5,4,4,3
awe_07248,"A pristine alpine lake with a perfect mirror-like reflection of granite peaks and evergreen forest under a vivid blue sky evokes a profound sense of awe and serene contentment through its grandeur, stillness, and natural beauty.",6,2,none,1,1,4,1,3,2,5
amusement_09780,"A warmly decorated Christmas tree with colorful ornaments and twinkling lights evokes a cozy, festive, and content mood — familiar holiday nostalgia with gentle visual delight.",6,2,none,1,1,2,3,5,2,4
disgust_10379,"A large orb-weaver spider is shown close-up on its web, actively consuming a dark, glistening prey item — the combination of hairy legs, bulbous patterned abdomen, and the visceral feeding scene triggers strong aversion and unease.",2,4,none,4,4,3,1,1,3,2
disgust_07452,"A dense, textured cluster of deep-red sumac drupes fills the frame in sharp macro detail — visually striking and naturalistic, evoking quiet wonder at nature's intricate patterns rather than any negative affect.",5,2,none,1,1,4,1,3,2,4
amusement_14034,"A giant, colorful birthday cake sculpture celebrating Kings Dominion's 40th anniversary on a sunny day evokes a festive, cheerful, and celebratory mood — playful and visually engaging without any negative elements.",6,3,none,1,1,3,5,4,2,3
fear_10925,"The image shows a deteriorating, abandoned-looking building with dark, empty window panes, weathered peeling shutters, and rusted iron fixtures — evoking a sense of neglect, desolation, and mild unease.",2,2,none,3,2,2,1,1,1,2
awe_12525,"A large black fly perched on vivid yellow tansy flowers creates a tension between the natural beauty of the blooms and the visceral unpleasantness of the fly, likely evoking mild disgust alongside modest aesthetic appreciation of the macro photography composition.",3,3,none,2,4,2,1,2,2,3
excitement_12617,"A man is grinning mischievously at the camera while holding up a large bag of carrots from an open refrigerator, creating a playful, lighthearted moment that evokes amusement.",6,3,prominent_faces,1,1,2,5,4,3,3
anger_10061,"A large tiger with mouth wide open, baring sharp fangs, dominates the frame against a lush forest backdrop — the raw power, exposed teeth, and primal roar create an intense, viscerally threatening impression.",2,5,none,4,1,3,1,1,5,4
anger_09480,"A large tiger is resting its head against a concrete wall with its mouth slightly open, displaying teeth — the powerful predator's relaxed yet alert posture and exposed fangs create a mix of latent threat and raw natural power.",3,4,none,4,1,3,1,1,3,3
anger_08822,"A large crocodile lunges vertically out of murky water with jaws wide open, creating a visceral sense of imminent danger and raw predatory aggression that dominates the viewer's emotional response.",2,5,none,5,2,4,1,1,5,3
anger_09488,"A man shouting aggressively into a megaphone with an intense, open-mouthed expression conveys strong confrontational energy and high arousal, evoking a forceful, dominant emotional tone.",2,5,prominent_faces,3,1,2,1,1,5,3
contentment_08182,"A large-horned brown bull grazing peacefully among lush green ferns evokes a quiet, grounded sense of contentment — the calm, natural scene with a healthy animal going about its routine is serene and mildly pleasant, with little tension or excitement.",5,2,none,2,1,2,1,4,2,4
excitement_09386,"A vibrant Pride parade scene with people dancing, high-fiving, waving rainbow flags, and smiling openly in bright sunlight — radiating collective joy, celebration, and energetic social connection.",7,5,prominent_faces,1,1,3,5,5,5,4
disgust_08032,"A rotting, hollowed-out apple lying on dry, dead grass evokes a strong sense of decay and repulsion — the dark, necrotic cavity and shriveled flesh are visually unpleasant and associated with disgust.",2,3,none,1,4,2,1,1,1,1
amusement_16084,"A cheerful holiday scene with a U.S. Army soldier and a woman posing with Santa Claus amid festive inflatable decorations, radiating warmth, joy, and celebratory spirit.",6,2,prominent_faces,1,1,2,4,5,2,3
anger_06554,"A crowd at a political protest with a woman smiling while holding a ""STOP Boris!"" sign — the scene blends civic tension/mild anger with energetic collective action and even a hint of amusement, driven by the handmade sign and the protester's grin.",3,4,prominent_faces,2,1,2,3,2,4,3
awe_08454,Children performing energetically in a school play with costumes and expressive faces convey high-energy joy and excitement.,6,4,prominent_faces,1,1,3,5,4,5,4
excitement_11687,"A lively Pride parade scene with a smiling person draped in a rainbow flag, surrounded by a cheerful, energetic crowd on a sunny day, evoking celebratory excitement and joy.",6,4,prominent_faces,1,1,3,5,4,4,3
fear_07592,"A black-and-white cat is perched atop a blue trash bin lid among several worn, dirty garbage bins against a grimy stone wall — mildly charming but set in a grungy, neglected environment, evoking a mix of mild amusement at the cat and mild disgust at the dirty surroundings.",3,2,none,1,3,2,3,2,1,
anger_09401,"A young woman in a Harley Quinn costume (bold makeup, pigtails, ""Daddy's Lil Monster"" shirt) poses with a branded Nuts.com box — the playful pop-culture cosplay, humorous brand copy, and lighthearted staging together create a fun, energetic, and amusing mood.",6,4,prominent_faces,1,1,3,5,2,4,
contentment_08245,"A vibrant magenta dahlia with a bee actively foraging at its golden center creates a lively, naturally beautiful scene that evokes warmth, vitality, and gentle delight.",6,2,none,1,1,2,2,4,2,5
excitement_09278,"A performer in vibrant, colorful costume soars high above a trampoline arena against a brilliant blue sky, conveying thrilling excitement and a sense of awe-inspiring aerial freedom.",6,5,people_present,2,1,4,4,3,5,4
excitement_17255,"Two fencers dueling on a rooftop surrounded by graffiti creates an unconventional, energetic, and slightly edgy scene — the dynamic athletic poses, unusual urban setting, and theatrical quality blend excitement with a hint of playful drama.",6,4,people_present,2,1,4,4,2,5,4
awe_14411,"The image shows the ornate Renaissance facade of Hotel Ritter in Heidelberg, Germany — a grand, historically rich building with intricate carvings and decorative stonework that evokes admiration and a sense of grandeur, likely inspiring awe.",6,3,people_present,1,1,4,2,3,2,5
awe_10231,"A sweeping mountain landscape with layered zones of golden autumn scrub, dark evergreen forest, and a snow-capped ridge under a vivid blue sky evokes quiet grandeur and serene vastness, pointing toward awe and contentment.",6,2,none,1,1,4,1,3,2,4
sadness_11759,"A candlelit memorial shrine with photographs and flowers evokes a deep, solemn sense of grief and mourning — the warm but dim flickering light, personal mementos, and collective act of remembrance create an emotionally heavy, introspective atmosphere.",2,2,none,1,1,2,1,3,1,3
fear_10966,"A distorted, blurry face peering through a small, dark aperture creates a deeply unsettling, voyeuristic, and threatening atmosphere reminiscent of horror imagery.",1,5,prominent_faces,5,2,3,1,1,3,1
anger_08675,"A wildfire actively burning through a forest with vivid orange flames, smoke, and charred vegetation dominates the scene — the destruction is immediate and visceral, evoking a strong sense of threat, danger, and loss.",2,5,none,5,1,3,1,1,5,2
excitement_09565,"A large group of energetic kids in matching red t-shirts are celebrating together outdoors, laughing, cheering, and giving thumbs-up gestures, radiating strong collective joy and team spirit.",7,5,prominent_faces,1,1,2,5,5,5,4
awe_11856,Three brown-and-white cows peacefully grazing on a lush green hillside pasture backed by dense forest under a bright blue sky evokes a strong sense of rural tranquility and contentment.,6,2,none,1,1,2,2,5,2,4
disgust_08186,"A large, overflowing pile of rotting garbage and waste dumped on a city street at night evokes strong disgust and a sense of urban neglect or crisis.",2,3,people_present,2,5,2,1,1,2,1
sadness_10188,"A weathered, moss-covered gravestone in a cemetery evokes a somber, melancholic mood tied to mortality, loss, and the passage of time.",2,2,none,1,1,2,1,1,1,2
fear_09461,"A shadow puppet theatre scene with whimsical animal and human figures around an ornate carriage evokes a playful, storybook quality — theatrically engaging but not threatening, with a charming old-world folk-art aesthetic.",5,3,none,1,1,4,5,3,3,4
fear_07993,"A close-up of a live lizard held in a human hand — the reptile's scaly texture, sharp claws, and unblinking eye create a mildly unsettling, skin-crawling feeling for many viewers, though the scene is otherwise benign and calm.",3,3,people_present,2,3,3,2,2,2,3
contentment_10170,"An elderly woman smiles warmly while tending to a leafy plant outdoors, radiating calm joy and gentle contentment in a lush garden setting.",6,2,prominent_faces,1,1,2,2,5,2,4
amusement_09949,"A vibrant Chinese cultural dance performance featuring multiple women in dazzling golden-yellow costumes executing a synchronized, acrobatic formation, radiating festivity, energy, and celebratory joy.",6,4,prominent_faces,1,1,4,3,4,5,5
awe_06318,"A sun-drenched garden scene bursting with coneflowers in warm creamy yellow and deep magenta tones evokes gentle contentment and quiet beauty, with soft bokeh depth lending a peaceful, aesthetically pleasing quality.",6,2,none,1,1,2,2,4,2,4
excitement_19812,"A gleeful young child swinging high on a playground swing, mouth wide open in a joyful shout, radiates pure excitement and playful energy — the motion, the laugh, and the outdoor setting all contribute to a highly positive, lively emotional response.",7,5,prominent_faces,1,1,2,5,4,5,4
excitement_17985,"A goalkeeper makes a dramatic diving save attempt during a night football match, conveying high athletic energy and excitement.",6,4,people_present,2,1,3,2,2,5,3
fear_07643,"A person in a creepy clown/horror mask beside a normal driver in a dark car at night evokes a strong unsettling and threatening atmosphere, likely inducing fear or unease, with mild Halloween playfulness.",2,4,prominent_faces,4,2,3,2,1,3,2
anger_11501,"A lion with its mouth wide open displaying large fangs and a thick tongue dominates the frame — the extreme close-up of exposed teeth and raw anatomy is simultaneously threatening, viscerally arresting, and faintly amusing (like a dramatic yawn), producing a mix of fear-adjacent tension and mild disgust from the biological detail.",2,5,none,4,3,4,2,1,4,
fear_10565,"A dramatically lit, skull-faced jack-o'-lantern glowing with orange candlelight against a dark background evokes spooky unease and Halloween-themed dread, tempered by the playful craft tradition it represents.",3,4,none,3,1,3,3,2,3,3
sadness_11820,"A weathered, lichen-covered gravestone leaning in an overgrown cemetery evokes quiet melancholy and mortality, with no people, no threat, and a somber, muted atmosphere.",2,2,none,1,1,2,1,1,1,2
contentment_12454,"Two tiny newborn puppies cradled gently in a person's arms evoke an overwhelming sense of tenderness and warmth — the soft white fur, pink noses, and sleepy/squinting expressions make this image almost universally heartwarming and endearing.",7,2,people_present,1,1,2,3,5,1,5
anger_11092,"A large bonfire blazing on a beach at night draws a crowd of silhouetted figures, casting long dramatic shadows; the warm, communal fire against the deep blue night sky evokes a sense of shared awe and excitement.",6,4,people_present,2,1,4,2,4,4,4
contentment_14951,"Two young women laughing and snacking together on a sunny lawn evokes a strong sense of joy, social warmth, and lighthearted ease — the dominant feeling is carefree contentment shading into shared amusement.",6,3,prominent_faces,1,1,2,4,5,3,4
disgust_06816,"The extreme close-up of violently peeling, cracked orange paint over dark rust creates a visceral, almost organic sense of decay and deterioration — visually striking but unsettling, evoking repulsion and unease through its chaotic fragmentation and rot-like texture.",2,3,none,2,4,3,1,1,2,3
awe_09224,"A well-dressed man smiling broadly at a podium in a professional setting conveys warmth, positivity, and approachability — evoking a lighthearted, pleasant emotional response.",6,2,prominent_faces,1,1,2,3,4,2,3
sadness_07144,"Fallen, dried autumn leaves scattered on dark wet pavement evoke a quiet, melancholic stillness — the muted tones, decay, and low-light atmosphere suggest transience and gentle sorrow rather than warmth or energy.",2,2,none,1,1,2,1,1,1,4
contentment_09827,"Two people sitting closely together on a park bench in a relaxed outdoor setting, suggesting quiet companionship and a gentle sense of contentment and warmth.",5,2,prominent_faces,1,1,2,2,4,1,3
contentment_07184,"A small, delicate songbird peeks through soft green foliage with a gentle upward gaze, evoking quiet contentment and peaceful calm in a natural setting.",6,1,none,1,1,2,2,4,1,4
fear_11982,"A weathered, moss-covered animal skull resting on a decaying tree stump evokes mortality, decay, and mild unease — the dominant feeling is one of morbid discomfort tinged with somber stillness.",2,2,none,2,3,3,1,1,1,2
amusement_17851,"Two women in elaborate, revealing cosplay costumes (Jessica Rabbit and Princess Leia slave outfit) pose confidently at what appears to be a comic convention, creating a fun, visually striking, and playful scene with high aesthetic appeal.",6,3,prominent_faces,1,1,3,4,3,3,4
contentment_08312,"A young woman reclines leisurely in shallow beach water wearing a black swimsuit and sun hat, radiating a relaxed, carefree summer mood that evokes contentment and mild pleasure.",6,2,prominent_faces,1,1,2,3,4,2,4
excitement_16100,"Two young women are pulling exaggerated, goofy ""scary"" faces at the camera in front of what appears to be Buckingham Palace — the playful theatrics, wide-open mouths, raised hands, and big smiles make the dominant feeling one of high-energy fun and laughter.",6,4,prominent_faces,1,1,2,5,3,4,3
awe_12670,"A misty, mirror-still wetland at sunrise with golden-orange light breaking over silhouetted mountains evokes a profound sense of tranquil grandeur — the atmospheric haze, perfect reflections, and vast sky combine to inspire quiet awe.",6,2,none,1,1,4,1,3,2,5
anger_06860,"A raging wildfire consuming a hillside with billowing black smoke and intense orange flames evokes a powerful sense of danger, threat, and dread — the scene is visually striking but deeply alarming and destructive.",2,5,none,5,1,3,1,1,5,2
awe_09012,"A vast, silent snow-covered landscape at sunset with warm amber-orange light bleeding through overcast skies evokes a profound sense of solitude and quiet grandeur — the expansive emptiness and moody palette suggest deep, contemplative calm tinged with melancholy.",3,2,none,1,1,4,1,2,1,5
amusement_13039,"A smiling young man in glasses at what appears to be a festive Oktoberfest-style beer tent, surrounded by happy socialising people, conveying joy, warmth, and lighthearted celebration.",6,3,prominent_faces,1,1,2,4,4,3,3
amusement_19580,"A young toddler sitting contentedly in a baby swing at a playground evokes warmth, innocence, and gentle joy — a calm, pleasant scene with no threat or negativity.",6,2,prominent_faces,1,1,2,3,5,2,3
anger_06455,"The woman displays a highly exaggerated, wide-eyed grimace with clenched fists raised above her head, conveying intense frustration and rage, making the dominant emotional response one of strong negative arousal.",2,5,prominent_faces,3,1,2,2,1,5,2
sadness_07109,"The image shows aged cemetery gravestones with inscriptions referencing death and burial, evoking a solemn, melancholic atmosphere reinforced by cool tones, bare winter trees, and weathered stone — a scene strongly associated with loss and mourning.",2,2,none,1,1,2,1,1,1,3
amusement_09183,"Vividly painted, ornate carousel horses with rich colours and intricate detailing evoke a sense of nostalgic fun and festive energy, making the dominant feeling one of cheerful playfulness and light excitement.",6,3,none,1,1,3,5,4,3,4
disgust_10626,"A large, hairy spider clinging to tree bark evokes primal unease and arachnophobic fear; its close-up presence feels threatening and repulsive to many viewers.",2,4,none,4,4,3,1,1,2,2
fear_10820,"The worn, dirty vintage doll with a deteriorated face pressed against old wine bottles creates an unsettling, eerie atmosphere that blends mild disgust with dark quirky humour.",2,3,none,2,3,3,2,1,2,2
amusement_16523,"A quirky man in a mismatched Santa costume and a tall, floppy Cat-in-the-Hat-style striped hat bends over traffic cones on a city street surrounded by Christmas decorations, evoking light-hearted amusement and festive whimsy.",6,3,prominent_faces,1,1,4,5,3,3,2
anger_11502,"Multiple Boston Police officers are physically restraining/arresting a young person, conveying tension, confrontation, and a loss of personal freedom — evoking a strong sense of conflict and distress.",2,4,prominent_faces,4,1,2,1,1,4,2
fear_11998,"An extreme close-up of a large hairy spider staring directly into the camera against a dark background evokes visceral unease — the sharp detail of its multiple eyes, bristled legs, and predatory posture triggers strong arachnophobic fear and mild disgust responses.",2,4,none,4,3,3,1,1,3,2
fear_13326,"The black-and-white image of multiple animal skulls and hides mounted on a weathered wooden structure evokes a dark, eerie, and mildly unsettling atmosphere — the morbid trophies, harsh shadows, and stark contrast create a foreboding, slightly repulsive mood.",2,3,none,3,4,3,1,1,2,3
anger_11580,"A woman covered in stage blood with an enraged, snarling expression — the theatrical gore, intense aggression, and visceral visual impact dominate the emotional tone.",2,5,prominent_faces,4,4,3,1,1,5,2
awe_10832,"The iconic granite monolith (Half Dome) rising majestically above Yosemite Valley framed by tall pines under a vivid deep-blue sky evokes a powerful sense of grandeur and awe, with a serene, uplifting quality rooted in natural scale and beauty.",6,3,none,1,1,5,1,3,2,5
anger_05298,"A large predatory fish (likely a tigerfish or similar species) is held up with its gaping mouth wide open, revealing rows of sharp, menacing teeth — a viscerally unsettling close-up that dominates the frame and triggers strong disgust and threat responses.",2,5,people_present,5,4,4,1,1,4,2
excitement_10697,A harness racing scene with horses and jockeys charging at full speed across a green track conveys high-energy excitement and competitive tension.,6,5,people_present,2,1,3,2,2,5,4
amusement_08915,"A young girl twirling joyfully in a sunlit park chasing soap bubbles radiates pure childhood delight and carefree happiness, evoking warmth, lightness, and gentle excitement.",6,3,people_present,1,1,2,5,5,3,4
disgust_09220,"A garter snake with a forked red tongue flicking upward amid dead leaves and twigs evokes a mild instinctive threat response — the close-up reptile with tongue out is unsettling for many viewers, though it is a harmless species in a naturalistic setting.",2,4,none,4,3,3,1,1,3,3
anger_11544,"A lone silhouetted figure battles a massive, roaring wildfire at night — the dramatic contrast of pitch darkness against towering orange-red flames, flying embers, and the sense of desperate physical struggle against an overwhelming natural force creates an intense feeling of danger, urgency, and dread.",2,5,people_present,5,1,4,1,1,5,4
amusement_09848,"A richly decorated Christmas tree adorned with gold ornaments, red poinsettias, angel figurines, and lush greenery evokes a warm, festive, and visually abundant sense of holiday joy and comfort.",6,2,none,1,1,2,3,5,2,4
fear_10052,"The image shows a person in elaborate Halloween/costume makeup — stark white face paint, dark-ringed eyes, wild voluminous hair, and a small red painted mouth — evoking a creepy, unsettling doll or horror character that is simultaneously eerie and theatrically amusing.",3,4,prominent_faces,3,2,4,3,1,3,2
anger_11553,"A stern-faced woman at a protest holds a bold black sign reading ""Stoppen Sie TTIP!"" — her tight-lipped, furrowed expression and the confrontational protest context radiate controlled anger and strong disapproval.",2,4,prominent_faces,2,1,2,1,1,4,2
sadness_10109,"An aged, mossy stone tomb in a churchyard with a carved cherub and Latin inscription evokes quiet solemnity and melancholy, tempered by the beauty of the craftsmanship and the peaceful grassy setting.",2,2,none,1,1,3,1,2,1,4
amusement_15491,"A cheerful holiday scene of two smiling babies sitting on Santa's lap in a festively decorated setting evokes warmth, joy, and lighthearted delight.",7,3,prominent_faces,1,1,2,5,5,3,4
fear_08588,"A dark, sepia-toned graveyard scene with densely packed aged tombstones and crosses against a decaying wall evokes a strong sense of dread, gloom, and unease — dominated by death symbolism, shadows, and an oppressive atmosphere.",2,4,none,4,1,3,1,1,2,3
fear_11371,"The image depicts a dark, disorienting upward or angled view of a grimy concrete structure with eerie green-tinted lighting, evoking a strong sense of dread and unease akin to an abandoned or threatening enclosed space.",2,4,none,4,2,3,1,1,2,2
awe_10163,"The image shows a grand Gothic cathedral doorway with pointed arches, aged stone, and moss-covered carvings — evoking a sense of solemnity, historical grandeur, and quiet awe, with the dark void of the entrance adding a subtle air of mystery.",5,2,none,1,1,4,1,2,1,4
amusement_12516,"A cheerful elderly woman is surrounded by a chaotic, colourful mass of inflatable toys and balloons at what appears to be an outdoor fair or market stall, creating an overwhelmingly playful and visually absurd scene that invites amusement.",6,3,prominent_faces,1,1,3,5,3,3,3
amusement_11438,"A sun-drenched ferris wheel at a fairground shot from a low angle against a vivid teal sky evokes a lively, joyful, nostalgic carnival atmosphere with inherent upward energy and movement.",6,4,none,1,1,3,5,4,4,4
sadness_10291,"A young toddler with a pronounced pouty, downturned lip and sad, slightly teary blue eyes gazes directly at the camera, evoking a strong sense of unhappiness or upset — the classic ""about to cry"" expression.",2,3,prominent_faces,1,1,2,1,2,2,3
fear_07345,"A derelict, darkened interior with peeling walls and debris-strewn floor is contrasted by a tall window framing lush green foliage outside — evoking melancholy and abandonment tinged with a faint, bittersweet sense of hope.",2,2,none,2,2,3,1,1,1,3
excitement_14955,"A smiling woman holding an adorable Miniature Schnauzer at what appears to be a dog show — the combination of a genuine human smile, a charming fluffy dog, and a lively social setting radiates warmth and cheerful positivity.",6,3,prominent_faces,1,1,2,4,5,3,4
awe_10190,"Dramatic storm light piercing through dark, churning clouds over vast mountain ranges creates an overwhelming sense of grandeur and sublime power — visually striking but atmospherically foreboding.",5,4,none,2,1,5,1,2,4,5
fear_08824,"A staged horror-comedy scene featuring a person covered in fake blood being menaced by someone in a creepy Easter bunny costume, with a laughing onlooker — the dominant feeling is unsettled amusement mixed with mock-horror, driven by the absurd juxtaposition of a cheerful costume with simulated violence.",3,4,prominent_faces,4,3,4,3,1,5,
disgust_05912,"The image shows a dead, eviscerated pigeon with exposed viscera, blood, and severe bodily trauma — strongly evoking revulsion and distress with no redeeming aesthetic or positive qualities.",1,4,none,4,5,2,1,1,1,1
excitement_08804,"A vibrant Pride parade scene with joyful young people in purple t-shirts, rainbow face paint, and a sign reading ""STOLT"" (Norwegian for ""proud""), radiating celebration, community belonging, and positive energy.",6,4,prominent_faces,1,1,2,4,4,4,4
amusement_17161,"A fluffy white dog with a big tongue-out smile holding a bone treat radiates pure joy and warmth, evoking strong positive, playful feelings with high cuteness appeal.",7,3,none,1,1,2,5,5,3,4
fear_07029,"Three women in cheerful Disney princess costumes (Merida, Pocahontas, Anna) pose together at what appears to be a Halloween event, smiling warmly — the skulls add mild spookiness but the overall mood is fun and celebratory.",6,3,prominent_faces,2,1,3,5,4,3,4
anger_06130,"A man with long hair is screaming with his mouth wide open, arms raised aggressively toward the camera — the dominant feeling is intense, confrontational high-arousal negative energy, likely evoking fear or anger in the viewer.",2,5,prominent_faces,4,1,2,2,1,5,2
amusement_13461,"A vibrant fairground at golden-hour sunset with a large Ferris wheel, colorful rides, and visible riders evokes joyful excitement and a sense of festive energy — the warm sky, movement, and crowd atmosphere make it visually stimulating and celebratory.",6,4,people_present,1,1,3,5,4,4,4
amusement_14365,"A spectacular multi-burst fireworks display reflected over a dark lake at night evokes a powerful sense of grandeur and celebration, dominated by high visual energy, beauty, and awe.",7,5,none,1,1,5,3,3,5,5
contentment_10694,"A sleeping baby with a gentle, blissful smile radiates pure innocence and peace, evoking an overwhelmingly warm and tender feeling in the viewer.",7,1,prominent_faces,1,1,2,2,5,1,5
fear_08695,"A mechanical shark (Jaws ride prop) lunges out of churning water directly at the viewer's perspective, creating a sudden, visceral simulated attack that blends thrill and mock-danger in a theme park context.",5,5,none,4,1,3,4,1,5,3
disgust_06521,"The heavily corroded, rust-and-patina-covered metallic surface with its decayed, pitted texture and muted-yet-lurid orange splotches evokes a sense of grim deterioration and organic repulsiveness, dominant feelings being mild disgust and quiet melancholy.",2,2,none,2,4,2,1,1,1,2
sadness_09270,"Two people dressed in black embrace tightly in a cemetery surrounded by grave markers, conveying deep grief and the comfort of shared mourning — the dominant feeling is somber sorrow softened by human connection.",2,2,people_present,1,1,2,1,3,1,3
amusement_11277,"A young girl beaming with a big smile while holding a large bouquet of red roses evokes warmth, joy, and innocence — the dominant feeling is delight and contentment from a celebratory, wholesome moment.",7,2,prominent_faces,1,1,2,3,5,2,4
awe_09389,"A lush Alpine village nestled among vivid green forested mountains under a brilliant blue sky evokes serene beauty and peaceful contentment, with the vibrant colours and grand natural scenery adding a touch of quiet awe.",6,2,none,1,1,4,1,5,2,5
sadness_11254,"A toddler's face is contorted in visible distress — tears welling in the eyes, furrowed brow, and trembling open mouth — conveying overwhelming sadness and emotional pain that dominates the viewer's response.",2,4,prominent_faces,1,1,2,1,2,3,3
disgust_09690,A hand holding a lit cigarette against a dark background evokes mild unease and negative health associations — the glowing ember and implied harm lean toward mild disgust and discomfort rather than pleasure or excitement.,2,2,people_present,3,3,2,1,1,2,2
sadness_11714,"The image shows three people sitting in what appears to be a waiting area (near a toilets sign), all displaying tired, bored, or discontented expressions — conveying a low-energy, mildly negative emotional tone reminiscent of tedium and quiet unhappiness.",2,1,prominent_faces,1,1,1,1,1,1,2
anger_08604,"A young woman is making an exaggerated, teeth-baring grimace/snarl while holding containers, creating a humorous, deliberately over-the-top angry or disgusted expression that reads as playful and comedic rather than genuinely threatening.",3,4,prominent_faces,2,2,2,4,2,4,2
amusement_17139,"A young child in a cheerful Halloween costume (red coat, pink dress, red curly wig) carries a pumpkin trick-or-treat bag across a leaf-strewn lawn, smiling and moving playfully — evoking lighthearted fun and seasonal delight.",6,3,prominent_faces,1,1,2,5,4,3,3
excitement_18405,"A laughing woman in a playful costume (tutu, rainbow feather duster, jingle bells) interacts joyfully with another person at what appears to be a lively street parade, radiating fun and lightheartedness.",6,4,prominent_faces,1,1,3,5,4,4,3
amusement_12228,"The image shows a rustic, appetizing spread of sliced salami and artisan bread on a wooden board, evoking a sense of comfort, homeliness, and quiet satisfaction — a warm, inviting food scene with no threat or negativity.",6,2,none,1,1,2,1,4,1,4
disgust_07671,A dense mass of tiny spiders swarming in a web-filled enclosure triggers a strong aversion response — the sheer number of crawling arachnids packed together with webbing and debris is viscerally repulsive and unsettling.,1,4,none,4,5,3,1,1,4,1
contentment_12444,Two people relaxing on lush green grass under dappled sunlight in a serene park setting evokes a strong sense of peaceful contentment and ease.,6,2,people_present,1,1,2,2,5,2,4
amusement_15071,"A brilliantly lit Ferris wheel dominates the night sky at a bustling waterfront plaza, creating a sense of spectacle and festive energy that evokes wonder and excitement.",6,4,people_present,1,1,4,4,3,4,5
fear_08543,"A person in elaborate zombie costume with fake blood, tattered clothing, and a menacing expression holds a beer can and a Union Jack flag — unsettling and darkly humorous at once, evoking mild disgust and playful dread typical of zombie walk events.",2,4,prominent_faces,3,4,3,3,1,3,2
awe_09185,"A sweeping coastal sunset with dramatic gradient sky from gold to deep violet evokes profound stillness and grandeur — the vast ocean, rocky shoreline, and radiant horizon inspire quiet wonder and serene contemplation.",6,2,none,1,1,4,1,3,2,5
anger_05011,"A close-up of a tiger's face with an intense, focused downward gaze conveys a strong sense of predatory threat and raw power, evoking unease and fear in the viewer.",2,5,none,5,1,3,1,1,4,4
disgust_04605,"A pile of overflowing rubbish bins topped with a humorous protest sign mocking poor planning — the disgusting mess dominates, but the witty sign injects strong ironic amusement, creating a blend of mild disgust and comedic energy.",5,3,none,1,4,3,4,1,2,1
fear_11595,"A person in convincing zombie bride costume with fake blood and disturbing makeup lunges toward the camera in an abandoned, graffiti-covered setting, creating a strong horror/threat atmosphere with disgusting gore effects and high dramatic intensity.",2,5,prominent_faces,5,4,3,1,1,5,2
sadness_07337,"A woman sits alone with her face buried in her hands, hunched forward against a bare, cold wall — a posture universally associated with grief, despair, or emotional breakdown, evoking a strong sense of sorrow and helplessness.",2,2,people_present,1,1,2,1,1,1,3
excitement_15384,"A drag performer confidently commands the stage under warm pink/purple stage lighting, microphone in hand and gesturing expressively — the scene radiates lively entertainment energy and celebratory fun.",6,4,prominent_faces,1,1,3,5,4,4,4
sadness_10817,"A solitary, weathered autumn maple leaf hanging against a flat grey sky evokes quiet melancholy and transience — the muted palette, overcast light, and signs of decay (torn edges, holes) create a subdued, introspective mood.",2,2,none,1,1,2,1,2,1,3
anger_05308,"A man with wide eyes, bared teeth, and raised fists lunging aggressively toward the camera conveys intense, high-energy negative arousal — the dominant feeling is confrontational rage with a possible edge of theatrical exaggeration.",2,5,prominent_faces,4,1,2,2,1,5,2
excitement_14580,"The image shows a lively parade scene with costumed performers holding a ""Keep Calm and Marry"" sign, suggesting a celebratory Pride or carnival event full of color, energy, and joyful self-expression.",6,4,prominent_faces,1,1,3,5,4,5,3
fear_11576,"A woman dramatically mock-screams in front of a large T-Rex skull at a museum, clearly playacting fear in a humorous, staged pose — the scene is funny and high-energy rather than genuinely threatening.",6,4,prominent_faces,2,1,3,5,3,4,3
sadness_08257,"The image depicts an abandoned, decaying laundry room with rusted industrial machines, debris-covered floors, and graffiti-covered walls, evoking a strong sense of decay, neglect, and unease.",2,3,none,3,3,3,1,1,2,2
sadness_05378,"A weathered angel statue mourning over a child's gravestone (""Our Boy"") in a sunlit cemetery evokes a deep, quiet sorrow tempered by the serene natural setting — beautiful yet melancholic.",2,2,none,1,1,3,1,2,1,4
anger_08415,"Two dogs facing off with one baring its teeth in an open-mouthed bark/snarl evokes a mix of tension and playful animal energy, with a mildly threatening confrontational display that is still clearly domestic and leashed.",3,4,none,3,1,2,3,2,4,3
disgust_08463,"The image shows a desiccated, decomposing animal carcass (likely a small snake or lizard) with exposed bones and dried flesh lying on a rocky/gravel surface — this is visually repulsive and evokes strong disgust with mild unease.",2,3,none,2,5,2,1,1,1,1
fear_12698,"The headless black-clad figure standing alone in a dark, decaying woodland with fallen logs and dead leaves creates a deeply unsettling, ominous atmosphere — evoking dread and unease through its anonymous, threatening presence.",2,4,people_present,4,1,3,1,1,2,3
contentment_16509,"A fluffy golden dog with mouth open, tongue out, and bright eyes fixed on a colorful toy radiates pure joyful energy and playful engagement — the dominant feeling is warm, lighthearted delight.",6,4,none,1,1,2,5,5,4,4
fear_07088,"A dark, sepia-toned image of a large angel statue overgrown with vines, with a single dramatic light burst piercing through the foliage, surrounded by scattered offerings — the combination of sacred iconography, decay, dramatic chiaroscuro, and otherworldly scale evokes profound reverence mixed with unease.",3,4,none,2,1,5,1,2,3,
fear_14044,"A grimy electrical outlet with a plugged-in cord is splattered with dark red blood, creating a deeply unsettling and threatening scene that evokes fear and disgust through the combination of danger (electricity + blood) and visceral gore imagery.",1,4,none,5,4,3,1,1,2,1
excitement_11950,"A surfer is caught mid-wipeout, flipping upside-down in crashing white water — the chaotic, high-energy action and mild danger of falling create a blend of excitement and amusement (the comedic tumble), with dynamic splashing waves amplifying intensity.",5,4,people_present,2,1,3,4,2,5,3
disgust_09885,"An extreme close-up macro shot of a large, hairy spider filling the entire frame — its multiple eyes and bristled legs create an intensely unsettling, threatening impression that most viewers would find alarming or repulsive.",2,5,none,4,4,3,1,1,3,2
excitement_18342,"A young woman in a ""Super Pride"" Superman-themed costume celebrates joyfully at a Pride parade, arms raised, mouth open in a cheer, surrounded by a festive crowd — conveying high-energy, positive excitement and celebratory fun.",6,5,prominent_faces,1,1,3,5,4,5,3
disgust_10622,"A seal lies on rocks with visible wounds around its mouth and face, suggesting injury or death — the gore and disturbing condition of the animal dominates the emotional tone, evoking disgust and sadness.",2,3,none,3,4,2,1,1,1,1
contentment_07833,"A young girl in a white dress smiling warmly while holding a bouquet of white wildflowers in a lush green field evokes gentle joy and serene contentment — soft, pastoral, and tender with no negative elements.",6,2,prominent_faces,1,1,2,3,5,2,5
sadness_11491,"A lone silhouetted figure stands barefoot at the water's edge at dusk, her discarded sandals left behind in the foreground — the composition is melancholic and introspective, conveying quiet longing and emotional solitude.",2,2,people_present,1,1,2,1,2,1,4
contentment_10043,"A close-up of a delicate cream-and-pink tulip with a vivid yellow center in full bloom evokes quiet contentment and gentle beauty, with no threat or unpleasantness present.",6,2,none,1,1,2,1,4,2,4
sadness_07911,"A young woman sits alone in quiet contemplation outdoors, gazing into the distance beneath tall trees and an open sky, conveying a serene yet introspective mood — peaceful but tinged with gentle melancholy.",4,2,prominent_faces,1,1,2,1,3,1,4
fear_13319,"A massive, wide-open T-Rex skull replica dominates the frame with sharp, menacing teeth in stark black-and-white, creating a visceral sense of threat and dramatic visual impact despite its novelty-store context.",2,4,none,4,2,4,2,1,4,4
sadness_05806,"A dense Victorian cemetery filled with weathered gravestones and stone tombs under cold, flat winter light evokes a heavy, melancholic atmosphere with undertones of unease and mortality.",2,2,none,2,1,3,1,1,1,3
awe_06539,"A serene lakeside sunset with warm golden hues breaking through dramatic, wispy clouds over calm water and rugged limestone cliffs with silhouetted trees evokes a profound sense of grandeur and peaceful wonder.",6,3,none,1,1,4,1,4,2,5
amusement_17257,"A vibrant amusement park scene with colorful roller coasters, a Ferris wheel, and people enjoying food and rides under a sunny sky evokes high-energy excitement and cheerful amusement.",6,4,people_present,1,1,3,5,4,5,4
excitement_17843,"Two people on a classic sailing vessel are smiling and waving at the camera, conveying a cheerful, lighthearted moment of joy and connection.",6,3,prominent_faces,1,1,2,4,4,3,3
awe_13695,"A vivid, golden ocean sunset with a lone swimmer silhouetted in the glowing water path evokes serene wonder and peaceful grandeur, dominated by warm radiant light and vast open sky.",6,2,people_present,1,1,4,1,5,2,5
contentment_13602,"Two young children — a smiling older boy and a curious baby sitting inside a large white bucket — create a charming, funny, and heartwarming scene that evokes amusement and warmth.",6,3,prominent_faces,1,1,3,5,5,2,4
fear_14013,"The heavily motion-blurred, distorted faces pressed against a surface in dark, desaturated tones create a deeply unsettling and eerie atmosphere, evoking dread and psychological unease.",2,4,prominent_faces,4,2,4,1,1,3,3
excitement_11495,"A smiling young woman in a vibrant red polka-dot dress twirling in a lush park setting evokes a light, joyful, carefree mood — the movement, bright colors, and genuine smile radiate positive energy and playfulness.",6,3,prominent_faces,1,1,2,4,4,3,4
amusement_16793,"A skateboarder pulling off a rail grind trick in an urban setting, with a crowd of onlookers — the dynamic action, youthful energy, and street culture atmosphere evoke excitement and a sense of thrill.",6,4,people_present,2,1,3,4,2,5,3
excitement_10449,"A cheerful group of young friends posing together at a lively night market, smiling and relaxed, evoking warmth, social joy, and light-hearted contentment.",6,3,prominent_faces,1,1,2,4,5,3,3
contentment_13364,"A smiling, wet toddler in a bathtub radiates pure joy and warmth, evoking delight and contentment in the viewer through the child's broad, carefree grin and sparkling eyes.",7,2,prominent_faces,1,1,2,5,5,2,4
contentment_13265,"A smiling mother holding a laughing baby on a sunny green lawn with a relaxed person in the background evokes warm, gentle contentment and familial joy.",6,2,prominent_faces,1,1,2,3,5,2,3
contentment_15060,"A mother and young child share a tender, nose-to-nose moment in a hammock in a sunlit backyard — the scene radiates warmth, safety, and quiet joy, evoking deep contentment.",6,2,prominent_faces,1,1,2,3,5,2,4
fear_11255,"A dark silhouette surrounded by explosive green laser beams radiating outward creates an intense, otherworldly atmosphere that feels both thrilling and unsettling — high energy and arousal with an edge of eeriness.",5,5,people_present,3,1,5,2,1,5,4
excitement_16027,"A nighttime youth girls' soccer match with players in active competition — a defender closing in on an attacker dribbling the ball — conveys high physical energy, competitive tension, and excitement typical of live sport action.",6,4,prominent_faces,2,1,2,3,2,5,3
anger_08436,"The image depicts a distorted, glitch-art composition of a shirtless man screaming with cracked, decaying skin texture and a fragmented, unsettling visual style — evoking intense hostility, unease, and visceral aggression.",1,5,prominent_faces,5,4,4,1,1,5,2
awe_07825,"A dense, sunlit field of vivid pink and magenta daisy-like flowers in full bloom conveys an overwhelmingly cheerful, serene, and beautiful natural scene with gentle visual rhythm and no threatening elements.",6,2,none,1,1,2,2,5,2,5
amusement_10775,"A charming, handcrafted Santa Claus star ornament nestled in a green Christmas tree evokes warm holiday nostalgia and gentle festive joy, with soft bokeh lighting reinforcing a cozy, cheerful atmosphere.",6,2,none,1,1,2,3,5,2,4
fear_10268,"A dark, high-contrast black-and-white close-up of a worn clown doll with hollow painted eyes, exaggerated makeup, and a satin costume evokes deep unease and dread — the classic ""uncanny valley"" effect of a humanoid object that feels threatening rather than playful.",2,4,none,4,3,3,1,1,2,2
fear_10719,"A glowing green ghostly figure hovers menacingly in a misty, dark forest, creating a strong sense of supernatural dread and unease.",2,4,prominent_faces,4,1,4,2,1,3,3
amusement_10971,"A long-exposure night shot of a brightly lit spinning chain swing ride creates vivid, swirling streaks of neon color against a pitch-black sky, conveying exhilarating movement, carnival festivity, and visual spectacle.",6,5,none,1,1,4,5,3,5,5
amusement_11523,"A warmly lit Thanksgiving table brimming with a golden roasted turkey, lit candles, a bowl of colorful tomatoes, mini pumpkins, autumn leaves, and handwritten ""Happy Thanksgiving"" cards evokes a strong sense of comfort, festivity, and familial warmth — the dominant feeling is cozy, grateful contentment.",6,2,none,1,1,2,2,5,2,
excitement_17450,"The image shows people hugging and smiling warmly at what appears to be a large joyful cultural celebration, evoking strong positive feelings of happiness and togetherness.",7,3,prominent_faces,1,1,2,3,5,3,4
disgust_05384,"A close-up of a slimy brown slug crawling on a wet wooden surface evokes a strong sense of revulsion due to its moist, glistening, mucus-covered body and tentacle-like mouthparts, with little aesthetic appeal or warmth.",2,3,none,1,4,2,1,1,2,2
sadness_10667,"The image depicts a derelict, collapsed industrial building with debris-strewn floors and a caved-in roof, evoking a strong sense of decay, loss, and desolation.",2,2,none,3,2,2,1,1,1,2
sadness_06707,"The black-and-white image of a derelict, abandoned building with a dark void entrance, peeling walls, gravel, and broken pathway evokes a strong sense of unease and melancholy — the deep darkness of the open passage is visually threatening and foreboding.",2,3,none,4,2,2,1,1,2,2
awe_08864,"The towering, jagged red sandstone cliffs and dramatic vertical rock formations at what appears to be Zion National Park inspire a sense of overwhelming grandeur and majesty, dwarfing the viewer with their sheer scale and geological power.",6,4,none,1,1,5,1,3,3,5
anger_07509,"The image shows a man being forcibly grabbed and detained by uniformed riot police officers on a city street, conveying tension, conflict, and distress — evoking strong negative arousal.",2,4,prominent_faces,4,1,2,1,1,4,2
excitement_09301,"A vibrant, densely packed Pride parade crowd waving rainbow flags and cheering in bright sunlight radiates collective joy, high energy, and celebratory excitement.",7,5,prominent_faces,1,1,3,5,5,5,4
fear_12823,"A person in a horror costume with grey zombie/vampire makeup, bared teeth, and outstretched clawed hands lunges aggressively through a doorway in dim lighting — the dominant feeling is startled dread, driven by the threatening posture, grotesque makeup, and jump-scare framing.",2,5,prominent_faces,5,3,3,2,1,5,
anger_07601,"Two wolves interacting closely — one baring teeth in a wide open-mouthed display while the other nuzzles/dominates from behind — creates a scene that reads as both playful roughhousing and subtly threatening wild animal behaviour, producing a moderately tense yet energetic and visually compelling mood.",4,4,none,3,1,3,4,2,4,4
disgust_09103,"A dense spider web draped over dark green shrub foliage creates a subtly eerie, unsettling scene — the web's ghostly, clinging texture against the shadowy undergrowth evokes mild unease and creepiness rather than warmth or joy.",2,3,none,3,3,2,1,1,2,2
excitement_14069,"Two smiling women hugging and holding a poster outdoors on a sunny day conveys joy, warmth, and shared excitement — likely fans celebrating something together.",6,4,prominent_faces,1,1,2,4,4,4,3
disgust_09115,"A person is lying face-down on a tiled floor under harsh pink/purple lighting with what appears to be a spilled substance nearby, evoking distress, vulnerability, and possible danger or incapacitation.",2,4,prominent_faces,4,3,2,1,1,2,2
amusement_08774,"A joyful wedding couple sharing a laugh by a waterfront with a city skyline backdrop — the scene radiates happiness, love, and celebration, evoking strong positive valence and warm emotional connection.",7,3,prominent_faces,1,1,2,3,5,2,5
disgust_05555,"An overflowing dumpster in a grimy alleyway with a ""no parking"" sign propped on top and a small heart doodle on the wall — the garbage and urban decay evoke mild disgust and sadness, but the ironic heart/sign juxtaposition adds a touch of dark playfulness.",2,2,none,1,4,2,2,1,1,
disgust_08591,"The image depicts an outdoor meat market with animal carcasses hanging and being butchered, which is visually unsettling and repulsive to many viewers, evoking a strong disgust response despite being a mundane cultural/commercial setting.",2,3,people_present,2,4,3,1,1,2,1
amusement_10560,"A joyful celebration scene shot from below, filled with bursting confetti, floating balloons, and laughing people — radiating high-energy festivity and shared happiness.",7,5,prominent_faces,1,1,3,5,5,5,4
awe_07815,"A vivid, dramatic sunset with fiery reds, oranges, and purples illuminating a mackerel-patterned sky above silhouetted trees evokes overwhelming grandeur and sublime beauty.",6,4,none,1,1,5,1,4,4,5
disgust_07554,"A venomous copperhead snake resting on bare ground evokes a strong sense of threat and unease — its camouflaged, coiled form and proximity to the viewer triggers instinctive danger responses.",2,4,none,5,3,3,1,1,2,2
fear_07396,"The image depicts an elaborately painted human face/body-art creature with bulging purple eyes, fangs, vivid alien colours, and grotesque features — simultaneously unsettling and artistically striking, evoking a mix of unease and fascinated awe.",3,4,prominent_faces,3,3,5,3,1,4,4
amusement_13289,"A cheerful man poses enthusiastically beside a vibrant, colourful ""Amazing World of Gumball"" themed mural in Dubai, pointing and grinning — the scene radiates fun, lightheartedness, and fan excitement.",6,4,prominent_faces,1,1,3,5,4,4,3
contentment_13041,A close-up of a brown beetle/bug clinging to a plant stem evokes mild unease or disgust; the creepy crawly subject with visible legs and antennae on an otherwise pleasant green botanical scene creates a slightly unsettling but low-threat nature image.,3,3,none,2,3,3,1,2,2,3
anger_05554,"A man in vibrant traditional Indigenous regalia with facial tattoos and a Seattle Seahawks cap actively plays a hand drum at what appears to be a cultural gathering or protest, conveying cultural pride, intensity, and energetic engagement.",5,4,prominent_faces,1,1,4,2,3,4,4
excitement_13809,"A crowd of smiling, energetic people marching in matching purple ""Ministry of Defence"" t-shirts at what appears to be a Pride parade, radiating collective joy, celebration, and positive social energy.",6,4,prominent_faces,1,1,2,4,4,4,3
sadness_05963,"The image depicts a vast, dark, abandoned industrial warehouse covered in graffiti with debris scattered across the floor — a deeply unsettling, desolate space that evokes dread and melancholy through its decay, eerie green lighting, and oppressive emptiness.",2,3,none,4,3,2,1,1,2,2
disgust_07009,"A close-up of a bizarre-looking flatfish half-buried in sandy seafloor — its alien, warty, lumpy texture and strangely positioned eye create an unsettling yet oddly fascinating appearance that blends mild disgust with curiosity/novelty.",3,3,none,2,3,4,2,1,2,2
amusement_19342,"A giant festive toy-soldier parade balloon floats above a cheerful holiday street scene with spectators and handlers, evoking a strong sense of fun, spectacle, and celebratory excitement.",6,4,people_present,1,1,4,5,4,4,4
fear_09235,"The dramatically lit, dark forest scene with shadowy bare branches clawing across illuminated rocks creates an eerie, unsettling atmosphere — high contrast golden light against deep darkness evokes mystery and unease rather than comfort or joy.",2,4,none,4,1,3,1,1,3,3
contentment_08479,"Two young women in vibrant traditional South Asian attire are smiling broadly and holding decorative gift cylinders in a warm kitchen setting, radiating genuine joy and celebratory warmth.",7,3,prominent_faces,1,1,3,4,5,3,4
sadness_08795,"A multi-story building is being actively demolished by a crane, with floors stripped away and rubble cascading down — the scene conveys destruction, loss, and a mild sense of danger or unease.",2,3,none,3,1,2,1,1,3,2
amusement_16166,"Two vivid fireworks bursting against a pitch-black night sky evoke a strong sense of celebration and spectacle, producing high arousal, dynamic energy, and positive valence associated with festive excitement and wonder.",6,4,none,1,1,4,3,3,5,4
amusement_18372,"The image shows a beautifully presented platter of sushi rolls (likely a spicy tuna or California-style uramaki) topped with tobiko (fish roe), avocado, and cucumber on a wooden board — a visually appetizing, warm, and pleasurable food scene that evokes quiet contentment and mild positive arousal.",6,2,none,1,1,2,2,4,1,
sadness_11126,"A candlelight vigil at night with flowers and many lit candles evokes quiet grief and solemnity — the warm flickering light and floral tributes are classic markers of mourning, producing a deeply melancholic yet tender emotional tone.",2,2,people_present,1,1,2,1,3,1,4
anger_07082,"A large, violent fire engulfs a structure behind a fence while a crowd of onlookers watches and photographs it, creating a scene of alarming danger and high emotional intensity.",2,5,people_present,5,1,4,1,1,5,2
disgust_07218,"The image shows heavily corroded, rusting metal and decaying stone surfaces with peeling paint — textures that are visually repulsive and evoke decay, neglect, and deterioration, likely triggering disgust and mild sadness.",2,2,none,1,4,2,1,1,1,2
amusement_08624,"A colorful ferris wheel against a bright blue sky with fluffy clouds evokes a cheerful, festive, and uplifting mood — associated with fairgrounds, leisure, and lighthearted fun.",6,3,none,1,1,2,4,3,3,4
contentment_08767,"A smiling young girl in a cozy purple winter coat and hat, hugging a white stuffed animal, radiates pure joy and warmth — evoking a strong sense of happiness and contentment.",7,2,prominent_faces,1,1,2,4,5,2,4
contentment_07246,"A fluffy Siamese cat is loafed contentedly on a soft mat next to a computer mouse — an inherently cozy, low-energy, and gently humorous scene (a cat literally next to a ""mouse"") that evokes warm amusement and relaxed contentment.",6,2,none,1,1,3,4,5,1,3
amusement_08550,"A lush tropical resort scene with palm trees, green lawns, and a crowd of people gathered for what appears to be an outdoor social event near the water, evoking a relaxed yet lively sense of leisure and contentment.",6,2,people_present,1,1,2,2,4,2,4
disgust_09382,"Dried seahorses skewered on sticks at a market evoke a sense of unease and mild revulsion — the death of many small creatures displayed as commodity triggers discomfort, with a muted, dark aesthetic amplifying the somber, slightly disturbing mood.",2,3,none,2,4,3,1,1,2,2
excitement_10537,"Two people in formal/bridal attire are laughing and gazing joyfully at each other, radiating shared happiness and warmth — strongly positive, intimate, and celebratory.",7,3,prominent_faces,1,1,2,4,5,3,4
disgust_04642,"The image shows a dirty, used toothpaste tube alongside a discarded partial denture (false teeth) covered in grime and dirt, evoking a strong sense of revulsion and unease due to the unsanitary, decayed appearance of abandoned dental objects.",2,3,none,2,5,3,1,1,1,1
sadness_09824,"A close-up portrait of a young child with a solemn, distant, and slightly melancholic expression evokes quiet sorrow and vulnerability, amplified by the desaturated sepia tone and soft, overexposed lighting.",2,2,prominent_faces,1,1,2,1,2,1,4
sadness_08411,"A young child wearing an oversized Santa hat looks downward with a pouty, sullen expression at what appears to be a Christmas gathering — the festive context contrasts with the child's clearly unhappy demeanor, evoking a bittersweet, melancholic feeling.",2,2,prominent_faces,1,1,2,2,3,1,4
disgust_08963,"A close-up macro photo of a large dark cricket/cockroach-like insect on a rough white surface — creepy-crawly imagery that tends to evoke visceral disgust and mild unease in most viewers, with little warmth, playfulness, or positive valence.",2,3,none,2,4,2,1,1,2,2
sadness_06406,"A distressed baby is crying and pulling at its ear, with a scrunched, pained expression and drool — evoking strong empathic distress and sadness in the viewer.",2,4,prominent_faces,1,2,2,1,2,3,2
anger_09155,"A massive, roaring inferno engulfs structures at night, with a bare tree silhouetted dramatically against towering, intensely bright flames — evoking a powerful sense of danger, threat, and overwhelming destructive force.",2,5,none,5,1,4,1,1,5,3
amusement_11740,"A cozy Christmas morning scene with young children opening gifts around a beautifully decorated tree, evoking warmth, joy, and family togetherness.",6,3,people_present,1,1,2,4,5,2,4
contentment_08954,"A close-up of an adorable, chubby-cheeked baby with large, soulful dark eyes wearing a knitted hood — the innocent, serious expression and cherubic features evoke strong warmth and contentment in the viewer.",6,2,prominent_faces,1,1,2,2,5,1,5
amusement_12234,"A beautifully restored vintage steam locomotive in vivid red and green livery surrounded by lush greenery evokes cheerful excitement and nostalgic delight — the bright colours, polished details, and playful toy-like appearance give it an energetic, fun, and visually attractive quality.",6,3,none,1,1,3,4,4,3,5
amusement_11372,"A close-up of a wide-eyed white rat leaning forward with an almost comically alert, curious expression evokes a mix of mild amusement and gentle charm — the soft bokeh, the tiny pink nose, and the ""surprised"" posture make it endearing and lighthearted rather than threatening.",5,2,none,1,1,2,4,3,2,3
disgust_07688,"The image shows an armed soldier in camouflage standing in a dilapidated room filled with suspicious white sacks, a scale, and a gas canister — strongly evoking tension, danger, and unease due to the military presence and apparent illicit materials.",2,4,people_present,5,2,3,1,1,3,1
excitement_12525,"The image shows cheerful parade participants holding a rainbow-colored Planned Parenthood banner, smiling and making peace signs — conveying strong positive energy, community joy, and celebratory excitement.",6,4,prominent_faces,1,1,2,4,4,4,3
excitement_15383,"A surfer riding inside a massive, powerful turquoise barrel wave conveys intense excitement and awe — the sheer scale and force of the ocean, the vivid color, and the daring athleticism combine to produce a high-energy, visually stunning scene.",6,5,people_present,3,1,5,2,2,5,5
anger_10880,"A leopard with its mouth wide open, exposing large fangs and a pink tongue — the pose is ambiguous between a yawn and a roar, creating a striking mix of raw power and latent threat that commands attention and elevates arousal.",3,5,none,4,1,4,2,1,5,4
excitement_19231,"A shirtless young man at a party throws his arms wide open with a huge open-mouthed grin and tongue out, radiating high-energy exuberance and wild fun — the scene is loud, lively, and celebratory.",6,5,prominent_faces,1,1,2,5,3,5,2
contentment_14792,"Delicate white crape myrtle blossoms in soft, muted light evoke quiet serenity and gentle contentment, with the cool overcast sky and lush green leaves reinforcing a calm, pleasant, understated beauty.",6,2,none,1,1,2,2,3,2,4
fear_14796,"A dark, narrow tunnel at night with graffiti in Italian (""Amore mio ti amo"" / ""Ricordatelo sempre"" — ""My love I love you / Remember it always""), dimly lit by two weak fluorescent lights that fade into blackness, creating a foreboding, enclosed atmosphere that evokes unease and dread.",2,4,none,4,1,3,1,1,2,
fear_10080,"A woman in a gory zombie nurse Halloween costume covered in fake blood walks on a boardwalk, which is visually striking, mildly disturbing, and darkly playful — evoking a mix of theatrical horror and cosplay fun.",3,4,prominent_faces,3,4,3,4,1,3,2
anger_04966,"A lioness bares her teeth in a wide snarl behind a chain-link fence, projecting raw predatory threat and aggression that dominates the viewer's attention.",2,5,none,5,2,3,1,1,5,3
amusement_13734,"A close-up of a warmly lit white Christmas tree adorned with rich red ornaments and bead garlands evokes a cozy, festive contentment — the soft bokeh lights and classic holiday palette radiate comfort and celebratory warmth.",6,2,none,1,1,2,3,5,2,4
awe_06605,"A powerful waterfall cascading down dramatic, towering rock faces with misty spray and vivid contrasting colors evokes an overwhelming sense of natural grandeur and awe-inspiring scale.",6,4,none,2,1,5,1,2,5,5
sadness_12781,"A protest memorial scene outside a Chinese government building in Hong Kong demanding the release of Liu Xia, with black banners, mourning flowers, and portraits of political prisoners — conveying solemn grief, political tension, and suppressed outrage.",2,3,people_present,3,1,3,1,2,2,2
fear_13425,"A macro close-up of a jumping spider staring directly into the camera creates an unsettling, confrontational feeling — its large forward-facing eyes and hairy legs dominate the frame, triggering arachnophobic unease and mild disgust in many viewers.",2,4,none,4,4,3,1,1,2,3
disgust_09644,"A large, dark, hairy tarantula photographed up close on gravel dominates the frame — its size, texture, and predatory appearance are viscerally unsettling, likely evoking strong fear and/or disgust responses in most viewers.",2,4,none,4,4,3,1,1,2,2
contentment_11739,"A drowsy, heavy-lidded tabby cat lounging in a paw-print pet bed radiates supreme laziness and comfort, evoking a gentle, cozy contentment with a mild touch of amusement at its grumpy-yet-endearing expression.",6,1,none,1,1,2,3,5,1,4
sadness_07492,"A weathered, moss-covered gravestone in an overcast cemetery evokes a quiet, melancholic mood tied to mortality and the passage of time.",2,2,none,1,1,2,1,1,1,2
sadness_07277,"The overcast sky, bare trees, weathered and aging wooden barn structures, and empty rural landscape evoke a melancholic, desolate mood with low energy and warmth.",2,2,none,1,1,2,1,1,1,2
fear_13065,"A sinister clown/jester doll head with spider-like red legs resting on dark rocks in near-darkness, with a ghostly white mask lurking in the background — the scene is deeply unsettling and threatening, designed to provoke dread.",1,4,none,5,3,4,1,1,2,2
contentment_10521,"A smiling young girl holding a curious infant against a lush green backdrop radiates warmth and gentle joy, evoking a sense of tender contentment and familial affection.",6,2,prominent_faces,1,1,2,3,5,2,4
amusement_09450,"A performer in flamboyant drag costume — polka-dot ruffled dress, red headscarf, heavy makeup — singing on a festively decorated stage with hay bales and a palm tree cutout, evoking strong comedic and playful entertainment vibes.",6,4,prominent_faces,1,1,3,5,3,4,3
contentment_08706,"A squirrel clinging to a tree trunk and staring directly into the camera creates an endearing, mildly comic encounter with nature — its wide eyes and clasped paws are charming and light-hearted rather than threatening or sad.",6,2,none,1,1,2,4,4,2,4
excitement_15376,"A male performer sings passionately into a microphone on a lit stage, body leaning forward with intensity — the image radiates high-energy excitement and raw performance drive.",6,5,prominent_faces,1,1,2,2,2,5,3
fear_12966,"A creepy, wide-eyed villain action figure in a black cape and hat with an unsettling grin evokes a strong sense of dread and unease, amplified by the dark monochrome palette and theatrical sinister expression.",2,4,prominent_faces,4,2,3,2,1,3,3
disgust_07540,"A large open dump site overflowing with mixed waste — plastic bags, tyres, a discarded chair, and rotting refuse on red laterite soil — evokes a strong sense of revulsion and environmental despair with no redeeming aesthetic quality.",1,3,none,2,5,2,1,1,2,1
amusement_15458,"A spinning Ferris wheel captured with a long exposure at dusk creates vivid motion blur and glowing light trails, evoking a sense of excitement and wonder at a lively carnival fairground.",6,4,people_present,1,1,4,5,3,5,4
disgust_09426,"The image shows a bowl of mostly fresh tangerines with one heavily mold-covered, shriveled, and decomposed fruit prominently visible, making the dominant emotional response one of repulsion toward the decayed item amid otherwise appealing fresh fruit.",2,3,none,2,4,2,1,2,1,2
disgust_09002,"A close-up macro shot of a dark millipede coiled on a twig evokes creepiness and revulsion due to its many segmented legs and worm-like body, likely triggering disgust and mild fear in many viewers.",2,3,none,2,4,3,1,1,2,2
excitement_13651,"A windsurfer glides across vivid turquoise open water under a clear sky, conveying active outdoor freedom and moderate energetic excitement without any threat or negativity.",6,3,people_present,1,1,3,3,3,4,4
disgust_06933,"The image depicts a pile of discarded food waste, dirty disposable plates, cups, and utensils strewn across a grimy urban surface, evoking a strong sense of repulsion and neglect.",2,3,none,2,5,2,1,1,2,1
disgust_05696,"A lone cigarette burning against a stark black background with wispy smoke curling upward evokes a melancholic, brooding atmosphere — the dark isolation, slow decay, and ephemeral smoke suggest quiet sadness and existential reflection rather than joy or excitement.",2,2,none,2,2,3,1,1,2,3
awe_11711,"The sweeping desert landscape with towering red rock formations, an open dirt road leading into the scene, and a vast blue sky evokes a strong sense of awe and grandeur — the scale and geological drama are visually striking and expansive.",6,3,none,1,1,5,1,3,2,5
amusement_16928,"A beaming adult and a laughing baby cheek-to-cheek radiate pure joy and familial warmth, evoking strong positive feelings of contentment and amusement.",7,3,prominent_faces,1,1,2,4,5,2,4
excitement_15358,"Three young people are goofing around indoors — two are throwing their arms wide open with big grins/shouts while one sits calmly in the middle, creating a fun, energetic, and lighthearted social moment.",6,4,prominent_faces,1,1,2,5,4,5,3
sadness_09163,"A toddler with a furrowed brow and tearful, downcast expression conveys a strong sense of distress and unhappiness, evoking empathetic sadness in the viewer.",2,3,prominent_faces,1,1,2,1,3,2,3
fear_12129,"A woman in a bridal veil stands over a slumped man wearing a gas mask, bathed in deep red lighting in a dark, cage-like room — the combination of wedding imagery with a gas mask, ominous crimson light, and a seemingly incapacitated figure creates a distinctly unsettling, threatening atmosphere.",2,4,prominent_faces,4,2,4,1,1,3,
fear_12152,"The stark black-and-white photograph of a dimly lit, shadowy building entrance with dramatic chiaroscuro lighting evokes a sense of unease and foreboding — the deep shadows, isolated doorway, and nighttime atmosphere create a moody, slightly threatening ambiance.",2,3,none,3,1,3,1,1,2,4
awe_14024,"A serene ocean sunset with a solitary silhouetted figure in a small boat, golden light reflecting across calm water and wet sand — the scene radiates peaceful grandeur and quiet beauty that evokes a sense of sublime wonder and deep tranquility.",6,2,people_present,1,1,4,1,5,2,5
awe_10911,"A lifeboat being launched from a shingle beach on a clear, calm day evokes a sense of purposeful readiness and mild excitement — the scene is orderly and bright, with maritime rescue equipment suggesting duty and service rather than immediate danger.",5,3,people_present,2,1,3,1,3,3,3
sadness_09219,"A charming Shetland pony with a wind-blown flaxen mane and a red halter against a bright blue sky evokes a cheerful, lighthearted warmth — the flowing mane and expressive face add a touch of whimsy and delight.",6,2,none,1,1,2,4,4,3,4
sadness_07556,"A weathered cemetery monument depicting a grieving female figure draped in robes, bowing her head over a tombstone inscribed ""In Loving Memory of My Wife Susanna Smith"" — the imagery of mourning, loss, and death evokes a solemn, melancholic tone.",2,2,none,1,1,3,1,2,1,4
contentment_14125,"A tranquil sunset over turquoise water viewed from a luxury deck, with a glass of white wine, knitting, and a lounging figure — evoking deep relaxation, leisure, and quiet contentment.",6,2,people_present,1,1,3,2,5,1,4
contentment_14225,"A young girl is smiling and relaxed, snuggled into a soft fluffy cushion on a couch — the scene radiates warmth, comfort, and gentle happiness with no threat or negativity present.",6,2,prominent_faces,1,1,2,3,5,2,4
contentment_11233,"A close-up of a calm, cherubic baby with a subtle smirk lying on soft blankets evokes an overwhelming sense of warmth, innocence, and gentle joy — the quintessential ""cute"" response that is soft, safe, and heartwarming.",6,2,prominent_faces,1,1,2,3,5,1,4
excitement_08390,"Three young people sharing a joyful moment around an acoustic guitar in a warmly lit venue, with genuine smiles conveying shared pleasure and light social energy.",6,2,prominent_faces,1,1,2,4,4,2,3
excitement_16861,A performer singing passionately on a lit stage with dramatic lighting conveys high-energy excitement and positive engagement from both performer and implied audience.,6,4,prominent_faces,1,1,3,2,3,5,4
disgust_09150,"A large pile of mostly orange garbage bags collected in a parking lot suggests a community cleanup effort — the scene is mundane, slightly unpleasant due to waste associations, low energy, and mildly negative in tone.",3,2,none,1,3,2,1,1,2,1
sadness_05500,"A weary-looking rickshaw puller rests on his colorfully decorated cycle-rickshaw on a street, conveying quiet exhaustion and melancholy amid the vibrant but humble surroundings.",2,2,prominent_faces,1,1,3,2,2,2,3
sadness_07925,"Two middle-aged people in close proximity with furrowed brows and hands clasped to the mouth convey deep contemplation or grief — the monochrome palette, tense postures, and somber expressions produce a heavy, melancholic emotional weight.",2,2,prominent_faces,1,1,2,1,2,1,3
amusement_15238,"A horse's enormous muzzle fills the frame from a worm's-eye wide-angle lens, creating a comically exaggerated, close-up portrait that is inherently funny and lighthearted rather than threatening.",6,3,people_present,1,1,3,5,3,2,3
anger_09129,"A large street protest with crowds, flags, and a defiant hand-written sign (""Els drets es defensen o es perden"" – rights are defended or lost) conveys collective tension, civic urgency, and strong emotional activation typical of politically charged demonstrations.",2,4,prominent_faces,2,1,2,1,2,4,3
anger_06689,"Two smiling people holding a ""Fight for Michigan"" sign at what appears to be a political rally outside a capitol building in cold weather — the scene conveys civic energy, mild excitement, and social warmth despite the grey, wintry setting.",6,3,prominent_faces,1,1,2,3,3,3,3
fear_07037,"The black-and-white image of a dark, aged stone wall with iron bars and a French quote about defending the defenseless evokes a somber, contemplative, and slightly oppressive atmosphere — heavy with solemnity and moral gravity.",2,2,none,3,1,3,1,1,1,3
amusement_17593,"A grand Alpine-style resort hotel set against snow-capped mountains under a vivid blue sky evokes a strong sense of awe and contentment — the imposing architecture, pristine winter scenery, and crisp clarity of the image inspire admiration and a feeling of aspirational tranquility.",6,3,none,1,1,4,1,3,2,5
excitement_08391,"A line of ballet dancers in white tutus performing in near-perfect synchrony on a dramatically lit stage with vivid blue-purple floor reflections and warm uplighting — the scene radiates graceful dynamism, visual splendor, and a sense of grandeur that overwhelms the senses.",6,4,people_present,1,1,4,2,3,4,5
amusement_11401,"Three young children laughing and pointing directly at the camera radiates pure uninhibited joy, making this image highly positive, warm, and playfully energetic with no negative content whatsoever.",7,4,prominent_faces,1,1,2,5,5,4,4
contentment_07149,"A ginger tabby cat is curled up contentedly asleep on a cozy green sofa — the scene radiates warmth, calm, and domestic comfort with no threat or negativity.",6,1,none,1,1,2,2,5,1,4
fear_12894,"A person in elaborate zombie costume with fake blood and gore makeup poses aggressively in an abandoned industrial space — visually disturbing but clearly theatrical, evoking a mix of horror-themed disgust/fear and underlying playful Halloween-style amusement.",2,4,prominent_faces,4,4,3,3,1,4,2
fear_07581,A dark nighttime forest scene shows people in Halloween-style costumes (including a Jason Voorhees mask and a chainsaw) chasing/startling screaming people — a classic haunted attraction scenario evoking strong fright mixed with excited amusement.,3,5,prominent_faces,5,1,3,3,1,5,2
excitement_19407,"A packed football stadium filled with passionate fans in red jerseys cheering enthusiastically, with arms raised and scarves waving under a vivid blue sky — the scene radiates high-energy collective excitement and positive crowd energy.",6,5,people_present,1,1,2,3,3,5,4
awe_11692,"A breathtaking tropical sunset over a glassy bay with traditional outrigger boats in silhouette — the vivid gradient of orange, pink, and violet sky reflecting perfectly on still water evokes a serene yet majestic sense of wonder and peaceful beauty.",6,2,none,1,1,4,1,4,1,5
amusement_11811,"A happy, alert dog sitting in a sunny doorway with a wagging-mouth expression and perky ears conveys lighthearted joy and warmth — the dominant feeling is cheerful amusement/contentment.",6,3,none,1,1,2,4,5,3,4
disgust_06395,"The image shows a dark, blobby sea creature (likely a flatworm or nudibranch) covered in orange-brown granules and pale spots, photographed close-up on a sandy surface — its alien texture and appearance is visually repulsive to many viewers, evoking strong disgust with little warmth, positivity, or playfulness.",2,3,none,2,4,4,1,1,2,
anger_05536,"A large, energized political protest crowd holding anti-Brexit signs evokes strong negative arousal — frustration and defiance dominate, driven by confrontational signage and a dense, charged crowd atmosphere.",2,5,people_present,2,1,2,1,1,5,2
fear_08227,"A gothic vampire woman with blood dripping from her mouth, pale skin, heavy dark eye makeup, and an intense menacing gaze set against a dark cathedral backdrop with eerie blue lighting — the dominant feeling is dark, threatening, and unsettling with a strong theatrical/horror aesthetic.",2,4,prominent_faces,4,3,3,2,1,4,4
fear_08299,"Two dogs are curled up together on soft cushions/blankets, peacefully sleeping — the scene radiates comfort, coziness, and gentle calm.",6,1,none,1,1,2,2,5,1,3
anger_08062,"Two people in swimwear walking toward a large, roaring wildfire with thick black smoke — the scene conveys immediate physical danger and a visceral sense of threat, driving high arousal and strongly negative valence.",2,5,people_present,5,1,4,1,1,5,3
amusement_18485,"Warm golden Christmas ornaments glowing against a dark night backdrop evoke a sense of cozy, festive contentment and quiet joy.",6,2,none,1,1,2,2,5,2,4
sadness_06834,"Ancient stone castle ruins blanketed in moss, framed by drooping evergreen branches and overlooking sweeping forested valleys — the scene evokes quiet grandeur and melancholic beauty, a sense of faded history and serene, vast landscape.",5,2,none,1,1,4,1,2,2,4
awe_13937,A full vivid rainbow arching over a lush green hillside with scattered trees evokes a powerful sense of wonder and uplift — the rare natural spectacle commands awe while the peaceful pastoral landscape underneath adds calm positivity.,6,3,none,1,1,5,1,3,2,5
contentment_10797,"Two young children playing in a backyard inflatable pool on a sunny day radiates carefree summer joy and lighthearted fun, evoking warm contentment and amusement.",6,3,prominent_faces,1,1,2,5,5,3,3
excitement_16962,"A lone surfer wades through churning, foamy golden-lit surf — the dynamic waves and active outdoor sport evoke energetic freedom and mild exhilaration, skewing positively with moderate arousal.",6,4,people_present,2,1,3,3,3,4,4
awe_06409,"A vivid, close-up magenta flower in sharp focus against a soft green bokeh background evokes a calm, pleasant sense of natural beauty and contentment — saturated warm color and delicate petal detail are visually appealing with no threat or negativity.",6,2,none,1,1,2,2,4,2,4
excitement_11522,"A jubilant person strikes a wide, exuberant pose at a Pride parade, surrounded by a colorful, celebratory crowd — radiating infectious high-energy joy and festive excitement.",7,5,prominent_faces,1,1,3,5,4,5,4
sadness_08163,"An overgrown, abandoned cemetery with moss-covered stone crosses and fallen grave markers creates a melancholic, eerie atmosphere of neglect and mortality, evoking unease and quiet sorrow.",2,3,none,3,1,2,1,1,2,3
excitement_11929,"A harsh, windy alpine environment shows two skiers apparently assisting a fallen third person on a steep, exposed snowfield — the urgency, physical strain, and dangerous conditions evoke tension and concern rather than comfort or joy.",2,4,people_present,4,1,3,1,1,4,3
contentment_07165,"A sun-drenched beach portrait of a young woman in a teal swimsuit gazing into the distance conveys a calm, aspirational contentment — warm golden light, relaxed pose, and scenic coastal backdrop create a pleasant, aesthetically pleasing mood with low threat and low intensity.",6,2,prominent_faces,1,1,2,2,4,2,4
disgust_08929,"The image shows bloodied animal carcasses (likely goats or sheep) laid out on the ground with handwritten labels, evoking strong disgust and mild unease due to the raw, bloody flesh and graphic nature of the scene.",2,3,none,2,4,2,1,1,2,1
contentment_13181,"A couple embracing warmly in front of a vivid wall of hot-pink bougainvillea conveys gentle joy and romantic contentment, with soft smiles and close physical proximity radiating comfort and affection.",6,2,prominent_faces,1,1,2,2,5,2,4
excitement_10122,"Two heavily tattooed, punk-styled women with colorful hair are laughing and embracing at what appears to be an outdoor festival — their wide grins, playful poses, and vibrant alternative aesthetics radiate infectious joy and excitement.",6,4,prominent_faces,1,1,3,5,4,4,3
sadness_09040,"A black-and-white close-up of a person with their head bowed and hand pressed against their temple/forehead conveys deep distress, anguish, or despair — the monochrome palette, downward posture, and tense grip amplify a heavy, sorrowful mood.",2,2,people_present,1,1,2,1,1,1,3
awe_07061,"A majestic snow-covered mountain peak framed by a deep valley with evergreen trees under a crisp, clear blue sky evokes a sense of grandeur and serene awe.",6,3,none,1,1,4,1,2,2,5
sadness_11864,"A fluffy white dog lies quietly on gravel beneath a chair, head resting on its paws with a tired, slightly melancholic expression — evoking a gentle, subdued sense of calm with a mild tinge of sadness.",3,1,none,1,1,2,1,3,1,3
disgust_07236,"The image shows a severely soiled, filthy public toilet, which is visually repulsive and triggers a strong disgust response with very negative valence and minimal positive qualities.",1,4,none,3,5,2,1,1,2,1
excitement_11692,"A guitarist and vocalist performs energetically on stage — mouth wide open mid-shout, arm outstretched pointing, guitar slung low — conveying intense, high-energy excitement and exhilaration typical of a live rock performance.",6,5,prominent_faces,1,1,2,3,3,5,3
anger_07817,"A mandrill baring its large teeth in a wide-open threat display, with vivid red coloring on its chest, directly facing the camera — a visually intense, confrontational scene that signals aggression and potential danger.",2,5,none,4,2,3,1,1,5,3
amusement_11845,"Two smiling adults wearing Santa hats pose together on a festive sleigh seat surrounded by cheerful Christmas inflatables and a ""Happy Holidays"" backdrop, radiating warm holiday joy and lighthearted fun.",6,3,prominent_faces,1,1,2,5,5,3,3
sadness_05636,"A lone elderly man walks a narrow, historic hutong alley pulling a small cart, rendered in black-and-white — the muted tones, solitary figure, and aged surroundings evoke quiet melancholy and wistful nostalgia rather than joy or threat.",3,2,prominent_faces,1,1,3,1,2,2,4
contentment_12807,"A baby wearing a onesie that reads ""Photos with baby 50¢"" sits with a hilariously grumpy, unimpressed expression — the comedic mismatch between the mercenary sign and the tiny disgruntled infant is the dominant source of feeling, evoking lighthearted laughter.",6,2,prominent_faces,1,1,3,5,4,1,
awe_12109,A golden-hour sunset over an arched bridge with silhouetted paddleboarders on calm water creates a serene yet visually grand scene that evokes quiet wonder and peaceful contentment.,6,2,people_present,1,1,4,2,5,2,5
excitement_14583,"Five men pose cheerfully at what appears to be a Pride parade, holding rainbow flags and wearing rainbow lanyards/pins, smiling broadly — the scene radiates joy, celebration, and social warmth.",6,3,prominent_faces,1,1,2,4,5,3,3
anger_10172,"The image shows a crowd at what appears to be a protest, with someone holding a humorous sign reading ""Where is Robin Hood when you need him?"" — evoking light political satire and playful social commentary, creating a mildly energetic but largely lighthearted mood.",5,3,prominent_faces,1,1,2,4,3,3,3
sadness_11381,"A striking close-up portrait of a silver/blue-phase arctic fox with intense amber eyes gazing directly at the camera — the sharp detail and penetrating stare create a sense of quiet alertness and wild beauty, evoking mild awe and contentment.",5,3,none,2,1,4,2,3,2,5
disgust_07724,"The image shows an overflowing trash can surrounded by debris, scrap wood, and dead vegetation, evoking a strong sense of neglect, pollution, and repulsion — the dominant feeling is disgust combined with mild sadness at the environmental decay.",2,2,none,2,4,2,1,1,1,1
disgust_07248,"The scene depicts a large, neglected pile of litter and debris strewn across a dirt embankment among trees, evoking a strong sense of environmental degradation and repulsion.",2,3,none,2,4,2,1,1,2,1
excitement_14997,"A young man grins broadly at an outdoor Pride event, pumping his fists with visible joy and enthusiasm — the scene radiates high-energy celebration and positive excitement.",7,5,prominent_faces,1,1,2,4,4,5,3
amusement_09617,"A vividly-patterned Blue Jay perched alertly on a rustic cast-iron pan with its beak open evokes quiet delight and gentle charm — the bird's striking blue plumage, natural setting, and lively posture create a pleasant, mildly engaging scene with no threat or negativity.",6,2,none,1,1,2,3,4,2,
anger_06454,"A snarling, fanged werewolf/monster face with glowing yellow eyes and exposed teeth dominates the frame — a classic horror image designed to provoke dread and unease.",2,4,none,5,3,3,1,1,4,2
excitement_11262,"A vibrant Pride parade scene with a boldly costumed drag performer in the foreground and crowds holding ""State of Equality"" signs — the overall mood is celebratory, energetic, and joyful with strong positive valence and high dynamism.",6,4,prominent_faces,1,1,3,5,4,5,4
disgust_10985,"A large, vivid green caterpillar with spiny bristles and eye-like markings clings to a thin branch — visually striking and slightly unsettling due to its alien texture and spiky protrusions, evoking mild unease or repulsion in many viewers.",3,3,none,2,3,4,1,1,2,3
sadness_12871,"A lone man in a heavy fur-trimmed parka stands against a cold, grey Düsseldorf streetscape — his downcast, tense expression and the bleak winter atmosphere together evoke a subdued, melancholic mood with little warmth or energy.",2,2,prominent_faces,1,1,2,1,1,2,3
sadness_12551,"A rusted, debris-encrusted shopping cart abandoned in dark, murky water evokes a strong sense of urban decay, neglect, and environmental pollution, producing a melancholic and mildly unsettling mood.",2,2,none,2,3,2,1,1,1,2
fear_14553,"Two young children in skeleton Halloween costumes sitting outdoors among fallen autumn leaves evoke a lighthearted, playful holiday spirit — the spooky costumes add mild theatrical menace but the overall scene is clearly fun and festive rather than genuinely threatening.",6,3,prominent_faces,2,1,2,5,4,2,4
anger_10496,"An older man in business attire is pumping both fists with a clenched, triumphant expression over a laptop — radiating intense, high-energy elation and celebratory excitement.",6,5,prominent_faces,1,1,2,2,3,5,3
contentment_09563,"A cotton-top tamarin perched on a branch stares directly at the camera with a stern, almost grumpy expression — its furrowed brow and dark face create a mildly comical yet slightly unsettling intensity that leans toward amused curiosity with a hint of mild unease.",5,3,none,1,1,3,4,3,2,4
sadness_09402,"A lone man sits with his back to us on a railing, gazing quietly across a wide river toward distant trees — the solitary posture, muted palette, and still water evoke a pensive, melancholic mood of quiet introspection.",3,2,people_present,1,1,2,1,2,1,3
contentment_11197,"A elegantly styled Easter/spring tablescape with pastel flowers, glowing candle, jewel-toned eggs on moss, and gold accents radiates quiet beauty and serene festive contentment.",6,2,none,1,1,3,3,5,2,5
disgust_09213,"The image shows a heavily corroded, filthy, and decayed toilet or latrine seat in a squalid, cluttered environment — the dominant feeling is revulsion/disgust driven by visible grime, rust, decay, and implied sanitary degradation.",2,3,none,2,5,2,1,1,1,1
disgust_07927,"An overflowing public trash can surrounded by scattered litter on a busy city sidewalk evokes a strong sense of disgust and mild frustration — the visual mess is repulsive despite the lively, sunny background crowd scene.",2,3,people_present,1,5,2,1,1,2,1
contentment_07418,"A young couple lies together on grass, smiling and gazing at each other tenderly — the scene radiates romance, intimacy, and quiet joy, evoking a strong sense of contentment and warmth.",6,2,prominent_faces,1,1,2,3,5,2,4
contentment_15111,"A smiling father is being kissed on the cheek by one child while another snuggles close as they share a photo album together on a couch — an intimate, tender family moment radiating love, safety, and quiet joy.",6,2,prominent_faces,1,1,2,3,5,2,4
amusement_16669,"Three people at a festive Christmas gathering are posing playfully with finger-gun gestures and big smiles, two wearing Santa hats, creating a lighthearted and joyful social scene.",6,3,prominent_faces,1,1,2,5,4,3,3
awe_06700,"A woman joyfully smelling a bright sunflower in a vast sunflower field bathed in warm golden light evokes a strong sense of contentment, warmth, and simple beauty.",6,2,prominent_faces,1,1,2,3,5,2,4
amusement_16325,"A elegantly dressed woman in a sparkling teal gown gently handles a Christmas ornament beside a lavishly decorated tree in an upscale venue, evoking a serene, festive warmth and quiet joy.",6,2,prominent_faces,1,1,2,2,5,2,5
excitement_14687,"Two happy, smiling children on a ferry deck with a bright blue ocean and clear sky behind them evoke warmth, joy, and a carefree outdoor adventure.",6,3,prominent_faces,1,1,2,4,4,3,4
awe_10034,"A tranquil lake scene with bare trees, evergreens, a forested hillside, and a partly cloudy blue sky evokes calm, quiet contentment with a mild touch of wistfulness from the bare winter trees.",5,2,none,1,1,2,1,3,2,4
amusement_17266,"A richly decorated Christmas tree close-up with gleaming red bells tied with a gold ribbon, colorful bokeh lights, and festive ornaments evokes a strong sense of holiday warmth, joy, and celebratory cheer.",6,3,none,1,1,2,3,5,2,4
excitement_11035,"A competitive mountain biker races down a dirt track at speed, slightly airborne, conveying high-energy excitement and dynamic movement with a generally positive, active atmosphere.",6,4,prominent_faces,2,1,3,3,2,5,3
awe_08419,"This sweeping aerial autumn landscape with patchwork green fields, colorful foliage, and distant rolling hills evokes a sense of serene grandeur and expansive natural beauty, dominated by feelings of peaceful awe.",6,2,none,1,1,4,1,3,2,5
disgust_06951,"The image shows a close-up of heavy rust, corrosion, and decay on a surface — the decomposing, flakey, discoloured matter with dark and ochre tones is visually repulsive and unsettling, evoking a strong sense of decay and disgust.",2,3,none,2,4,2,1,1,2,2
anger_06853,"A building is fully engulfed in intense flames and black smoke, with a drone hovering nearby — the overwhelming destruction and danger evoke strong negative arousal, fear, and distress.",2,5,none,5,2,3,1,1,5,2
fear_11683,"A young woman in edgy punk/alternative fashion — rainbow hair, fishnets, black leather outfit, heavy boots — crouches intensely in a moody autumnal forest setting with stacked logs, creating a dark, provocative, and dramatic aesthetic that blends edge and theatricality.",4,4,prominent_faces,3,1,4,3,2,4,4
contentment_10616,"A close-up of a grey-and-white cat with eyes softly closed and a serene, almost smiling expression resting on a cozy surface — the dominant feeling is gentle contentment and calm warmth.",6,1,none,1,1,2,2,5,1,4
contentment_08632,"Three women in summer dresses on a sunny, well-manicured lawn evoke a relaxed, pleasant social gathering — likely a garden party or outdoor event — producing a gently positive, content mood.",5,2,prominent_faces,1,1,2,2,4,2,3
amusement_13652,"A dramatic low-angle shot of a massive Ferris wheel against a vivid blue sky evokes a sense of scale, grandeur, and upward-reaching excitement — the towering white steel structure filling the frame inspires awe and a mild thrill.",6,4,none,2,1,4,3,2,4,4
fear_08150,"The image shows a person in elaborate Halloween/fantasy costume with grotesque zombie-like prosthetic makeup — fake wounds, blood, elf ears, and a steampunk top hat with twigs — evoking a strong mix of disgust and unsettling unease, tempered by the clearly theatrical/playful costume context.",2,4,prominent_faces,3,4,4,3,1,3,
amusement_17595,"A cheerful young boy with a bright, gap-toothed smile and sparkling blue eyes sits on wooden steps in a red striped polo shirt — the image radiates innocence, warmth, and genuine happiness, evoking a light, feel-good emotional response.",6,2,prominent_faces,1,1,2,4,5,2,4
fear_13703,"The image depicts a decaying, abandoned wooden structure overtaken by leafless, gnarled branches in harsh, shadowy light — evoking a strong sense of desolation, dread, and melancholy.",2,3,none,3,2,3,1,1,2,3
contentment_11857,"A glowing pregnant woman in a soft pink gown and floral crown tenderly cradles her belly in a lush, reflective garden setting, radiating warmth, joy, and gentle anticipation — the dominant feeling is tender contentment.",6,2,prominent_faces,1,1,2,2,5,2,5
awe_11008,"A tranquil ocean seascape at dusk with gentle waves, a soft pastel horizon, and no human presence evokes a deep sense of serene calm and quiet wonder at the vast expanse of water and sky.",6,2,none,1,1,4,1,3,2,4
disgust_08269,"The image shows raw animal carcasses hanging from hooks inside a delivery truck, which is viscerally unpleasant and likely to evoke disgust and unease in most viewers.",2,3,people_present,2,5,3,1,1,2,1
sadness_10535,"A sweet black-and-tan dog gazing up with big, soulful eyes from its cozy plaid bed evokes warm contentment and gentle affection, with a hint of pleading that adds mild emotional pull.",6,2,none,1,1,2,2,5,1,4
sadness_07774,"A wet, soulful-eyed Golden Retriever stares directly at the camera with a slightly mournful, ""why are you doing this to me?"" expression — endearing and mildly comedic, evoking gentle amusement and mild sympathy rather than strong arousal or negativity.",5,2,none,1,1,2,4,4,2,4
fear_09103,"A person wearing a creepy clown mask and holding a blood-stained axe in a dark, shadowy outdoor setting creates a strongly unsettling, threatening atmosphere typical of horror imagery.",1,5,people_present,5,3,3,1,1,3,3
amusement_11033,"A cheerful baby sitting in a colorful high chair at an outdoor restaurant, smiling gently — the scene radiates warmth, innocence, and quiet joy, evoking a strong sense of contentment and gentle amusement.",6,2,prominent_faces,1,1,2,4,5,2,4
excitement_18765,A male performer singing passionately into a microphone on a well-lit concert stage evokes excitement and high-energy positive emotion through the dynamic performance context and vivid stage lighting.,6,4,prominent_faces,1,1,2,2,3,4,3
fear_11740,"A woman with disheveled blonde hair, dark bruised eye makeup, and simulated blood on her hands and chest is cornered in a dim, grimy brick basement — the staging, lighting, and distressed appearance strongly evoke dread and unease.",2,4,prominent_faces,5,3,3,1,1,2,3
fear_11963,"The image features two white skull figurines (likely earrings or decorative pieces) arranged as a pair, with blurred background elements including a miniature food scene — the skulls are eerie yet crafted as cute novelty items, evoking a mix of mild unease and dark playfulness typical of Halloween-style aesthetic objects.",3,3,none,2,2,3,4,2,2,
contentment_11177,"Two young girls are laughing and sharing a joyful moment over a coloring book, radiating pure warmth, innocence, and delight — the dominant feeling is bright, cheerful happiness.",7,3,prominent_faces,1,1,2,5,5,3,4
sadness_11325,"A weathered gravestone marked ""Colonel"" with an American flag draped behind it in an overgrown cemetery evokes a somber, respectful melancholy tied to loss, mortality, and memory.",2,2,none,1,1,2,1,2,1,2
sadness_07047,"The image depicts abandoned, heavily rusted industrial rail equipment overgrown with moss and fallen leaves, evoking a strong sense of melancholy, neglect, and the passage of time — the dominant feeling is quiet sadness tinged with desolation.",2,2,none,1,2,2,1,1,1,3
anger_07683,A wildfire or controlled burn sweeping across a dry grassland with billowing smoke and vivid orange flames creates a visceral sense of danger and powerful natural force.,2,5,none,5,1,3,1,1,5,3
fear_09909,"A person in gothic/horror costume with white face paint, dark lip makeup, and a fake blood drip on their cheek evokes a dark, slightly unsettling mood that is more theatrical than genuinely threatening, leaning toward eeriness and mild discomfort.",2,3,prominent_faces,3,2,3,2,1,2,3
anger_06056,"A large, dramatic bonfire consuming a wooden structure at night with silhouetted onlookers creates a powerful, primal scene — intense light and heat against darkness evoke a mix of excitement and slight unease, dominated by raw elemental energy.",5,5,people_present,3,1,4,1,3,5,4
excitement_12156,"A woman is dancing energetically with a wide open-mouthed smile, visible tattoos, and dynamic body posture at what appears to be a lively outdoor performance or event, conveying high-energy excitement and joy.",6,5,prominent_faces,1,1,2,4,3,5,3
fear_09677,"A person in dramatic zombie/vampire Halloween costume with fake blood, pale makeup, fangs, and a screaming expression creates a striking, unsettling, yet theatrically staged image that is simultaneously disturbing and playful in its horror-entertainment context.",2,5,prominent_faces,4,4,3,3,1,5,3
fear_11538,"An extreme macro close-up of a housefly in stark black-and-white evokes strong revulsion and unease — the hyper-detailed compound eye, bristles, and spindly legs at this scale are inherently repulsive and unsettling to most viewers.",2,4,none,3,5,3,1,1,2,2
contentment_15196,"A sleek Borzoi hound sprints full-tilt across a wet, open beach — the blur of flying fur, open mouth, and mid-air stride radiate joyful freedom and high-energy movement, evoking upbeat excitement.",6,5,none,1,1,3,4,3,5,4
amusement_10701,"Brightly colored celebratory balloons floating against a blue sky mark Amnesty International's 50th anniversary, evoking a cheerful, uplifting, and festive mood with no negative elements.",6,3,none,1,1,2,4,3,3,3
excitement_15840,"A lone figure stands at the edge of a vast mountain overlook, gazing out over an expansive, sweeping landscape under a dramatic sky — evoking a strong sense of grandeur, solitude, and contemplative wonder.",6,3,people_present,2,1,5,1,3,2,5
excitement_17931,"A beaming young child with arms outstretched and a wide smile in an outdoor setting radiates pure joy and warmth, evoking strong positive affect with high playfulness and warmth.",7,4,prominent_faces,1,1,2,5,5,4,4
fear_07699,"A dark, heavily shaded pencil sketch depicts a sinister cloaked figure clutching a bloody, skeletal or mechanical heart — the vivid red blood against stark black-and-white charcoal creates a deeply unsettling, viscerally threatening composition evoking dread and revulsion.",1,4,people_present,5,4,3,1,1,3,3
excitement_12907,"A young woman performing passionately into a microphone with mouth wide open conveys high-energy excitement and expressive intensity, generating an upbeat, lively emotional response.",6,5,prominent_faces,1,1,2,3,3,5,4
fear_06612,"The image shows what appears to be a parasitic worm or larva alongside food remnants and a hair on a dirty surface, evoking strong disgust and revulsion.",1,4,none,4,5,3,1,1,2,1
sadness_07015,"A weathered stone funerary sculpture of a grieving woman slumped over a funeral urn in a cemetery setting conveys profound sorrow and loss through its bowed posture, clinging hands, and somber sepia-toned environment.",2,2,prominent_faces,1,1,3,1,1,1,4
disgust_05446,"A close-up of a fly resting on dirty, grimy, mold-covered organic matter near a rusty drain grate strongly evokes disgust through visual cues of filth, decay, and contamination.",2,3,none,2,5,2,1,1,2,1
sadness_09434,"A weathered classical garden statue of a graceful female figure surrounded by lush greenery and blooming hydrangeas evokes quiet, serene contentment — the soft natural setting, gentle pose, and timeworn beauty create a peaceful, slightly melancholic aesthetic.",5,2,none,1,1,3,1,4,1,4
contentment_10151,"A fluffy calico cat lounging contentedly among Christmas decorations — a glowing miniature building, fake snow, a penguin gift bag, and a Christmas tree — radiates cozy holiday warmth and gentle amusement at the cat's casual ownership of the festive scene.",6,2,none,1,1,2,4,5,1,4
disgust_09148,"An overflowing, messy trash can surrounded by scattered garbage in a parking garage evokes a strong sense of disgust and mild frustration, driven by the visual clutter and unpleasant waste content.",2,2,none,1,4,1,1,1,1,1
contentment_07007,"A couple sharing an intimate, nose-to-nose moment while smiling tenderly in a lush green park setting evokes a strong sense of romantic contentment and warmth.",7,2,prominent_faces,1,1,2,2,5,2,4
awe_09892,"A lone figure stands on a vast, snow-covered alpine slope surrounded by dramatic, rocky mountain peaks under a clear blue sky, evoking a sense of grand scale, solitude, and awe-inspiring natural beauty.",6,3,people_present,2,1,4,2,2,2,5
sadness_06929,"A densely cluttered black-and-white scene of vintage junk, old advertising signs, and rusted metal objects evokes a sense of nostalgic melancholy and mild fascination — visually chaotic yet historically interesting, with no warmth or vibrancy due to the monochrome palette and disorder.",3,2,none,1,1,3,2,1,2,2
contentment_10209,"A close-up of a warm, frothy drink dusted with cinnamon, shot with soft bokeh lights and dark background, evoking cozy comfort and quiet contentment.",6,2,none,1,1,2,2,5,1,4
awe_09823,"A joyful outdoor wedding party posed in a lush vineyard on a sunny day radiates celebration, happiness, and warmth, evoking strong contentment and mild excitement.",6,3,people_present,1,1,2,3,5,3,4
anger_07846,"The image depicts a Black Lives Matter protest scene with people holding signs in cold weather, evoking a sense of solemn resolve, social tension, and collective grief/anger over racial injustice — the mood is serious and emotionally charged rather than joyful or calm.",2,4,prominent_faces,2,1,2,1,2,3,3
amusement_09215,"A group of women cheerfully toasting with white wine glasses in a bright, lush setting — the smiling faces, celebratory gesture, and warm natural light convey strong positive social joy and excitement.",7,4,prominent_faces,1,1,2,4,5,4,4
anger_06961,"A person in dramatic zombie/horror costume makeup with fake blood, mouth wide open, clawing hand raised aggressively against a dark background — the scene evokes strong threat and disturbing energy with high arousal intensity.",2,5,prominent_faces,4,4,3,2,1,5,2
sadness_06895,"A lone young woman leans over a bicycle amid imposing stone columns under a grey, overcast sky — the muted tones, downward gaze, solitary presence, and heavy architecture create a melancholic, introspective mood.",2,2,prominent_faces,1,1,3,1,1,2,4
excitement_13393,"A lively Pride parade float with colorfully costumed performers, rainbow flags, and a festive crowd evokes high-energy celebration and joyful amusement.",6,4,prominent_faces,1,1,3,5,4,5,3
sadness_08688,"A quiet cemetery filled with aged, weathered gravestones and crosses under flat daylight evokes a strong sense of solemnity, loss, and mortality, with no people, no warmth, and a subdued atmosphere that leans decidedly negative in valence.",2,2,none,1,1,2,1,1,1,3
anger_11191,"A towering structure engulfed in massive, roaring flames against a pitch-black night sky evokes intense awe mixed with fear — the sheer scale and ferocity of the fire is both spectacular and threatening.",3,5,none,4,1,5,1,1,5,4
sadness_07794,"A weathered stone crucifix statue depicting Jesus with a crown of thorns evokes solemnity, reverence, and quiet sorrow — the aged stone, wound marks, and cemetery-like setting reinforce a contemplative, melancholic yet spiritually significant mood.",3,2,none,2,1,3,1,2,1,4
disgust_08662,"A dirty, overflowing ashtray filled with spent cigarette butts shot in stark black-and-white evokes a sense of grimness and mild repulsion, with connotations of decay, addiction, and neglect.",2,2,none,2,4,2,1,1,1,2
amusement_17371,"A joyful wedding scene inside a beautiful church, with a smiling bride and groom flanked by family members, radiating warmth, celebration, and positive social bonding.",6,3,prominent_faces,1,1,2,2,5,2,4
fear_06529,"A person in heavy horror makeup covered in fake blood holds a grotesque skull prop in near-darkness, creating a strongly disturbing and threatening scene designed to evoke visceral dread and revulsion.",1,5,prominent_faces,5,5,3,1,1,4,2
fear_08550,"The image shows the decomposed, partially skeletal remains of a seagull on grass — visually repulsive and morbid, evoking strong disgust and sadness with no redeeming warmth or playfulness.",1,3,none,2,5,2,1,1,1,1
contentment_10837,"A young woman poses confidently in a casual athleisure outfit against a colorful urban backdrop, smiling gently — the scene radiates relaxed contentment and approachable warmth with no threat or negativity present.",6,2,prominent_faces,1,1,2,3,4,2,4
amusement_17074,"The vivid, richly patterned traditional Asian parasols arranged in a kaleidoscopic spread create a visually festive and joyful scene bursting with color and cultural artistry.",6,3,none,1,1,3,4,4,3,5
excitement_13151,"Two graduates in caps and gowns are laughing joyfully at what appears to be a graduation ceremony, conveying strong positive emotion, celebration, and shared happiness.",7,4,prominent_faces,1,1,2,4,4,4,3
awe_09930,"A quiet, snow-covered winding road beside a stone wall and iron gate evokes a serene, slightly melancholic winter stillness — beautiful but cold and isolating.",5,2,none,2,1,2,1,2,1,4
sadness_11672,"A woman sits alone on a couch with her hand covering her face and head bowed, conveying deep distress, exhaustion, or grief — the black-and-white tone and isolated posture reinforce a heavy, melancholic mood.",2,2,prominent_faces,1,1,2,1,1,1,3
disgust_08395,"Overflowing dumpsters spilling garbage bags onto a city street evoke a strong sense of repulsion and urban neglect, with the chaotic heap of refuse dominating the scene.",2,3,none,2,5,2,1,1,2,1
disgust_06604,"The image shows a large bowl of chunky, heavily sauced meat stew/chili with a used spoon resting in it — the food looks messy, greasy, and somewhat unappetizing in its close-up presentation, evoking mild aversion rather than appetite.",3,2,none,1,3,2,1,2,1,2
anger_06154,"A large, intensely burning fire amid dark vegetation dominates the frame — vivid orange flames leaping high create a powerful, primal energy that is simultaneously visually striking and threatening.",3,5,none,4,1,3,1,2,5,3
anger_04957,"A dense, charged protest crowd holding signs like ""No Public Sector Cuts"" and ""For Real Jobs"" conveys collective frustration and defiance — the dominant feeling is agitated discontent driven by the high crowd density, confrontational signage, and tense body language.",2,4,prominent_faces,3,1,2,1,1,5,2
awe_13934,"A hummingbird hawk-moth hovers mid-flight to feed from a vivid blue wildflower against a warm, softly blurred golden field — a rare, beautifully composed nature moment that evokes wonder and tranquil delight.",6,3,none,1,1,5,2,4,3,5
disgust_10242,"A close-up of a large orb-weaver spider on its web against a house wall, with a dramatic dark shadow looming behind it — the subject matter (spider) is widely considered creepy/repulsive, the shadow amplifies a sense of menace, and the macro detail makes it hard to look away, evoking unease and mild disgust.",2,4,none,4,4,3,1,1,2,
fear_07343,"Two people in heavy zombie/horror makeup with fake blood and distressed expressions pose menacingly toward the camera in a dark, grainy black-and-white photo — the imagery is deliberately disturbing, threatening, and repulsive, evoking strong negative affect.",1,5,prominent_faces,5,5,3,1,1,4,2
excitement_14196,"A middle-aged man is laughing and smiling warmly in a social setting, radiating genuine amusement and ease, which creates a strongly positive and pleasant emotional tone.",6,3,prominent_faces,1,1,2,4,4,3,3
disgust_05540,"Two large purple wheelie bins sit against a grimy, weathered brick wall on a stained pavement with scattered food debris — a mundane, slightly unpleasant urban scene that evokes mild disgust and low-grade sadness through its dirtiness and neglect.",2,2,none,1,3,2,1,1,1,2
awe_07913,"A golden-hour sunset over a coastal pier with rolling waves and silhouetted figures evokes a profound sense of expansive beauty and serene grandeur, dominated by warm amber light and dramatic cloud formations that inspire quiet wonder.",6,2,people_present,1,1,4,1,5,3,5
contentment_14251,"A man meditating in lotus pose on a lush green field under a calm, partly cloudy sky evokes deep tranquility and contentment — the stillness of the pose, natural surroundings, and soft light all reinforce a peaceful, serene mood.",6,1,prominent_faces,1,1,2,1,4,1,4
awe_11347,"The image shows Bryce Canyon's iconic hoodoos blanketed in snow under warm golden light — a vast, otherworldly landscape of extraordinary scale and natural beauty that overwhelmingly evokes a sense of grandeur and wonder.",6,4,none,1,1,5,1,3,3,5
contentment_13528,"A curious, wide-eyed toddler in a red shirt looks directly at the camera with an open mouth and innocent expression, evoking warmth, tenderness, and gentle delight.",6,2,prominent_faces,1,1,2,3,5,2,4
disgust_10714,"The image shows overflowing rubbish bins in a grimy storage area with a discarded broken toy stroller on the ground, evoking feelings of neglect, disorder, and mild repulsion.",2,2,none,1,4,2,1,1,1,1
amusement_18476,"A sports fan in an orange jersey is gleefully climbing/wrestling atop a large laughing bronze statue while a crowd celebrates around him — the scene is boisterous, silly, and high-energy, dominated by playful irreverence and communal jubilation.",6,4,prominent_faces,2,1,3,5,3,5,3
awe_12954,"A vast, orderly sea of Muslim women in white prayer garments performing collective worship evokes a profound sense of awe and spiritual solemnity — the sheer scale of unified human devotion is visually overwhelming and deeply moving.",6,3,people_present,1,1,5,1,3,2,5
sadness_12035,"An elderly woman sits alone at a table with a cup of coffee, gazing downward with a somber, pensive expression — the dim warm lighting, carved wooden backdrop, and quiet solitude collectively evoke a melancholic, introspective mood.",2,2,prominent_faces,1,1,2,1,2,1,3
disgust_06187,"A man's tongue licking the inside of a torn bread roll shot in extreme close-up — the wet tongue, saliva, and raw bread interior create a viscerally unappealing, slightly repulsive scene that triggers a strong disgust response despite the mundane food context.",2,3,prominent_faces,1,4,3,2,1,2,1
sadness_08953,"Baby barn swallows crammed into a makeshift nest on an old lamp fixture, beaks wide open demanding food — the scene is endearing and lively, evoking warmth and gentle delight at the vulnerability and energy of new life.",6,3,none,1,1,3,3,4,3,3
contentment_12277,"Two vibrant tropical cocktails with playful purple parasols and metallic straws against a dark background evoke a cheerful, festive, and relaxed vacation mood.",6,2,none,1,1,2,4,4,2,4
anger_07867,"A house is actively burning with large open flames and heavy smoke while a firefighting water jet tries to suppress the blaze — a high-threat, high-energy scene of destruction that evokes dread and distress.",2,5,none,5,1,3,1,1,5,3
anger_07535,"A young male lion stares directly into the camera with mouth slightly open and teeth visible, conveying raw predatory intensity and a mild sense of threat that dominates the emotional response.",2,4,none,4,1,3,1,1,4,4
awe_07377,"Two large rhinoceroses graze peacefully on an open savanna with rocky cliffs in the background, evoking a calm, grounded sense of wonder at these massive, rare animals in their natural-like setting.",5,2,none,2,1,4,1,3,2,3
amusement_10395,"A warm Christmas morning scene of a young family in pajamas snuggled on a bed with cookies, croissants, and milk, radiating coziness, love, and gentle holiday joy.",7,2,prominent_faces,1,1,2,3,5,2,4
awe_09977,"The dramatic rocky mountain peaks under a brooding, overcast sky evoke a sense of vast, overwhelming grandeur and solemnity — the sheer scale and raw geological power of the landscape inspires awe while the moody grey tones lend a melancholic, almost somber atmosphere.",5,3,none,2,1,4,1,2,2,4
disgust_09680,"A pile of rubble and scattered garbage dominates the foreground with a warning sign prohibiting dumping, evoking feelings of neglect, environmental degradation, and sadness, despite the scenic ocean backdrop.",2,2,none,2,4,2,1,1,1,2
anger_05176,"A dark cat with mouth wide open, fangs and teeth fully exposed in what appears to be a hiss or yawn — the prominent teeth and intense expression create a mildly startling, somewhat threatening yet also comically dramatic scene.",3,4,none,3,1,2,3,1,4,3
sadness_06453,"An overgrown, ivy-covered stone grave monument in a cemetery evokes a quiet, melancholic atmosphere — the decay, abandonment, and association with death create a predominantly sad and somber mood with mild unease.",2,2,none,2,1,2,1,1,1,3
fear_11276,"The image features a beautifully engraved, gleaming brass saxophone with warm golden-orange tones and intricate floral/bird engravings, evoking a sense of artistry, warmth, and admiration for a handcrafted musical instrument.",6,3,none,1,1,4,2,4,2,5
disgust_08176,A close-up underwater shot of a branching coral colony with a small feather duster worm nestled among the white-tipped branches evokes quiet wonder — the intricate natural detail and alien beauty of the reef environment inspire gentle awe and calm appreciation.,6,2,none,1,1,4,2,2,1,4
excitement_18444,"Two smiling people taking a selfie while rock climbing on a red sandstone canyon wall — the adventurous outdoor activity, big grins, and bright energy strongly evoke excitement and contentment.",6,4,prominent_faces,2,1,3,4,4,4,4
anger_10520,"A nighttime structure fire with heavy smoke, flames, and snow-covered debris, with a firefighter visible — this scene conveys danger, destruction, and urgency, evoking fear and sadness.",2,4,people_present,5,1,3,1,1,4,2
excitement_11901,"A kayaker navigating churning white-water rapids conveys high physical intensity, risk, and thrilling energy — the dominant feeling is excitement/exhilaration driven by the dynamic water, physical danger, and athletic effort.",6,5,people_present,4,1,3,2,1,5,3
awe_13191,A serene coastal rocky shoreline at dusk with silky long-exposure water and a soft pastel sky evokes tranquil beauty and quiet wonder.,6,2,none,1,1,4,1,3,2,5
contentment_13112,"A lush, professionally arranged bouquet of vibrant pink gerberas, soft pink roses, purple lisianthus, and lavender accents radiates beauty and warmth, evoking gentle pleasure and contentment with no negative elements.",6,2,none,1,1,2,2,5,2,5
amusement_12335,"A colorful indoor mall display of large Gundam/mecha figures and model kits in a bright, vibrant arcade-like setting evokes a sense of playful excitement and novelty for fans of the genre.",6,3,none,1,1,3,4,3,3,3
excitement_08371,"A group of smiling, celebratory people dressed in rainbow/Pride attire posing together outdoors amid colorful balloons, conveying strong joy and festivity.",7,4,prominent_faces,1,1,3,5,5,4,4
anger_11515,"A young boy with curly hair wearing a red Adidas hoodie is screaming with clawed hands lunging toward the camera against a dark background, projecting intense aggression and threat.",2,5,prominent_faces,4,1,2,1,1,5,3
disgust_06065,"A large moth or dried insect carcass with wrinkled, mottled brown wings clings to a chain-link fence — the textures are alien and slightly repulsive, evoking mild unease and organic strangeness rather than beauty or warmth.",2,3,none,2,3,3,1,1,1,2
anger_07026,"A lion's wide-open roaring mouth dominates the dark frame, exposing massive fangs and tongue — an unmistakably aggressive, predatory display that triggers visceral threat responses.",1,5,none,5,2,3,1,1,5,3
contentment_14237,"A vibrant, well-tended garden bed bursting with deep purple petunias in the foreground and layers of white and red flowers behind evokes a serene, pleasant sense of natural beauty and contentment.",6,2,none,1,1,2,2,4,2,4
disgust_06153,"A young man with a thin trail of blood running from his nose down to his chin stares directly into the camera with a flat, neutral expression — the simulated injury is mildly disturbing and elicits mild disgust and unease, but the staged/makeup quality keeps intensity moderate.",2,3,prominent_faces,3,3,2,1,1,2,2
fear_10531,"A heavily degraded, eyeless antique doll's head with cracked, dirt-stained ceramic surface and a broken neck opening evokes strong unease and repulsion — its uncanny, decayed appearance triggers visceral discomfort.",2,4,none,3,4,3,1,1,2,1
excitement_18281,Two vividly colored butterflyfish gliding over a coral reef evoke a serene yet visually captivating underwater scene — the striking lime-green hues and graceful movement inspire quiet wonder and contentment.,6,2,none,1,1,4,2,3,2,5
fear_12532,"A large, snarling T-Rex animatronic looms aggressively over a metal fence with jaw wide open and claws visible, creating a sense of simulated threat and dramatic tension, though its artificial nature adds a layer of thrill and novelty.",3,5,none,4,1,4,2,1,5,3
awe_09083,"A large group of people in grey robes meditating in quiet, orderly rows inside an ornate Buddhist temple — the scene radiates deep stillness, spiritual calm, and collective peace, evoking serene contentment.",6,1,people_present,1,1,3,1,4,1,4
sadness_06138,A gravestone bearing the name and photo of an infant who lived only six months evokes profound grief and sorrow — the combination of a tiny baby's photograph and the very short lifespan inscribed in stone is deeply emotionally heavy.,1,2,prominent_faces,1,1,2,1,2,1,2
sadness_08008,"An overturned SUV lying roof-down on a wide, desolate beach conveys a sense of accident, loss, and unease — the wrecked vehicle in an otherwise empty, bleak landscape evokes sadness and mild disturbance, tempered slightly by the surreal, almost darkly comic strangeness of the scene.",2,3,none,3,1,4,2,1,2,
sadness_11267,"A tired old Labrador lying quietly at a cabin doorway evokes a gentle, melancholic calm — the dog's drooping posture and weathered surroundings suggest quiet solitude and mild wistfulness.",3,1,none,1,1,2,1,3,1,3
contentment_14618,"A serene poolside scene with a lounge chair, folded towel, and champagne glass evokes quiet luxury and relaxation — the dominant feeling is peaceful contentment driven by the warm tones, still water, and indulgent details.",6,2,none,1,1,2,2,4,1,4
awe_12490,"A vibrant macro shot of a hot-pink rose with vivid golden stamens fills the frame — the saturated colour, intricate detail, and natural beauty evoke strong positive affect and gentle wonder.",6,3,none,1,1,3,2,4,2,5
excitement_08738,"A shirtless surfer skillfully rides a crashing wave, conveying high physical energy, dynamic movement, and the thrill of an athletic achievement, evoking excitement and exhilaration.",6,4,people_present,2,1,3,3,2,5,3
fear_14058,"A person in highly realistic zombie makeup with fake blood, wounds, and pale skin — clearly a costume/cosplay, yet the gory prosthetics and simulated injuries create strong visceral disgust and mild threat cues despite the playful Halloween-parade context.",2,4,prominent_faces,3,4,3,3,1,3,2
anger_08715,"A male lion roaring with wide-open jaws and exposed fangs dominates the frame, creating a visceral sense of raw power and potential threat that is simultaneously impressive and unsettling.",3,5,none,4,1,3,1,1,5,4
excitement_09031,"A laughing woman holds a gleeful, wide-mouthed toddler outdoors while waving a blue bubble wand — the scene radiates shared joy, playful energy, and familial warmth.",7,4,prominent_faces,1,1,2,5,5,4,4
sadness_11956,"A weathered cemetery monument with a mourning figure sculpture in a quiet, tree-lined graveyard evokes a solemn, melancholic atmosphere with a sense of loss and mortality.",2,2,none,1,1,2,1,1,1,3
sadness_09421,"A woman is visibly crying while on a phone call, her face contorted in distress with tears streaming — the dominant feeling is deep sadness and emotional pain, with no ambiguity about the negative valence.",1,3,prominent_faces,1,1,2,1,1,2,2
fear_08596,"A solitary, motionless tire swing hanging from a dark, bare tree in a dim, overgrown woodland evokes a sense of abandonment and quiet melancholy — a forgotten childhood object in a desolate, shadowy setting.",2,2,none,2,1,2,2,1,1,2
disgust_04810,"The extreme close-up of raw, glistening biological tissue with cyst-like nodules and dark, visceral textures is strongly repulsive and unsettling, evoking a dominant feeling of disgust with a secondary undertone of unease.",1,4,none,3,5,3,1,1,2,1
contentment_09033,"A smiling young woman resting her chin on her hand in front of a bright window with lush green trees — the scene radiates gentle, relaxed happiness and warmth.",6,2,prominent_faces,1,1,1,2,4,2,3
fear_09697,"A lone silhouetted figure walks away through a decaying, dimly lit corridor toward a bright archway — the stark contrast, abandonment, and isolation evoke a strong sense of dread and foreboding.",2,4,people_present,4,2,3,1,1,3,4
contentment_11658,"Two young girls relaxing on a blanket outdoors in a sunny, green forest setting evokes a calm, pleasant sense of contentment and leisure.",6,2,prominent_faces,1,1,2,3,4,2,4
awe_12513,"A dramatic winter landscape with snow-capped jagged peaks, a perfectly still reflective lake, stormy brooding clouds, and a vast frozen wilderness — the scale, grandeur, and moody atmosphere evoke a powerful sense of sublime wonder and quiet solemnity.",5,3,none,2,1,5,1,2,2,5
awe_08384,"A mountain biker carves down a dramatic alpine trail beneath the Matterhorn with a blazing sun and vast snow-capped peaks — the sweeping grandeur, high-speed action, and breathtaking scenery together evoke a powerful sense of awe and exhilaration.",6,5,people_present,2,1,5,2,2,5,5
awe_08929,"A sweeping autumn panorama at sunset — blazing orange and red foliage in the foreground, misty lakes in the middle distance, and rolling mountains beneath a rose-pink sky — evokes a sense of vast, serene grandeur that lifts the spirit.",6,3,none,1,1,4,1,4,2,5
amusement_11671,"A father joyfully supports his laughing child on playground monkey bars — a warm, playful bonding moment that radiates happiness and gentle excitement.",6,3,prominent_faces,1,1,2,5,5,3,3
amusement_16178,"A smiling red-haired child joyfully operating a ride at an amusement park conveys high-energy fun and delight, evoking a strongly positive, playful, and lively emotional response.",6,4,prominent_faces,1,1,2,5,4,4,3
sadness_07233,"A military veteran's grave (Edward Hine, 7th Artillery) in a peaceful cemetery decorated with American flags evokes solemn remembrance and quiet grief, softened by the respectful patriotic tribute.",2,2,none,1,1,2,1,2,1,3
amusement_14269,"Two children laughing and playing on playground equipment — one hanging upside down, one grinning broadly — radiates pure joyful energy and carefree fun.",7,4,prominent_faces,1,1,2,5,4,4,4
fear_12818,"A person in a zombie-bride Halloween costume with fake blood on their face strikes a dramatic, menacing pose — evoking a mix of theatrical fright and playful horror.",2,4,prominent_faces,3,3,3,3,1,4,3
sadness_11809,"A weathered stone angel grave monument in an old cemetery under bare, overcast trees evokes a somber, melancholic atmosphere with a faint sense of gothic grandeur.",2,2,none,2,1,3,1,1,1,3
awe_09007,"A dramatic long-exposure night landscape showing a mountain trail under a star-filled sky with streaking clouds evokes a sense of vast, mysterious grandeur — the dark trail, towering rocky peaks, and deep blue starry sky combine to feel both awe-inspiring and slightly foreboding.",5,3,none,2,1,4,1,2,2,4
awe_08390,"The image shows Mount St. Helens with its dramatic blast-scarred crater under a vivid blue sky, evoking a sense of grand, humbling scale and geological power — the vast, raw landscape commands reverence and wonder.",6,3,none,2,1,5,1,2,2,4
excitement_19379,"A solitary figure in vibrant flowing robes raises both arms toward a vast, wave-crashing ocean under a dramatic cloudy sky, conveying a sense of spiritual transcendence, freedom, and overwhelming grandeur.",6,4,people_present,2,1,4,2,2,4,4
fear_09683,A quirky stone face planter with vines growing out of its head — simultaneously grotesque and whimsical — evoking a mix of mild unease and playful amusement at its novelty.,5,3,none,2,2,4,4,2,2,3
awe_13393,"A breathtaking golden-orange sunset over calm water with silhouetted birds and structures evokes a profound sense of serene grandeur and natural beauty, dominated by warm, glowing light and peaceful stillness.",6,2,none,1,1,4,1,5,2,5
sadness_08141,"A weathered 19th-century gravestone in a grassy churchyard evokes quiet melancholy and solemnity — the aged stone, epitaph verse, and death date reinforce a subdued, mournful atmosphere.",2,2,none,1,1,2,1,2,1,3
sadness_11784,"A young person is visibly crying with red, puffy eyes and a crumpled, distressed expression, strongly conveying sadness and emotional pain.",2,3,prominent_faces,1,1,2,1,1,2,2
awe_13475,"A vividly coloured rainbow lorikeet perched in lush green foliage and actively feeding on a fruit creates a lively, cheerful nature scene full of vibrant colour and natural vitality.",6,3,none,1,1,3,3,3,3,4
amusement_18289,"The image shows a bowl of poached pears in spiced red wine syrup with cinnamon sticks and a wooden spoon, set on a rustic dining table — a cozy, appetizing, homey scene that evokes quiet comfort and contentment.",6,2,none,1,1,2,1,5,1,4
anger_04861,"A man making an exaggerated aggressive snarl while a woman looks on with a deadpan or mildly annoyed expression — the scene reads as playful mock-anger, producing a mildly negative yet humorous valence with moderate arousal.",3,4,prominent_faces,2,1,2,4,2,4,2
sadness_12674,"A quiet, well-maintained historic cemetery under a clear blue sky evokes a solemn, melancholic stillness — the weathered stone monuments and lush green grass suggest contemplation of mortality with an underlying sense of peaceful resignation rather than terror.",2,2,none,2,1,2,1,2,1,3
contentment_15602,"A lone figure stands on rugged volcanic rocks gazing out over a vast, dramatic desert landscape under a clear blue sky, evoking a sense of grand scale, solitude, and quiet wonder.",6,3,people_present,2,1,4,1,2,2,4
anger_07858,"A lone protester holds a vivid neon-green sign demanding net neutrality at dusk amid traffic, evoking a charged sense of civic urgency and defiant energy rather than warmth or calm.",3,4,people_present,2,1,3,1,2,4,3
disgust_08118,"A smashed, decomposing egg with rotten contents spilled onto damp grass evokes a strong sense of disgust and mild sadness — the broken shell and decaying organic matter are visually repulsive and suggest loss or destruction.",2,3,none,1,4,2,1,1,1,1
fear_14149,"A person in heavy Halloween-style horror makeup — white face paint, dark sunken eyes, blue-grey lips, and wild hair — stares intensely at the camera, evoking a strong unsettling, creepy response with mild theatrical playfulness.",2,4,prominent_faces,4,3,3,2,1,3,2
fear_12176,"A dramatically lit, green-skinned menacing action figure wielding a weapon under stormy skies evokes dark unease and mild dread, with a strong sense of supernatural threat and brooding intensity.",2,4,none,4,3,4,1,1,4,3
disgust_10922,"A used ashtray filled with ash, cigarette butts, and a half-smoked cigar evokes mild disgust and a sense of decay/unpleasantness, with little warmth, energy, or positivity.",2,2,none,2,4,1,1,1,1,1
awe_07812,"The sweeping, luminous curtains of aurora borealis filling the night sky in vivid green and magenta create an overwhelming sense of grandeur and cosmic wonder, evoking a profound, almost reverent emotional response.",6,4,none,1,1,5,1,2,4,5
anger_07887,"A grumpy-looking Persian cat with a deeply furrowed brow, squinting amber eyes, and a scowling flat face creates a strong sense of comic displeasure — its exaggerated ""angry"" expression is a well-known internet humour trope that elicits amusement.",5,2,none,1,1,2,4,2,2,3
excitement_17254,"A surfer in a wetsuit skillfully rides a crashing wave, capturing a high-energy, dynamic moment of athletic mastery that evokes excitement and exhilaration.",6,4,people_present,2,1,3,3,2,5,4
sadness_07072,"A weathered bronze mourning figure draped in flowing robes leans sorrowfully against a granite cemetery monument, evoking grief and solemnity through its funerary context and bowed, lamenting pose.",2,2,none,1,1,3,1,1,1,4
awe_07930,"A dramatic natural stone arch rising from the ocean, framed by a clear blue sky and choppy turquoise water, evokes a strong sense of grandeur and awe — the monumental scale, geological uniqueness, and open vista inspire wonder.",6,4,none,2,1,5,1,2,4,5
fear_07604,"A staged horror/Halloween photo showing a bloody woman cowering against a tree while a zombie-like figure raises an axe — the fake gore, dramatic lighting, and theatrical performance are intense and disturbing, evoking strong threat and disgust despite the clearly fictional context.",1,5,prominent_faces,5,4,3,1,1,5,3
contentment_08401,"A group of cheerful girls wearing gardening gloves are working outdoors together, smiling and waving at the camera, evoking warmth, playful energy, and wholesome contentment.",6,3,prominent_faces,1,1,2,4,5,3,3
disgust_05096,"The extreme close-up of decaying, rotting organic matter with rust-colored decomposition, slimy textures, and peeling surfaces evokes a strong visceral repulsion — the dominant feeling is disgust driven by the visual cues of rot, slime, and decay.",2,3,none,2,5,2,1,1,1,1
contentment_09665,"A plump, iridescent pigeon posing confidently on a cobblestone pavement evokes mild curiosity and quiet contentment — the bird's vivid blue-green plumage is visually striking but the overall scene is calm, mundane, and unthreatening.",5,2,none,1,1,2,2,3,2,4
disgust_06324,"The overflowing rubbish bins and scattered litter on a grimy urban street corner evoke a strong sense of disgust and urban neglect, with no pleasant or uplifting elements to counterbalance the visual pollution.",2,2,none,1,4,2,1,1,1,1
excitement_09932,"Children playing soccer in a lively match conveys energetic excitement and positive engagement, with dynamic movement around the ball suggesting competitive but wholesome sport.",6,4,people_present,1,1,2,4,3,5,3
fear_12541,"A person wearing dramatic horror-style face paint (white base with exaggerated red mouth/wounds) holding DJ headphones in a dark, moody setting — the unsettling makeup and dark atmosphere evoke a sense of creepiness and mild threat, balanced by the performative/theatrical context.",2,4,prominent_faces,3,3,3,2,1,3,2
sadness_08036,"A person gazes silently out a high-rise window at a vast harbour vista with the Statue of Liberty in the distance — the sweeping scale of the panorama, the contemplative stillness of the figure, and the grainy black-and-white film aesthetic together evoke a quiet but profound sense of wonder and wistful reflection.",6,2,people_present,1,1,4,1,2,1,
excitement_18459,"A gleeful toddler triumphantly holds up a Black & Decker tool with a huge smile, radiating pure joy and playful energy that is immediately charming and amusing.",7,4,prominent_faces,1,1,3,5,5,4,4
anger_11415,"A tabby cat tilting its head upward with squinted eyes and an open mouth, bathed in warm sunlight against a soft green bokeh background — the pose is comically expressive and endearing, evoking lighthearted amusement and gentle warmth.",6,2,none,1,1,2,4,4,2,4
disgust_06683,"A decaying, shriveled bulb nestled in dry, dying grass evokes a sense of melancholy and mild repulsion — the rotting organic matter, muted tones, and withered vegetation suggest decay and neglect.",2,2,none,1,3,2,1,1,1,2
amusement_18714,"Two people in festive Christmas costumes (Santa and an elf) are smiling warmly in a cheerful holiday setting, evoking joy, fun, and seasonal celebration.",6,3,prominent_faces,1,1,2,5,5,3,3
contentment_16426,"A richly decorated Christmas tableau with blooming hyacinth bulbs, colorful ornaments, a Santa hat, and warm bokeh lights conveys festive cheer and cozy holiday contentment.",6,2,none,1,1,2,3,5,2,4
awe_13034,"A serene, golden-hour farm scene with open green fields, a classic windmill, white fence, and a silo under a vast, clear sky evokes deep rural tranquility and nostalgic contentment.",6,2,none,1,1,3,1,5,2,4
amusement_17129,"The image shows a vividly coloured, spinning fairground ""Tornado"" ride with bold yellows, reds, and blues under a bright blue sky, radiating high-energy fun and excitement typical of a carnival atmosphere.",6,5,none,1,1,3,5,3,5,4
awe_15276,"A bride and groom holding hands at their wedding ceremony, dressed in formal attire, radiating joy and warmth — the dominant feeling is tender contentment and love.",6,2,prominent_faces,1,1,2,1,5,2,4
anger_05663,"A large industrial fire rages at night, sending massive plumes of black smoke into the sky — a scene of destruction and danger that evokes dread and alarm.",1,5,none,5,2,3,1,1,5,2
sadness_12254,"A person is slumped on the ground in a hunched, distressed posture surrounded by scattered belongings, evoking a strong sense of helplessness and sorrow.",2,2,people_present,2,1,2,1,1,1,1
amusement_10231,"A boldly colored hot air balloon soaring gracefully against a bright, cloudy sky evokes a sense of freedom, wonder, and gentle excitement — the vivid teal and deep maroon design is visually striking and the upward-floating subject inspires a feeling of elevation and mild awe.",6,3,people_present,1,1,4,3,3,3,4
contentment_11142,"Two people sitting relaxed outdoors in a green park setting, smiling gently — the scene radiates calm, pleasant contentment with no threat or negativity.",6,2,prominent_faces,1,1,2,2,4,2,3
disgust_08697,"A close-up of vivid yellow slime mold (likely Fuligo septica) growing on dark decomposing leaf litter — the bright, alien texture is visually striking and unusual but the subject matter (fungal/slime growth on rotting material) carries a subtle sense of repulsion.",3,3,none,1,4,4,1,1,2,2
awe_13899,"A dramatic gorge with a rainbow arching over a rustic iron bridge and mist rising from below evokes a strong sense of awe and wonder — the combination of natural grandeur, vivid rainbow, and scenic autumn foliage creates a visually striking and uplifting scene.",6,4,people_present,2,1,5,2,3,3,5
awe_11623,"A dead, gnarled tree fallen on barren sand dunes under a dramatic, cloud-filled sky evokes a melancholic yet strangely beautiful desolation — sparse, lifeless, and quietly haunting.",2,2,none,1,1,3,1,1,2,3
awe_14779,"A military fighter jet armed with missiles sits on a grass field at golden hour, with the Brazilian National Congress towers visible in the background — evoking a sense of national power, controlled awe, and latent threat rather than warmth or playfulness.",5,4,none,3,1,4,1,2,3,4
awe_13166,"The HDR aerial view of a weathered medieval tower surrounded by bare, tangled trees and marshland evokes a melancholic grandeur — the dramatic, saturated landscape is visually striking and expansive, but the leafless trees, aged isolated structure, and subdued autumn palette carry a sense of desolation and quiet solemnity.",3,3,none,2,1,4,1,2,2,
fear_10012,"A young girl holds a small live snake in her hands outdoors, looking down at it with curiosity and mild concentration — the scene blends mild unease/surprise with childlike wonder and playful curiosity.",5,3,prominent_faces,2,2,3,4,3,2,3
disgust_09484,"A pile of beach litter — plastic bags, broken glass bottles, rope, foam, and a sandal — collected on sandy shore evokes a sense of environmental neglect and mild repulsion, leaning toward sadness and disgust over the pollution of a natural space.",2,2,none,2,4,2,1,1,1,1
awe_12016,"A lush garden scene of blooming purple irises dotted with raindrops, framed by red Japanese maple leaves, evokes a serene, quietly beautiful contentment — the soft colors, gentle moisture, and natural harmony create a deeply pleasant, low-arousal positive mood.",6,2,none,1,1,3,1,4,2,5
fear_08613,"The surreal dark bronze sculpture of a deer-human hybrid with human hands for antlers and human figures clinging to its body creates an unsettling, uncanny, yet artistically striking impression — evoking a mix of awe and mild unease.",3,4,people_present,3,2,5,2,1,3,4
excitement_15103,"A live football match with players in motion around a ball on a bright green pitch evokes a sense of energetic excitement and competitive engagement, with no negative or threatening content.",6,4,prominent_faces,1,1,2,3,3,4,3
fear_12115,"The dimly lit room with eerie blue-cyan pendant lights, dark draped walls, and scattered bean bags creates a moody, slightly unsettling atmosphere that feels isolating and subdued, leaning toward melancholy or mild unease.",3,2,none,2,1,3,1,1,1,3
disgust_09019,"Raw chunks of bloody meat pinned to a blue beam inscribed ""HAPPY"" create a deeply unsettling juxtaposition — the cheerful text clashing with grotesque visceral imagery drives strong disgust and unease.",2,4,none,3,5,3,2,1,2,1
amusement_18926,A packed roller coaster mid-inversion against a bright blue sky radiates pure high-energy thrill — riders with arms raised and expressions of screaming delight signal extreme excitement and exhilaration.,6,5,people_present,3,1,4,4,2,5,4
anger_07224,"A dark, dramatic editorial photo themed ""Wrath – 7 Deadly Sins,"" featuring a woman in skull face paint, chains, fishnet, and a gothic costume crouching aggressively in a cave-like setting — the overall dominant feeling is intense, menacing, and dark-energetic.",2,5,prominent_faces,4,2,4,1,1,5,
contentment_08581,"A fluffy Pomeranian lying on a bed, chewing on a ""Dog Training"" booklet — an inherently humorous and lighthearted scene that evokes warm amusement.",6,2,none,1,1,3,5,5,2,4
contentment_14411,"Golden, crispy fried spring rolls (lumpia) served on a teal plate with dipping sauce evoke a pleasant, appetizing, and comforting feeling — classic comfort food with warm tones and a satisfying, familiar presentation.",6,2,none,1,1,2,2,4,1,4
contentment_09875,"A young family shares a tender outdoor picnic moment by a river with mountains in the background — parents lovingly attending to their baby on a blanket radiates warmth, safety, and quiet joy.",6,2,prominent_faces,1,1,2,3,5,2,4
disgust_08316,"A vibrant underwater coral reef scene featuring lush green feathery marine organisms (likely Christmas tree worms or similar), evoking a sense of calm wonder and natural beauty through rich textures, cool blue-green hues, and otherworldly organic forms.",6,2,none,1,1,4,2,2,2,4
amusement_13460,"A vibrant long-exposure night shot of the Wonder Wheel and carnival rides — blazing reds, blues, and yellows with motion blur — radiates high-energy excitement and festive joy.",6,5,none,1,1,4,5,3,5,4
disgust_09046,"A pile of rotting, blemished apples on the ground with dead leaves evokes decay and mild repulsion — the dominant feeling is one of unpleasantness stemming from visible decomposition and organic waste.",2,2,none,1,4,2,1,1,1,2
anger_11649,"A large, dense crowd of young protesters holding anti-gun-violence signs on building steps evokes strong civic urgency and moral tension — energetic and emotionally charged with elements of collective grief and righteous anger, but driven by hope and solidarity.",3,5,prominent_faces,2,1,3,1,2,5,3
awe_14380,"Vibrant red poppies in a lush green meadow with a bumblebee actively foraging inside one bloom evoke a serene, naturally beautiful scene full of gentle life and quiet wonder.",6,2,none,1,1,3,2,4,2,4
anger_10792,"A man at a party is making an exaggerated snarling/grimacing face with a raised fist and a drink in hand — clearly a playful, performative gesture in a lively social setting, evoking high-energy amusement.",6,5,prominent_faces,2,1,3,5,3,5,3
excitement_14596,"A packed stadium crowd dressed in maize and blue, clapping and waving yellow pom-poms under bright daylight, radiates high collective energy and shared positive excitement.",6,4,people_present,1,1,2,3,4,5,3
sadness_12239,"A woman is crying and tightly embracing another person, conveying intense grief and distress, evoking deep sorrow in the viewer.",1,4,prominent_faces,2,1,2,1,2,3,2
amusement_15939,"A peaceful, naturalistic scene of colorful kayaks and paddles resting on a riverside bank surrounded by lush green forest evokes a calm sense of outdoor contentment and quiet anticipation of adventure.",6,2,none,1,1,2,3,4,2,4
sadness_10466,"A candlelit memorial scene at night with a stone statue surrounded by dozens of glowing votive candles in a dark cemetery, evoking solemn grief and quiet reverence for the deceased.",2,2,none,2,1,3,1,3,2,4
amusement_10355,"The scene shows a group of women laughing and cheering enthusiastically at what appears to be an outdoor gathering, radiating strong shared joy and social warmth.",7,4,prominent_faces,1,1,2,5,5,4,3
awe_13797,"A misty city skyline engulfed in smog beneath a dramatic, fiery orange-gold sunrise creates a simultaneously breathtaking and melancholic atmosphere — the grandeur of the sky contrasts with the oppressive haze below, evoking a sense of sublime wonder tinged with unease.",5,4,none,2,1,5,1,3,3,5
sadness_06719,"An elderly musician performs on stage with a well-worn acoustic guitar and long braided hair, bathed in warm concert lighting — the scene radiates lived-in warmth, soulful engagement, and a sense of timeless, heartfelt performance that evokes contentment and admiration.",6,3,prominent_faces,1,1,2,2,4,3,4
excitement_14420,"A uniformed rider gallops a chestnut horse at full speed during what appears to be a historical military reenactment, conveying high energy, dramatic motion, and a sense of stirring spectacle that evokes excitement and mild awe.",6,5,people_present,2,1,4,2,2,5,4
fear_14826,"A Krampus figure in a terrifying horned demon mask and dark fur costume looms over bystanders on a nighttime city street, evoking dread and unease through its monstrous appearance and unsettling context.",2,4,people_present,4,3,4,2,1,3,2
fear_07747,"The black-and-white close-up of a wilting plant with a shadowy, cross-like silhouette in the background creates a melancholic and slightly unsettling atmosphere — muted, still, and tinged with quiet dread.",2,2,none,3,1,3,1,1,1,3
amusement_17391,"A cheerful beach scene with colorful children's sand toys and a freshly made sandcastle decorated with a starfish evokes lighthearted, carefree summer contentment and playfulness.",6,2,none,1,1,2,5,4,2,4
excitement_12670,"A mountain biker is aggressively descending a steep, rocky trail under a vivid blue sky — the action, speed, and risk combine to evoke high-energy excitement with a mild undercurrent of thrill/danger.",6,4,prominent_faces,3,1,3,3,2,5,3
excitement_19795,"A motorcyclist performing a dramatic wheelie stunt at the Toulouse Tuning Show 2009 — the high-speed, high-risk trick radiates intense energy and thrill, evoking strong arousal and a positive, exhilarating valence with a mild undercurrent of perceived danger.",6,5,people_present,3,1,4,3,2,5,
disgust_05390,"The image shows multiple cardboard boxes and paper/plastic bags filled with donated food items lined up along a wall, suggesting a charitable food drive — evoking a mild sense of warmth and community goodwill, but the cluttered, dimly lit setting keeps the overall tone understated and mundane.",5,2,none,1,1,2,1,3,1,2
excitement_11965,"A toddler with a scrunched, crying-yet-almost-laughing face holds an ""I'm an Alley Cat Ally"" sign covered in crayon scribbles and childlike signatures — the expressive, funny face and playful context make this image overwhelmingly charming and amusing.",6,3,prominent_faces,1,1,2,5,4,3,
amusement_18629,"Three young women in colorful clown costumes and face paint sit together, looking attentive or mildly serious — the playful, vibrant costumes and makeup create a fun, lighthearted atmosphere despite their relatively neutral expressions.",5,3,prominent_faces,1,1,3,5,4,3,3
awe_13245,"The image depicts an ornate, weathered heraldic garden sculpture with lion figures and a crowned orb, set in a grand estate garden — evoking a sense of awe and quiet historical grandeur rather than strong positive or negative emotion.",5,2,none,1,1,4,2,2,1,4
excitement_08773,"A smiling young man at an outdoor festival wearing a Colorado-themed shirt and holding colorful items conveys a cheerful, lively, socially positive atmosphere.",6,3,prominent_faces,1,1,2,4,4,3,3
contentment_13521,"A strikingly intricate passionflower in full bloom dominates the frame — its radial symmetry, vivid purple-blue corona filaments, and complex layered center create a sense of quiet awe and serene beauty against a soft, earthy background.",6,2,none,1,1,4,1,3,2,5
excitement_19814,"A female performer on stage is singing energetically into a microphone, pointing dramatically at the crowd with one arm raised — her open mouth, bold sunglasses, punk-style hair, and assertive gesture radiate high-energy excitement and engagement.",6,5,prominent_faces,1,1,3,4,2,5,3
awe_10638,"A powerful black steam locomotive surges toward the viewer, billowing massive plumes of white steam into a cool sky over a lush countryside — evoking a sense of grandeur, raw mechanical power, and nostalgic wonder.",6,4,none,1,1,4,1,3,5,5
excitement_09734,"A smiling man in an elaborate, vibrant peacock-feather carnival costume radiates joy, festivity, and spectacle, evoking excitement and awe through the dazzling visual display and his confident, cheerful pose.",6,4,prominent_faces,1,1,5,4,3,4,5
awe_09657,"A golden sunset silhouetting a thatched-roof pier over gently rippling tropical waters creates a serene, majestic, and deeply peaceful scene with a touch of grandeur — warmth and vastness combine to evoke quiet wonder.",6,2,none,1,1,4,1,5,2,5
contentment_13924,"A warm, joyful family Christmas portrait with two smiling parents and an adorable baby dressed in holiday attire, surrounded by festive decorations — radiating love, togetherness, and holiday cheer.",6,2,prominent_faces,1,1,2,3,5,2,4
fear_10618,"The scene shows people in zombie costumes with fake blood on a city street, likely a zombie walk/parade event, evoking a mix of playful horror and amusement — the bystanders are smiling and the staged gore creates a fun, theatrical atmosphere.",5,3,prominent_faces,2,3,3,4,2,3,3
disgust_06061,"A desiccated, decomposing dead fish lying on sandy/gravelly ground evokes a strong sense of disgust and mild sadness due to the decaying carcass, muted colors, and lifeless scene.",2,3,none,2,4,2,1,1,1,1
awe_11918,"A US Army soldier stands beside a military helicopter on a remote mountain ridgeline under a vivid blue sky — the combination of dramatic alpine scenery, military machinery, and an alert serviceman conveys a sense of grandeur and purposeful tension.",5,4,people_present,2,1,4,1,2,4,4
disgust_10054,"A vividly colored corn snake photographed close-up on pavement evokes mild unease or wariness in many viewers due to its reptilian subject and direct gaze, while its striking orange-red patterning also carries visual interest.",3,4,none,3,2,3,1,1,3,4
contentment_13227,"A newborn baby wrapped in a fluffy hooded outfit, gazing wide-eyed at the camera while chewing on a plush toy — the scene is intensely warm, innocent, and endearing, evoking gentle contentment and delight.",6,2,prominent_faces,1,1,2,3,5,1,5
awe_07085,"A lone bare tree silhouetted against a golden sunrise/sunset with a dramatic starburst sun peeking through the trunk evokes a profound sense of peaceful grandeur and quiet wonder — the cool blue sky, warm horizon glow, and solitary tree combine to create a visually striking, serene, and slightly melancholic yet beautiful natural scene.",6,2,none,1,1,4,1,3,2,
fear_13302,"A close-up of a creepy burlap/bandage mask with hollow eye and mouth holes on what appears to be a doll or mannequin — deeply unsettling, horror-themed imagery that evokes dread and revulsion.",2,4,prominent_faces,4,3,3,1,1,2,2
contentment_14828,"An elderly couple sits closely on a bench, smiling warmly at each other while exchanging a small gift, surrounded by lush green foliage — the scene radiates tender happiness, affection, and calm joy.",6,2,prominent_faces,1,1,2,3,5,2,4
fear_12185,"A person in zombie costume with heavy fake blood and gore makeup biting into a prop brain — the theatrical disgust and horror elements dominate, though the Halloween/cosplay context adds a layer of dark playfulness.",2,4,prominent_faces,3,5,3,3,1,3,2
awe_07116,"The golden-hour light bathing BC Place Stadium and reflecting perfectly in the calm water, set against a dramatic blue-grey sky and city skyline, creates a breathtaking, awe-inspiring scene with a sense of grandeur and serene beauty.",6,3,none,1,1,4,1,4,2,5
disgust_10655,"A spilled white powder on carpet with a discarded bag evokes a sense of unease, disorder, and potential danger — the scene feels unsettling and grim rather than neutral, with low warmth and a disturbing undertone.",2,3,none,4,3,2,1,1,2,1
contentment_13904,"A bride and groom posed intimately on a garden bench in elegant wedding attire evokes warmth, joy, and romantic contentment.",6,2,prominent_faces,1,1,2,2,5,2,4
excitement_08436,"A male performer leans intensely into a microphone on a dark, blue-lit stage — the physical strain, hunched posture, and dramatic lighting convey raw, high-energy emotional intensity rather than calm or joy.",5,5,prominent_faces,1,1,2,1,1,5,3
excitement_16778,"A young woman is smiling broadly and laughing while chatting with someone outside what appears to be a school or university building, radiating genuine joy and social warmth.",6,3,prominent_faces,1,1,2,4,5,3,4
anger_07796,"A tiger snarling with bared fangs and a wide-open jaw dominates the frame at close range, conveying immediate predatory threat and raw aggression that is likely to trigger fear or alarm in viewers.",2,5,none,5,2,3,1,1,5,3
contentment_11800,"A tranquil lakeside scene with three mallard ducks gently swimming near a grassy bank evokes quiet contentment — the calm water, soft greens, and leisurely animal activity radiate peaceful ease with no tension or drama.",6,1,none,1,1,2,2,4,2,3
excitement_16022,"A grinning man with wide, exaggerated eyes holds up a small bottle at a nightclub, conveying infectious fun and excitement in a lively, neon-lit party atmosphere.",6,4,prominent_faces,1,1,2,5,3,4,3
fear_08103,"Carved jack-o'-lanterns glowing in a dim setting with a Halloween atmosphere evoke mild spookiness and playful fun, with the flickering candlelit faces suggesting both lighthearted festivity and a hint of eerie unease.",5,3,none,2,1,2,4,3,2,3
contentment_07227,"A smiling mother lying on lush green grass with her baby daughter on a warm golden-hour day, surrounded by tropical greenery and mountain scenery — radiating tenderness, joy, and familial warmth.",6,2,prominent_faces,1,1,2,3,5,2,4
amusement_15103,"Vibrant carnival performers in elaborate feathered costumes on a parade float radiate festive energy, color, and spectacle — evoking celebration and excitement.",6,4,prominent_faces,1,1,4,4,3,5,4
contentment_07732,"Two snails perched on sun-drenched mushrooms beside tiny wild strawberries creates an enchanting, whimsical miniature world that evokes warmth, delight, and gentle playfulness.",6,2,none,1,1,3,4,5,2,5
excitement_17327,"A young woman with a flower crown is laughing and cheering while holding up a colorful sign at what appears to be a festive event, radiating high-energy joy and excitement.",7,5,prominent_faces,1,1,2,4,4,5,4
contentment_09731,"Vivid blue hydrangeas in the foreground against a softly blurred restaurant setting with red chairs and roses evokes a calm, pleasant contentment — the bold floral colors are visually attractive and serene without being stimulating or threatening.",6,2,none,1,1,2,2,4,2,4
disgust_10263,"A large, chaotic pile of mixed garbage and debris dominates the foreground of what appears to be a market street, evoking a strong sense of disgust and sadness at urban squalor and neglect.",2,3,people_present,2,5,2,1,1,2,1
fear_12100,"A heavily distorted double-exposure composite of a man's face overlaid with fragmented, glitchy color patches and a stark monochrome landscape evokes unease and melancholy — the medical tubing, fractured appearance, and somber expression suggest suffering or distress rather than any positive emotion.",2,3,prominent_faces,3,3,4,1,1,2,2
fear_10774,"A person in elaborate mime-like white face paint with colorful makeup, an ornate white hat, and layered necklaces is mid-expression with an open mouth — the striking, theatrical appearance is visually arresting and somewhat unsettling, blending playful costume elements with an intense, slightly eerie aesthetic.",3,4,prominent_faces,2,2,5,3,1,4,
contentment_16135,"A large, tethered bull sitting low to the ground on sawdust in a crowded market setting — its restrained, powerful posture and close-up framing create a sense of unease and potential threat, tempered slightly by the mundane fair/market context.",3,4,people_present,4,1,3,1,2,3,2
sadness_11633,"An abandoned, rusty, wheel-missing classic Mini with ""TAKE ME"" scrawled on its door, overgrown with weeds in a drab suburban setting — evokes a mix of melancholy and dark humour at the car's neglected, hopeless state.",2,2,none,1,2,3,3,1,1,2
anger_11490,"A lioness lying on the ground with her mouth wide open in a yawn/roar displays raw animal power and slight menace, evoking mild tension and primal alertness rather than comfort.",3,4,none,3,1,3,1,1,3,3
anger_05563,"A group of people gathered in a public street protest, with a central figure speaking passionately into a megaphone, conveying urgency, collective tension, and strong emotional energy typical of civic unrest or demonstration.",2,5,prominent_faces,3,1,2,1,2,5,2
excitement_19848,"A vibrant, colorful parade float filled with costumed performers, balloons, and whimsical Dr. Seuss-style decorations radiates festive energy and playful amusement.",6,4,prominent_faces,1,1,3,5,4,4,3
excitement_11122,"Two adults laughing and smiling warmly in close proximity at what appears to be a social gathering, radiating genuine joy and connection.",6,3,prominent_faces,1,1,2,4,5,3,3
sadness_08377,"Two workers in matching red shirts carry a covered grill on a serene lakeside patio with lush greenery and clear blue skies, evoking a calm, pleasant, mildly purposeful outdoor scene — leaning toward contentment.",5,2,prominent_faces,1,1,2,2,4,2,4
anger_07571,"A man with a stern, serious expression holds a protest sign reading ""Reform Not Raids,"" conveying frustration and political tension — the dominant feeling is one of righteous indignation and social unrest.",2,4,prominent_faces,2,1,2,1,1,4,2
sadness_05950,"The image shows the dark interior of a decaying, abandoned wooden structure looking out through a broken, cross-braced opening onto a bleak, overgrown landscape under a cold, grey sky — the combination of darkness, decay, isolation, and foreboding atmosphere evokes a strong sense of dread and melancholy.",2,3,none,3,2,3,1,1,2,
contentment_11481,"A pregnant woman gazes tenderly downward at her belly in a professional studio portrait, conveying quiet intimacy, warmth, and gentle contentment — the dominant feeling is peaceful anticipation and maternal tenderness.",6,2,prominent_faces,1,1,2,1,5,1,4
awe_14766,"A dense, lush evergreen forest reflected in a still, dark lake under a bright sky evokes a sense of serene grandeur and natural beauty, with the scale and density of the trees inspiring quiet awe.",6,2,none,1,1,4,1,3,2,5
amusement_12575,"A vibrant, colorful fruit market display overflowing with fresh oranges, apples, grapes, and mangoes evokes a sense of abundance and everyday contentment — warm, inviting, and visually pleasant but not dramatically exciting.",6,2,none,1,1,2,2,4,2,4
amusement_14678,"A beautifully styled cream of mushroom soup in a white bowl, garnished with herbs and cream swirls, surrounded by rustic wooden props and fresh mushrooms — the warm, earthy tones and artful food photography composition evoke a deep sense of comfort and contentment.",6,2,none,1,1,2,2,5,1,4
sadness_08321,"A dark, dilapidated basement with peeling walls, dim harsh fluorescent light, and shadowy clutter evokes a strong sense of unease and dread, typical of threatening or abandoned spaces.",2,4,none,4,3,2,1,1,2,1
contentment_16120,"A rosy-cheeked toddler in a cozy winter jacket and pom-pom hat plays with a bubble wand outdoors, surrounded by floating iridescent bubbles — an inherently joyful, innocent, and warmly charming scene that evokes gentle delight and contentment.",6,2,prominent_faces,1,1,2,5,5,2,
fear_10340,"A person in highly detailed zombie makeup with fake blood, pale skin, and an open-mouthed grimace dominates the frame — the gore-heavy costume simultaneously triggers disgust and mild fear while the theatrical context softens the threat.",2,4,prominent_faces,4,4,3,2,1,4,2
anger_07768,"A snarling tiger with bared fangs fills the frame, creating an immediate sense of threat and primal danger that dominates all other impressions.",2,5,none,5,1,3,1,1,5,4
amusement_16675,"A colorful children's amusement park train ride with a whimsical mole statue and happy kids watching creates a cheerful, fun, and lively scene full of playful energy.",6,4,people_present,1,1,3,5,4,4,4
fear_08182,"Two glowing jack-o'-lanterns carved with spooky/playful faces in near-total darkness evoke a Halloween atmosphere that is simultaneously fun and mildly eerie, with the warm orange glow adding festive energy.",5,3,none,2,1,3,4,3,3,3
disgust_06108,"A man is leaning over a kitchen sink with bright red liquid (appearing to be blood or a blood-like substance) dripping from his mouth, which is visually alarming and repulsive, evoking strong disgust and mild threat/danger.",1,4,prominent_faces,4,5,3,1,1,3,1
anger_05527,Two smiling women posing casually with a large lion that is roaring with its mouth wide open and fangs fully visible — the contrast between the women's relaxed demeanor and the lion's threatening display creates a strong tension between perceived danger and social playfulness.,3,5,prominent_faces,5,1,4,3,2,5,3
fear_13882,"A highly detailed Frankenstein's Monster figurine with a menacing, grimacing expression, sickly green-grey skin, and bolts on the neck evokes classic horror imagery — unsettling and threatening without being gory.",2,4,prominent_faces,4,2,3,2,1,2,3
excitement_13668,"A shirtless man at what appears to be a Pride parade, wearing colorful Mardi Gras beads, sunglasses, and holding a novelty item, with a rainbow flag in the background — the scene radiates high-energy celebration, fun, and festivity.",6,4,prominent_faces,1,1,3,5,3,5,3
awe_07091,"A smiling couple in elegant traditional Thai wedding attire performing a ceremonial ritual together radiates warmth, joy, and tender intimacy, evoking strong positive affect.",6,2,prominent_faces,1,1,3,2,5,2,4
sadness_09107,"A close-up of a newborn baby crying with mouth wide open and eyes squeezed shut evokes a strong negative emotional response — distress and displeasure are dominant, amplified by the intense facial expression and high arousal of the infant.",2,5,prominent_faces,1,1,2,1,2,5,2
awe_08569,"A vivid double rainbow cuts through swirling mist against dramatic storm clouds and towering mountain cliffs, combining natural grandeur and sublime scale with a moody, overcast atmosphere that evokes wonder and a sense of vast, humbling beauty.",6,4,none,2,1,5,1,2,4,5
fear_08827,"A lone white teddy bear sits outside a dark front door at night, seemingly ""waiting"" to be let in — the eerie darkness, isolation of the toy, and ghostly reflection in the door glass create a melancholic and mildly unsettling atmosphere.",2,3,none,3,1,3,1,1,1,2
sadness_12315,"A woman presses her hand against a rain-streaked window, gazing down at a police motorcade on a grey, wet street — the sepia tone, isolation, and farewell gesture create a mood of quiet longing and melancholy.",2,2,people_present,1,1,2,1,2,2,3
awe_12500,"Dozens of vibrantly colored hot-air balloons filling a pastel sunset sky creates an overwhelming sense of visual grandeur and joyful spectacle, evoking uplift and wonder.",7,4,none,1,1,5,4,4,4,5
anger_05061,"A lone firefighter faces a roaring wildfire while holding a drip torch, conveying intense danger, tension, and high-stakes drama — evoking a strong sense of threat, grim determination, and visceral unease.",2,5,people_present,5,1,4,1,1,5,4
sadness_11835,"A rusted, abandoned car slowly being reclaimed by overgrown weeds in a desolate, overcast field evokes a strong sense of melancholy and decay — the muted palette, grey sky, and isolation all reinforce feelings of loss and neglect.",2,2,none,1,2,2,1,1,1,3
amusement_18454,"A fairground scene with a deflated giant inflatable and a colourful Ferris wheel evokes mild amusement and a slightly melancholic sense of a fun place caught in an ""off"" moment, but the bright colours and carnival atmosphere keep the overall tone positive and playful.",5,3,none,1,1,3,4,3,2,3
contentment_08003,"Two smiling young boys sitting together on a fallen log beneath lush green trees evokes a warm, cheerful, and contented feeling rooted in childhood innocence and friendship.",6,2,prominent_faces,1,1,2,3,5,2,4
fear_12198,"A large, hairy tarantula pressed against the glass of an enclosure dominates the frame — its raised legs and proximity to the viewer are instinctively unsettling, evoking strong arachnophobic fear and disgust responses.",2,4,none,4,4,3,1,1,3,2
awe_07672,"A smiling, rosy-cheeked baby in a white bonnet and dress radiates pure joy and innocence, evoking strong warmth, high positive valence, and gentle playfulness with virtually no threat or negativity.",7,2,prominent_faces,1,1,2,4,5,2,5
awe_08126,"A snow-covered winter town square with a large colorfully lit Christmas tree, a gazebo, snow-dusted mountains, and a moody dramatic sky evokes a sense of wonder and peaceful holiday magic — beautiful, grand in scale, and gently uplifting.",6,2,people_present,1,1,4,2,4,2,5
anger_07985,"A young woman at a protest holds a bold sign quoting Shelley's ""The Masque of Anarchy"" — a politically charged, defiant scene evoking collective anger and righteous resistance, with cold overcast lighting and a crowd of demonstrators reinforcing tension and urgency.",3,4,prominent_faces,2,1,2,1,1,4,3
disgust_08536,"Raw, skinned animal carcasses hanging in a dimly lit market stall evoke strong visceral discomfort and revulsion, with the exposed flesh, blood, and viscera dominating the scene.",2,4,people_present,2,5,3,1,1,2,1
excitement_15280,"A competitive rugby match with players physically grappling and tackling creates a high-energy, intense sporting scene with dynamic movement and bodily collision, evoking excitement and physical intensity.",5,4,prominent_faces,2,1,2,3,2,5,3
excitement_14683,"A guitarist bathed in deep blue/purple stage lighting plays intensely with head bowed, conveying focused energy and excitement typical of a live rock performance.",5,4,prominent_faces,1,1,3,2,2,4,4
anger_06797,"A street protest with people holding anti-war signs creates a charged, confrontational atmosphere — evoking strong negative emotion tied to collective grievance and political anger.",2,4,people_present,2,1,2,1,1,4,2
awe_13082,"A medieval hilltop town perched dramatically on rocky cliffs under a vast, cloud-filled blue sky evokes a sense of grandeur and timeless beauty, inspiring quiet awe and serene contentment.",6,2,none,1,1,4,1,3,2,5
disgust_06509,"A large orb-weaver spider prominently displayed at the center of its web in front of a house entrance evokes unease and mild fear/disgust for many viewers, as the arachnid is close-up and dominant in the frame.",2,4,none,4,4,3,1,1,2,2
disgust_10640,"The close-up black-and-white image of stubbed-out cigarettes in an overflowing ashtray evokes a grim, unpleasant feeling — the charred ash, decay, and association with unhealthy habits produce a sense of revulsion and melancholy.",2,2,none,2,4,2,1,1,1,2
sadness_06231,A weathered gravestone memorializing a mother and five young children (aged 2–7) who all died on 4th May 1941 as a result of enemy action (WWII bombing) evokes profound grief and solemnity.,1,2,none,2,1,2,1,1,1,2
disgust_09257,A finely crafted felted wool acorn with a bright green oak leaf on top evokes quiet charm and artisanal warmth — the handmade texture and natural earthy tones invite calm appreciation and gentle delight.,6,2,none,1,1,3,3,4,1,4
disgust_10165,"The central woman's scrunched, skeptical/disgusted facial expression directed at the large creamy drink being handed to her is the dominant emotional signal — simultaneously comic and mildly repulsed, set in a dim bar environment.",3,3,prominent_faces,1,3,2,3,2,2,2
amusement_08417,"Cheerful, whimsical cupcakes topped with bright yellow rubber ducks evoke a strong sense of playful delight and lighthearted fun, likely associated with a baby shower or children's celebration.",6,2,none,1,1,3,5,4,2,4
awe_08491,"A full double rainbow arching over a dramatic rocky mountain and stadium under a moody, cloud-filled sky evokes a powerful sense of grandeur and wonder — visually stunning, rare, and uplifting.",6,4,none,1,1,5,1,3,3,5
disgust_08752,"A close-up macro shot of raw ground meat fills the entire frame; the visceral, wet, worm-like texture of the extruded flesh strands is visually repulsive to many viewers, evoking a strong disgust response with no warmth, playfulness, or positive valence.",2,3,none,2,4,2,1,1,1,1
amusement_09119,"A smiling couple poses on a lush, plant-lined walkway in what appears to be a charming tropical garden setting, radiating warmth, contentment, and pleasant leisure.",6,2,prominent_faces,1,1,3,2,4,2,4
sadness_12118,"A man lies on a couch with a subdued, slightly melancholic or weary expression, evoking a quiet, low-energy mood that leans toward mild sadness or contentment.",3,1,prominent_faces,1,1,1,1,3,1,2
disgust_04812,"Two ashtrays overflowing with used, stained cigarette butts evoke a strong sense of repulsion and unhealthy excess, with no warmth, beauty, or vitality — the dominant feeling is visceral aversion.",2,3,none,3,5,2,1,1,2,1
amusement_17644,"A vividly coloured fairground Ferris wheel with cheerful balloon-style gondolas soaring against a clear blue sky evokes a strong sense of fun, festivity, and uplifting excitement.",6,4,none,1,1,3,5,4,4,4
amusement_17758,"A nighttime fairground scene with a long-exposure ferris wheel glowing in vivid blue streaks dominates the frame, creating a sense of wonder, excitement, and festive joy through dynamic light trails, colorful carnival stalls, and nostalgic fairground signage.",6,4,none,1,1,4,5,4,5,5
anger_07686,"A lioness with her mouth wide open, exposing large fangs and teeth — this raw display of predatory power evokes high arousal and a strong sense of threat, yet the animal appears to be yawning rather than actively attacking, creating a tension between danger and an almost comical openness.",2,5,none,4,2,3,2,1,4,4
amusement_18759,"A large, exaggerated mascot costume (Pistol Pete from Oklahoma State) performing on a basketball court in front of a packed, energetic crowd — the oversized cartoonish head and cowboy outfit in bright orange are inherently comic and festive, evoking lively amusement and excitement.",6,4,people_present,1,1,3,5,3,4,
amusement_13711,"A young woman reclines luxuriously on a soft bed surrounded by white roses, pink décor, and plush textures, eyes closed in serene self-indulgence — the dominant feeling is gentle, dreamy contentment bordering on quiet pleasure.",6,2,prominent_faces,1,1,2,3,5,1,4
awe_09229,"A small, hopeful seedling emerging from dry earth under a bright, open blue sky evokes quiet optimism and gentle contentment — new life persisting in sparse, sunbaked surroundings.",5,2,none,1,1,2,1,3,2,3
contentment_16270,"A young child gazes with wide-eyed delight at a lit birthday cake being presented by an adult, capturing a pure moment of joyful anticipation that feels warm, safe, and celebratory.",7,4,prominent_faces,1,1,2,4,5,3,4
disgust_08242,"The image shows a pile of littered garbage — discarded clothing, a plastic bottle, an aerosol can, and other debris wedged between rocks — evoking a strong sense of neglect, environmental degradation, and repulsion.",2,2,none,2,4,2,1,1,1,1
anger_07739,"A young boxer in red Adidas gear, wearing blue gloves and showing visible bruising/marks on his face, is being steadied or consoled by a coach/trainer — the scene conveys post-fight tension, fatigue, and quiet dejection.",2,3,prominent_faces,3,2,2,1,2,2,3
disgust_07980,A hiker triumphantly holds up a half-eaten apple revealing a worm/larva inside — a classic gross-out discovery moment that blends mild disgust with outdoor-adventure playfulness and rugged charm.,3,3,prominent_faces,1,4,3,4,2,3,2
contentment_10118,"Bright, vibrant sunflowers in full bloom under a sunny sky radiate warmth, positivity, and gentle life energy, evoking a deeply pleasant and serene natural contentment.",6,2,none,1,1,2,2,5,2,4
anger_09699,"The humorous, mock-threatening note warning against erasing on pain of eating a pickled egg is clearly playful and lighthearted, evoking amusement through its absurd, comedic ""punishment.""",6,3,none,2,2,3,5,3,3,2
amusement_13311,"A young child wearing an ornate, jewel-encrusted carnival headdress and costume in vivid golds and yellows, smiling warmly at the camera — the image radiates joy, celebration, and cultural richness.",7,3,prominent_faces,1,1,4,4,5,3,5
disgust_05114,"The black-and-white image of overflowing, grimy dumpsters on a desolate urban sidewalk evokes a sense of urban decay, neglect, and mild disgust, with a melancholic, dreary atmosphere reinforced by the grainy, low-light film aesthetic.",2,2,none,1,3,2,1,1,1,2
awe_11217,"A twilight landscape with silhouetted pine trees against a vivid orange-to-deep-blue gradient sky evokes a sense of vast, tranquil grandeur — the scale of the sky and the striking color transition inspire quiet awe and serene contemplation.",6,2,none,1,1,4,1,3,2,5
fear_13671,"The image features heavily distorted, ghostly double-exposed figures with decayed, blackened mouths and a dark, gritty aesthetic — evoking strong dread and revulsion with minimal warmth or playfulness.",1,4,prominent_faces,4,4,3,1,1,3,2
anger_10456,"The image depicts a visibly tense protest scene with a woman in the foreground showing a strained, distressed expression, surrounded by a crowd holding signs — conveying collective grievance, frustration, and emotional intensity.",2,4,prominent_faces,2,1,2,1,1,4,2
anger_11139,"A blurry close-up of a cat with mouth wide open, fangs bared, and eyes squinted — this aggressive/threatening expression combined with motion blur creates a jarring, unsettling tension that reads as both mildly threatening and somewhat comically dramatic.",3,4,none,3,1,2,3,1,4,2
sadness_09500,"A solitary male figure leans against a decaying industrial wall in deep shadow, head bowed and arms crossed — a posture of withdrawal and dejection that dominates the mood of the image.",2,2,people_present,2,1,2,1,1,1,3
fear_09795,"An extreme close-up of a bat's face with sharp claws and alien-like features dominates the frame, evoking unease and repulsion due to the grotesque textures, dark coloring, and unsettling proximity of the creature.",2,4,none,3,4,3,1,1,2,2
anger_10899,"A statue defaced with graffiti and surrounded by fire and smoke, with a crowd of protesters around it, conveys intense civil unrest, anger, and destruction — a highly charged, tense scene with negative valence.",2,5,people_present,4,2,3,1,1,5,1
excitement_08709,"A guitarist performing on a dimly lit, atmospheric stage with a drummer in the background evokes energy and excitement — the live music setting, dramatic lighting with haze, and engaged performer create a charged, high-energy mood.",6,4,people_present,1,1,3,2,2,5,4
sadness_05365,"A young woman stands alone outside a Wendy's restaurant with a contemplative, slightly melancholic expression, conveying a mild sense of quiet solitude and wistfulness.",3,2,prominent_faces,1,1,2,2,3,2,3
sadness_08681,"The image depicts a heavily decayed, abandoned interior hallway with collapsed ceilings, peeling walls, and debris-strewn floors — evoking a strong sense of desolation, melancholy, and unease, amplified by the eerie backlit window at the end of the corridor.",2,3,none,3,3,3,1,1,2,3
anger_11420,"A protest scene with a young woman boldly holding a ""Demand Diplomacy"" sign above a dense crowd in an urban setting, conveying civic tension, collective frustration, and energized defiance rather than warmth or joy.",3,4,prominent_faces,2,1,2,1,2,4,3
contentment_12411,"A lively group of adults and children crowded together, laughing, making excited faces, and giving thumbs-up — radiating warmth, joy, and high-energy social celebration.",7,4,prominent_faces,1,1,2,5,5,4,3
anger_09262,"A heavily damaged interior space with a collapsed ceiling, rubble, and debris conveys destruction, danger, and desolation — evoking a strong sense of dread and loss.",1,4,none,5,2,2,1,1,2,1
amusement_19611,A vividly coloured bullfinch perched at a seed dish surrounded by lush garden flowers evokes a strong sense of gentle delight and peaceful natural beauty.,6,2,none,1,1,2,2,5,2,5
excitement_08639,"A smiling person in a colorful ""Queens"" t-shirt at what appears to be a Pride parade, surrounded by festive crowds, rainbow flags, and bright sunshine — evoking joy, celebration, and positive social energy.",6,4,prominent_faces,1,1,2,4,4,4,4
amusement_16334,"A nighttime theme-park parade float glowing with festive lights and colorful overhead decorations draws a crowd, radiating celebratory energy and joyful spectacle that feels awe-tinged and highly exciting.",6,4,people_present,1,1,4,5,4,5,4
awe_08849,"A serene ocean sunset with warm golden-orange tones, gentle waves, and a glowing sun reflecting on calm water evokes a profound sense of peace, beauty, and expansive grandeur.",6,2,none,1,1,4,1,5,2,5
anger_06701,"A protester holding a large ""NSA: Hands Off Our Data"" sign at a rally conveys civic defiance and righteous indignation — the dominant feeling is controlled anger/frustration directed at surveillance overreach, amplified by the bold graphics and confrontational message.",2,4,prominent_faces,2,1,2,1,1,4,3
awe_12280,"A delightful toddler in a pristine white dress stands at the water's edge on a pebbly shore, glancing back with a curious, bright expression — evoking warmth, innocence, and gentle joy.",6,2,prominent_faces,1,1,2,4,5,2,4
fear_09829,"The scene depicts a physically threatening confrontation — one person in an orange jumpsuit raising a fist over another person cowering on the floor — evoking strong feelings of fear, danger, and aggression in a grimy, confined space.",2,5,prominent_faces,5,2,2,1,1,5,2
fear_11099,"Two children wearing elaborate handmade monster/creature masks (a furry wolf-like mask and a robotic/alien mask) in what appears to be an art class setting, evoking a playful yet mildly unsettling Halloween-costume energy.",5,3,people_present,2,1,3,4,3,3,3
awe_10434,"A close-up of a wet polar bear emerging from water commands attention with its powerful, imposing presence — simultaneously majestic and mildly intimidating, evoking a mix of awe and mild unease at its raw animal power.",5,3,none,3,1,4,1,2,3,4
amusement_15367,"A smiling woman decorating a Christmas tree in a warmly lit office lobby evokes a pleasant, festive contentment with low threat and moderate warmth.",6,2,prominent_faces,1,1,2,3,4,2,3
fear_08017,"A vivid macro photograph of a jumping spider staring directly into the camera with large forward-facing eyes creates an intense, slightly unnerving confrontation — visually stunning and novel yet mildly threatening, evoking a mix of awe and unease.",3,4,none,3,3,5,2,1,3,5
contentment_08541,"A beaming, chubby baby lying on a cheerful yellow polka-dot blanket wearing a ""heart mommy"" onesie — the dominant feeling is warm, joyful delight; the big open smile and bright eyes radiate innocence and happiness with virtually no negative elements.",7,3,prominent_faces,1,1,2,4,5,3,5
amusement_09493,"Two young children sharing a globe with gentle smiles in a warm, cluttered classroom setting evokes a sense of innocent curiosity and quiet contentment — the dominant feeling is tender and wholesome.",6,2,prominent_faces,1,1,2,3,5,2,4
contentment_12272,"A joyful, intimate outdoor moment between two smiling women — one kneeling and holding a pink gender-reveal banner toward a pregnant woman's baby bump — radiates warmth, happiness, and celebratory excitement.",6,3,prominent_faces,1,1,3,4,5,2,3
amusement_16803,"A family enjoying a sunny park picnic, with a father playfully lifting a laughing child like an airplane while the mother watches — the scene radiates joy, warmth, and lighthearted fun with no negative elements present.",7,3,prominent_faces,1,1,2,5,5,3,4
contentment_07242,"A solitary pink lotus blossom rising above broad lily pads on a still, dark pond evokes quiet beauty and serene natural harmony — the dominant feeling is peaceful contentment tinged with gentle wonder at nature's elegance.",6,2,none,1,1,3,1,4,2,5
excitement_16085,"An older musician smiles broadly while playing a vibrant red electric guitar on a lit stage, radiating joy and energetic performance enthusiasm.",6,4,prominent_faces,1,1,2,4,4,4,4
contentment_07033,"A vivid, exotic tiger lily in full bloom with dramatic curling petals and bold spotted markings against a lush green background evokes quiet admiration and aesthetic pleasure — a calm yet visually rewarding sense of natural beauty.",6,2,none,1,1,3,2,4,2,5
excitement_18002,"Two broadly smiling people with dreadlocks pose closely together at what appears to be a lively social gathering/party, radiating joy and high social energy.",6,4,prominent_faces,1,1,2,4,4,4,3
anger_05143,"A fluffy grey cat is lounging contentedly inside a red cardboard box, with books and liquor bottles visible in the background — a cozy, humorous domestic scene that evokes amusement and warmth.",6,2,none,1,1,2,4,4,1,3
anger_11184,"A lively outdoor crowd gathered around street musicians playing brass instruments, conveying festive energy, social connection, and joyful spontaneity.",6,4,prominent_faces,1,1,3,4,4,4,3
amusement_12719,A vividly colored monarch butterfly feeding on a purple wildflower against a soft green bokeh background evokes a serene yet visually captivating sense of natural beauty and quiet contentment.,6,2,none,1,1,3,2,4,2,5
awe_14585,"A vividly colored tropical fish hovers over coral in clear turquoise water while a snorkeler films above, evoking wonder and peaceful delight at the beauty of the underwater world.",6,3,people_present,1,1,4,3,3,2,5
anger_11643,"A man takes a close-up selfie with his mouth wide open, eyes squeezed shut, and face scrunched — an exaggerated, comedic expression that reads as mock-outrage or loud playful yelling, evoking high-energy amusement.",6,5,prominent_faces,1,2,2,5,3,5,2
amusement_11346,"A chubby, healthy baby sits contentedly in a colorful play gym surrounded by dangling toys and a fluffy dog nearby, evoking warm, wholesome feelings of joy and gentle delight.",6,2,prominent_faces,1,1,2,4,5,2,3
contentment_11315,"A warmly lit, intimate living room with a couch, golden cushions, candles, and two glasses of red wine evokes a cozy, relaxed, and inviting atmosphere — strongly suggesting contentment and comfort.",6,2,none,1,1,2,2,5,1,4
sadness_08175,"A grey, overcast cemetery filled with stone crosses, a crucifix, and a small white statue evokes solemnity and quiet grief — the cold, muted tones, bare winter trees, and funerary iconography produce a melancholic, subdued atmosphere with mild unease.",2,2,none,2,1,2,1,1,1,3
awe_07727,"Three painted turtles basking peacefully on a sunlit log reflected in calm blue water evokes a serene, charming, and gently delightful natural scene with a touch of whimsy from the turtles' lined-up posture.",6,2,none,1,1,2,3,4,2,4
excitement_15388,"Four men in matching flamboyant patterned blazers with blue shirts and black ties are performing together on stage, likely singing in a barbershop-style quartet — the coordinated costumes, performance energy, and open mouths convey lively, lighthearted entertainment.",6,3,prominent_faces,1,1,3,4,4,3,3
sadness_06775,"A black-and-white close-up of a child's face with a downcast, sorrowful gaze and subtle tear traces, evoking a strong sense of sadness and emotional heaviness.",2,2,prominent_faces,1,1,2,1,1,1,3
disgust_08797,"A close-up overhead view of an overflowing metal trash bin filled with plastic bags, food wrappers, a cigarette pack, and general waste — the dominant feeling is repulsion and mild displeasure due to the visually messy and unclean subject matter.",2,2,none,1,4,1,1,1,1,1
awe_14122,"A mirror-still mountain lake at dawn with soft pastel hues, mist hovering over the water, and layered silhouetted peaks creates a scene of serene grandeur and quiet vastness that evokes a sense of sublime wonder.",6,2,none,1,1,4,1,3,1,5
fear_09849,"A custom-wrapped golden car with dark, dramatic Batman-themed artwork and the slogan ""Evil Fears the Knight"" creates a striking, playful, and impressive visual — evoking amusement and mild excitement through its bold, unexpected street art on an ordinary compact car.",6,3,none,2,1,4,4,2,3,4
contentment_11072,"The mirror-still turquoise alpine lake reflecting dramatic mountain peaks, framed by vivid red canoes on a warm wooden dock, creates a scene of breathtaking grandeur and serene beauty that overwhelmingly evokes awe and deep contentment.",6,3,none,1,1,5,2,3,2,5
disgust_08033,"The close-up of a heavily corroded, rust-encrusted pipe with a dark void at its centre evokes unease and mild repulsion — the decay, grime, and hollow darkness suggest neglect and a faint sense of threat or dread.",2,2,none,3,4,2,1,1,1,2
disgust_05357,"A close-up macro shot of a dark spider on rocky, web-covered ground evokes a strong sense of unease and revulsion — its prominent body, spindly legs, and predatory stillness are classic triggers for arachnophobia and disgust.",2,4,none,4,4,2,1,1,2,2
fear_10520,"An elaborate, dark fantasy cosplay costume with dramatic spiked headgear, dark face paint, and menacing armor evokes a strong mix of awe and unease — the theatrical villain aesthetic is visually striking and intense, but also carries an element of playful performance given the convention setting.",4,4,prominent_faces,3,1,5,3,1,4,4
contentment_09180,"A smiling young woman in a bright white dress holding a hat, surrounded by lush white-flowering greenery in warm sunlight — the scene radiates gentle joy, elegance, and relaxed positivity.",6,2,prominent_faces,1,1,2,2,5,2,4
amusement_10910,"A vibrant cultural performance showing a smiling Polynesian dancer in traditional costume dancing with a tourist, surrounded by musicians and other performers — the scene radiates joy, celebration, and lively cultural festivity.",6,4,prominent_faces,1,1,3,5,4,5,4
anger_09204,"A protest scene with demonstrators holding politically charged signs, conveying strong social tension and moral urgency without physical violence or graphic content.",2,4,prominent_faces,2,1,2,1,1,4,2
contentment_11960,"A couple lies together on autumn grass surrounded by golden fallen leaves, smiling and gazing at each other — the scene radiates romantic warmth, tenderness, and quiet joy.",6,2,prominent_faces,1,1,2,3,5,2,5
contentment_14334,"An elderly couple is relaxing together on a couch, sharing a tablet and laughing — the woman's warm, radiant smile and their close, comfortable physical proximity radiate gentle joy and relational warmth, evoking a quiet, pleasurable contentment.",6,2,prominent_faces,1,1,2,3,5,2,4
amusement_18542,"A couple in vibrant traditional folk costumes performing a lively dance, with the woman's skirt swirling dynamically — the scene radiates cultural joy, movement, and celebratory energy.",6,4,prominent_faces,1,1,3,4,4,5,4
anger_10953,"A dense urban protest crowd filling a city street with banners, flags, megaphones, and signs conveys collective tension and agitation — energetic, politically charged, and slightly threatening in its scale and confrontational atmosphere.",3,4,prominent_faces,3,1,3,1,2,5,2
excitement_14728,"A person actively riding a small wave on a surfboard in a wetsuit, with splashing water and dynamic motion — the scene conveys energetic outdoor sport and moderate excitement without threat or negativity.",6,4,prominent_faces,1,1,2,3,2,4,3
fear_11512,"An orange, eyeless child mannequin wearing an oversized penguin tie-dye shirt stands alone in a dark corner — the featureless face and vacant eye sockets create an unsettling, uncanny-valley effect that is simultaneously eerie and oddly whimsical due to the playful shirt.",3,3,none,3,2,4,3,1,2,2
excitement_11327,"A female performer sings passionately into a microphone under dramatic stage lighting, mouth wide open and body leaning into the mic — the image radiates high-energy excitement and raw emotional intensity.",6,5,prominent_faces,1,1,3,2,2,5,4
disgust_08027,"A homemade mason jar filled with dark, chunky preserved food (likely a chutney or jam) with a decorative plaid lid sitting on a granite countertop — the scene feels cozy, domestic, and mildly appealing, evoking quiet contentment.",5,1,none,1,1,2,2,4,1,3
sadness_08648,"A monkey confined behind a wire cage stares directly at the camera with heavy, sorrowful eyes, evoking a strong sense of melancholy and helplessness — the physical barrier and the animal's downcast expression dominate the emotional tone.",2,2,none,2,1,2,1,1,1,3
awe_09583,"A sweeping aurora borealis fills the entire sky above rugged snow-capped mountains, its vivid green and violet curtains spiraling dramatically overhead — a rare, grand natural spectacle that commands a sense of overwhelming wonder and grandeur.",6,4,none,1,1,5,1,2,4,5
awe_11789,"A wide-eyed lemur peering cautiously around a tree trunk creates a strong sense of surprise and alertness — its enormous, intense golden eyes dominate the frame, evoking a startled, almost comical wariness that feels simultaneously endearing and tense.",5,4,none,2,1,4,4,3,3,5
sadness_12380,"A young girl sits alone on a concrete ledge, head downcast and hands folded, conveying quiet isolation and mild melancholy amid a busy outdoor scene with passersby and a dog behind her.",2,2,prominent_faces,1,1,2,1,2,1,3
awe_11638,"A full, vivid rainbow arching across a dramatic post-storm sky over a quiet park evokes a sense of grandeur and serene wonder — the overcast moody sky contrasts with the vibrant arc, producing uplifted calm and visual awe.",6,2,none,1,1,5,1,3,2,5
amusement_15223,"A young cougar cub with its mouth wide open mid-roar/yawn, sharp teeth visible and eyes squeezed shut — the pose is simultaneously a little threatening and oddly comical, producing a mix of mild amusement and alertness.",5,4,none,3,1,3,4,3,4,4
disgust_06956,"A close-up of a dark snake coiled among rocks and dead leaves with its tongue flickering, creating an instinctive sense of unease and threat that most viewers would find unsettling.",2,4,none,4,2,3,1,1,3,2
anger_05961,"A massive, roaring bonfire engulfing a large structure at night — the dramatic scale, intense orange flames against pure black, and destructive energy create a visceral sense of overwhelm and primal intensity.",3,5,none,4,1,4,1,2,5,4
sadness_08303,"The man's downward gaze and neutral-to-sullen expression in a mundane indoor setting (likely a boat cabin) conveys mild sadness or low-energy disengagement, with no notable threat, humor, or grandeur.",3,2,prominent_faces,1,1,2,1,2,1,2
excitement_09594,"A mountain biker in racing gear charges forward on a dusty dirt track at speed, creating a sense of high-energy competitive excitement — dynamic movement, dust clouds, and a second racer visible in the background amplify the adrenaline-fueled atmosphere.",6,4,prominent_faces,2,1,3,3,2,5,3
excitement_09440,"A jubilant toddler with arms raised high and a wide-open smile dominates the frame, radiating pure exuberant joy, while a laughing adult woman watches warmly in the background — the scene pulses with celebratory, high-energy delight.",7,5,prominent_faces,1,1,2,5,5,5,4
disgust_07848,"A discarded toilet sitting on a city sidewalk amid overflowing garbage bags at night is an incongruous, mildly humorous yet grimy and unpleasant scene — evoking mild amusement undercut by a sense of urban decay and mild repulsion.",3,2,none,1,4,3,3,1,2,1
contentment_09499,"A bride and groom share a kiss on the steps of a grand stone church as rose petals rain down on them, evoking strong feelings of joy, romance, and celebration.",7,3,prominent_faces,1,1,2,2,5,2,4
contentment_13881,"A beautifully crafted latte with intricate rosette latte art paired with a golden, flaky croissant on a warm wooden table evokes a strong sense of cozy contentment and gentle pleasure.",6,2,none,1,1,2,2,5,1,5
sadness_11556,"A dropped ice cream cone melting on dirty ground evokes a small but relatable sense of loss and disappointment, tinged with slight dark humour at the unfortunate fate of a treat.",2,2,none,1,2,2,2,1,1,2
anger_11688,"A small dog is snarling aggressively with teeth bared and head tilted back, evoking a sense of threat and startling intensity despite the domestic setting.",2,4,none,4,2,3,1,1,4,2
fear_06708,"A man with a wide-eyed, alarmed expression looks up at a large, looming spider above him while holding cleaning supplies — the comedic staging, exaggerated fear pose, and humorous props create a strong sense of playful, theatrical fright.",3,4,prominent_faces,3,2,3,4,2,4,3
amusement_14657,"A toddler with a slightly distressed, pouty expression (hair across her face, lip quivering) sits on bright green grass in a sunny park — evoking mild sympathy/sadness tempered by the cute, harmless context.",3,2,prominent_faces,1,1,2,2,3,2,3
contentment_09568,"Two grey langur monkeys sitting on a ledge, one rummaging through a plastic bag of food — the scene is charming and mildly humorous, evoking light amusement at the monkeys' human-like, mischievous snacking behaviour.",6,2,none,1,1,3,4,3,2,3
sadness_08961,"A weathered stone funerary statue of a grieving woman with her head bowed and hand raised to her face, covered in moss and lichen, conveys profound sorrow, melancholy, and quiet despair.",2,2,prominent_faces,1,1,2,1,1,1,4
sadness_05411,"The extreme close-up of an elephant's weathered, deeply wrinkled eye conveys a profound sense of quiet melancholy and ancient wisdom — the texture, age, and soulful gaze evoke subdued reverence and gentle sadness.",3,2,none,1,1,3,1,2,1,4
sadness_09765,"A tired or possibly ill black dog lies flat on a urban sidewalk, leashed and surrounded by indifferent foot traffic, evoking a quiet sense of melancholy and neglect.",2,1,people_present,1,1,2,1,1,1,2
fear_10356,"A dark horror-themed illustration of a menacing, snarling clown looming behind a frightened-looking young girl — the sinister imagery, dark palette, and threatening figure create an intensely unsettling, fear-inducing atmosphere.",1,5,prominent_faces,5,3,3,1,1,4,2
disgust_10438,"The image shows a wet, dirty brick pavement with what appears to be a splattered, vomit-like or dropped food mess, evoking a strong sense of disgust and unpleasantness with low aesthetic appeal.",2,3,none,1,4,2,1,1,2,1
disgust_05583,"The image shows decaying, rotting apples with shrivelled skin and dark mould spots, evoking a strong sense of disgust and mild sadness at organic decay and waste.",2,2,none,1,4,2,1,1,1,2
sadness_09815,"This is an outdoor stone monument (""Monumento al Burro"" – Monument to the Donkey) decorated with carved relief scenes of donkeys and rural life, situated in a grassy, sunlit landscape; it evokes mild amusement and quiet cultural curiosity rather than strong emotion.",5,2,none,1,1,3,4,3,1,3
excitement_13927,"Two people — a young man and a small girl — are energetically dancing together on a stage, both mid-movement with big smiles and dynamic body poses, radiating joy and shared playfulness.",6,4,prominent_faces,1,1,2,5,4,5,3
contentment_11906,"A warm, intimate family scene of a grandmother smiling broadly while holding three young children including a newborn, radiating love, safety, and joy — evoking strong contentment and warmth.",6,2,prominent_faces,1,1,2,3,5,2,3
amusement_19093,"A beautifully plumaged bird perched calmly on a sunlit branch amid lush green foliage evokes a serene, pleasant sense of contentment and quiet appreciation of nature.",6,2,none,1,1,3,2,4,2,4
contentment_08156,A softly smiling young person in profile against a serene beach and open sky evokes quiet contentment and gentle warmth.,6,2,prominent_faces,1,1,2,2,4,2,4
awe_06464,"A serene Japanese Shinto shrine entrance with robed figures engaged in quiet ritual evokes a sense of reverence and peaceful contemplation, anchored by ornate gold-and-green altar decoration and rich red architecture.",5,2,people_present,1,1,4,1,3,2,4
disgust_10278,"A large, hairy arachnid (likely a whip spider or similar creature) photographed close-up on gravel — its spindly legs, fangs, and alien-like form are inherently creepy and repulsive to many viewers, evoking strong negative affect.",2,4,none,4,4,3,1,1,2,2
anger_07968,"A clenched fist punching through a water surface against a stark black background conveys raw aggression and explosive force, evoking high-intensity negative arousal.",2,5,people_present,4,1,3,1,1,5,3
amusement_12053,"A Donald Duck mascot character at what appears to be a Disney parade or event, surrounded by cheerful crowds, colorful balloons, and flowers — a lively, festive scene evoking fun and excitement.",6,4,prominent_faces,1,1,3,5,4,4,3
fear_11451,A person in a zombie ballerina Halloween costume with fake blood and dark makeup evokes a mix of mild unease and dark humour — the theatrical gore and eerie expression are unsettling yet clearly a playful costume context.,3,3,prominent_faces,3,3,3,4,1,2,3
contentment_13631,"A beaming bride-to-be in a bridal veil and swimsuit celebrates in a pool surrounded by festive balloons, radiating joyful celebration and lighthearted fun.",6,4,prominent_faces,1,1,3,5,4,4,4
amusement_09557,"The vivid, theatrical dragon/lion dance costume with bold orange fur, swirling blue-and-white paintwork, and bulging eyes bursts with festive energy and cultural spectacle, evoking celebratory excitement and a hint of playful surprise.",6,4,people_present,2,1,4,4,3,5,4
amusement_11554,"A convivial shared meal scene with abundant food, beer, and people gathered around a table evokes a warm, socially positive feeling of enjoyment and contentment.",6,2,people_present,1,1,2,2,4,2,4
contentment_12892,"A cheerful family selfie outside a store with two smiling adults, a young toddler in a shopping cart, and a third adult — the relaxed, sunny, social scene radiates warmth and lighthearted joy.",6,3,prominent_faces,1,1,2,4,5,3,3
excitement_16278,"A joyful young woman with rainbow face paint smiles broadly at a Pride parade surrounded by cheering crowds and rainbow flags, radiating high-energy celebration and inclusive warmth.",7,5,prominent_faces,1,1,2,5,5,5,4
excitement_10505,"A high-contact women's rugby tackle in progress, with multiple players colliding at full force — the physical intensity, competitive aggression, and kinetic energy of the scene are the dominant emotional drivers.",5,5,prominent_faces,3,1,2,1,1,5,3
awe_08056,"A shallow, rocky riverbed under a partly cloudy blue sky with a distant bridge and lush greenery conveys quiet, modest tranquility — slightly pleasant but a touch desolate due to the low water level and barren sandy banks.",4,2,none,1,1,2,1,3,2,3
disgust_07759,"A heavily rotting jack-o'-lantern covered in mold and decay evokes mild disgust and dark humour simultaneously — the festive Halloween form clashes with its decomposing, fuzzy-mold-covered state.",2,3,none,2,4,3,2,1,2,2
sadness_06627,"A solitary man with a serious, slightly pensive expression gazes off-camera in a dim, blurred nighttime crowd setting, evoking a quiet, introspective mood with mild melancholy undertones.",3,2,prominent_faces,1,1,2,1,2,2,3
anger_04951,"A black cat with its mouth wide open, fangs fully bared — likely mid-hiss or yowl — creates a striking, mildly threatening close-up that feels intense and slightly unsettling, yet also somewhat comically dramatic.",3,4,none,3,2,2,2,1,4,3
sadness_05908,"A children's memorial site with ""Pray for Our Little Angels"" headstones surrounded by weathered stuffed animals, toys, and trinkets evokes deep grief and sorrow for lost young lives.",2,2,none,1,1,3,1,2,1,2
excitement_15184,"A young woman is beaming with a wide open smile, giving a thumbs-up while proudly showing off her new white iPhone in a sunny parking lot — a clearly celebratory, high-energy, positive moment.",7,4,prominent_faces,1,1,2,4,4,4,3
amusement_17137,"A cheerleader mid-cheer with pom-poms, smiling and energetic at a sports event, evokes excitement and positive high-energy arousal.",6,4,prominent_faces,1,1,2,4,3,4,3
excitement_12324,"An underwater shot of a lone diver suspended in vast, luminous blue water above a coral reef evokes a sense of awe and serene wonder — the immensity of the ocean, the ethereal light filtering from above, and the solitary human figure create a feeling of grand, peaceful exploration.",6,3,people_present,2,1,5,2,2,2,5
anger_08182,"A dramatic nighttime fire with cylindrical clay/ceramic vessels arranged in a burning pit emits bright, intense flames against a dark background, evoking primal energy, warmth, and a sense of awe mixed with mild danger.",5,4,none,3,1,4,1,4,4,4
sadness_12756,"A solitary child sits with their back turned on a concrete ledge, gazing into lush greenery with a bicycle in the foreground — the composition evokes quiet introspection and gentle melancholy, with a sense of loneliness or contemplative solitude.",2,2,people_present,1,1,2,2,2,1,3
amusement_13494,"A warmly lit, beautifully decorated Christmas tree surrounded by gifts evokes a strong sense of holiday joy, comfort, and festive cheer — the golden lights and colourful ornaments create an inviting, nostalgic atmosphere.",6,2,none,1,1,2,3,5,2,4
disgust_08946,"A trash bin overflowing with discarded single-use coffee cups evokes a sense of waste, environmental neglect, and mild repulsion — the dominant feeling is one of negativity tied to pollution and throwaway culture.",2,2,none,2,3,2,1,1,1,1
contentment_14637,"A chinstrap penguin strutting along a beach with its beak open and flippers out in an expressive, almost comedic pose evokes delight and lighthearted amusement against a picturesque Antarctic backdrop.",6,3,none,1,1,3,5,3,4,4
contentment_07452,"A graceful white swan gliding serenely on still, softly rippling water with a clear reflection evokes quiet beauty and peaceful contentment — elegant, calm, and aesthetically pleasing with no threat or tension.",6,2,none,1,1,2,1,3,2,5
fear_11550,"A highly detailed, eerily lit jack-o'-lantern carved with a contorted, grotesque human-like face glowing red-orange in complete darkness evokes strong unease and fright, amplified by its uncanny realism and dramatic low-key lighting.",2,4,prominent_faces,4,3,4,2,1,3,3
awe_09254,"A vividly coloured orange Gulf Fritillary butterfly perched on delicate white jasmine flowers against lush green foliage evokes a serene yet visually delightful natural moment — peaceful, beautiful, and gently uplifting.",6,2,none,1,1,3,2,4,2,4
sadness_11621,"The image shows severe fire damage to a red barn with charred, collapsed debris and blackened wood, evoking a strong sense of loss, destruction, and distress.",1,3,none,4,2,2,1,1,2,1
fear_14187,"A grotesque horror-themed figure/doll with a ghoulish skeletal face, pale decaying skin, bared teeth, and unsettling pale eyes wearing a vampire-like costume — designed to disturb and unsettle the viewer.",2,4,none,4,4,3,2,1,2,2
awe_12076,"A sunlit coastal scene with sparkling waves, rocks, and a lone bird silhouetted on the shore evokes quiet contentment and mild awe — the glittering light on the water and crashing surf add gentle energy and grandeur without any threat or negativity.",6,2,none,1,1,3,2,3,3,4
amusement_19227,A beautifully plumaged bird with a rich chestnut head and slate-grey body perches calmly among lush green foliage — the crisp nature photography evokes quiet contentment and gentle appreciation of natural beauty.,6,2,none,1,1,3,2,4,2,4
awe_14454,"The vast, open high-altitude plateau stretching toward snow-capped mountain peaks under a dramatic blue sky evokes a sense of grand, remote majesty — the sheer scale and isolation of the landscape dominates the emotional tone.",6,3,none,1,1,5,1,2,2,5
contentment_16005,"A small black-and-white kitten is curled up asleep on a soft grey knitted blanket, radiating pure coziness, calm, and domestic comfort — the dominant feeling is peaceful contentment.",6,1,none,1,1,2,2,5,1,4
sadness_11281,"A man sits at a cluttered office desk with his head in his hands, body language strongly conveying stress, overwhelm, or despair — evoking a heavy, low-energy negative feeling.",2,2,prominent_faces,1,1,2,1,1,1,2
awe_15000,"A sweeping alpine meadow bursting with vivid red wildflowers, scattered boulders, evergreen trees, and snow-capped peaks under a partly cloudy sky evokes a sense of grandeur and serene natural beauty, pointing strongly toward awe and contentment.",6,3,none,1,1,4,1,3,2,5
amusement_11289,"A spectacular nighttime fireworks display reflected on still water, bursting with vibrant greens, pinks, and golds — visually grand, celebratory, and awe-inspiring with strong symmetry and dynamic energy.",7,5,none,1,1,5,3,3,5,5
sadness_12676,"A weathered, moss-spotted gravestone in an overgrown, barren cemetery photographed in black and white evokes solemnity, melancholy, and a sense of eerie unease — death and decay are the dominant themes.",2,3,none,3,2,2,1,1,2,3
contentment_15727,"A family — a father and two children — are smiling together in a sunny outdoor pool, evoking warmth, joy, and relaxed holiday contentment.",6,2,prominent_faces,1,1,2,3,5,2,4
anger_04817,"A tiger roaring with wide-open jaws and bared fangs in dense jungle foliage conveys raw predatory aggression and immediate threat, triggering strong feelings of fear and danger.",2,5,none,5,1,3,1,1,5,4
anger_08803,"A crowd of young protesters, one prominently holding a sign reading ""La crisis climática es una crisis de derechos humanos"" (The climate crisis is a human rights crisis), conveying serious collective urgency and righteous determination rather than joy or fear.",3,4,prominent_faces,2,1,2,1,2,4,3
excitement_11001,"Mountain bikers racing down a steep, rocky hillside on an overcast day evokes high-energy excitement and mild tension from the precarious descent and motion blur.",6,4,people_present,3,1,3,2,2,5,3
disgust_11049,"A spider actively subduing and wrapping a yellow-jacket wasp in its web evokes visceral unease — the predatory struggle, venomous insects, and close-up detail of a life-or-death encounter triggers disgust and fear responses.",2,4,none,4,4,3,1,1,4,2
fear_07656,"A dark bronze statue of a cloaked, hooded figure hugging itself with downcast eyes conveys profound grief and solemnity — the posture of self-consolation and sorrow dominates the emotional tone.",2,2,prominent_faces,1,1,3,1,2,1,4
sadness_10235,"A person is slumped over what appears to be a gravestone with a rose bouquet beside them, shot in desaturated black-and-white with deep shadows — the composition strongly communicates grief, loss, and profound sorrow.",1,2,people_present,1,1,2,1,1,1,3
awe_08792,A vivid double rainbow arching over lush green trees and urban apartment buildings under a dramatic stormy-yet-clearing sky evokes a sense of wonder and uplifted calm — the classic post-storm relief and natural grandeur combination.,6,3,none,1,1,4,2,3,3,4
awe_14991,"A serene winter alpine landscape at golden hour — snow-covered foreground, a calm blue lake, pine-forested slopes, and warm alpenglow on majestic mountain peaks under a deep cobalt sky — evokes a strong sense of grandeur and peaceful wonder.",6,3,none,1,1,5,1,2,2,5
amusement_10652,"Children joyfully reaching for colorful soap bubbles while being held by a laughing adult outdoors — a vibrant, high-energy scene radiating pure delight and warmth.",7,4,prominent_faces,1,1,3,5,5,4,4
awe_14420,"A sweeping high-altitude mountain panorama in autumn colours under a moody overcast sky evokes quiet grandeur and awe — the vast layered ridgelines, golden-ochre alpine meadows, and brooding clouds combine to feel expansive, humbling, and serenely beautiful rather than threatening or playful.",6,3,none,1,1,4,1,2,2,
fear_08228,"A lone figure stands partially obscured in dark, tangled brush at night, lit by a harsh spotlight that creates an eerie, ghost-like appearance with red-eye effect — evoking a strong sense of unease and dread.",2,4,prominent_faces,4,1,3,1,1,3,3
awe_06385,"The ornate golden Buddhist temple architecture framing a solitary robed monk evokes a sense of serene reverence and cultural grandeur, with rich colors and intricate craftsmanship inspiring quiet awe.",6,2,people_present,1,1,4,1,3,2,5
disgust_05608,"A dark, grimy urban alleyway at night littered with black garbage bags, graffiti-covered walls, and scattered debris evokes a strong sense of neglect, decay, and urban squalor — primarily unpleasant and mildly repulsive.",2,2,none,3,4,2,1,1,1,1
anger_08465,"Two dogs with bared teeth and open mouths in an intense face-off evokes a mix of mock-aggression and rough play, creating a scene that reads as both energetic/exciting and mildly threatening.",4,4,none,3,1,2,4,2,5,3
excitement_14259,"A snowboarder carves dynamically down a bright, snow-covered mountain slope under a vivid blue sky, conveying high-energy excitement and a sense of freedom and exhilaration.",6,4,people_present,2,1,3,4,2,5,4
awe_15149,"A lone white chapel sits at the end of a rugged stone causeway stretching into a moody, wave-lapped sea under a dramatic cloudy sky — the strong leading lines, vast open water, and solitary structure evoke a sense of grandeur, solitude, and quiet reverence.",5,3,none,2,1,4,1,2,3,5
contentment_15716,"A stunning extreme macro photograph of a honeybee on a flower reveals intricate detail — fuzzy golden hairs, compound eye, translucent wings — evoking natural wonder and quiet admiration rather than threat or unpleasantness.",6,3,none,2,1,4,2,3,2,5
amusement_17817,"A vintage carousel with ornately decorated horses evokes a cheerful, nostalgic fairground atmosphere — playful and visually rich, but calm and static without people actively riding it.",6,2,none,1,1,2,4,4,2,4
awe_13480,"A panoramic view of an ancient hilltop town seen through weathered stone battlements under a brooding overcast sky evokes quiet contemplation and mild melancholy, tempered by the grandeur of history and landscape.",4,2,none,1,1,4,1,2,2,4
fear_10668,"A group of people in elaborate zombie costumes with fake blood and gore makeup are marching together, likely at a Halloween event or zombie walk — visually intense and unsettling but also theatrical and playful in context.",3,4,prominent_faces,4,4,3,3,1,4,2
amusement_10242,"Two smiling, expressive people in a retail setting — one with a wide-open mouth and wide eyes conveying exuberant excitement, the other beaming warmly — project high positive energy and playful joy.",7,4,prominent_faces,1,1,2,5,4,4,3
fear_10796,"A cosplay/convention scene featuring an elaborately costumed ""Swamp Thing"" character alongside a woman in a white wig on stage, with an audience visible — the creative, humorous costumes and festive convention atmosphere evoke amusement and mild excitement.",6,3,prominent_faces,1,1,4,5,3,3,3
excitement_17781,"A surfer skilfully rides a large, powerful turquoise wave while others watch from the water — the dynamic action, impressive wave size, and athletic mastery combine to create a strong sense of exhilaration and awe.",6,4,people_present,2,1,4,3,2,5,4
fear_13967,"A fossilized hominid skull on museum display evokes unease and morbidity — the dark hollow eye sockets and exposed bone create a visceral, slightly unsettling affect with no warmth or playfulness.",2,3,none,2,3,3,1,1,1,2
fear_10716,"A close-up macro photo of a large, hairy spider dominates the frame, evoking strong visceral aversion and unease — its eight splayed legs, dark abdomen, and predatory appearance trigger fear and disgust responses.",2,4,none,4,4,2,1,1,2,2
contentment_12006,A lush citrus tree with ripening fruit in a green garden setting evokes quiet contentment and peaceful appreciation of nature.,6,2,none,1,1,2,2,4,2,4
contentment_15520,"A toddler in pink joyfully runs through a vast field of American flags, evoking a sense of patriotic reverence, innocent wonder, and bittersweet solemnity — the sheer scale of flags suggests a memorial context that blends awe with quiet emotional weight.",6,3,prominent_faces,1,1,4,3,3,3,4
fear_12965,"A person in a stained jumpsuit wearing a disturbing mask at night evokes a strong unsettling/threatening atmosphere reminiscent of horror, with dark lighting, fake gore, and an imposing masked figure as the focal point.",2,4,prominent_faces,4,4,3,2,1,3,2
awe_09292,"A cheerful young girl in a pink dress and bow sits smiling in a stroller outdoors, evoking warmth, innocence, and gentle joy.",6,2,prominent_faces,1,1,2,3,5,2,4
contentment_13481,"A smiling young woman in a life jacket sits relaxed at a marina, cheerfully offering a Red Bull to the camera — the sunny waterfront setting, bright smile, and playful gesture combine to project an upbeat, carefree, and pleasantly energetic mood.",6,3,prominent_faces,1,1,2,4,4,3,4
amusement_12176,"A cheerful young woman in whimsical, colourful vintage clothing smiles upward while surrounded by floating soap bubbles in a lush green park — the scene radiates joy, lightness, and playful delight.",6,3,prominent_faces,1,1,3,5,4,3,4
contentment_10085,"A smiling pregnant woman standing in a prepared nursery radiates warmth, happiness, and quiet anticipation — evoking a gentle, positive emotional tone with minimal threat or tension.",6,2,prominent_faces,1,1,2,2,5,2,4
amusement_15213,"A crowd of festival-goers with a central figure screaming joyfully, wearing a top hat and colorful bracelets, radiating high-energy celebration and uninhibited excitement.",6,5,prominent_faces,1,1,3,5,3,5,3
anger_09618,"Two lions are aggressively snarling and fighting in dry savanna grass — bared teeth, open jaws, and claws engaged evoke a strong sense of threat, raw aggression, and tension in the viewer.",2,5,none,5,2,3,1,1,5,3
fear_13135,"A grotesque, monstrous creature figure with reptilian/decayed skin texture looms forward in dramatic low-key lighting, evoking dread and revulsion rather than any positive emotion.",1,4,none,5,4,3,1,1,3,2
sadness_07173,"A young man in a plain red sweatshirt looks downward with a subdued, introspective expression in a dimly warm-lit, sparse room — the overall mood is quiet and slightly melancholic rather than positive or energized.",3,2,prominent_faces,1,1,2,1,2,1,2
awe_09970,"A newlywed couple dressed in ornate golden traditional Malay wedding attire, looking proud and joyful — the ceremony, rich colors, and cultural grandeur evoke a warm, celebratory, and deeply positive feeling.",6,3,prominent_faces,1,1,4,2,5,2,5
excitement_15086,"A man wakeboarding on a sunlit lake at speed creates a vivid spray of water — the action, bright colors, and outdoor recreation convey high-energy excitement and positive exhilaration.",6,4,prominent_faces,2,1,3,4,3,5,4
awe_10161,"A solitary figure walks along a misty, pastel-hued beach at dawn surrounded by swirling seagulls, evoking a melancholic yet quietly beautiful sense of solitude and vastness.",3,2,people_present,1,1,3,1,2,3,4
sadness_08260,"A monochrome image of a serene, praying Virgin Mary statue inscribed with ""Ave Maria gratia plena"" evokes quiet reverence and solemnity — the still pose, downcast eyes, and dark cemetery backdrop blend spiritual peace with a gentle, mournful gravity.",5,2,prominent_faces,1,1,3,1,3,1,4
amusement_12131,"The illuminated Singapore Flyer and glittering city skyline reflected on calm water at night creates a grand, visually spectacular scene that evokes a sense of wonder and majesty.",6,3,none,1,1,5,2,3,2,5
sadness_08178,"A gutted commercial interior strewn with a chaotic pile of broken metal framing, debris, and construction waste evokes a sense of disorder, loss, and mild distress — the destruction of a once-functional space.",2,2,none,2,3,2,1,1,2,1
disgust_10594,"The image shows a bloody animal carcass being butchered outdoors, with exposed viscera, intestines, and raw flesh spread on a tarp — strongly repulsive and viscerally disturbing content.",1,4,people_present,3,5,2,1,1,2,1
sadness_11248,"A close-up, sepia-toned portrait of an older dog with droopy, soulful eyes gazing upward evokes a gentle melancholy and quiet longing — the muted palette, dark vignetting, and the dog's heavy-lidded expression create a tender but bittersweet mood.",3,2,none,1,1,2,1,3,1,
contentment_13932,"A smiling couple leaning affectionately against each other on a couch radiates warmth, closeness, and everyday happiness — evoking a strong sense of contentment and comfort.",6,2,prominent_faces,1,1,2,3,5,2,4
contentment_10822,"A young girl with curly blonde hair beams while cuddling a boxer puppy — a classically heartwarming, joyful moment that radiates warmth, happiness, and gentle excitement.",7,3,prominent_faces,1,1,2,4,5,2,4
awe_12961,"A sun-drenched pastoral landscape with rolling green hills, a winding country road, and dramatic billowing cumulus clouds evokes a serene, expansive sense of peace and quiet grandeur.",6,2,none,1,1,3,1,4,2,4
awe_08307,"A sweeping aerial view of a beach at golden-orange sunset with a pier, calm waves, and tiny distant figures evokes a sense of grandeur, serene beauty, and peaceful wonder.",6,2,people_present,1,1,4,1,5,2,5
anger_06517,"A man screaming with mouth wide open, lit dramatically against pure black — the contorted face, aggressive posture, and high-contrast lighting project raw hostility and intense negative arousal.",1,5,prominent_faces,4,1,2,1,1,5,3
contentment_08858,"Two donkeys peacefully grazing nose-to-nose on a sunny green pasture — the scene is gentle, wholesome, and mildly charming, evoking quiet contentment with a touch of playful cuteness.",6,2,none,1,1,2,3,4,2,3
awe_10978,"A close-up macro shot of a small iridescent black beetle on a vivid yellow-and-white daisy evokes quiet natural curiosity and mild contentment — the crisp detail and fresh floral setting are pleasant but the insect's dark, somewhat alien form introduces a faint edge of unease.",5,2,none,1,2,3,2,3,2,4
excitement_13937,"A lively outdoor soccer match with players actively competing for a header, conveying energetic excitement and healthy competitive spirit in a pleasant, sunny setting.",6,4,people_present,1,1,2,3,3,4,3
excitement_18872,"Two women performing on an outdoor stage with microphones conveys an upbeat, energetic live-music atmosphere that evokes excitement and positive engagement.",6,4,prominent_faces,1,1,2,3,3,4,3
anger_06282,"A young girl with wide, teary eyes and an open crying mouth conveys acute distress — likely fear or sadness — generating a strongly negative, high-arousal emotional response in the viewer.",2,4,prominent_faces,2,1,2,1,2,3,2
sadness_11343,"A young boy with a furrowed brow, clenched expression, and open mouth displaying clear displeasure or frustration — the tense facial muscles and confrontational posture evoke a strong sense of negative arousal consistent with agitation or hostility.",2,4,prominent_faces,2,1,2,1,1,4,2
excitement_18731,"A laughing woman at a Pride event wearing a humorous cat meme t-shirt, surrounded by colorful festive crowd — the dominant feeling is joyful amusement driven by the playful humor of the shirt, the genuine laughter, and the vibrant celebratory atmosphere.",6,4,prominent_faces,1,1,3,5,4,4,3
disgust_06170,"The image of a dirty, rust-stained ashtray filled with crushed cigarette butts and ash evokes a strong sense of disgust and mild sadness — the grime, decay, and waste are visually repulsive and carry associations with unhealthy habits and neglect.",2,2,none,2,4,2,1,1,1,1
fear_09882,"Two people dressed as classic sheet ghosts in an autumn park setting — the costume-based ""spookiness"" is clearly playful and humorous rather than genuinely threatening, evoking lighthearted Halloween fun.",6,3,people_present,2,1,2,5,3,2,3
excitement_19579,"A densely packed, jubilant crowd celebrating what appears to be Amsterdam Pride, with rainbow accessories, cheering, raised hands, and festive energy — evoking high-arousal positive celebration.",7,5,prominent_faces,1,1,2,5,4,5,3
amusement_14245,"A festive Christmas parade scene with Santa Claus and a woman in a holiday sweater enthusiastically waving from a vintage red fire truck under bright blue skies — the dominant feeling is joyful, high-energy excitement driven by celebratory participation and holiday cheer.",6,4,prominent_faces,1,1,2,5,5,4,3
fear_13224,"The dark, narrow, claustrophobic tunnel shot in grainy night-vision style evokes a strong sense of dread and unease — the confined space, eerie green glowing lights in the distance, and oppressive darkness create a threatening, fear-inducing atmosphere.",2,4,none,4,1,3,1,1,2,2
awe_08088,"The image depicts Mono Lake's tufa towers silhouetted against a vivid, warm sunset with mirror-calm water and dramatic rock formations — a serene yet awe-inspiring scene that evokes a sense of grandeur and quiet wonder.",6,3,none,1,1,5,1,4,2,5
disgust_08476,"A hearty, indulgent diner-style meal smothered in gravy with condiments and drinks visible — messy and casual but appetizing, evoking mild contentment or comfort with a slight edge of excess.",5,2,none,1,2,2,2,4,2,3
sadness_08801,"A toddler is crying with an open mouth, tear-streaked face, and deeply furrowed expression, evoking strong feelings of distress and sadness in the viewer.",2,4,prominent_faces,1,1,2,1,2,4,3
amusement_08618,"A smiling man takes a selfie next to a colourful tiered display of cartoon plush toys (Powerpuff Girls and quirky marshmallow characters), radiating cheerful, playful energy that is clearly amusing and light-hearted.",6,3,prominent_faces,1,1,3,5,4,3,3
fear_06933,"The image shows the smoldering ruins of the World Trade Center collapse — massive twisted steel skeletons, deep voids, and smoke rising from the wreckage — evoking an overwhelming sense of catastrophic destruction, profound grief, and dread.",1,5,none,5,2,5,1,1,4,1
contentment_07225,A vividly detailed monarch butterfly perched on a pristine white flower evokes quiet wonder and serene beauty — the rich orange-and-black patterning and sharp macro detail inspire gentle awe and contentment.,6,2,none,1,1,4,2,4,2,5
contentment_15659,"A lone figure with a backpack stands at the edge of a calm alpine lake, gazing into a vast corridor of snow-capped mountains — the scene's grand scale, cool tones, solitude, and stillness evoke a contemplative, quietly awe-inspiring feeling tinged with melancholy.",5,2,people_present,1,1,5,1,2,2,5
disgust_04991,"A close-up macro photograph of a vividly patterned nudibranch (sea slug) crawling over a rocky substrate — its frilly, ruffled mantle edges in yellow, orange, and iridescent blue-white are visually striking and unusual, evoking curiosity and mild awe at the strangeness of deep-sea life.",5,3,none,1,2,5,2,2,2,
fear_12466,"The image depicts a decayed, debris-strewn corridor of an abandoned building with a collapsing ceiling, peeling walls, graffiti (including a red X and an eerie smiley face), and what appears to be animal remains on the floor — creating a strong atmosphere of dread, desolation, and repulsion.",2,4,none,4,4,3,1,1,2,
awe_07830,"A dramatic glacial valley with snow-capped peaks reflected in a perfectly still dark lake evokes profound awe and serene grandeur — the mirror-like reflection and imposing scale of the mountains create a sublime, almost otherworldly stillness.",6,3,none,2,1,5,1,2,2,5
awe_13821,"Two children posing happily in front of a fairy-tale Disney castle surrounded by vibrant flower beds evokes a strong sense of joy, wonder, and family warmth — a quintessential magical vacation moment.",6,3,prominent_faces,1,1,4,4,4,3,4
sadness_11213,"A young man sits alone in a desolate, run-down urban environment with his head resting on his hand in a classic melancholic pose, conveying isolation and quiet despondency.",2,2,prominent_faces,1,1,2,1,1,1,3
sadness_09471,"A lone man gazes downward in profile, backlit by cold fluorescent light through frosted glass — the dramatic silhouette, downcast posture, and muted blue tones convey deep introspection and melancholy.",2,2,prominent_faces,1,1,3,1,1,1,4
disgust_10544,"The image shows a murky, brownish stew or soup bubbling in a metal pot — the unappetizing color, thick chunky texture, and greasy surface are visually off-putting, evoking mild disgust rather than appetite or comfort.",2,2,none,1,4,2,1,2,2,1
fear_08063,"A deliberately grotesque Halloween display featuring a skull-faced demon figure with bat wings, bloody props, and knitted horror dolls — the macabre novelty and disgusting imagery dominate, blending dark humour with unsettling repulsion.",2,4,none,3,4,4,3,1,3,2
awe_07689,"A richly adorned religious statue of a crowned Madonna figure holding a staff and sceptre, rendered in gold and green robes — it evokes reverence, solemnity, and quiet awe through its grandeur and sacred iconography.",6,2,prominent_faces,1,1,4,1,3,2,4
sadness_12728,"A weathered cemetery statue of a veiled, faceless mourning figure clutching flowers evokes a strong sense of grief and eerie dread — the obscured face and funerary context create both sorrow and unsettling unease.",2,4,prominent_faces,4,1,4,1,1,2,4
excitement_08886,"A bearded man performs live on stage, playing acoustic guitar and singing into a microphone under warm stage lighting — the scene radiates positive, intimate energy consistent with contentment or mild excitement from a live music performance.",6,3,prominent_faces,1,1,2,2,4,3,4
anger_06847,A flaming barrel floating on water in an industrial setting creates a vivid sense of danger and intensity — the roaring fire dominates the scene and evokes alarm and visceral threat.,2,5,none,5,2,3,1,1,5,2
amusement_16266,"A laughing young girl kneads cookie dough with cutters and a rolling pin — the scene radiates pure joy, warmth, and lighthearted fun, evoking an overwhelmingly positive, playful domestic moment.",7,4,prominent_faces,1,1,2,5,5,4,4
excitement_08661,"A climber scaling a dramatic frozen waterfall with crampons and ropes conveys high-stakes physical exertion and exhilaration, with an impressive natural backdrop that evokes both awe and excitement.",6,5,prominent_faces,4,1,4,2,1,5,4
contentment_14847,"A rosy-cheeked boy beaming while hugging a fluffy golden puppy on green grass radiates pure warmth and affection, evoking a strong sense of innocent joy and contentment.",7,2,prominent_faces,1,1,2,4,5,2,4
sadness_10014,"A lone person sits in quiet, pensive contemplation against a forested mountain backdrop, evoking a melancholic, introspective mood — the muted vintage tones, solitary posture, and distant gaze reinforce a gentle sadness or wistful contentment.",3,2,prominent_faces,1,1,2,1,2,1,3
disgust_07075,"A vast, chaotic landfill mounded with garbage, heavy machinery, and a massive swarm of scavenging birds evokes a strong sense of repulsion and environmental despair — the scale of waste is striking but deeply unpleasant.",2,3,none,2,5,3,1,1,3,1
awe_10164,"A Great Blue Heron tends to its clutch of pale blue eggs in a large twig nest — a rare, intimate wildlife moment captured by a Cornell Lab nest cam that evokes gentle wonder and a quiet sense of natural beauty and new life.",6,2,none,1,1,4,1,4,2,4
fear_06663,"A glowing, outstretched hand pressed against glass with what appear to be nail/screw holes at the base of the palm — a direct visual reference to crucifixion stigmata — creates a deeply unsettling, ominous atmosphere that blends religious dread with bodily violation.",2,4,people_present,4,3,4,1,2,3,3
anger_06108,"A bald, heavily-tattooed middle-aged man with a long grey beard looks downward with a closed, subdued expression against a plain white background, evoking a quiet, introspective melancholy.",2,2,prominent_faces,1,1,2,1,2,1,3
disgust_04741,"Discarded takeaway food container with rotting leftover food wrapped in plastic, dumped on a moss-covered, dirty ground — the scene is grimy, neglected, and mildly repulsive, evoking disgust and mild sadness.",2,2,none,1,4,1,1,1,1,1
disgust_10151,"A traditional Asian wet market scene showing whole animal carcasses (goat/lamb and what appears to be a dog) hanging from hooks, with additional raw meat and organs on display — the graphic, visceral nature of the scene is likely to provoke strong disgust and discomfort in most Western viewers.",2,4,people_present,2,5,3,1,1,3,1
anger_07019,"A politically charged protest scene featuring a provocative and inflammatory sign with conspiracy-theory messaging, evoking strong negative reactions including anger and social tension.",2,4,prominent_faces,4,4,2,1,1,4,1
sadness_11068,"A close-up portrait of a young puppy with wide, soulful eyes gazing directly at the camera evokes a tender, bittersweet feeling — the slightly melancholic expression and monochrome rendering invite empathy and a gentle ache of endearment.",5,2,none,1,1,2,2,4,1,5
disgust_08222,"A murky, algae-filled bottle wedged between grey metal bars against a bleak, desaturated background evokes an unsettling, grimy feeling — the decaying organic matter and neglected environment suggest mild disgust and melancholy.",2,2,none,1,4,2,1,1,1,2
fear_10387,"The kaleidoscopic mirror-symmetry of colorful wrapped Hershey's Kisses and candies creates a visually striking, playful, and slightly surreal pattern that evokes delight and mild wonder through its candy-store vibrancy and unexpected symmetrical transformation.",6,3,none,1,1,4,4,3,3,4
sadness_10280,"Fallen, dry autumn leaves scattered across old cobblestones evoke a quiet, melancholic sense of seasonal decay and passage of time, with muted warmth from the earthy amber tones but an overall subdued, still atmosphere.",3,1,none,1,1,2,1,2,1,3
disgust_10855,"A large raw tied roast of meat sits on butcher paper — the visceral close-up of raw flesh, sinew, and fat strongly evokes disgust/unease in many viewers, with low warmth, low playfulness, and moderately negative valence.",2,3,none,2,4,2,1,1,1,2
amusement_17636,"A large, violent explosion of fire and pyrotechnic sparks erupting at night dominates the scene, creating an overwhelming sense of intense energy, spectacle, and potential danger that is simultaneously awe-inspiring and threatening.",3,5,none,4,1,4,1,1,5,3
disgust_05147,A large ceramic ashtray overflowing with dozens of used cigarette butts and a crumpled American Spirit pack evokes a strong sense of disgust and mild sadness — the accumulated waste signals unhealthy excess and neglect.,2,2,none,2,4,2,1,1,1,1
contentment_15353,"A vibrant, close-up bouquet of purple roses, orange roses, white alstroemeria, and green foliage radiates visual richness and beauty, evoking a strong sense of pleasure and contentment through its lush colors and floral abundance.",6,2,none,1,1,2,2,4,2,5
awe_13785,"A sweeping golden sunrise over a dewy green meadow with distant mountains and mist creates a sense of grandeur and serene wonder — the vast, luminous scene is visually breathtaking and emotionally uplifting.",6,3,none,1,1,4,1,4,3,5
fear_12607,"A person wearing highly convincing skull/zombie horror makeup with cracked, decayed skin effect stares intensely at the camera while clutching their own head — the dark monochrome tone, skeletal face paint, and aggressive expression create a strongly threatening and disturbing atmosphere designed to provoke dread.",1,5,prominent_faces,5,4,3,1,1,4,2
fear_06914,"A dark, horror-themed image of a zombie/monster with bloodied face, white eyes, and fangs biting into a victim covered in wounds and cuts — strongly evokes dread and revulsion with high threat and disgust cues.",1,5,prominent_faces,5,5,3,1,1,4,2
excitement_17580,"A confident, smiling young woman in branded athletic wear poses playfully at an outdoor event in sunny weather, evoking a cheerful and energetic mood.",6,3,prominent_faces,1,1,2,4,4,3,4
disgust_05974,"A vast indoor pile of mixed waste and debris in a grimy warehouse, with fumes/smoke rising overhead, evokes strong disgust and a sense of bleakness with no redeeming warmth or joy.",2,3,none,2,5,2,1,1,2,1
amusement_10486,"A vibrantly costumed carnival performer dancing on a parade float radiates festive energy and joy, evoking high excitement and positive arousal through dazzling sequined attire, a beaming smile, and a dynamic pose.",7,5,prominent_faces,1,1,4,5,4,5,5
disgust_09430,"A dirty urban gutter filled with litter and debris under harsh yellow artificial lighting evokes a sense of neglect and urban decay, with the dominant feeling being unpleasantness/repulsion from the filth and desolation.",2,2,none,2,4,1,1,1,1,1
excitement_18536,"A large group of jubilant young people at an outdoor celebration, laughing, posing, and showing high-energy enthusiasm — strongly evokes excitement and amusement through uninhibited joy and social exuberance.",6,5,prominent_faces,1,1,2,5,4,5,3
fear_14639,"A tattooed woman lies curled and prostrate on dry hay beneath a withered, dying sapling in a dim, bare concrete space — the composition strongly evokes grief, vulnerability, and despair.",2,2,people_present,2,1,3,1,1,1,4
anger_09913,"An aerial view of a large-scale wildfire with intense orange flames and billowing black smoke across a vast landscape evokes a strong sense of threat, danger, and alarm — the scale of destruction and the vantage point from an aircraft amplify the feeling of helplessness and dread.",2,5,none,5,2,4,1,1,5,2
anger_08152,"The image shows a protest rally with people holding signs against sexual violence (""Stop Rape,"" ""Take No""), a cross marked ""RIP,"" and an advertisement for a related theatrical play — evoking a mix of moral outrage, grief, and determined solidarity.",2,4,prominent_faces,3,2,2,1,2,4,2
sadness_05917,"A close-up black-and-white portrait of a young child with wide, glistening eyes and visible tear streaks on their cheeks evokes a strong sense of vulnerability and sorrow, heightened by the dark background and the child's upward, pleading gaze.",2,3,prominent_faces,1,1,2,1,1,2,3
awe_06780,"A dense hillside settlement blanketed in snow under a heavy grey sky conveys a bleak, somber atmosphere — the harsh winter conditions, crowded poverty-level housing, and muted tones evoke a sense of hardship and melancholy.",2,2,none,2,1,3,1,1,1,3
contentment_16181,"A cheerful young girl glancing back with a smile while wearing a denim jacket evokes a warm, lighthearted sense of contentment and innocence.",6,2,prominent_faces,1,1,2,3,4,2,4
anger_06171,"A young man stares intensely into the camera while holding burning newspapers on both sides of his face in a dark, dramatically lit scene — the fire, sparks, and defiant expression create a charged, rebellious, and slightly threatening atmosphere.",3,5,prominent_faces,4,1,4,1,1,5,4
fear_09776,A skeletal figure decorated with colorful flowers and ribbons mounted on a wall — macabre yet festive (Day of the Dead style) — evoking an unsettling but whimsical mix of creepiness and playful decoration.,3,3,none,3,3,4,3,2,2,3
awe_13306,"A vast, snow-capped mountain range under a vivid blue sky with warm autumnal tundra in the foreground evokes a powerful sense of grandeur and sublime scale, inspiring awe through sheer natural magnitude and visual splendor.",6,3,none,1,1,5,1,3,2,5
fear_09856,"A close-up macro shot of a hairy spider lurking in its funnel web staring directly at the viewer triggers a strong primal aversion and unease — its multiple eyes, fangs, and spiny legs filling the frame evoke both disgust and fear.",2,4,none,4,4,3,1,1,2,2
amusement_12667,"The warm, dim candlelit glow, sparkling champagne flutes, and elegantly wrapped gifts create a deeply cozy, festive, and celebratory atmosphere that evokes contentment and excitement.",6,3,none,1,1,2,2,5,2,5
sadness_06294,"A child's handwritten letter or poem with innocent drawings has been severely burned, its charred and blackened edges evoking a sense of loss, destruction of innocence, and deep sadness.",2,3,none,3,2,3,1,1,2,2
excitement_15785,"A vibrant street carnival scene filled with dancing, colorful costumes, and joyful crowd energy strongly evokes excitement and celebratory high arousal positivity.",7,5,prominent_faces,1,1,3,5,4,5,4
sadness_06735,"A young child with curly hair is laughing or exclaiming with an open mouth and joyful expression, sitting on a couch in a candid black-and-white photo — the dominant feeling is warm, light-hearted delight.",6,3,prominent_faces,1,1,2,4,5,3,3
anger_10195,"A punk/hardcore concert scene with a screaming vocalist mid-performance, crowd surging around them — the raw physical intensity, open mouth, outstretched arms, and chaotic energy strongly signal high-arousal, high-energy emotional activation.",5,5,prominent_faces,3,1,3,2,2,5,3
fear_12329,"A jack-o'-lantern carved with a sinister clown face (resembling Pennywise from IT), glowing ominously in the dark — this creates a creepy, unsettling atmosphere with a slight playful Halloween edge.",2,4,none,4,1,3,3,1,3,4
anger_08489,"A protest sign demanding the EU's future not be gambled with conveys collective frustration and urgency, evoking strong negative-activating emotions tied to political grievance.",2,4,people_present,2,1,2,1,1,4,2
excitement_10301,"A gleeful toddler with wild blonde curls laughs wide-mouthed outdoors, radiating pure joyful excitement and high positive energy.",7,5,prominent_faces,1,1,2,5,5,5,4
contentment_09822,"A lively group of giraffes — adults and juveniles — gathered around a feeding pole in a lush green zoo setting, creating a charming, wholesome, and visually engaging scene that evokes warmth and gentle delight.",6,3,none,1,1,3,4,4,3,4
awe_07920,"A dramatic red bridge spans a sheer rocky gorge with a deep drop below, set against a mountainous Andean-style landscape — the vertiginous cliff edge and exposed height evoke a mild sense of awe and unease.",4,3,none,3,1,4,1,2,2,4
fear_12498,"A highly detailed zombie bride prop/costume drenched in fake blood with a grotesque decayed face mask evokes strong disgust and fear — the gore is vivid, the figure is unsettling, and the horror-Halloween context amplifies the disturbing visceral reaction.",1,4,prominent_faces,4,5,3,2,1,3,2
disgust_04676,"Overflowing purple recycling bins surrounded by scattered rubbish bags and cardboard in an urban setting evokes a strong sense of disorder, neglect, and visual unpleasantness, with disgust as the dominant affective response.",2,3,none,2,4,2,1,1,2,1
fear_09536,"The dramatic double-exposure of railroad tracks converging to infinity overlaid with billowing fire and scorched orange textures creates an intense, ominous atmosphere — simultaneously awe-inspiring in its surreal scale and unsettling due to the fire and sense of inescapable danger ahead.",2,5,none,4,1,4,1,1,5,4
amusement_17468,"A tiny South Park ""Butters"" figurine perched on a mossy river rock with its warm golden reflection in shallow water evokes gentle charm and whimsy — playful nostalgia balanced by the quiet, solitary stillness of the natural setting.",6,2,none,1,1,3,4,4,1,4
contentment_13349,"A young girl with pigtails wearing a cute smile looks toward an older girl (likely a sibling or relative) in a warm restaurant setting, evoking a gentle, heartwarming sense of family connection and innocent delight.",6,2,prominent_faces,1,1,2,3,5,2,3
awe_08054,"A sweeping aerial view of a Norwegian fjord landscape with snow-capped mountains, a reflective alpine lake in the foreground, and a vast calm fjord below — the scale, grandeur, and serene beauty evoke deep wonder and quiet reverence.",6,3,none,1,1,5,1,2,2,5
contentment_10993,"A vivid, fiery orange poppy in full bloom dominates the frame against lush green foliage, evoking a sense of calm natural beauty and quiet contentment with its rich color and peaceful garden setting.",6,2,none,1,1,2,1,4,2,4
disgust_05441,"The image shows a heavily deteriorated, abandoned public bathroom with stained urinals, peeling paint, rust, and debris — evoking strong disgust and sadness through decay and neglect.",1,3,none,2,5,2,1,1,1,1
disgust_07005,"A neglected urban vacant lot strewn with litter, broken debris, and overgrown bare trees in a grey, overcast setting strongly evokes feelings of decay, neglect, and sorrow, with a secondary undercurrent of disgust at the visible waste and squalor.",2,2,none,2,4,2,1,1,1,1
contentment_16437,"A young woman is lying back in bright sunlight, wearing sunglasses and a blue top, with a subtle relaxed expression — the scene radiates leisurely warmth and quiet contentment.",6,2,prominent_faces,1,1,2,2,4,2,3
anger_10884,"A politically charged street protest scene with people in matching green shirts holding ""STOP Desahucios"" (Stop Evictions) signs in front of what appears to be a Barclays bank, with one protester dramatically elevated on the building ledge — conveying collective frustration, urgency, and civil unrest.",2,4,prominent_faces,3,1,3,1,2,4,
contentment_15077,"A sun-drenched pumpkin patch on a crisp autumn day, with a hand proudly presenting a perfectly round, vibrant orange pumpkin — the scene radiates seasonal warmth, abundance, and cheerful simplicity.",6,2,people_present,1,1,2,3,5,2,4
fear_14714,"The deep red Māori wood carving (whakairo) depicts an intense, stylised ancestral figure with glaring pāua-shell eyes and elaborate spiral motifs, evoking a sense of awe and mild unease through its powerful, imposing presence.",3,4,none,3,1,5,1,2,4,5
contentment_15294,"The warm golden-orange light bathing layered red sandstone cliffs against a vast, calm ocean at dusk creates a serene yet subtly grand scene that evokes quiet contentment and mild awe.",6,2,none,1,1,3,1,4,2,4
excitement_09308,"A vibrant Pride parade scene with people in colorful, festive costumes dancing and celebrating with pom-poms, radiating high energy, joy, and communal exuberance.",6,5,prominent_faces,1,1,3,5,4,5,4
excitement_16834,"A young male athlete is captured mid-air executing a powerful, high kick on a blue sports field, conveying explosive energy and athletic excitement — the dynamic pose and competitive context dominate the emotional tone.",6,4,prominent_faces,1,1,3,2,2,5,4
awe_06907,"A smiling young woman with a prosthetic leg wears a bright lime-green crop top reading ""NO LIMITS,"" radiating confidence, joy, and empowerment — evoking strong positive affect with uplifting energy.",6,3,prominent_faces,1,1,3,3,4,3,4
fear_07984,A dramatic museum diorama of a feathered theropod dinosaur attacking or dominating another dinosaur with open jaws and vivid coloring evokes a mix of awe at the spectacle and mild threat/danger from the predatory scene.,4,4,none,4,1,5,1,1,4,4
sadness_06597,"The stark black-and-white close-up portrait with dramatic chiaroscuro lighting, a guarded downward gaze, and a skull ring creates a brooding, melancholic, and slightly unsettling mood — low warmth, low playfulness, and moderate arousal driven by the intensity of the expression and high-contrast composition.",2,3,prominent_faces,2,1,3,1,1,2,
disgust_07598,A venomous-looking coiled snake camouflaged among rocks and dry branches triggers a visceral threat response — the primary dominant feeling is apprehension/unease driven by the proximity of a dangerous predator in a naturalistic setting.,2,4,none,5,2,3,1,1,2,2
anger_10467,"An elderly man points his finger assertively while speaking with an intense expression, suggesting confrontation or strong conviction — evoking a sense of agitation or forceful emotion rather than calm or joy.",2,4,prominent_faces,2,1,2,1,2,4,3
sadness_07301,"A monochrome cemetery angel statue holding wilted flowers before a cross-topped tomb evokes solemnity, mourning, and quiet awe — beautiful yet deeply melancholic in its funerary context.",2,2,none,2,1,4,1,1,1,5
excitement_17413,"Two young women in bikini tops sitting on a snowy slope, looking relaxed and carefree — an unusual, slightly daring scene that blends warmth of social connection with the novelty of being lightly dressed in a wintry environment, evoking a lighthearted, adventurous mood.",6,3,prominent_faces,1,1,4,4,3,3,
awe_08308,"The sweeping vista of Big Indian Canyon — a vast, deep gorge framed by green highland plateaus under a dramatic cloud-filled sky — evokes a strong sense of grandeur and expansiveness, characteristic of awe at nature's scale.",6,3,none,1,1,4,1,3,2,4
anger_04922,"An extreme close-up of a male lion with a slightly open mouth, intense forward gaze, and visible teeth creates a powerful sense of threat and intimidation — the dominant feeling is primal unease or fear.",2,5,none,4,1,3,1,1,4,4
anger_09659,"A large residential house is fully engulfed in flames and thick black smoke, with charred structural remains visible and a firefighter battling the blaze — a scene of destruction, danger, and loss that evokes strong distress.",1,5,people_present,5,2,3,1,1,5,2
anger_11153,"The book cover shows a hockey player in full gear with an intense, gritted-teeth expression charging forward with a stick, conveying aggression, competitive intensity, and high-energy sport action.",5,4,prominent_faces,3,1,2,2,1,5,3
amusement_18115,"A shiny red Christmas ornament hanging on a festive tree evokes warmth, holiday nostalgia, and quiet contentment — the rich crimson glow and soft background light create a cozy, aesthetically pleasing scene with no threat or negativity.",6,2,none,1,1,2,2,5,1,4
sadness_06665,"A dark, grainy black-and-white photograph of aged, weathered grave slabs or coffin-shaped tomb covers in a cemetery evokes a heavy sense of dread and sorrow — the gloom, decay, and funereal subject matter create a deeply unsettling, mournful atmosphere.",1,3,none,3,2,2,1,1,1,2
sadness_08259,"A weathered, moss-covered stone angel statue in a cemetery-like autumn setting conveys solemnity and quiet melancholy, evoking a subdued, introspective sadness through its aged, deteriorating form and contemplative downward gaze.",2,2,none,1,1,3,1,1,1,3
disgust_06894,"A large, vividly-coloured orb-weaver spider dominates the frame on its web surrounded by wrapped prey remains, combining visceral unease from the creature's alien appearance and dead prey with a degree of natural wonder at its striking colouration.",2,4,none,4,4,4,1,1,3,3
disgust_06607,"A sea spider (pycnogonid) clinging to a dark encrusted substrate underwater — its spindly, alien-looking limbs and unsettling body form evoke mild unease and creepiness, nudged toward disgust/fear rather than wonder.",2,3,none,3,3,3,1,1,2,2
contentment_08831,"A lone pigeon walking on bare dirt in a shaded park setting conveys quiet solitude and mild melancholy, with lush green bokeh softening any harshness — evoking a calm, slightly subdued but peaceful mood.",4,1,none,1,1,2,2,3,2,3
amusement_15745,"A sun-drenched Greek Orthodox church with bright white walls, terracotta dome, and vivid blue sky evokes a serene, uplifting sense of contentment and quiet beauty.",6,2,none,1,1,3,1,4,2,4
excitement_16193,"A flamboyant drag performer in a sequined Union Jack dress, rainbow wig, ruffled boas, and matching boots marches confidently through a rainy Pride parade — the extravagant costume, waving gesture, and festive crowd create a strongly playful, energetic, and amusing scene.",6,4,prominent_faces,1,1,4,5,3,4,
contentment_12172,"A dog lying upside-down on its bed with a goofy, relaxed pose and a tennis ball nearby radiates pure lighthearted amusement and cozy contentment.",6,2,none,1,1,2,5,5,2,3
awe_10362,"A young girl in a Spider-Man costume sits wide-eyed with her hand at her mouth, likely watching something on TV with an expression of absorbed curiosity or mild surprise — the scene is playful and warm, evoking lighthearted amusement.",6,3,prominent_faces,1,1,3,5,4,2,3
anger_06813,"A grumpy-looking grey cat with a small white bottle cap balanced on its head — the juxtaposition of the cat's sullen, unamused expression with the absurd prop makes this clearly humorous and lighthearted.",6,2,none,1,1,3,5,3,1,3
awe_07050,"A sweeping, serene mountain lake landscape with layered forests, rolling hills, and dramatic clouds evokes quiet grandeur and peaceful expansiveness — dominated by calm and mild awe.",6,2,none,1,1,4,1,3,2,4
disgust_05181,"The image shows a severely damaged big toe with dark necrotic/bruised tissue under and around the nail, which is visually repulsive and medically alarming, strongly evoking disgust and mild distress.",2,3,people_present,3,5,2,1,1,1,1
excitement_16880,"A person in drag costume with a blonde wig and makeup is marching in what appears to be a Pride parade, holding a sign and surrounded by a festive, colorful crowd — the scene radiates celebratory energy and lighthearted self-expression.",6,4,prominent_faces,1,1,3,5,4,4,3
disgust_05952,"A close-up of an overflowing ashtray packed with cigarette butts and ash evokes repulsion and unease — the sheer volume of used, dirty stubs suggests excess, decay, and unhealthy habit, making disgust the dominant emotional response.",2,2,none,2,4,2,1,1,1,1
excitement_19610,A young woman laughing joyfully with a rainbow heart sticker on her cheek at what appears to be a festive social event — the dominant feeling is infectious delight and high-energy happiness.,7,4,prominent_faces,1,1,2,5,4,4,4
excitement_09279,"A young athlete mid-kick on a bright blue turf field conveys energetic excitement — the dynamic body posture, airborne football, and competitive sports context radiate high energy and positive engagement.",6,4,prominent_faces,1,1,2,3,2,5,3
awe_09908,"A sweeping autumn mountain panorama under a dramatic, cloud-filled sky evokes a sense of grandeur and peaceful vastness — the scale and natural beauty inspire quiet awe rather than any negative affect.",6,3,none,1,1,4,1,3,3,5
amusement_12026,"A cheerfully decorated Christmas tree with colorful ornaments, gold bows, and festive trinkets placed near payment signs evokes a warm, consumerist holiday contentment — pleasant and familiar but not deeply stirring.",5,2,none,1,1,2,3,4,2,3
fear_07689,"A dark, empty tunnel shot in black-and-white with dim, sparse lighting and a vanishing-point perspective creates a foreboding, isolating atmosphere with a strong sense of unease and vulnerability.",2,3,none,4,1,2,1,1,2,3
fear_14071,"A dark nighttime scene of bare, tangled branches silhouetted against a dimly lit building with faintly glowing windows creates an eerie, foreboding atmosphere that is unsettling and tense.",2,3,none,3,1,2,1,1,2,2
excitement_15235,"A live soccer match with Chelsea FC — players mid-action during a free kick, a packed and energetic crowd, banners and flags waving — evokes high excitement and arousal through dynamic movement, competitive tension, and crowd energy.",6,5,prominent_faces,2,1,3,2,2,5,4
sadness_11204,"The silvery-white, intricate, frost-like foliage of what appears to be dusty miller (Senecio cineraria) against dark soil evokes a quiet, cool, slightly melancholic serenity — delicate and aesthetically interesting but still and subdued.",4,2,none,1,1,3,1,2,1,4
excitement_15740,"Two women at what appears to be a Pride parade, dressed in vibrant rainbow costumes including a novelty squid hat, glittery mask, and feather boa, grinning broadly — the scene radiates joyful celebration and lighthearted fun.",7,4,prominent_faces,1,1,3,5,4,4,4
excitement_15679,"A young boy runs joyfully after a colorful ball on a sunny green lawn, radiating carefree childhood energy and happiness.",6,4,prominent_faces,1,1,2,5,4,4,3
fear_08540,"A playful dog excitedly chomping on a stick held by a human hand evokes lighthearted amusement and energy — the wide-open mouth, close-up angle, and tug-of-war dynamic make it lively and fun.",6,4,people_present,1,1,2,5,4,4,3
excitement_08938,"A person doing a handstand/cartwheel at the ocean's edge during golden hour conveys carefree joy, freedom, and energetic playfulness in a naturally beautiful setting.",6,4,people_present,1,1,3,5,4,5,4
sadness_12571,"A close-up of a relaxed, soulful-eyed dog resting its chin on a couch evokes gentle warmth and mild amusement — the puppy-dog eyes and calm posture are inherently endearing and lighthearted.",6,2,none,1,1,2,3,5,1,4
awe_13749,"A dramatic gorge with a powerful waterfall, mist, and a vivid rainbow creates an overwhelming sense of grandeur and natural majesty — the scale, raw power of water, and rainbow together evoke breathtaking wonder.",6,4,none,2,1,5,1,2,5,5
contentment_09556,"A woman and young boy smile warmly at the camera while holding green cups at what appears to be a festive bonfire gathering outdoors, conveying a cozy, celebratory mood despite the large fire in the background.",6,3,prominent_faces,2,1,2,3,5,3,3
excitement_10890,"A young girl in a colorful striped sweater wearing playful Easter bunny ears and pretending to bite a foam carrot prop radiates pure, lighthearted fun and joy.",7,3,prominent_faces,1,1,2,5,5,3,4
sadness_10029,"A tiny, smiling baby bundled head-to-toe in a soft blue fleece snowsuit and matching hat sits snugly in a car seat — the image radiates warmth, delight, and gentle amusement at the adorable, almost comical fluffiness.",7,2,prominent_faces,1,1,2,4,5,2,4
sadness_06445,"A black-and-white portrait of a woman looking downward with a pensive, withdrawn expression — the monochrome palette, averted gaze, and introspective posture collectively evoke a quiet, melancholic mood.",2,2,prominent_faces,1,1,2,1,2,1,4
disgust_08211,"A dark, slimy-looking flatworm or nudibranch crawling on a rocky, wet surface — its irregular, mucus-like body and dark coloration are viscerally off-putting, evoking a strong sense of repulsion with mild curiosity about the unusual creature.",2,3,none,2,4,3,1,1,2,2
anger_09217,"A large crocodile with its jaws wide open, displaying sharp teeth, rests on stone pavement — the open mouth and predatory reptile create a strong sense of threat and unease, evoking primal fear.",2,4,none,5,3,3,1,1,3,2
anger_09606,"A crowded protest scene with people energetically holding signs demanding collective action, conveying strong civic passion, urgency, and righteous determination — evoking high-energy emotional activation with a mix of empowerment and underlying frustration.",5,4,prominent_faces,2,1,2,2,3,5,3
sadness_11908,"A grave marker for a deceased husband (1937–2004) and his still-living wife, inscribed ""Together Forever,"" evokes quiet grief and solemnity, with no threatening or joyful elements.",2,2,none,1,1,2,1,2,1,3
anger_07177,"A large, roaring bonfire built from stacked wooden pallets blazes intensely at night, with people nearby poking at it — the dominant feeling is thrilling excitement mixed with a hint of danger, driven by the dramatic, towering flames and the dark, high-contrast scene.",6,5,people_present,3,1,4,3,3,5,4
sadness_08822,"The image shows a person with an intense, brooding downward gaze under heavily saturated psychedelic orange/red tones, creating an unsettling, menacing mood that feels confrontational and emotionally charged.",2,4,prominent_faces,4,1,3,1,1,4,3
awe_10955,"A smiling couple dressed in wedding attire proudly holds two large salmon by a river — the quirky, fish-themed celebration (fish-print tie, bouquet) combined with genuine joy and an unusual setting creates a warm, playful, and mildly amusing scene.",6,3,prominent_faces,1,1,4,5,4,2,3
excitement_18084,A soccer match in bright sunlight with an athletic player in mid-kick conveys energetic excitement and lively competition with no negative elements.,6,4,people_present,1,1,2,3,3,5,3
amusement_17135,"A smiling woman in a vibrant peacock-themed carnival costume with bold blue and green feathers and an elaborate headdress radiates festive joy and lively spectacle, evoking a strong sense of excitement and celebration.",6,4,prominent_faces,1,1,4,5,3,4,4
disgust_09304,"A close-up of worn, crumbling white paint on rough asphalt — mundane, grimy, and slightly melancholy in its decay, evoking a mild sense of neglect or sadness rather than anything lively or threatening.",2,1,none,1,2,2,1,1,1,2
contentment_11279,"A young woman sits alone on a rocky hillside with a distant, pensive gaze, conveying quiet introspection and melancholy — the muted tones, isolated setting, and subdued body language evoke a gentle but unmistakable sense of solitude and wistfulness.",3,2,prominent_faces,1,1,2,1,2,1,4
disgust_05458,"A close-up of a yellowy-green apple with dark blemish spots resting on gravel evokes mild unease — the spoiled, scabby marks on otherwise fresh fruit create a subtle sense of deterioration and mild repulsion.",2,2,none,1,3,2,1,2,1,2
awe_07900,"A breathtaking view of Earth from orbit with a vivid aurora australis/borealis arc glowing in brilliant green and red against the star-filled void of space, evoking profound wonder and expansive grandeur.",6,4,none,1,1,5,1,2,3,5
anger_08811,"A woman with furrowed brow, open mouth in distress, and a gesturing hand stares at her laptop in clear frustration — her tense posture and exasperated expression dominate the scene and evoke strong negative arousal.",2,4,prominent_faces,1,1,2,1,1,4,3
disgust_09629,"A person wearing a grotesque Halloween-style monster mask and costume rummages through a rusted oil drum on a busy street, creating a jarring, unsettling yet absurdly humorous scene that blends mild disgust with comedic novelty.",3,4,prominent_faces,3,4,4,4,1,3,2
disgust_08446,"A large, strikingly patterned golden orb-weaver spider dominates the frame on its web, which is likely to evoke unease or fear in many viewers due to the close-up of a potentially threatening arachnid.",2,4,none,4,3,3,1,1,2,3
fear_10084,"A Halloween yard display with fake gravestones, skulls, and skeleton bones on a lawn covered in fallen autumn leaves — spooky but clearly decorative, evoking a playful-yet-creepy atmosphere more than genuine threat.",3,3,none,2,2,3,4,2,2,3
sadness_09808,"A worn, cracked leather chair sits abandoned beside a wheelie bin outside a scruffy doorstep — the scene evokes mild melancholy and neglect, with a touch of dark humour from its mundane absurdity.",2,2,none,1,2,2,2,1,1,1
awe_10561,"A tender Christian wedding ceremony with a couple exchanging rings before a priest beneath a glowing crucifix evokes deep warmth, joy, and solemnity — the dominant feeling is heartfelt contentment and love.",6,2,prominent_faces,1,1,2,1,5,2,4
excitement_13784,"A mountain biker in full protective gear carves aggressively through a dusty dirt berm in a forest, kicking up a cloud of dust — the scene pulses with speed, physical risk, and competitive intensity, evoking high-energy excitement.",6,5,prominent_faces,3,1,3,3,2,5,4
excitement_10172,"Three women celebrating exuberantly at a party — arms raised, mouths open in joyful screams, champagne glasses in hand, vibrant pink lighting — radiates high-energy celebration and infectious excitement.",7,5,prominent_faces,1,1,2,5,4,5,4
anger_06536,"A curly-haired brown poodle bares its teeth with mouth wide open and tongue out on a sunny green lawn — the exposed teeth look threatening but the wagging energy and breed context suggest excited play, creating a mix of amusement and mild alarm.",5,4,none,3,1,3,4,3,4,3
fear_13378,"A young woman in a dark qipao stands against bare, blood-red illuminated branches in pitch darkness, her expression tense and apprehensive — the deep crimson lighting, stark shadows, and eerie atmosphere create a strongly unsettling, foreboding mood.",2,4,prominent_faces,4,1,4,1,1,3,4
fear_13823,"A person in a Michael Myers Halloween costume — iconic horror villain mask and blue coveralls with hands raised menacingly — evokes a mix of playful cosplay fun and genuine creepiness/threat cues, dominant feeling is unsettled amusement tinged with fear.",3,4,people_present,4,2,3,3,1,3,2
disgust_08180,"The image shows a dense, close-up colony of coral polyps with repetitive white star-like forms on a mottled brown-gold surface — visually intricate and alien-looking, evoking quiet wonder at the natural microscopic world rather than warmth or threat.",5,2,none,1,2,4,1,2,2,4
fear_09554,"A monstrous, glowing-eyed tree with jagged fang-like roots emerges from a dark, foggy forest floor — the menacing face, red eyes, and sharp teeth create a strong sense of dread and threat.",1,4,none,5,2,4,1,1,3,3
contentment_11114,"A serene bay scene with calm blue water, a green island, sailboats, and lush foreground foliage under clear skies evokes quiet contentment and mild awe at the natural beauty.",6,2,none,1,1,3,1,4,2,4
anger_05219,"Two young children sitting in a tree holding humorous protest signs (""Stop Stealing My Future"" and ""Where's My Free Pony?"") with an American flag — the absurd combination of serious political messaging with childlike innocence and a joke sign creates a lighthearted, amusing scene.",6,3,prominent_faces,1,1,3,5,3,3,3
contentment_13166,"A young child with wide, startled blue eyes staring intensely into the camera against a stark black background creates a dramatic, slightly unsettling tension — the wide-eyed expression and dark contrast evoke a sense of alarm or fright rather than comfort.",3,4,prominent_faces,2,1,3,2,2,3,3
fear_09147,"The image depicts a decayed, abandoned room strewn with debris, a shattered old television, and peeling floors — evoking a deep sense of desolation, loss, and melancholy with no warmth, life, or energy present.",2,2,none,2,3,2,1,1,1,2
contentment_07712,"Two people in humorous costumes (a ""Viagra doctor"" and a colorful carnival dancer) are smiling and posing together at what appears to be a costume party, evoking lighthearted amusement and social warmth.",6,3,prominent_faces,1,1,3,5,4,3,3
amusement_09414,"A man cheerfully decorates a Christmas tree with an American flag in what appears to be an office setting, evoking a warm, patriotic, and festive mood with no negative elements.",6,2,prominent_faces,1,1,2,3,4,2,3
excitement_12644,"A women's softball team erupts in a celebratory rush toward one another after an apparent walk-off or game-winning moment, radiating explosive collective joy and high-energy triumph.",7,5,people_present,1,1,3,3,4,5,4
amusement_15874,"Vivid red and white fireworks bursting over a reflective lake at night create a spectacular, high-energy display that is visually stunning and celebratory, evoking a sense of grandeur and wonder.",6,5,none,1,1,5,2,2,5,5
amusement_17775,"A cozy warm apple cider drink surrounded by cinnamon sticks, star anise, pine cones, and golden Christmas stars evokes strong feelings of comfort, seasonal contentment, and domestic warmth with no threatening or negative elements.",6,2,none,1,1,2,2,5,1,4
fear_07481,"A man in convincing zombie makeup with fake blood covering his face and shirt stands in front of an NHS sign — the theatrical gore and costume context is both unsettling/disgusting and lightly playful, evoking a mix of mock horror and dark amusement.",2,4,prominent_faces,3,4,3,3,1,3,2
fear_13516,"A decayed, abandoned Victorian house under a brooding overcast sky, flanked by bare skeletal trees in stark black-and-white, evokes a deeply unsettling, foreboding dread — the scene's gothic decay and darkness prime a visceral sense of threat and unease.",2,4,none,4,2,3,1,1,2,3
anger_04854,"A bearded man raises his fist defiantly at what appears to be a protest rally in an urban setting, conveying strong activist energy, tension, and emotional intensity rather than comfort or playfulness.",3,4,prominent_faces,2,1,2,1,1,4,3
awe_13746,"A vast, high-altitude snow-covered mountain landscape under a dramatic sun-pierced sky evokes a powerful sense of grandeur and sublime scale, with hints of isolation and potential danger from the steep, icy terrain.",5,4,none,3,1,5,1,2,3,5
amusement_14191,"A large group of cheerful people on a colorful banana boat on calm tropical waters with lush mountains in the background radiates high-energy fun, social joy, and carefree excitement.",7,4,prominent_faces,1,1,3,5,4,5,4
sadness_12611,"Three adults sitting on a couch, appearing relaxed but somewhat disengaged or pensive — one holding a baby — evoking a quiet, mildly melancholic or subdued domestic scene with low energy and moderate warmth.",3,2,prominent_faces,1,1,2,1,3,1,2
fear_06747,"A Halloween party scene with people in costumes — one man dramatically crawling on the floor in a red cape with fake vampire fangs, surrounded by laughing/reacting friends — the overall mood is energetic, silly, and fun despite the spooky theming.",6,4,prominent_faces,2,2,3,5,3,4,2
sadness_12698,"A small dog lies flat with its head resting on a cold stone threshold, looking weary and forlorn — the posture and setting evoke a quiet, melancholic tenderness.",2,1,none,1,1,2,1,2,1,3
anger_05467,"An extreme close-up of a snarling tiger with bared fangs and an intense, direct gaze creates a visceral sense of immediate threat and raw predatory power.",2,5,none,5,1,3,1,1,5,4
excitement_13939,"A live music performance with passionate vocalists and instrumentalists under warm red stage lighting conveys high energy and excitement — the singer's expressive upward gaze and open mouth suggest an emotionally charged, uplifting performance moment.",6,4,prominent_faces,1,1,2,2,4,5,4
fear_11062,"A highly elaborate Predator cosplayer performing in a street parade draws a large crowd — the creative, monstrous costume combined with the festive public setting creates a mix of playful excitement and mild unease from the creature-like appearance.",5,4,people_present,2,1,4,4,2,4,4
awe_06884,"A couple dressed in wedding attire — bride in white with flowers in her hair, groom in a suit with a boutonnière — posing happily against a decorative golden backdrop outdoors, evoking warmth, joy, and celebratory contentment.",6,2,prominent_faces,1,1,2,2,5,2,4
amusement_08674,"A smiling young woman posing cheerfully outdoors in a sunny park conveys a bright, positive, lighthearted mood with moderate energy.",6,3,prominent_faces,1,1,2,4,4,3,3
fear_08988,"The image depicts a severely mangled, roadkill squirrel with exposed viscera and blood on wet asphalt — a graphic and repulsive scene that elicits strong disgust and mild sadness, with no redeeming warmth or positive valence.",1,4,none,3,5,2,1,1,1,1
amusement_18661,"A group of joyful, diverse young children sitting on grass, laughing and eating ice cream cones beneath a vibrant cluster of multicolored balloons in a sunny park — the scene radiates pure childhood delight and festive celebration.",7,4,prominent_faces,1,1,2,5,5,4,4
contentment_16185,"A visibly pregnant woman and her partner stand barefoot in shallow coastal water, holding hands and gazing into the distance — a joyful, intimate maternity shoot bathed in warm golden sunlight that evokes contentment and tender anticipation.",6,2,prominent_faces,1,1,2,2,5,2,4
awe_13513,"A bride and an older woman (likely her mother) share an intimate, tender forehead-to-forehead moment on a wedding day, radiating joy, love, and warmth — strongly evoking contentment and happiness.",6,2,prominent_faces,1,1,2,2,5,2,4
excitement_17534,"Two young people dancing and smiling broadly at a party, radiating high-energy joy and social celebration, which evokes strong positive arousal and excitement.",6,5,prominent_faces,1,1,2,5,4,5,3
sadness_11876,"A young child is crying while being held by an older man (likely a grandfather), evoking a strong sense of sadness and emotional distress in an otherwise warm, familial context.",2,3,prominent_faces,1,1,2,1,3,2,3
amusement_19593,"A vibrant carnival scene with a Ferris wheel, colorful castle-themed food stalls selling candy apples and cotton candy under a bright blue sky — the dominant feeling is cheerful excitement and nostalgic fun.",6,4,none,1,1,3,5,4,4,4
fear_11591,"A grainy black-and-white Polaroid showing two skull decorations shrouded in dark fabric and lace evokes a strong sense of dread and unease — the macabre imagery, dark tones, and blurred, ghostly quality combine to produce an unsettling, fear-adjacent response.",2,4,none,4,3,3,2,1,2,3
anger_08886,"A truck equipped with a flamethrower actively ignites a forest fire along a dirt road, with flames and smoke engulfing nearby trees — a high-stakes, dangerous scene that evokes tension, alarm, and a sense of threat.",2,5,none,5,1,4,1,1,5,2
amusement_16986,"Elegant blinis topped with crème fraîche, black caviar, and fresh dill — a visually appealing, luxurious spread that evokes quiet pleasure and contentment with no threat, danger, or negative elements.",6,2,none,1,1,2,2,4,1,5
awe_13958,"A warm, candid moment of a smiling woman crouching beside a young girl in a white flower-girl dress at what appears to be a wedding reception, evoking joy and familial affection.",6,2,prominent_faces,1,1,2,3,5,2,3
anger_05513,"A digitally manipulated image showing a green lizard with a hippopotamus-like gaping mouth on a tree stump — the surreal, absurd hybrid creature is visually striking and bizarre, evoking surprise and amusement through its playful impossibility, while the wide-open mouth with visible teeth adds a mild unsettling edge.",5,4,none,2,2,5,5,2,4,
sadness_06565,A vast military cemetery with countless white crosses stretching to a grand memorial monument under a dramatic sky evokes solemn reverence and deep grief — the scale of loss is visually overwhelming and historically weighty.,2,2,none,1,1,4,1,1,2,4
contentment_13704,"A lone duck gliding peacefully across a calm, green-tinted pond scattered with floating seeds evokes quiet contentment — the still water, soft natural light, and gentle movement create a tranquil, unhurried mood.",5,2,none,1,1,2,2,4,2,3
excitement_19810,"The image shows joyful participants at what appears to be a Pride parade — a woman in a wheelchair waving and smiling warmly, pushed by another smiling woman wearing a rainbow ""Gay by God"" shirt — conveying strong positive affect, celebration, and community warmth.",6,3,prominent_faces,1,1,2,4,5,3,3
contentment_16242,"A large heavy-lift cargo vessel photographed head-on in calm, overcast waters conveys a sense of scale and industrial grandeur, evoking mild awe at the ship's imposing size while remaining largely calm and neutral in tone.",5,2,none,1,1,4,1,2,2,3
excitement_08792,"A performer thrusts a microphone skyward under dramatic stage lighting, conveying raw high-energy excitement and commanding stage presence typical of a rock/metal concert.",6,5,prominent_faces,1,1,4,2,2,5,4
fear_13705,"A macro close-up of a green lynx spider staring directly at the camera from a leaf evokes a visceral mix of threat and revulsion — its frontal posture, prominent fangs, and bristly legs make it simultaneously fascinating and unsettling.",2,4,none,4,4,3,1,1,3,2
contentment_11413,"A close-up of an adorable wide-eyed orange kitten gazes directly at the camera with an innocent, curious expression, evoking warmth, gentle delight, and a sense of lighthearted contentment.",6,2,none,1,1,2,3,5,2,5
excitement_08387,"A sunny beach scene showing two adults teaching two young children to surf on gentle waves — the outstretched arms, joyful activity, and bright colours radiate fun, warmth, and lively excitement.",6,4,people_present,1,1,2,5,4,4,4
sadness_06077,"A nighttime urban street scene showing young people huddled outside a building in cold weather, with dim orange streetlights and a somber, lonely atmosphere that evokes melancholy and quiet unease.",2,2,prominent_faces,3,1,2,1,1,2,2
excitement_17521,"Two people covered in vibrant Holi festival colours embrace and smile warmly, radiating shared joy, celebration, and lively festive energy.",7,4,prominent_faces,1,1,3,5,5,4,4
anger_11054,"A close-up of a young lioness with mouth slightly open and fangs visible, staring directly at the camera — the intense gaze and exposed teeth create a visceral sense of threat and primal tension.",2,4,none,4,1,3,1,1,4,3
disgust_09291,"The image depicts a roadside drain heavily littered with plastic bottles and waste in what appears to be a developing-world urban area, evoking a strong sense of environmental neglect and repulsion.",2,3,people_present,2,4,2,1,1,2,1
disgust_08566,"A large pile of scattered rubbish and cardboard debris dumped on a public pavement outside a building evokes a strong sense of disorder and unpleasantness, with the messy, dirty scene being the dominant emotional driver.",2,3,none,2,4,2,1,1,2,1
anger_07936,"A man's face is captured in extreme close-up from a low angle, mouth wide open in an intense scream or shout, with wide, rolling eyes — a highly arousing, unsettling expression that dominates the frame and triggers visceral alarm.",2,5,prominent_faces,4,2,3,1,1,5,2
contentment_12589,"A beaming toddler in bright pink and green clothing, arms raised joyfully while held by a parent, radiates pure delight and warmth — an overwhelmingly positive, cheerful scene.",7,4,prominent_faces,1,1,2,5,5,4,4
amusement_12504,"Vibrant yellow Oncidium 'Sweet Sugar' orchids in full bloom against lush green foliage create a cheerful, visually rich scene that evokes gentle contentment and quiet delight through their delicate beauty and natural elegance.",6,2,none,1,1,3,2,4,2,4
awe_13283,"A lush Alpine valley with a curving railway track, charming village, and dramatic snow-capped peaks creates a sense of serene grandeur and wonder — visually stunning and deeply tranquil yet awe-inspiring in scale.",6,3,none,1,1,5,1,4,2,5
disgust_05298,"The image shows a heavily corroded and oxidized metal surface with clashing rust-orange and verdigris-teal tones — visually striking in texture but also evoking decay and deterioration, producing a mildly repulsive yet aesthetically interesting response.",3,2,none,1,3,3,1,1,2,3
anger_11468,"A large crowd gathered in protest outside an imposing neoclassical government building on an overcast day evokes civic tension and collective energy — the grandeur of the architecture amplifies a sense of awe-meets-defiance, while the protest signs and massed crowd suggest heightened arousal and mild social unrest.",3,4,people_present,2,1,3,1,2,4,
anger_06166,"A close-up of a hissing/snarling cat with bared teeth and intense green eyes fills the frame, creating a confrontational, mildly threatening impression that is unsettling but also oddly compelling.",2,4,none,3,1,3,1,1,4,3
anger_06175,"A vehicle is engulfed in large, vivid flames with thick smoke billowing in a residential area, with a worker in a hi-vis jacket nearby — the dominant feeling is alarm and distress due to the clear danger and destruction.",2,5,people_present,5,1,3,1,1,5,2
amusement_18939,"A sunlit field of vibrant yellow sunflowers under a clear blue sky radiates warmth, cheerfulness, and natural beauty, evoking strong positive affect with a calm, contented energy.",6,2,none,1,1,2,2,5,2,4
contentment_13316,A grey heron captured mid-stride with wings dramatically spread over a lush green wetland — the dynamic action pose and vibrant natural setting evoke a sense of awe and excitement at nature's vitality.,6,4,none,1,1,4,2,3,5,5
amusement_18580,"A spectacular multi-burst fireworks display reflected on still water at night evokes a strong sense of awe and excitement through vivid colors, explosive energy, and grand scale.",7,5,none,1,1,5,3,3,5,5
contentment_08773,"A close-up portrait of a seagull perched calmly against a dark background — sharp detail and the bird's steady, piercing red eye give it a slightly intense, almost confrontational quality, but the overall scene is still and peaceful.",4,2,none,1,1,2,1,2,2,3
anger_05501,"A middle-aged man glares intensely into the camera while biting or holding a ""Optus Mobile Starter Kit"" booklet in his mouth — the exaggerated scowl, furrowed brow, and deadpan absurdity create a strong sense of mock-menace and dark humour.",3,4,prominent_faces,3,1,3,4,1,4,
contentment_12233,"A young girl with striking green eyes peeks over a branch of delicate pink blossoms, smiling gently — the combination of an innocent child, soft spring flowers, and warm natural light evokes a strong sense of tender contentment and gentle joy.",6,2,prominent_faces,1,1,2,3,5,2,5
amusement_09805,"A giant panda gazes directly into the camera with soft eyes and relaxed posture, evoking gentle charm and lighthearted delight — the close-up of its round, expressive face is inherently endearing and mildly amusing.",6,2,none,1,1,3,4,4,2,4
amusement_09941,"A spectacular fireworks display bursting over a reflective body of water creates a dazzling, high-energy spectacle with vivid colors and symmetrical reflections, evoking a strong sense of grandeur and celebratory excitement.",7,5,none,1,1,5,3,3,5,5
fear_14326,"Two detailed action figures posed in a confrontational scene — one raising a club and the other pointing a gun — evoking a playful, toy-based mock combat that is more amusing than genuinely threatening.",5,3,none,2,1,2,4,2,3,3
excitement_14257,"A lively outdoor parade scene with energetic volunteers in bright orange shirts handing out materials, conveying a festive, upbeat community atmosphere that feels positive and socially engaging.",6,4,prominent_faces,1,1,2,4,4,4,3
amusement_11578,"A cheerful young girl with a mischievous smirk sits on grass at what appears to be a relaxed outdoor birthday or garden party, radiating playful contentment and innocent joy.",6,2,prominent_faces,1,1,2,4,4,2,4
fear_08790,"A cosplay/costume stage show featuring elaborately dressed performers — a Deadpool character, a white-clad superhero, and a dazzling silver gown with parasol — creates a festive, theatrical, and fun atmosphere that evokes excitement and amusement.",6,4,prominent_faces,1,1,4,5,3,4,4
sadness_11776,"The image shows a severely deteriorated, abandoned interior with a collapsed ceiling, debris-strewn floor, and decaying walls — evoking a strong sense of loss, desolation, and unease, with the dim warm glow adding an eerie, unsettling atmosphere.",2,3,none,4,3,3,1,1,2,3
anger_05734,"A person with hands pressed to their cheeks, mouth wide open, and wide staring eyes in a dramatic black-and-white portrait evokes intense alarm/shock — the high-contrast monochrome and exaggerated expression amplify a strong sense of dread or shock.",2,5,prominent_faces,4,1,3,1,1,5,3
excitement_10044,"A vivid, energetic dancer in a swirling purple skirt performs for a lively crowd, conveying excitement and festive joy through dynamic movement and bold costume.",6,4,prominent_faces,1,1,3,4,3,5,4
fear_10648,"A woman in a dark Snow White costume holds a realistic, blood-soaked fake anatomical heart with an intense, menacing gaze — the theatrical gore and confrontational expression drive strong disgust and fear responses.",2,5,prominent_faces,4,5,4,2,1,4,3
disgust_05222,"A roadside strewn with large amounts of illegally dumped litter, broken objects, and decaying waste evokes a strong sense of disgust and sadness at environmental neglect.",2,3,none,2,5,2,1,1,2,1
awe_12006,"A dramatic Icelandic volcanic landscape with a lone sea stack on a black sand beach, silky long-exposure waves, and brooding overcast skies evokes a sense of grand, melancholic awe — the scale and starkness of the terrain is overwhelming yet coldly beautiful.",5,3,none,2,1,5,1,1,2,5
sadness_06347,"The image shows a severely deteriorated, abandoned room with peeling walls, debris-strewn floor, and an old radiator — evoking a strong sense of decay, desolation, and melancholy, with a faint eerie quality from the dim light filtering through the lone window.",2,2,none,2,3,2,1,1,1,2
disgust_07325,A snake rearing its head alertly from pine needle debris evokes a visceral sense of threat and unease — its direct gaze and poised posture trigger instinctive wariness in most viewers.,2,4,none,4,2,3,1,1,4,3
awe_13360,"The vivid turquoise crater lake nestled within dramatic volcanic cliffs under a brilliant blue sky evokes a profound sense of grandeur and natural wonder, making awe the dominant feeling.",6,4,none,1,1,5,1,2,3,5
awe_14482,"A lone photographer silhouetted beside a bicycle gazes at snow-capped Mount Fuji reflected in a still lake at dusk, framed by delicate spring blossoms — the sweeping natural grandeur and serene twilight atmosphere evoke a profound sense of wonder and peaceful contemplation.",6,2,people_present,1,1,5,1,3,2,5
fear_09483,"The abandoned, decayed underground chamber with rusted machinery, charred and crumbling walls, and oppressive darkness evokes a strong sense of dread and unease — the dominant feeling is foreboding discomfort rooted in the visually deteriorated and threatening environment.",2,3,none,4,3,3,1,1,2,2
contentment_14089,"A densely packed, vibrant garden of multi-colored chrysanthemums and daisies in rich reds, yellows, whites, and oranges evokes a strong sense of contentment and natural beauty, with lively color contrasts adding gentle visual excitement.",6,2,none,1,1,2,3,4,2,4
excitement_11060,"A lively baseball game in a packed stadium with a batter mid-swing creates a high-energy, exciting sporting atmosphere that evokes enthusiasm and excitement from the crowd and action on the field.",6,4,people_present,1,1,2,3,3,4,3
contentment_14988,"A solitary pink water lily in full bloom resting on calm dark water surrounded by green lily pads evokes quiet, serene beauty — the dominant feeling is peaceful contentment driven by the flower's gentle colour, graceful symmetry, and tranquil natural setting.",6,2,none,1,1,2,1,4,1,4
sadness_06652,"A weathered stone religious statue of a robed adult figure with a child in a grey, overcast cemetery setting evokes quiet solemnity and melancholy — the muted tones, moss-covered stone, and funerary context suggest grief and somber reflection.",2,2,none,1,1,2,1,2,1,3
excitement_08692,"A smiling woman in a bright red blouse calmly leads a large, striking black-and-white Gypsy Vanner horse on a sunny gravel path surrounded by lush green trees, evoking a pleasant, peaceful sense of connection with nature and animals.",6,2,prominent_faces,1,1,2,2,4,2,4
contentment_08191,"Two whimsically decorated jack-o'-lanterns with colorful feathers, candy, and craft accessories evoke a lighthearted, festive Halloween mood that is fun and playful rather than scary.",6,3,none,1,1,3,5,3,3,3
sadness_10869,"A single pale, slightly wilted rose rests atop an ornate dark stone or metal architectural element with intricate Greek key patterns — the contrast of fragile, fading organic beauty against cold, aged, grave-like stonework evokes a quiet, melancholic mood.",3,2,none,1,1,3,1,2,1,3
awe_12046,"A sweeping golden-hour meadow blanketed in bright yellow wildflowers opens onto a tranquil river valley framed by rolling green hills — the vast, serene grandeur and natural beauty evoke a strong sense of peaceful wonder.",7,2,none,1,1,4,1,5,2,5
anger_06552,"A male lion roaring with mouth wide open atop a rock in a dense green forest setting evokes a strong sense of raw power and threat, likely triggering fear or excitement in viewers.",3,5,none,4,1,3,1,1,5,3
fear_14123,"The image depicts a dark, decayed, abandoned stairwell with peeling walls, debris, and deep shadows leading into an ominous void — evoking a strong sense of dread and unease.",2,4,none,4,3,2,1,1,2,2
