id,reasoning,has_people,focal_subject_clarity_5,distinctiveness_5,visual_complexity_5,color_vividness_5,is_indoor_scene,text_amount_5,emotional_charge_5
00050165,"A lone female figure silhouetted against a bright window creates a strong, emotionally evocative and artistically composed image with a single clear subject and moody, intimate atmosphere.",people_present,5,4,2,1,indoor,1,4
00047231,"A person skateboarding down a shaded park path is a fairly common, low-novelty scene; partial body view (no face) and dappled shadows add mild interest but overall it's a generic outdoor action shot.",people_present,3,2,3,2,outdoor,1,2
00034250,"A grand historic stone manor house centered in the frame with a wide green lawn in the foreground is moderately distinctive but follows a familiar stately-home composition, with no people and moderate emotional charge tied to heritage and grandeur.",none,4,3,2,3,outdoor,1,2
00047108,"A close-up of a coffee mug with text and overripe bananas side by side — a fairly ordinary still-life scene with two competing focal points and moderate text on the mug, limiting distinctiveness but the vintage/Instagram-filtered look and overripe bananas add mild interest.",none,2,2,3,2,indoor,4,2
00035654,"A fairly generic snow-covered mountain landscape under a pale blue sky — scenic but common as a stock-style outdoor shot, with no people, moderate complexity from trees and rock, and muted natural colors that reduce distinctiveness.",none,3,2,3,2,outdoor,1,2
00046383,"A baseball batter in a clear ready stance dominates the foreground, providing a strong focal subject, but the scene is a fairly common sports photograph with moderate crowd complexity reducing novelty.",people_present,4,2,3,2,outdoor,3,2
00018184,"Two rare albino deer standing in a field — their striking pure-white coats against the dark, bare winter brush make them visually novel and immediately memorable, with one deer looking directly at the camera creating a strong focal connection.",none,4,5,3,2,outdoor,1,4
00026663,"A young boy triumphantly holding up a freshly picked red apple in an orchard creates a clear, emotionally warm focal point with a narrative moment that boosts memorability.",prominent_faces,4,3,3,3,outdoor,2,3
00036267,"A moderately interesting office interior with a distinctive wooden slatted ceiling design as the main visual element, but the overall scene is fairly generic with no people, muted warm tones, and no strong emotional charge.",none,2,2,3,2,indoor,1,1
00053415,"A striking, emotionally charged image of a person with heavy makeup, sprinkles on their mouth, and words like ""GLUTTONY,"" ""fat,"" ""hunger,"" and ""depression"" written on their bare chest — the provocative body-writing concept combined with a prominent face makes this highly memorable and distinctive.",prominent_faces,4,5,4,3,indoor,4,5
00023189,"A tuk-tuk navigating a flooded urban street in Southeast Asia, with people wading through floodwater, creates a striking and emotionally resonant scene — the combination of a distinctive vehicle, an unusual flood situation, and human figures in distress makes this highly memorable.",people_present,4,4,4,3,outdoor,3,4
00048179,"A small fluffy white dog perched alone on the bow of a boat in a marina is an unusual and charming subject that creates a clear focal point and novelty, boosting memorability.",none,4,4,3,3,outdoor,2,3
00020177,"An extreme close-up macro shot of a jumping spider staring directly into the camera with large, glossy black eyes creates an intensely striking and somewhat unsettling image that is highly memorable due to its novelty, clear focal subject, and emotional (arachnophobic) charge.",none,5,5,3,3,unclear,1,4
00036060,"A generic, cluttered home office scene with no people or striking focal point — the messy desk and empty chair are familiar and unremarkable, reducing memorability.",none,2,2,4,2,indoor,2,1
00053825,"A grand Sikh gurdwara with ornate Mughal-style architecture, multiple domes, and a reflective water pool creates a highly distinctive and memorable image with a single clear focal subject.",people_present,5,4,4,2,outdoor,2,3
00005240,"The dramatic crepuscular rays bursting from behind a single dominant cloud formation create a striking, almost spiritual scene that is visually distinctive and emotionally evocative, boosting memorability well above a generic sky photo.",none,4,4,2,2,outdoor,1,4
00021270,"A fluffy cat curled on a teal couch/bed with a colorful floral pillow and an open magazine nearby — the cat is the clear focal subject, but the scene is a fairly common domestic pet photo that lacks strong novelty or emotional charge.",none,4,2,3,3,indoor,2,2
00007565,"A vivid red cherry Life Savers roll with candies spilling out forms a clear, novel focal point against a plain white background, making it visually striking and easy to remember.",none,5,3,2,4,unclear,3,2
00017241,"A close-up portrait of a woman with striking auburn/red hair and dramatic chiaroscuro lighting, eyes closed and a subtle smile — the prominent face and moody lighting create a strong emotional and aesthetic focal point that drives memorability.",prominent_faces,5,3,2,2,indoor,1,3
00002833,"The dramatic low-angle perspective of a brutalist multi-storey car park in high-contrast black and white, with a sweeping road leading into it and moody cloudy sky, creates a striking and unusual composition that is architecturally distinctive and atmospherically tense.",none,4,4,3,1,outdoor,1,3
00032210,"A bold, vivid 3D animated scene featuring a cartoon cat character against a striking magenta/pink building with bright green scaffolding — the unusual color combination and quirky character create a novel, memorable image.",none,4,4,3,5,outdoor,1,2
00041745,"A simple, common food photo of broccoli and cauliflower in a wooden bowl — generic and stock-like with no people, moderate color contrast between green and white vegetables, and low emotional charge, making it unlikely to be highly memorable.",none,3,2,3,3,indoor,1,1
00058624,"A spread of multiple Middle Eastern/Mediterranean dishes arranged on a table creates a visually rich but cluttered scene with no single dominant focal point, though the variety of colorful foods and the cultural specificity of the spread adds some distinctiveness.",none,2,3,4,3,indoor,2,2
00047618,"A young person bodyboarding inside a crashing wave creates a dynamic, action-packed focal point that is visually striking and emotionally engaging, boosting memorability.",prominent_faces,4,3,4,2,outdoor,2,3
00017808,"A striking analog film-frame composition featuring a young woman with a dog pressed close to her face; the intimate human-animal bond, unusual film-strip border aesthetic, and moody emotional tone make this highly memorable.",prominent_faces,4,4,3,3,indoor,3,4
00048808,"A dramatically lit, eerie skull against a dark background is a striking, emotionally charged subject with clear focal dominance, making it highly memorable.",none,5,4,2,2,unclear,1,4
00021317,"A vivid, close-up peacock butterfly with striking eye-spot wing patterns against lush green foliage — the bold colors, unusual symmetry, and eye-like markings make it highly distinctive and memorable.",none,5,5,3,5,outdoor,1,4
00022598,"Vivid white-and-yellow plumeria flowers against a stark dark background create strong contrast and a clear focal subject, boosting memorability through both visual distinctiveness and emotional warmth.",none,5,3,2,4,unclear,1,3
00042294,"A rustic, makeshift wooden kitchen cabin interior with a large stockpot as the dominant subject, but the overall scene is somewhat cluttered with shelving, storage bins, and various items, making it moderately distinctive as an unusual improvised cooking space.",none,3,3,4,2,indoor,1,2
00041535,"A grey heron captured mid-flight with wings fully spread against a lush green tree backdrop makes for a striking, dynamic focal subject that is both visually dramatic and emotionally engaging.",none,5,4,3,4,outdoor,1,3
00046876,"A loaded gourmet sausage/hot dog in a branded paper tray with colorful toppings (red peppers, green relish, cheese flakes) is a moderately distinctive food shot with a clear focal subject, shot in a casual restaurant setting — food photography is common but the elaborate toppings add some novelty.",none,4,3,3,3,indoor,2,2
00037153,"A classic, warmly lit dining room with a lace-covered table and wooden chairs in a bay-windowed nook — pleasant but fairly generic as interior real-estate photography, with no people or striking novelty to make it stand out.",none,3,2,3,2,indoor,1,2
00025468,"A highly vivid, abstract cubist-style painting of a cat face using bold, saturated colors and geometric patterns — the unusual artistic style combined with a clear cat face subject and explosive color palette makes this exceptionally memorable.",none,4,5,5,5,unclear,1,4
00022933,A young woman holding a paper napkin over her face as an improvised mask is a distinctive and slightly humorous/unusual behavior that creates a strong focal point and memorable image.,prominent_faces,5,4,2,2,indoor,1,3
00023436,"A small skipper butterfly perched on a bright white daisy with a vivid yellow center creates a charming nature macro shot — the clear focal pairing of insect and flower, combined with moderate color contrast and the novelty of the interaction, drives memorability.",none,4,3,3,3,outdoor,1,3
00032302,"A nighttime marina with vivid reflections of boat masts and warm lights on still water creates a striking, atmospheric scene that is visually distinctive and emotionally evocative.",none,3,4,4,4,outdoor,1,3
00045555,"A fairly generic indoor office/reception desk scene with multiple small objects and no single dominant focal point, which reduces memorability despite some colorful items like the red tissue box holder.",none,2,2,4,2,indoor,2,1
00016075,"A striking close-up portrait of a peregrine falcon staring directly into the camera with vivid yellow eye-rings and sharp detail creates a strong focal point and sense of direct eye contact, boosting memorability significantly.",none,5,4,2,3,unclear,1,3
00058272,"A black-and-white train platform scene with multiple people milling about; the grainy, dark aesthetic and crowd give it some mood, but the generic travel-scene subject matter and lack of a single dominant focal point keep it from being highly distinctive or emotionally charged.",people_present,2,2,3,1,outdoor,1,2
00011208,"A colorful bird partially hidden among vivid red bottlebrush flowers against a bright blue sky creates a moderately distinctive and visually engaging nature scene, but the bird's camouflage and cluttered branches reduce focal clarity.",none,2,3,4,4,outdoor,1,2
00053796,"A bare winter tree standing at the edge of a flooded, murky river with a hill and blue sky backdrop creates a moderately distinctive, melancholic landscape scene with a clear focal subject (the tree) but otherwise fairly generic nature photography composition.",none,3,3,3,3,outdoor,1,2
00039175,"The vivid red torii gate standing in the middle of an urban Japanese street is a highly distinctive and culturally striking focal point that sharply contrasts with the surrounding grey city buildings, boosting memorability.",people_present,4,4,3,3,outdoor,3,3
00020598,"A classic Nokia feature phone on a vivid magenta/pink background with a clear screen notification — moderately distinctive due to the retro device and bold background color, but ultimately a fairly generic product-style shot with visible text on screen.",none,4,3,2,4,unclear,3,2
00021332,"A nighttime street food stall with large face portraits on its banners, wet reflective pavement, and a solitary vendor creates a distinctive, somewhat moody urban scene that stands out due to the oversized human faces and atmospheric rain lighting.",people_present,3,4,4,3,outdoor,3,3
00036379,"A warmly decorated formal dining room dominated by rich orange-red tones, a polished wood table, and a floral centerpiece — cohesive and pleasant but ultimately a fairly generic interior design scene with no people and moderate complexity.",none,3,2,3,4,indoor,1,2
00047857,"Two athletes leaping mid-air to contest a frisbee creates a dynamic, action-packed focal moment that is inherently memorable due to the athleticism, competitive tension, and clear narrative of the contest.",prominent_faces,4,3,3,3,outdoor,1,3
00055648,"A rusted, abandoned vintage car half-buried in desert sand dunes under a dramatic, moody sky creates a striking and emotionally evocative scene with a single clear focal subject and high novelty.",none,5,5,3,3,outdoor,1,4
00022148,"Three colorful Bath & Body Works hand soap bottles arranged on a vivid red foil background with decorative holiday ornaments create a festive, product-showcase image — moderately memorable due to the holiday color contrast and clear product subjects, but somewhat generic as a product/gift photo.",none,3,3,3,4,indoor,3,2
00031415,"A vintage/antique large-format camera body shown in isolation against a plain white background — the clear single subject and slightly unusual retro object give it mild distinctiveness, but the muted all-black palette, lack of people, and neutral product-shot style keep emotional charge and vividness low.",none,5,3,2,1,unclear,1,1
00054461,"A close-up of a horse's face peering over a stable gate is a moderately distinctive and emotionally engaging shot, with the animal's large eye as a clear focal point, though the dim lighting and multiple horses in the background add some clutter and reduce vividness.",none,3,3,3,2,indoor,1,3
00002451,"An amphibious boat on wheels displayed in a trade show tent is a genuinely novel and unusual subject, giving it strong distinctiveness and a clear focal point, though the muted/overcast lighting and trade-show setting reduce color vividness and emotional charge.",none,4,4,3,2,indoor,3,2
00044090,"A narrow, slightly run-down bathroom with a distinctive red bucket and floor-level faucet adds novelty, but the overall scene is a mundane toilet stall with muted earthy tones and no people, giving it moderate memorability driven mainly by the unusual red bucket and the cramped, utilitarian layout.",none,3,3,2,2,indoor,1,2
00017150,"This vivid abstract painting with swirling white forms on a deep red/orange background creates a striking, emotionally charged composition with a clear focal burst at the center, making it highly memorable.",none,3,4,4,5,unclear,1,4
00017260,"The ornate Gothic-style façade of Post Plaza is a striking and distinctive architectural subject — the upward camera angle, elaborate stonework, and bold red signage combine to create a visually memorable scene with a clear focal point.",people_present,4,4,4,3,outdoor,3,2
00047989,"A cleverly arranged smiley face made from two oranges (eyes), a dried chili pepper (nose), and a banana (smile) on a vivid blue plate — the novelty of the food arrangement creates a playful, emotionally engaging image with a clear focal subject.",none,5,5,2,5,unclear,1,4
00041041,"A tennis player mid-serve in a packed indoor arena creates a clear focal subject with dynamic action, vivid red/blue/green court colors, and a large emotional crowd, all of which drive memorability.",people_present,4,3,4,4,indoor,3,3
00006227,"A single wind turbine dominates the frame against a grey overcast sky, providing a clear focal point, but the muted palette, generic industrial subject, and lack of people or emotional content limit memorability.",none,4,2,2,1,outdoor,2,1
00012502,"The long corridor of ancient Mayan stone columns creates a striking, symmetrical perspective that is historically distinctive and visually captivating, driving high memorability.",people_present,4,5,4,2,outdoor,1,3
00034311,"A large multi-story atrium with a dramatic glass skylight ceiling is architecturally striking, but the two small human figures are distant and the overall scene is somewhat generic as a corporate/institutional interior, limiting strong memorability despite the impressive structure.",people_present,3,3,4,2,indoor,1,2
00040826,"A neatly arranged plate of assorted finger sandwiches with fresh greens and garnishes forms a clear, appetizing focal point, but the subject matter is relatively common food photography with moderate visual interest.",none,4,2,3,3,indoor,1,2
00057896,"A dramatic canyon trail scene (likely Grand Canyon) with striking red rock formations dominating the frame and a trail sign in the foreground; the natural grandeur and distinctive geology are memorable, though the scene is somewhat typical of national park photography.",people_present,3,3,4,3,outdoor,2,3
00003860,"A joyful young woman crammed into a tiny vintage pedal/toy car outdoors creates a charming, humorous, and nostalgic scene — the unusual size contrast and genuine smile make this vintage black-and-white photo highly distinctive and emotionally engaging.",prominent_faces,5,5,2,1,outdoor,1,4
00006424,"The swirling red/crimson smoke forms an elegant, abstract composition against a light background — visually striking and novel, with graceful flowing curves that draw the eye, making it moderately memorable despite lacking people or a single hard focal point.",none,2,4,3,3,unclear,1,3
00021046,"A close-up portrait with a single prominent face as the clear focal subject; the direct, neutral gaze and sharp studio lighting make it striking and easy to remember, though the overall composition is a fairly standard headshot.",prominent_faces,5,3,2,2,indoor,1,2
00013395,"A close-up of red cross-stitch embroidery on white linen spelling ""Eve"" with decorative floral motifs — the vivid red-on-white contrast and handcrafted, ornate lettering make it distinctive and visually striking as a single focal subject.",none,5,4,3,4,unclear,2,2
00021251,"A single delicate white flower with yellow stamens positioned in the lower-right corner against a soft, blurred green background creates a clean focal point, but the composition is fairly common in nature photography, limiting its distinctiveness.",none,4,2,2,3,outdoor,1,2
00047237,"A close-up food photography shot of a creamy broccoli and bacon soup in a bold blue bowl on a green plate — the tight framing, warm golden tones of the cheese broth, and appetizing toppings create a clear focal subject, though food shots are a fairly common genre.",none,4,3,3,4,indoor,1,2
00034424,"Two brown chickens foraging in a backyard coop setting — moderately distinctive as farm animals in a natural context, but a fairly common rural scene without strong novelty or emotional charge.",none,3,2,3,3,outdoor,1,2
00020667,"A dark, moody black-and-white photograph of a towering, decaying industrial building shot from a dramatic low angle against a brooding cloudy sky — the striking composition, gothic atmosphere, and sense of abandonment make it highly memorable.",none,5,4,3,1,outdoor,1,4
00056715,"A close-up, dynamic shot of a bucking rodeo horse with a rider partially visible captures a dramatic, action-filled moment with a clear focal subject and vivid coloring, making it highly memorable.",people_present,4,4,3,4,outdoor,3,4
00058279,"A young woman in a striking cat costume (black bodysuit, cat ears, striped socks) posing on all fours outdoors creates a highly memorable image due to its unusual, playful subject and the clear focal point of the costumed person.",prominent_faces,5,4,3,2,outdoor,1,3
00040622,"A young woman with dyed red hair and purple striped tights lying on a messy red bed cuddling a black cat creates a warm, emotionally resonant scene with a clear human-animal focal point, boosted by the colorful, cluttered personal bedroom setting.",prominent_faces,3,3,4,3,indoor,1,3
00029368,"An extreme close-up black-and-white macro shot of a smiling mouth fills the entire frame — the unusual cropping, intimate scale, and graphic contrast between teeth and dark skin create a striking, novel composition that is highly memorable.",prominent_faces,5,4,2,1,unclear,1,4
00054833,"A sweeping black-and-white highland landscape with rolling hills, forests, and dramatic cloudy skies — visually appealing but a fairly generic scenic panorama with no single dominant focal point or unusual element to drive strong memorability.",none,2,2,3,1,outdoor,1,2
00033094,"The image features a clear, close-up shot of vivid red Mary Jane shoes paired with colorful striped knit socks, creating a striking color combination and a distinctive, specific focal subject on a warm wood floor.",people_present,5,4,2,4,indoor,1,2
00003178,"The striking contrast between peeling dark blue paint revealing a clean red brick wall beneath creates a highly unusual, visually arresting composition that is novel and distinctive, driving strong memorability.",none,4,5,3,4,unclear,1,3
00035665,"A fairly generic suburban backyard/side yard scene with a walkway, lawn, trees, and a detached garage — pleasant but unremarkable, with no clear dominant focal point or emotional charge.",none,2,2,3,2,outdoor,1,1
00008203,"This is a detailed aerial-view architectural scale model of lower Manhattan and its surrounding waterways, which is a distinctive and unusual subject — a miniature city in bird's-eye perspective — that draws the eye and stands out from generic cityscapes or photographs.",none,3,4,5,2,unclear,1,2
00004654,"A vividly colored, exotic-looking beetle (blue, red, orange) guarding a cluster of eggs on a lichen-covered tree bark is a highly distinctive and unusual subject that draws immediate attention and creates a clear focal point against a textured but subdued background.",none,4,5,3,4,outdoor,1,3
00003917,"A man in sunglasses sits on a custom chopper bicycle in a foggy cemetery at night with dramatic backlighting — the unusual setting, moody atmosphere, and striking vehicle combine to make this highly memorable.",prominent_faces,4,5,3,3,outdoor,1,4
00018031,"A wide highway scene with a dramatic, textured cloud-filled sky dominates the image; while the sky is visually striking, the overall composition is a fairly generic road/highway shot with modest emotional charge and moderate complexity from the clouds, signs, and vehicles.",none,2,2,3,4,outdoor,3,2
00003128,"A close-up portrait of a young woman with distinctive alternative/emo styling — gauged ears, face piercings, dramatic makeup with drawn-on dots, pink flower hair accessory, and tongue sticking out — creates a highly memorable, novel, and emotionally engaging image with a single clear focal subject.",prominent_faces,5,4,3,3,indoor,1,3
00053719,"A striking frozen landscape at sunset with vivid pink/purple sky contrasting against icy blue tones, featuring a dramatic crack in the ice as a clear focal point — the unusual color combination and rare natural scene make it highly memorable.",none,4,5,3,5,outdoor,1,4
00038614,"A fairly generic, cluttered small kitchen interior with no people or striking focal point — typical stock-like scene that lacks novelty or emotional charge, reducing memorability.",none,2,2,4,2,indoor,1,1
00017250,"A four-panel photo-booth style sequence of the same young man in motion against a vivid green background creates a novel, dynamic composition that draws attention, though the motion blur and split-panel layout reduce focal clarity.",prominent_faces,3,4,3,4,indoor,1,3
00028247,"A smiling toddler with a bright red tulip creates a warm, emotionally resonant scene with a clear focal subject and charming novelty — the child's joyful expression and the vivid flower together make this image highly memorable.",prominent_faces,4,3,2,3,outdoor,2,4
00033984,"Three friends posing together in a modern indoor mall/atrium setting; the group of people forms a clear focal point, but the scene is relatively generic (casual group photo in a shopping center), limiting distinctiveness.",prominent_faces,4,2,3,2,indoor,1,2
00054680,"The striking close-up of fractured, layered ice sheets with an outdoor wintry backdrop creates an unusual, abstract-feeling composition that is visually novel and moderately complex, driving memorability through distinctiveness and the interplay of translucent textures.",none,3,4,4,1,outdoor,1,2
00008255,"A striking silhouette of two people kissing framed by an archway against a twilight sky — the romantic intimacy, bold contrast, and elegant framing make this highly memorable.",people_present,5,4,2,3,outdoor,1,5
00003894,"The dramatic red-lit arches of a Mediterranean-style town square at dusk create a striking, moody, and atmospheric scene that is highly distinctive and emotionally evocative.",none,3,4,3,4,outdoor,1,4
00018200,"The dramatic upward spiral staircase viewed from below creates a striking geometric composition with a single clear focal point, making it visually distinctive and highly memorable.",none,5,4,3,2,indoor,1,3
00045651,"The tall historic clock tower shot from a dramatic low angle is a striking and distinctive architectural subject, with the large dark clock face serving as a clear focal point against the pale sky; the black-and-white treatment adds a timeless, slightly atmospheric quality.",none,4,3,3,1,outdoor,2,2
00013936,"The striking combination of a vivid red rose alongside elegantly plated cream puffs with chocolate drizzle on a white plate creates a romantic, emotionally resonant composition with a clear focal subject and vivid color contrast.",none,4,4,3,4,indoor,1,4
00048594,"A young woman with flowing auburn hair sitting alone on a bench reading, backlit by strong sunlight — the single clear subject and warm, contemplative mood make this moderately memorable, though the setting is a fairly common urban scene.",prominent_faces,4,3,3,2,outdoor,1,3
00027307,"A fluffy, expressive dog appearing to ""smile"" next to a strawberry margarita by a pool is a highly novel and emotionally engaging combination that drives strong memorability.",none,4,5,3,4,outdoor,1,4
00024086,"A striking, heavily customized black hot rod roadster with an exposed engine and whitewall tires dominates the frame — its unusual, dramatic appearance makes it highly distinctive and memorable.",none,4,5,3,3,outdoor,1,3
00047827,"A black-and-white fruit market stall with bananas hanging from the ceiling and a vintage scale creates a nostalgic, atmospheric scene with moderate distinctiveness, but the cluttered arrangement and monochrome palette somewhat reduce immediate memorability.",none,2,3,4,1,indoor,1,2
00003896,"The eclectic, colorful living room with a mix of vintage furniture, bright blue dresser, turquoise lion figurines, zebra rug, and layered decor creates a distinctive and visually rich scene, though the busy composition slightly diffuses a single focal point.",none,2,4,5,4,indoor,1,2
00018891,"Three vintage thermoses grouped together on a retro patterned tablecloth create a nostalgic, moderately distinctive still-life scene with clear focal subjects and warm but muted colors.",none,4,3,3,3,indoor,2,2
00010527,"A vivid, close-up shot of a glossy red strawberry on a dark chocolate disc creates a strong focal point with rich color contrast, making it highly memorable as a visually appealing and indulgent food image.",none,5,3,2,5,unclear,1,3
00013827,"The striking visual trick of a child holding a photo strip that aligns perfectly with their own eyes creates a highly novel, surreal focal point that is both conceptually clever and emotionally engaging, making it very memorable.",prominent_faces,5,5,2,2,unclear,1,4
00048897,"A rodeo cowboy with a prominent face actively roping on horseback at what appears to be the National Finals Rodeo in Las Vegas — the dynamic action, clear human subject, and vivid event context make this highly memorable.",prominent_faces,4,4,3,3,indoor,3,4
00002667,"A dramatic low-angle shot of a traditional Arabian dhow (wooden sailing vessel) docked in a harbor, rendered in a moody sepia/desaturated tone — the striking composition and culturally distinctive subject make it highly memorable.",none,4,4,3,2,outdoor,2,3
00000066,"Two laughing children with prominent, joyful faces leaning against a textured teal corrugated wall create a warm, emotionally resonant image with a clear focal subject and vivid coloring.",prominent_faces,5,4,2,4,outdoor,1,5
00026295,"The image shows a highly repetitive, pattern-like façade of multiple high-rise apartment buildings with rows of balconies — visually complex and somewhat striking in its repetition, but ultimately a generic urban architectural scene with no clear focal subject, no people, and low emotional charge.",none,1,2,4,2,outdoor,1,1
00026318,"A vivid, emotionally resonant oil painting of a couple sharing an umbrella in the rain, with bold impasto brushwork and warm golden tones creating a single, romantically charged focal point that is highly distinctive and memorable.",people_present,5,4,3,4,outdoor,1,5
00011405,"The close-up of a finger pointing into a navel is an unusual, intimate, and slightly odd composition that creates a strong focal point and mild novelty, driving memorability.",people_present,5,4,2,1,unclear,1,3
00018077,A large vehicle covered entirely in colorful LEGO bricks being pushed by people down a San Francisco street is a highly novel and striking focal subject that strongly drives memorability.,people_present,4,5,4,4,outdoor,1,3
00039393,"Two boys sharing a single bicycle on a busy Asian street creates a charming, distinctive focal moment that stands out against the cluttered urban backdrop of motorbikes, signage, and storefronts.",people_present,3,4,4,3,outdoor,3,3
00013293,"A close-up of a baby's face with wide, curious eyes is inherently emotionally engaging and has a single, unmistakable focal subject, making it highly memorable.",prominent_faces,5,3,2,3,indoor,1,4
00018111,"The keyhole with bright light beyond creates a single dramatic focal point with strong contrast, mystery, and a voyeuristic emotional pull — all highly memorable compositional elements.",none,5,4,2,1,indoor,2,4
00057821,"A prominent smiling face with a distinctive spiky updo hairstyle and a tie worn over a dress shirt creates a striking, slightly androgynous portrait that is emotionally warm and visually distinctive.",prominent_faces,5,4,2,1,indoor,1,3
00004787,"A striking black-and-white close-up of a person partially obscuring their face with outstretched hands — the unusual composition, direct gaze through the fingers, visible rings, and dramatic moody lighting make this highly distinctive and emotionally charged.",prominent_faces,4,5,3,1,indoor,1,4
00042136,"A skier caught mid-air performing a trick with crossed skis against a vivid blue sky creates a striking, dynamic focal point that is highly distinctive and emotionally exciting, driving strong memorability.",people_present,5,4,3,4,outdoor,2,4
00054307,"The dramatic, dark interior of a large abandoned hall with Gothic arched ceiling and eerie atmospheric lighting creates a striking, emotionally charged scene with strong memorability driven by its haunting aesthetic and architectural grandeur.",none,4,5,4,2,indoor,1,4
00034333,"A conventional, well-staged indoor dining room with warm tones and classic furniture — pleasant but highly generic, lacking a distinctive focal point or emotional charge that would make it stand out in memory.",none,3,2,3,2,indoor,1,1
00021459,"A fairly generic urban park scene with a green foreground, bare trees, and distant tower blocks under a blue sky — competent but unremarkable, offering no single striking focal point or emotional hook.",none,2,2,3,3,outdoor,1,2
00029934,"The warm, golden-orange misty sunrise with silhouetted trees creates a moody, atmospheric scene that is emotionally evocative and visually distinctive, driving memorability.",none,3,4,3,3,outdoor,1,4
00002024,"The iridescent, rainbow-reflective surfaces of multiple overlapping CDs/DVDs create a visually striking and colorful composition, with the ghostly reflected face adding an unusual, slightly surreal quality that boosts distinctiveness and memorability.",none,3,3,3,4,indoor,1,2
00039137,"The stark all-white scene of stacked suitcases with a pop of red scarf and a hat creates a distinctive, surreal still-life composition that is visually striking and memorable due to its monochromatic theme broken by a single vivid color accent.",none,3,4,3,2,indoor,1,2
00037125,"An art gallery interior with large, striking abstract paintings of pale organic shapes on dark backgrounds provides a moderately distinctive focal point, but the wide open space and multiple artworks spread across the room dilute focus and reduce overall memorability.",people_present,2,3,3,2,indoor,1,2
00042859,"A young blonde woman talking on a phone outdoors with a vivid purple/magenta scarf provides a clear focal subject and mild emotional intrigue from her serious expression, making it moderately memorable.",prominent_faces,5,3,2,3,outdoor,1,3
00031129,"A dark Eiffel Tower miniature souvenir sits on a windowsill against a rain-streaked, wintry window — the contrast between the iconic replica and the moody, melancholic backdrop creates a moderately distinctive and emotionally evocative composition with one clear focal subject.",none,5,3,2,1,indoor,1,3
00055159,"The image features prominent faces of multiple people seated at a table, with a woman in a striking red shirt as the central focal point, set in a warm yellow-toned indoor social scene that carries mild emotional charge.",prominent_faces,3,2,3,3,indoor,1,2
00035416,"A construction site with partially built structures and exposed wooden framing is a fairly generic, utilitarian scene with no clear single focal point, muted colors, and low emotional charge, all of which reduce memorability.",none,2,2,3,2,outdoor,1,1
00010994,"A moody, atmospheric street scene with old colonial buildings and rail tracks running through cobblestones under a dramatic stormy sky — the combination of weathered architecture, tracks, and golden light creates a distinctive and evocative image, though the scene is somewhat cluttered with multiple competing elements.",none,2,4,4,3,outdoor,2,3
00009840,"The bold, dominating red panel creates a striking, unusual composition that pushes the human subject to a small corner, making the image visually distinctive and memorable.",people_present,3,4,2,5,indoor,1,2
00001120,"A simple, clean overhead shot of two everyday food items — a green mug with coffee and a pink bowl of mixed berries — provides a clear focal layout but is fairly generic as a food/breakfast scene.",none,3,2,2,3,indoor,1,2
00034722,"A well-composed, traditional bedroom with a bay window and chandelier is pleasant but fairly generic as a real-estate-style interior shot, offering little novelty or emotional charge.",none,3,2,3,3,indoor,1,2
00011295,"A close-up of a chocolate Labrador licking a spoon/utensil is a charming and somewhat novel scene — the dog's expression and action create a clear focal point and mild emotional warmth, boosting memorability.",none,5,4,2,2,outdoor,1,3
00009001,"Two young women sharing an intimate moment in a colorful hammock creates a clear emotional focal point with human connection, driving memorability.",prominent_faces,4,3,3,3,indoor,1,4
00032158,"A large bird of prey (osprey) photographed in sharp detail mid-flight against a clean, uncluttered blue sky creates a single dominant focal point with vivid contrast and a sense of freedom and power, driving high memorability.",none,5,4,2,3,outdoor,1,3
00031481,"A lone young woman in a dark dress standing on rocky coastal shores, shot in soft-focus black-and-white with a melancholic mood — the combination of prominent face, emotional atmosphere, and artistic dreamlike quality makes this highly memorable.",prominent_faces,4,4,2,1,outdoor,2,4
00042512,"A man standing on top of an elephant wading through a river is a highly unusual and striking scene — the novelty of the human-elephant interaction, combined with a single clear focal point and emotional warmth, makes this very memorable.",prominent_faces,5,5,3,3,outdoor,1,4
00051644,"A striking close-up of a large snake (or snakes) coiled together fills the entire frame, with vivid yellow-green and dark patterned scales creating an unusual, viscerally engaging subject that is both distinctive and emotionally charged due to the reptile's perceived danger.",none,4,4,3,3,outdoor,1,4
00009673,"The angled night shot of an orange-lit building wall with a glowing moon peeking through clouds creates an atmospheric, slightly eerie composition that is moderately distinctive, though the lack of a single dominant subject and the tilted framing add mild complexity.",none,2,3,3,3,outdoor,1,3
00005033,"An unusual close-up of dirty, gear-laden mechanical components half-buried in soil creates a striking, novel composition with a clear focal subject (the rusty geared mechanism), boosting memorability through distinctiveness and unexpected context.",none,4,4,3,2,outdoor,1,2
00008920,"The dramatic silhouette of a bare tree against a vivid orange/red sunset sky, with a church dome and palm trees in the background, creates a striking, emotionally evocative composition with a clear focal subject and highly saturated colors that make it very memorable.",none,4,4,3,5,outdoor,1,4
00057147,"A vivid, striking red bottlebrush flower dominates the frame as a single clear and unusual focal subject against lush green foliage, making it highly memorable due to its distinctive spiky texture, saturated color, and novelty.",none,5,4,3,5,outdoor,1,3
00015663,Two smiling people with prominent faces sharing a warm moment while holding ice cream cones drives memorability through emotional warmth and clear human subjects.,prominent_faces,4,3,2,3,unclear,1,4
00019286,"The eerie, fog-shrouded industrial structure at dusk/dawn creates a distinctively moody and atmospheric scene with a clear dominant subject, boosting memorability through its unusual, almost haunting quality.",none,4,4,2,1,outdoor,1,4
00018118,"The striking glass greenhouse/botanical garden with its ornate dome architecture serves as a strong focal point, framed by vivid orange/red flower beds and manicured hedges, making this a distinctive and visually appealing scene.",none,4,4,3,4,outdoor,1,3
00046384,"A weathered, deteriorating stuffed bear hanging on a rural wire fence creates a striking, melancholic, and slightly eerie scene that is highly unusual and emotionally evocative, driving strong memorability.",none,5,5,2,2,outdoor,1,4
00046749,"A snowboarder mid-trick on a rail with arms raised is a dynamic, action-packed focal point against a clear blue sky, boosted by the vivid orange snowboard in the foreground and the unusual urban snow-park setting.",people_present,3,4,4,4,outdoor,2,3
00035083,"A generic corporate office building exterior with no people, muted colors, and a typical suburban layout — highly stock-like and unremarkable, with no strong focal point or emotional charge.",none,2,2,3,2,outdoor,2,1
00039860,"A bilingual (English + Hebrew) glow-in-the-dark keyboard sticker sheet with vivid neon-green lettering on black is a novel, distinctive product that stands out, but the dense grid of text-covered keys creates visual clutter and there is no human subject.",none,4,4,4,4,indoor,5,2
00008602,"Vivid magenta/pink ice plant flowers against green foliage create a strong focal point with striking color saturation, boosting memorability.",none,4,3,3,5,outdoor,1,2
00027562,"A striking and unusual composition of smooth river stones inside a wine glass, lit dramatically against a black background with starburst lens flares — the novelty of the subject matter combined with high contrast lighting and sparkling effects makes this highly memorable.",none,5,5,3,2,indoor,1,3
00023843,"The dark tunnel receding into a glacial ice cave creates a striking, novel perspective with a single clear focal point and an eerie, mysterious atmosphere that makes it highly memorable.",none,5,4,2,2,unclear,1,3
00019558,"The single autumn leaf resting on the wiper of a vivid red car hood creates a clear focal point with a poetic, seasonal contrast that makes this image distinctive and mildly emotionally evocative.",none,4,3,2,4,outdoor,1,2
00034186,"An unusual indoor swimming pool with a vivid ocean-themed mural, lush plants, and a glass-enclosed atrium creates a striking, novel domestic scene that is highly distinctive and memorable.",none,4,4,3,4,indoor,1,3
00029286,"A heavily customized Japanese van (""Dekotora""-style) with dramatic anime artwork, wing spoilers, and elaborate bodywork driving down a city street — the extreme vehicle customization and striking artwork make this highly distinctive and memorable.",none,4,5,4,4,outdoor,2,3
00024284,"A macro shot of a water droplet frozen mid-splash with a perfect spherical crown is a visually striking and technically impressive image — the single clear focal subject, the cool blue tones, and the rare captured moment make it distinctively memorable.",none,5,4,2,2,unclear,1,2
00032115,"A close-up macro shot of a single keyboard key in sharp focus against a blurred background creates a clear focal point, but the subject (a keyboard) is a very common, generic object with muted black-and-white tones, limiting distinctiveness and emotional impact.",none,5,2,2,1,indoor,2,1
00043591,"A row of nearly identical yellow school buses parked side by side creates a repetitive, generic scene with no single focal point or unusual element, making it relatively unmemorable despite the vivid yellow color.",none,2,2,3,4,outdoor,1,1
00039715,"A photographer crouched behind a ramp to capture a skateboarder at a wet skate park creates an unusual, action-packed composition with a clear narrative tension and two distinct human subjects in dynamic poses.",people_present,3,4,3,2,outdoor,1,3
00055299,"A close-up portrait of a happy, smiling dog with a clear focal subject and warm emotional appeal — the expressive face and tongue-out pose make it charming and memorable, though dogs are a common photographic subject.",none,5,3,2,2,outdoor,1,4
00035013,A pleasant but generic green park scene with dappled sunlight and a winding path — the kind of stock-like nature photo that lacks a singular striking focal point or novelty to make it stand out in memory.,none,2,2,3,4,outdoor,1,2
00045443,"A vintage suitcase resting on a rustic wooden bench with purple flowers peeking through creates a charming, nostalgic scene with a clear focal subject and moderate novelty.",none,4,3,3,3,outdoor,1,3
00035620,"A fairly generic, compact kitchen interior with white cabinets, black appliances, and a tile backsplash — stock-like in composition with no strong focal point, people, or emotional content, making it low in memorability.",none,2,2,3,2,indoor,1,1
00052274,"A tight, sharp close-up portrait of a female mallard duck against a clean, blurred neutral background creates a single strong focal point; the detailed feather texture and direct profile pose give it moderate distinctiveness above a generic bird photo.",none,5,3,2,2,unclear,1,2
00010246,"The striking combination of dark-background beer/champagne bottles surrounded by dramatic light painting (sparkler trails) creates an unusual, visually arresting composition that is highly distinctive and emotionally evocative of celebration.",none,3,5,4,3,indoor,2,4
00025140,"A wide mountain landscape panorama with dense evergreen forest in the foreground and rolling peaks in the distance — a classic, generic nature scene with no single focal subject, no people, and muted/shadowed tones, all of which reduce memorability.",none,2,2,3,2,outdoor,1,2
00039427,"The bright orange Metro bus with the unusual ""Jet Prop Lab"" destination sign is the clear focal subject, and the vivid orange color and slightly quirky destination text add distinctiveness, though the scene itself is a fairly common urban transit setting.",people_present,4,3,3,4,outdoor,3,2
00031158,"The strikingly unusual geometric building facade with glowing golden diamond-shaped windows against a vivid blue wall and deep blue sky creates a highly distinctive, novel architectural image with a clear focal subject and strong color contrast that makes it very memorable.",none,4,5,3,5,outdoor,1,3
00046687,"Two people standing in a doorway between an indoor bedroom and an outdoor garden create a transitional, moderately interesting scene, but the backlit composition and everyday setting keep it from being highly distinctive or emotionally charged.",people_present,3,2,3,2,indoor,1,2
00029946,"A moody twilight landscape of a calm loch reflecting dramatic golden-orange clouds between dark mountain silhouettes — atmospheric and tranquil, but a somewhat classic ""scenic lake at dusk"" composition that, while beautiful, falls into a familiar genre.",none,2,3,3,3,outdoor,1,3
00047782,"A distinctively colored red-and-cream vintage Czech train with people visible in the doorway provides a moderately memorable focal subject, though the overall scene is a fairly common railway photograph.",people_present,4,3,3,3,outdoor,2,2
00024774,"A fluffy cat sleeping peacefully in a curled-up pose on a red blanket — the close-up framing, soft fur textures, and endearing sleeping expression give it moderate emotional warmth and a clear focal subject, though cats are a very common internet image subject reducing distinctiveness.",none,4,2,2,2,indoor,1,3
00038630,"A fairly generic corporate conference room with a standard layout — table, chairs, whiteboards, pendant lights — offering little novelty or emotional charge, though the modern pendant lights and written whiteboards add mild distinctiveness.",none,2,2,3,2,indoor,3,1
00017664,"The dramatic low-angle upward shot of dark skyscrapers with a lone street lamp and sepia/golden-toned sky creates a striking, cinematic composition that stands out from typical cityscape photos.",none,3,4,3,2,outdoor,1,3
00030529,"A dramatic nighttime cityscape of Chicago (likely featuring the Willis/Sears Tower) bathed in vivid amber/orange tones from city lights, with a clear industrial foreground and iconic skyline — the striking color palette and recognizable landmark make this highly memorable.",none,4,4,4,5,outdoor,1,4
00008696,"Whimsical felt finger puppets shaped like food items (sandwich, taco, tooth, ice cream) with cute cartoon faces, worn on fingers against a polka-dot background — highly novel and charming, driving strong memorability.",people_present,3,5,3,3,indoor,1,4
00027509,"A vividly colored scarlet macaw perched on a branch against a dark background creates a striking, high-contrast image with a single clear focal subject and exceptional color saturation, all of which strongly drive memorability.",none,5,4,2,5,unclear,1,3
00036068,"The Tudor-style boathouse sitting directly on a lake with two boats docked is an architecturally distinctive and somewhat unusual subject that creates a clear focal point, boosting memorability despite the muted, overcast colors and lack of people.",none,4,4,3,2,outdoor,2,2
00006637,"The mirror-like canal reflection of historic red-brick buildings creates a striking symmetrical composition that is visually distinctive and memorable, elevated further by the calm water and warm golden lighting.",none,3,4,3,3,outdoor,2,2
00046325,"Two zebras with their bold, high-contrast black-and-white stripe patterns stand out vividly against a natural green savanna background, making the image distinctive and memorable due to the striking natural patterning of the animals.",none,4,3,3,2,outdoor,1,2
00009954,"The striking contrast between the vivid blue sky framed by the window cutout against the warm beige stucco wall, combined with the intricate bare tree branches casting shadows, creates a minimalist yet visually poetic composition that is moderately distinctive and memorable.",none,3,4,3,3,outdoor,1,2
00051917,"A full moon set against a pure black sky creates a single, stark focal point with high contrast; while moons are a common subject, the close-up detail of lunar maria and craters adds a degree of distinctiveness and an almost eerie atmosphere.",none,5,3,2,2,outdoor,1,3
00025117,"A single vivid purple pansy with rain droplets growing resiliently from a crack beside a wooden fence creates a clear, emotionally resonant focal subject with a subtle narrative of resilience.",none,5,3,2,3,outdoor,1,3
00058438,"A highly detailed, novelty Halloween haunted house cake shaped like a 3D spooky building with ghosts, bats, pumpkins, and decorations — an unusual and striking subject with a single clear focal point and strong thematic emotional charge.",none,5,5,4,3,indoor,2,4
00037509,"A cluttered, generic storage shelf/workbench interior with miscellaneous items like binders, containers, and boxes — highly common and unremarkable scene with no clear focal subject, muted colors, and no people, all of which reduce memorability.",none,1,1,4,2,indoor,3,1
00005569,"A young child and a large dog sharing an affectionate, playful moment on a couch creates a strong emotional focal point that is both heartwarming and distinctive, driving high memorability.",prominent_faces,5,4,2,3,indoor,1,5
00048024,"A clean, well-composed food photograph with a single muffin as the clear focal subject on a silver plate, complemented by a red apple and glass in soft focus — professionally lit but fairly generic as a stock-style food image.",none,4,2,2,3,indoor,1,2
00015042,"Three tomatoes at different ripeness stages (green, orange, red) create a visually striking color contrast with a clear, simple composition that makes the subject immediately recognizable and memorable.",none,4,3,2,4,indoor,1,2
00029623,The striking contrast between sleek black ankle boots and a vividly colorful striped doormat creates a visually distinctive and memorable composition with a clear focal point.,people_present,4,4,3,5,outdoor,1,2
00023213,"The ironic juxtaposition of a ""No Dumping"" sign surrounded by a massive illegal dump of rubble and debris creates a striking, humorous, and emotionally charged scene that drives memorability.",none,4,4,4,2,outdoor,3,4
00051351,"The moody, heavily green-tinted forest road with ethereal lighting creates a striking, atmospheric scene that feels otherworldly and emotionally evocative, boosting memorability despite the absence of people.",none,4,4,3,3,outdoor,1,4
00057559,"A close-up of a distinctively grumpy/angry-faced pink pig plush keychain toy — the unusual emotional expression on a toy, vivid pink colors against a blurred green background, and single clear focal subject make this highly memorable.",none,5,4,2,4,unclear,1,4
00040465,"A vivid, colorful bouquet of mixed flowers next to a decorative white ceramic vase creates a clear, cheerful focal scene with strong color contrast that aids memorability.",none,4,3,3,4,outdoor,1,2
00002200,"A close-up, wide-mouthed, expressive face shot against a vivid red/orange background creates a striking, emotionally charged image with a single dominant subject and unusual intensity.",prominent_faces,5,4,2,4,indoor,1,4
00024071,"The striking golden sunset palette, two silhouetted figures walking on a glowing beach with sailboats in the background creates a romantically charged, visually poetic scene that is highly memorable due to its warm color saturation, emotional intimacy, and elegant compositional balance.",people_present,3,4,3,4,outdoor,1,4
00017931,"A close-up, intimate shot of a person lying down wearing a vibrant floral-patterned garment and orange top — the warm, saturated colors and unusual tight cropping make this moderately distinctive and somewhat emotionally evocative, though the lack of a clear face or single dominant focal point tempers memorability.",people_present,2,3,3,4,unclear,1,3
00043545,"A cluttered desk scene with a Razer mousepad, keyboard, mouse, and camera equipment — fairly generic tech setup with no strong focal point, muted/dark tones, and low emotional charge, all of which reduce memorability.",none,2,2,4,2,indoor,2,1
00015776,"A lone woman in black surrounded by a dramatic swarm of hundreds of pigeons in mid-flight creates a striking, dynamic, and emotionally evocative scene that is highly memorable due to its unusual scale and composition.",prominent_faces,3,5,5,1,outdoor,1,4
00000607,"The humorous, confessional text label (""I STEAL OFFICE SUPPLIES BECAUSE I AM BORED"") stuck on an architectural beam is the single striking focal point, and its unexpectedly candid/funny content gives it strong emotional and novelty value despite an otherwise bland, muted scene.",none,4,4,2,1,unclear,3,3
00054541,"A striking, dark stylized artistic photo featuring two people in an unusual, theatrical pose with a gas mask, tattoos, a hazmat warning symbol, and bold title text — highly distinctive, emotionally charged, and visually novel.",prominent_faces,4,5,3,2,indoor,2,5
00030238,"A vivid macro close-up of a white lily with striking orange stamens against a dark background creates a highly memorable, visually arresting image with a single clear focal point and intense color contrast.",none,5,4,2,5,unclear,1,3
00049786,"A highly creative bento box shaped like an adorable puppy made entirely from rice and food, which is a novel and whimsical art form (kyaraben) that is visually striking, emotionally charming, and has a single unmistakable focal subject.",none,5,5,3,3,indoor,2,4
00011231,"A creative collage of ~16 sepia-toned panels showing one man's morning routine (sleeping, shaving, bathing, reading) — the multi-panel grid layout and self-documentation concept are visually novel and moderately complex, boosting memorability despite the muted tones.",prominent_faces,2,4,4,2,indoor,2,3
00020475,"The abandoned industrial hall with dramatic perspective, graffiti, decay, and moody natural lighting through a ruined roof creates a striking, atmospheric image that is emotionally evocative and visually distinctive.",none,3,4,4,3,indoor,2,4
00052579,"This historic black-and-white photograph features a striking foreground monument with lion sculptures and figurines, horse-drawn carriages, and period-dressed pedestrians near a grand building — the combination of antique novelty and sculptural focal elements drives memorability.",people_present,3,4,4,1,outdoor,1,3
00033474,"A striking, unconventional portrait of a person with vivid teal hair, pale makeup, dramatic lashes, and an unusual leather helmet-like headpiece with a bubble attachment — the combination of avant-garde styling and a single prominent face makes this highly memorable.",prominent_faces,5,5,3,4,indoor,1,4
00048430,"A single vivid pink-and-white rose in a glossy cobalt-blue vase is the clear focal point, with saturated complementary colors and a simple, uncluttered composition that makes it visually striking and memorable.",none,5,3,2,4,indoor,1,3
00004579,"A single golden autumn leaf floating in a rain puddle, shot from ground level with a shallow depth of field — the intimate perspective and melancholic seasonal mood give it strong focal clarity and emotional resonance, boosting memorability.",none,4,4,2,3,outdoor,1,3
00045353,"A highly detailed fondant/sugar-craft cake depicting a miniature couch scene with tiny bags, a teddy bear, and a red draped cloth — this is a novel, skillfully crafted subject that is unusual and charming, driving strong memorability.",none,4,5,4,4,indoor,1,3
00021986,"Two smiling young women holding a colorful festival flyer create a clear focal point with prominent faces and social/celebratory emotional charge, boosting memorability.",prominent_faces,4,3,3,3,indoor,4,3
00033372,"A hand with a rubber stamp imprint on the palm reading ""I was stamped by... nathan makan!"" is an unusual and novel concept — the stamp-on-skin detail is quirky and personal, making it highly distinctive and memorable despite low visual complexity.",people_present,5,4,2,2,unclear,3,2
00030127,"An abandoned or worn-down train/tram interior with deteriorating green seats creates a mildly distinctive, slightly eerie scene, but lacks strong emotional charge or a single dominant focal point.",none,3,3,3,2,indoor,1,2
00044453,"A vintage black-and-white photograph of two children with a bicycle and a dog outside a brick house — the nostalgic, human-interest content with visible faces and a pet gives it moderate memorability, though the muted tones, cluttered background, and generic rural/suburban scene limit its distinctiveness.",prominent_faces,3,3,3,1,outdoor,1,3
00001853,"A dramatic black-and-white silhouette of a cross atop a domed structure against a radiant, cloud-streaked sky creates a striking, emotionally charged composition with a single clear focal point and high distinctiveness.",none,5,4,3,1,outdoor,1,4
00004181,"A bride in white surrounded by four bridesmaids in vivid red dresses, all wearing tiaras and holding bouquets — the strong color contrast, prominent faces, and emotionally charged wedding context make this highly memorable.",prominent_faces,3,3,3,5,indoor,1,4
00058144,"The Aston Martin branded engine/chassis component is a distinctive focal subject with the recognizable winged logo, but the cluttered workshop background and mechanical complexity reduce clarity; the muted, industrial color palette and technical subject matter keep emotional charge low.",none,3,3,4,2,indoor,1,2
00001987,"The vivid, multicolored graffiti mural spanning the entire wall is visually striking and distinctive, with bold colors and intricate wildstyle lettering that draws the eye, making it highly memorable despite the cluttered composition.",none,3,4,5,5,unclear,3,3
00011245,"A lone child walking up a grassy hill against a dramatic cloudscape creates a mildly evocative, somewhat poetic scene, but the small figure, generic outdoor setting, and common composition limit its distinctiveness.",people_present,3,2,2,3,outdoor,1,3
00044119,"A wide panoramic shot of a cluttered, lived-in apartment kitchen with no single focal point, generic everyday objects, and muted colors — all factors that reduce memorability.",none,1,2,4,2,indoor,2,1
00038807,"A bald man in a dark coat viewed from behind dominates the foreground, creating a clear focal subject, but the overall scene is a fairly common ""people at a harbor/dock"" composition with muted, overcast colors, limiting its distinctiveness.",people_present,4,2,3,2,outdoor,1,2
00041813,"A motorcyclist performing a wheelie on a race track is a dynamic, action-packed moment with a single clear subject; the motion blur and racing context add novelty and excitement, boosting memorability.",people_present,4,4,2,3,outdoor,2,3
00051984,"A fluffy orange kitten perched on a striped mug being held by a person is a highly novel, emotionally warm, and visually charming scene with a single clear focal subject — the kitten — making it highly memorable.",people_present,5,4,2,3,indoor,1,4
00025207,"A large, ornate red-brick historic building dominates the frame, but the scene is somewhat cluttered with bare trees, multiple building layers, and a muted winter palette, reducing its memorability despite the distinctive architecture.",none,3,3,4,2,outdoor,1,2
00024753,"A dramatic black-and-white shot of a row of wind turbines leaning diagonally under a moody, streaked sky creates a striking, surreal composition that is visually arresting and highly memorable.",none,4,5,3,1,outdoor,1,4
00049612,"A quirky, cartoonish robot/lamp figure perched atop an iron gate at night with dramatic cloudy skies creates a highly distinctive and surreal focal point that strongly drives memorability.",none,4,5,3,3,outdoor,2,3
00023244,"This abstract painting combines loose white line-drawn figures and a building with vivid gold and red accents against a moody blue-grey background, creating a distinctive and emotionally evocative artwork that stands out due to its unusual style and layered visual narrative.",people_present,3,4,4,3,unclear,1,4
00016646,"Three joyful children mid-jump with expressive faces create a highly memorable, emotionally engaging, and dynamic image with a clear focal subject group against a simple background.",prominent_faces,5,4,2,3,indoor,1,4
00053883,"A highly memorable Halloween scene featuring two people in gory, bloody costumes (mad doctor and zombie nurse) with creepy props/mannequins, striking red blood effects, and strong emotional/horror charge that makes it stand out.",prominent_faces,3,4,4,3,indoor,1,4
00039678,"A collage of three shots showing fresh orange juice being made — the vivid yellow-orange juice in a clear cup is the dominant focal point, but the triptych layout and kitchen clutter reduce single-subject clarity and overall distinctiveness.",none,3,2,3,4,indoor,1,2
00003759,"A woman sitting calmly amid a flooded indoor living room is a striking, emotionally charged, and highly unusual scene that creates a strong single focal point against a disturbing backdrop of disaster.",prominent_faces,4,5,3,2,indoor,2,5
00040186,"A lively beach scene with people flying kites — the dramatic parasail kite in the foreground and silhouetted group of people against a hazy coastal skyline give it moderate distinctiveness, but the somewhat washed-out hazy lighting and busy, cluttered composition reduce its overall memorability impact.",people_present,2,3,4,2,outdoor,1,3
00045925,"A jockey in a vivid yellow-and-black checkered outfit riding horse number 7 at full gallop creates a single, dynamic focal point with motion blur adding drama — the combination of sport action, distinctive colors, and clear subject drives strong memorability.",people_present,5,4,2,4,outdoor,1,3
00026917,"A quiet nighttime coastal landscape with stars and distant city lights on the horizon — mildly atmospheric but ultimately a generic scenic shot with no dominant focal subject, people, or striking novelty.",none,2,2,2,2,outdoor,1,2
00044829,"A smiling Vietnamese market vendor prominently holds up bananas toward the camera, creating a clear focal subject with strong cultural distinctiveness, warm human connection, and vivid scene details that make it highly memorable.",prominent_faces,4,4,4,3,outdoor,2,4
00044345,"A striking vintage black-and-white U.S. Air Force jet aircraft with a full crew posed in front is highly distinctive and emotionally resonant, combining military history, human presence, and an unusual aircraft design into a single clear focal composition.",people_present,4,4,3,1,outdoor,2,4
00049782,"A small Chihuahua with glowing red eyes (camera flash effect) wearing a harness sits on a patterned rug — the eerie glowing eyes on a cute dog create a striking, novel, and slightly humorous/unsettling focal point that boosts memorability.",none,5,4,3,2,indoor,1,3
00041239,"A woman making a bed in a typical bedroom is a mundane, everyday scene with a clear focal subject but low novelty, which limits memorability despite the human presence.",people_present,3,2,3,2,indoor,1,2
00054844,"A humorous mistranslation sign (""Italy face speculation"" for 炒意面 / stir-fried noodles) is inherently novel and funny, boosting memorability despite the simple, text-heavy composition.",none,5,4,2,1,indoor,5,3
00043549,"A tabby cat resting its paw on a TV remote control on a couch is a mildly novel and relatable scene — the cat-on-remote detail adds a touch of humor and distinctiveness, with the cat's face as a clear focal subject.",none,4,3,2,2,indoor,1,2
00025810,"A calm, generic riverside scene with bare winter trees and a distant house — pleasant but lacks a strong focal point, novelty, or emotional charge, making it relatively forgettable.",none,2,2,3,2,outdoor,1,2
00033086,"The clever concept of a hand holding a Polaroid photo that aligns with the real amusement park structure in the background creates a striking, novel visual that strongly drives memorability.",people_present,4,5,3,3,outdoor,1,3
00057517,"A heavily decorated My Little Pony-themed child's bedroom packed with pink plush toys, posters, and themed bedding creates a distinctive, emotionally nostalgic, and visually rich scene that stands out due to its extreme thematic intensity and vibrant color saturation.",none,2,4,5,5,indoor,2,4
00048857,"A woman in street clothes standing in a swimming pool holding submerged sunglasses is an unusual, slightly humorous scene with a clear focal subject and moderate emotional charge, making it quite memorable.",prominent_faces,5,4,2,3,outdoor,2,3
00016782,"The colorful crocheted blanket draped over a magazine creates a moderately distinctive composition, but the split between two subjects (craft project and magazine) and the visible text reduce clarity of a single focal point.",prominent_faces,2,3,4,3,indoor,4,2
00017314,"A close-up cholla cactus in sharp focus against a blurred desert butte and vivid blue sky creates a distinctive, clear focal subject with strong depth-of-field technique that makes it memorable.",none,4,3,2,3,outdoor,1,2
00007035,"A sepia-toned portrait of a smiling Buddhist monk (Geshe Damcho Yonten) with a clear focal subject and moderate emotional resonance from the peaceful expression and ""Peace for Tibet"" message, making it moderately memorable.",prominent_faces,5,3,2,1,indoor,2,3
00024713,"A moody, rain-slicked urban alley at night with dramatic orange sodium-lamp lighting, graffiti-covered walls, and a lone distant figure creates a strong atmospheric and slightly ominous emotional charge that drives memorability.",people_present,3,4,4,4,outdoor,2,4
00056479,"A glass donations jar filled with dollar bills and a hand-written ""DONATIONS"" label is the clear focal subject — the combination of money, a charitable context, and the DIY label gives it moderate distinctiveness and mild emotional resonance, while the cluttered background and dim indoor lighting add some visual noise.",people_present,3,3,3,2,indoor,3,3
00047144,"The image features a retro/vintage hi-fi audio receiver stacked above a modern backlit keyboard and mouse, creating an interesting contrast between old and new technology that gives it moderate distinctiveness, while the dark ambient lighting with blue LED glow adds visual atmosphere.",none,3,3,4,3,indoor,2,2
00029198,"The glowing green Gothic church window set against a very dark interior creates a striking, atmospheric contrast that makes it visually distinctive and memorable.",none,5,4,3,4,indoor,1,3
00037370,"A bustling bakery display case packed with colorful pastries and breads, with a worker in a blue uniform reaching into the case — the combination of an identifiable human subject, vivid warm food colors, and an abundance of appealing baked goods makes this scene moderately memorable, though the visual clutter of many items reduces the single focal-point clarity.",people_present,2,3,4,3,indoor,2,3
00013540,"A massive swarm of monarch butterflies filling the sky creates a visually striking, novel, and emotionally evocative scene that is highly memorable due to its sheer scale and vivid orange-and-blue color contrast.",none,3,5,5,5,outdoor,1,4
00012202,"A smiling young woman standing in front of a vibrant, busy street-art mural creates a strong memorable image — the contrast between the lively human subject and the colorful, eclectic graffiti wall behind her provides both emotional warmth and visual novelty.",prominent_faces,4,4,4,4,unclear,3,4
00045623,"Two trains on parallel tracks in an open rail yard, with the bold orange/yellow color of the locomotives providing a vivid focal contrast against the muted industrial landscape, making the scene moderately memorable.",none,3,3,3,3,outdoor,1,2
00036577,"A generic highway driving scene with road signs, street lights, and a single truck ahead — highly stock-like and lacking a distinctive focal point or emotional charge, which significantly reduces memorability.",none,2,1,3,2,outdoor,3,1
00052289,"This is a surrealist composition referencing Magritte's ""Son of Man,"" featuring a man in a suit with a green apple obscuring his face — a highly distinctive, novel, and striking image with a single clear focal point and moderate emotional/intellectual charge.",people_present,5,5,2,3,unclear,2,3
00012763,"The infrared photography technique creates a striking, otherworldly white foliage effect, and the canal lock with its receding perspective and power pylon provides a distinctive, novel composition that boosts memorability.",none,3,4,3,2,outdoor,1,3
00055012,"A collage of multiple photos from an Indian temple complex (likely Rajasthan) featuring tourists, a snake charmer, and ornate Hindu temples — the cultural novelty and variety of scenes boost memorability, but the collage format creates clutter and dilutes any single focal point.",prominent_faces,2,4,5,4,outdoor,2,3
00031731,"A dramatic black-and-white portrait of a woman wrapped in chains creates a striking, emotionally charged and symbolically provocative image with a single clear subject and high distinctiveness.",prominent_faces,5,4,3,1,indoor,1,5
00015526,"This vivid abstract painting combines a heart motif, dramatic red-yellow-green color contrasts, and a mirrored landscape reflection — creating a striking, emotionally evocative composition that is highly distinctive and memorable.",none,3,4,4,5,unclear,1,4
00058680,"A close-up black-and-white image of a young person partially hiding their face behind a hand with handwritten text on the palm — the combination of a prominent face/eye, personal written message, and emotionally charged content makes this highly memorable.",prominent_faces,5,4,2,1,unclear,3,4
00023078,"Three vivid cobalt-blue glass rings with one in motion blur create a striking, novel composition against a clean white background, making this image highly memorable due to its distinctiveness and strong color contrast.",none,4,4,2,5,unclear,1,2
00012758,"A single, clearly defined wooden sign hanging against a blurred background dominates the frame; its humorous Italian text (""open when I feel like it, closed when I feel like it"") adds novelty and mild emotional amusement, boosting memorability despite the text-heavy, relatively simple composition.",none,5,3,2,2,unclear,5,2
00028820,"A person in a vivid orange satin gown wearing a white animal (dog/pig) mask, reclining on a black leather couch with orange balloons — the surreal, bizarre combination of elements makes this highly distinctive and emotionally striking.",people_present,4,5,3,4,indoor,1,4
00051604,"A highly detailed, custom LEGO build featuring a fantasy/battle vehicle with a dragon, cannon, and minifigures — novel, intricate, and visually engaging, boosting memorability through distinctiveness and moderate complexity.",none,3,5,4,3,unclear,1,3
00025074,"A cluttered desk scene with multiple everyday objects (laptop, phones, book, iPod, mouse, wallet, packaging) and no single dominant focal point, making it a fairly generic, low-emotional stock-like workspace image.",none,2,2,4,2,indoor,3,1
00033754,"A well-decorated, somewhat busy kitchen island scene with warm earthy tones and hanging pots — visually interesting but ultimately a familiar domestic interior without a single striking focal point or strong emotional charge.",none,2,2,4,3,indoor,1,2
00013027,"The rusty red fire escape railing in sharp foreground contrast against soft-focus autumn foliage creates a striking, moody urban scene with clear subject and vivid seasonal color.",none,4,3,3,4,outdoor,1,3
00036245,"A busy indoor ice skating rink filled with many people of various ages creates a moderately memorable scene, but the large crowd dispersed across the rink lacks a single focal point, and the overall setting is a fairly generic recreational venue.",people_present,2,2,4,2,indoor,1,2
00010181,"A person almost entirely obscured by an enormous, colorful cluster of character-shaped foil balloons creates a highly novel and striking focal point that is very likely to be remembered.",people_present,4,5,4,4,outdoor,2,3
00006245,"A vividly coloured rainbow umbrella shot from below with the handle as a strong central focal point creates a striking, radial composition that is both visually distinctive and highly saturated, boosting memorability.",none,5,4,3,5,unclear,1,2
00003575,"The unusual and quirky image of a person holding a pen in their mouth at an odd angle creates a striking, novel composition that draws attention and is likely to be memorable due to its distinctiveness and close-up framing.",prominent_faces,4,4,2,3,indoor,1,3
00003457,"A dramatically lit modern building at night with vivid green and red illumination creates a striking, unusual architectural scene with strong color contrast that makes it highly memorable.",none,4,4,3,5,outdoor,1,3
00054499,"A uniquely customized LEGO minifigure with multiple mechanical arms and weapons creates a striking, novel subject against a plain white background, making it highly memorable due to its distinctiveness and clear focal point.",none,5,4,3,2,unclear,1,2
00027333,"The provocative combination of firearms and a Starbucks-parody ""Guns and Coffee"" logo creates a striking, controversial juxtaposition that is highly distinctive and emotionally charged, driving strong memorability.",none,4,5,3,2,unclear,3,5
00056524,"The juxtaposition of an overgrown, ivy-clad tree against an industrial chimney stack in an abandoned-looking outdoor setting gives this image a distinctive, eerie atmosphere that aids memorability, though the cluttered vegetation and overcast tones reduce sharpness of focus.",none,2,3,4,2,outdoor,1,3
00039090,"A black bear partially hidden in lush green vegetation creates a striking ""hidden animal"" discovery moment that is emotionally charged and distinctively novel, driving high memorability despite moderate visual complexity from the dense foliage.",none,3,4,3,3,outdoor,1,4
00041787,"Two horses peering over a rustic dry-stone wall directly at the camera creates a charming, relatable, and slightly humorous scene with a clear dual focal point and moderate emotional warmth.",none,4,4,3,3,outdoor,1,3
00006123,"The striking geometric contrast between the warm orange terracotta roof tiles and the deep saturated blue sky, combined with the sharp triangular architectural forms, creates a visually distinctive and memorable composition with a clear focal subject.",none,4,4,3,5,outdoor,1,3
00038198,A typical suburban deck scene with a striped awning and people dining — moderately memorable due to the social gathering but generic in composition and setting.,people_present,2,2,3,3,outdoor,1,2
00038522,"An ornate, elegantly decorated bedroom with a canopied bed and vintage blue-and-white upholstered furniture gives it a distinctive, period-style character, but the cluttered arrangement of furniture and muted tones slightly reduce its memorability.",none,3,4,4,2,indoor,1,2
00001655,"A vivid, warmly saturated beach dune scene with a dramatic blue sky, but it's a fairly generic coastal landscape with no people and only a modest focal point (a lone rock), limiting distinctiveness.",none,2,2,2,4,outdoor,1,2
00015470,"A striking, unusual street-art sticker of a stylized cartoon woman smoking, pasted on a brick wall corner — the bold graphic character ""NINETA"" is distinctive and novel, with a clear single focal subject against a textured but simple background.",prominent_faces,5,4,2,2,outdoor,2,3
00036154,"A fairly generic twin bedroom scene with modest color accents (floral curtains, colorful wall art); the two beds compete for focal attention, and the overall composition is a typical stock-like room photo with low emotional charge.",none,2,2,3,3,indoor,1,1
00034427,"A row of generic public transit buses parked at a depot with a distinctive but unremarkable sawtooth-roof shelter — the scene is functional and familiar, reducing memorability, though the repeated geometric roofline adds mild visual interest.",none,2,2,3,3,outdoor,2,1
00042134,"A smiling man holding up a large bunch of bright yellow bananas creates a clear focal point with positive emotional charge, making the scene warm and distinctive.",prominent_faces,4,3,3,4,outdoor,1,3
00002559,"The striking turquoise wall paired with an unusual aerial/angled view of clustered satellite dishes — some white, some rust-colored — creates a visually distinctive and somewhat surreal composition that stands out from typical photography.",none,2,4,3,4,outdoor,1,2
00053605,"A moody dusk scene shot from a canoe bow across a calm lake with dramatic clouds and distant lights — the atmospheric low-light conditions and unique first-person watercraft perspective add distinctiveness, though the blurry motion and low contrast reduce focal clarity.",none,2,3,3,2,outdoor,1,3
00008536,"Two smiling people on stationary bikes in front of a Waitrose storefront create a clear dual focal point with emotional warmth and a mildly novel context (cycling in place as a promotional stunt), boosting memorability.",prominent_faces,4,3,3,2,outdoor,4,3
00014567,"A close-up black-and-white portrait of a bearded man holding a Canon camera directly toward the viewer creates a striking, intimate composition with a single clear focal point and moderate emotional charge from the direct gaze.",prominent_faces,5,3,2,1,indoor,2,3
00002434,"A young woman taking a selfie in a kitchen, showing off multiple visible tattoos (flowers, stars, birds), which adds novelty and a personal story element — the combination of prominent face, distinctive body art, and casual domestic setting creates a moderately memorable image.",prominent_faces,4,3,3,3,indoor,1,3
00054067,"A picturesque European pedestrian street (likely Gdańsk, Poland) with a dramatic clock tower as a vanishing-point focal subject, warm golden-hour lighting, and colorful historic facades — the strong linear perspective and iconic architecture make this visually striking and memorable.",people_present,4,4,4,4,outdoor,2,3
00010885,"The close-up of water dripping from a wooden gutter against a moody, blurred backdrop of bare trees creates a melancholic, atmospheric focal point that is moderately distinctive and emotionally evocative.",none,4,3,2,2,outdoor,1,3
00001964,"A single, beautifully detailed water lily floating on dark water with glistening rain droplets makes for a striking, serene, and emotionally appealing focal subject that stands out from generic flower photos.",none,5,4,2,3,outdoor,1,3
00043996,"A single Canada goose swimming on a rippled water surface is a clear but very common, generic nature scene with muted tones and little novelty, limiting memorability despite the clean focal subject.",none,4,2,2,2,outdoor,1,2
00028216,"A young woman's face is framed interestingly through the legs of a tripod or stand, creating an unusual geometric framing device that adds novelty and distinctiveness to an otherwise simple portrait.",prominent_faces,4,4,3,1,unclear,1,3
00058008,"A woman striking a dramatic yoga/dance pose in front of a glowing circular light on a concrete wall creates a striking, memorable composition with a single clear focal point, theatrical lighting, and an unusual setting.",prominent_faces,5,4,2,2,indoor,1,3
00003335,"A person wearing a striking metallic blue lucha libre wrestling mask paired with a business suit creates an unusual, attention-grabbing contrast that is highly novel and memorable.",prominent_faces,5,5,2,3,indoor,1,4
00009642,"The highly unusual whale-sculpture arch structure over the marina walkway is a striking, novel focal point that makes this image stand out strongly from generic harbor scenes.",people_present,4,5,3,2,outdoor,2,3
00011525,"A moody, backlit crowd scene at what appears to be an indoor event or concert, with dramatic blue/white stage lighting and silhouetted figures creating a visually striking atmosphere that boosts memorability.",people_present,2,3,4,3,indoor,1,3
00056001,"The hanging brass temple bells with colorful decorative elements against a dark, textured background create a culturally distinctive and visually striking focal point that elevates memorability.",none,4,4,3,3,indoor,1,3
00017896,"A fairly generic outdoor parking lot scene in a European city with multiple cars, trees, and buildings — common and unremarkable, with no single dominant subject or emotional charge, reducing memorability.",none,2,2,4,2,outdoor,2,1
00020303,"Two electric guitars silhouetted against a dramatic blue backlit curtain create a moody, atmospheric composition with strong contrast and a striking artistic feel that elevates memorability.",none,4,4,2,2,indoor,1,3
00042532,A canal scene with multiple narrowboats and people on deck is moderately distinctive but somewhat generic as a leisure waterway photo; the lack of a single dominant focal point and moderate visual complexity keep memorability mid-range.,people_present,2,2,3,2,outdoor,2,2
00031143,"A lone man walking on railway tracks creates a strong focal point with an emotionally evocative, slightly melancholic atmosphere, boosted by the dramatic leading lines of the tracks and high-contrast monochromatic treatment.",prominent_faces,5,4,2,1,outdoor,1,4
00055020,"This dramatic aerial vista of a canyon landscape (likely Dead Horse Point/Canyonlands) with a winding river, vivid red rock formations, and sweeping scale creates a striking, memorable image due to its grand natural beauty and unusual vantage point.",none,3,4,4,4,outdoor,1,4
00047048,"A lone figure sitting on a bench beside a bicycle in a misty, atmospheric park scene creates a quietly melancholic and contemplative mood, which drives memorability despite the otherwise calm, generic outdoor setting.",people_present,4,3,2,2,outdoor,1,3
00025737,"Two young men playing instruments (guitar and accordion) on a porch with dresses hanging in the background creates a lively, candid, and slightly quirky scene that is emotionally engaging and moderately distinctive.",prominent_faces,3,3,3,2,outdoor,1,3
00036285,"A single man standing in front of a plain wooden fence is a clear focal point, but the scene is generic and lacks novelty or strong emotional charge, keeping memorability modest.",people_present,4,2,2,2,outdoor,1,1
00008736,"A sparkling water droplet perfectly centered on a vivid green leaf creates a striking macro composition with a clear focal point, jewel-like reflections, and unusual visual appeal that makes it highly memorable.",none,5,4,2,5,outdoor,1,3
00009836,A long wall mural of repeated cartoon pig-like figures marching in a line is visually striking and novel — the quirky street art subject matter and repetitive yet dynamic composition make it highly distinctive and memorable.,none,3,4,3,3,outdoor,1,3
00007558,"A person holding a vintage camera directly toward the viewer in a black-and-white photo creates a striking, self-referential composition — the obscured face and lens pointed at the viewer are distinctively novel and memorable.",people_present,4,4,3,1,outdoor,1,3
00046259,"A blurry close-up of a Logitech mouse beside a keyboard is a generic, low-contrast desktop scene with no clear focal point or emotional charge, making it quite forgettable.",none,2,2,2,1,indoor,2,1
00058262,"A street food vendor stall with a distinctive Coca-Cola branded umbrella and two people interacting creates a moderately memorable scene, boosted by the cultural novelty of an Asian street market setting and a clear focal point at the vendor interaction.",people_present,3,3,4,3,outdoor,3,2
00015212,The striking fisheye lens distortion combined with a vivid green vintage Vespa scooter as the dominant foreground subject makes this image highly distinctive and memorable.,none,4,5,3,4,outdoor,1,3
00007827,"A tender, emotionally resonant scene of an adult and small child wading hand-in-hand through a sunlit forest creek creates a strong single focal point with vivid green nature tones and warm human connection, driving high memorability.",people_present,4,4,3,4,outdoor,2,4
00041234,"A police officer in vivid neon-yellow high-vis gear riding a distinctively marked police motorcycle through an urban street scene creates a clear focal subject with strong color contrast against the red double-decker bus background, boosting memorability.",people_present,4,4,3,4,outdoor,3,3
00020906,"A single vivid orange California poppy dominates the frame with a sharp focal point against a softly blurred background of matching flowers, making it visually striking and memorable.",none,5,3,2,5,outdoor,1,3
00022881,"The stark black-and-white minimalist composition of sharp palm fronds against a pure white background is graphically striking and distinctive, with a clear abstract aesthetic that stands out from typical nature photography.",none,4,4,2,1,unclear,1,2
00055859,"A striking horror/Halloween-themed portrait of a woman with elaborate vampire makeup, fake blood, white contacts, and white wig — the unusual and emotionally intense subject matter, combined with a single dominant face, makes this highly memorable.",prominent_faces,5,5,3,4,indoor,1,5
00012225,"A dynamic horse-jumping scene with a clear focal subject (horse and rider mid-leap), vivid action, and striking athleticism that makes it memorable and emotionally engaging.",people_present,5,4,3,3,outdoor,1,4
00046709,"A spotted dog in the foreground with a cat resting on a bed behind it creates a mildly charming, relatable pet scene, but the muted indoor lighting, cluttered bedding, and generic bedroom setting limit its distinctiveness.",none,3,3,3,2,indoor,1,2
00047773,"A red motorcycle parked in front of a modest white house provides a single clear focal point with moderate color contrast, but the overall scene is fairly generic and low-emotion.",none,4,2,3,2,outdoor,1,2
00022066,"A striking street-art paste-up of a heavily tattooed man with wings and devil horns on a vivid blue graffiti wall creates a highly unusual, novel, and emotionally charged focal subject that is very likely to be remembered.",prominent_faces,5,5,3,3,outdoor,1,4
00034976,"A vivid desert superbloom with a carpet of bright pink/magenta wildflowers stretching to distant mountains under a blue sky — the striking color contrast and unusual natural phenomenon make it memorable, though the lack of a single focal subject and wide field slightly reduce clarity.",none,2,4,3,5,outdoor,1,3
00050571,"A dramatic alpine winter landscape featuring snow-capped mountains, a calm lake, a small village, and a distinctive castle ruin at dusk — the combination of grand scenery and the striking architectural focal point on the right makes this highly memorable.",none,3,4,4,2,outdoor,1,4
00041059,"A classic diner-style cheeseburger with fries is a very common, generic food photo — familiar and stock-like — which limits memorability despite reasonably vivid, warm food colors and a fairly clear focal subject.",none,3,2,3,3,indoor,1,2
00027588,"A close-up, intimate portrait of a young woman lying in bed looking directly at the camera with a subtle expression, shot in warm sepia tones — the prominent face and emotional intimacy drive memorability.",prominent_faces,5,3,2,2,indoor,1,4
00043509,"The Belted Galloway cattle with its distinctive black-and-white belted pattern is an unusual and striking focal subject at a livestock show, making it highly memorable due to its novelty and clear central presence.",people_present,4,4,3,3,outdoor,3,2
00028736,"A classic ""Blue Screen of Death"" on a vintage Gateway CRT monitor is a highly recognizable and culturally resonant image — the iconic error screen gives it strong distinctiveness and mild emotional charge (frustration/nostalgia), while the single clear focal point of the glowing blue monitor screen anchors memorability.",none,4,4,3,3,indoor,4,3
00046715,"The vivid yellow daffodils in a clear glass vase on a classic red-and-white gingham tablecloth create a cheerful, visually appealing focal point, but the overall scene is a fairly common ""flowers on a table"" composition that limits strong distinctiveness.",none,4,3,3,4,outdoor,1,3
00048035,"The vivid multicolored checkered tablecloth is eye-catching, but the scene is a fairly generic dinner table spread with no people and no single dominant focal point, slightly reducing memorability despite the colorful setting.",none,2,3,4,4,indoor,2,2
00055169,"The ornate, old-fashioned German street sign post with Gothic script and a heraldic shield is a distinctive and novel subject, with a clear focal point against a simple textured background, making it moderately memorable.",none,5,4,2,3,outdoor,4,2
00029883,"A tattooed rock performer with a mohawk, sweating under dramatic stage lighting, leaning forward intensely — the unusual pose, vivid warm stage lights, and energetic concert atmosphere make this visually striking and emotionally charged.",prominent_faces,4,4,3,4,indoor,2,4
00004142,"The tight close-up of a weathered wood knot creates a striking eye-like pattern with concentric rings, giving it an unusual and somewhat organic/eerie focal point that lifts memorability above a generic texture shot.",none,5,4,3,1,unclear,1,2
00008039,"The vivid golden autumn tree against dramatic rocky cliffs and a moody sky creates a striking, memorable landscape scene with a clear focal point and rich color contrast.",none,3,4,4,4,outdoor,1,3
00011381,"A close-up of a human hand with a small, visible wound/cut draws attention due to its mildly unsettling medical/injury content, creating emotional charge; the injury is the clear focal point but the overall scene is relatively simple and skin-toned.",people_present,4,3,2,2,indoor,1,3
00055804,"The dramatic fisheye-lens perspective of a prominent equestrian statue in a busy European city square creates a striking, unusual composition that anchors memorability, boosted further by the vivid blue sky and colourful surroundings.",people_present,4,4,4,4,outdoor,3,3
00028957,"A moderately cluttered kitchen counter with a Red Bull can, lit candles, a long lighter, and cooking utensils — the mix of fire/candles and energy drink creates mild novelty but the scene remains fairly generic and domestic.",none,2,2,3,2,indoor,2,2
00031572,"The striking, unusual architectural tower with a dramatic spiked crown dominates the frame against a moody HDR sky, creating a highly distinctive and emotionally evocative focal point.",none,5,5,4,4,outdoor,1,4
00025747,"A dramatic close-up of a dark bronze sculpture of a human face shot from below against a clear blue sky — the unusual angle, tactile surface detail, and striking juxtaposition of the metallic face against open sky make this highly distinctive and memorable.",none,5,4,2,3,outdoor,1,3
00040117,"An aerial view of a distinctive Harley-Davidson/Corin Outlaw store on a busy Japanese street corner creates a memorable scene due to the unusual overhead perspective, vibrant signage, and the cultural juxtaposition of American motorcycle branding in an Asian urban setting.",people_present,3,4,4,3,outdoor,4,2
00017188,"A quirky, one-eyed red monster plush toy with green stitching and jagged white teeth — a novel, handmade object with a single clear focal subject and playful-yet-eerie character that makes it highly memorable.",none,5,5,2,4,indoor,1,4
00000222,"The striking juxtaposition of a vivid pink coneflower in sharp foreground focus against a massive neoclassical skyscraper creates an unusual and memorable contrast between nature and urban architecture, with a clear compositional focal point and pleasant color contrast.",none,4,4,3,4,outdoor,1,3
00014615,"A dog holding a red rose in its mouth is a charming, novel, and emotionally warm image with a single clear focal subject — this unusual and endearing behavior makes it highly memorable.",none,5,5,2,3,outdoor,1,4
00004792,"The dramatic silhouette of an aerial acrobat projected as a shadow on a white backdrop is visually striking and unusual, with a single clear focal subject, strong artistic composition, and an emotionally evocative performance quality that makes it highly memorable.",people_present,5,5,2,3,indoor,1,4
00017136,"A close-up portrait with a single prominent face, striking light eyes, dark hair with dreadlocks, and a vivid green top creates a clear focal point and moderate emotional engagement, driving high memorability.",prominent_faces,5,3,2,3,unclear,1,3
00021692,"A striking black-and-white winter scene of a boat stranded on a frozen lake with silhouetted figures skating in the background, combining an unusual juxtaposition of a summer vessel on ice with dramatic backlighting that creates a memorable, emotionally resonant image.",people_present,3,4,3,1,outdoor,1,4
00027822,"Vivid primary-colored vertical bands with playful toy/puppet silhouettes create a striking, novel composition that is visually distinctive and emotionally warm, driving high memorability.",none,3,4,3,5,indoor,2,3
00021158,A serene park scene with golden sunlight dramatically illuminating a large tree and grass against a dark forest backdrop — the contrast is visually appealing but ultimately a fairly generic nature/landscape composition with no unusual or novel elements.,none,3,2,2,3,outdoor,1,2
00008961,"A weathered, rusted, lowered vintage VW Bus model/toy with striking patina and unusual ""rat rod"" styling makes this a highly distinctive and novel focal subject against a clean background, boosting memorability significantly.",none,5,5,2,2,indoor,1,3
00001891,"A vintage Seiko automatic watch face fills the frame as the single clear subject, with a striking dark sunburst dial and silver indices, but it's a fairly common product-style photo that limits novelty.",none,5,3,2,2,unclear,3,2
00042778,"A smiling shopkeeper behind a well-stocked deli counter creates a warm, human focal point, but the busy background of shelves, products, and signage adds clutter that competes for attention.",prominent_faces,3,3,4,3,indoor,3,3
00035649,"A fairly standard hotel/bedroom scene with a four-poster bed and warm golden bedding; the decorative framed painting adds a minor point of interest, but the overall composition is generic and stock-like with no people, muted warm tones, and a cluttered-but-ordinary arrangement that reduces memorability.",none,3,2,3,2,indoor,1,1
00030139,"A strikingly beautiful flowering bonsai azalea tree in full pink bloom with a dramatic cascading shape creates a highly distinctive, emotionally appealing focal subject that is both novel and visually stunning.",none,5,5,3,4,outdoor,1,4
00000012,"The striking contrast of vivid yellow-green eyes against the jet-black fur of the cat creates a compelling focal point that is both distinctive and emotionally engaging, making this image highly memorable.",none,5,4,2,3,indoor,1,3
00019601,"A dense, cluttered patch of mixed green foliage with no single dominant subject, muted colors, and no people — this is a generic outdoor plant scene with low distinctiveness and poor focal clarity, all of which reduce memorability.",none,2,2,4,2,outdoor,1,1
00025303,"A close-up black-and-white shot of a large industrial train/machinery wheel dominates the frame as a single clear focal point, with mechanical texture and novelty boosting memorability despite the muted monochrome palette.",none,5,4,2,1,outdoor,1,2
00019975,"A strikingly patterned spider photographed in sharp macro detail on a golden autumn leaf creates a distinctive, slightly unsettling focal subject with vivid warm colors and high novelty.",none,5,4,3,4,outdoor,1,4
00029945,"The vivid blue half-painted wall with a wooden ladder creates a moderately memorable scene due to the bold color contrast between the bright blue paint and exposed concrete, though the subject matter is fairly ordinary.",none,3,3,2,4,outdoor,1,2
00002096,"A vivid, close-up macro shot of a purple and white crocus with a striking orange stamen makes this a highly memorable image due to its clear focal subject, rich contrasting colors, and the intimate detail of the flower against a natural background.",none,5,3,2,4,outdoor,1,2
00042755,"A man holding a cat wearing a tiny Halloween bat costume hat creates a novel, humorous, and emotionally warm scene with a clear dual focal subject, boosting memorability significantly.",prominent_faces,4,4,3,2,outdoor,2,4
00002747,"A single person dressed entirely in black with a head-covering turtleneck in a dramatic, arched pose against a plain warm-toned wall — the unusual styling and expressive body language make this visually striking and memorable.",prominent_faces,5,4,2,2,indoor,1,4
00036211,"A sparse, plain bedroom with a mattress on the floor and two windows provides a mildly distinctive low-budget living situation, but the scene is overall generic, dimly lit, and emotionally neutral with no people or striking focal point.",none,2,2,2,1,indoor,1,2
00028561,"A close-up macro shot of heavily rusted and moss-covered metal louvers/vents; the texture and decay are visually interesting but the subject is industrial and somewhat generic, with no people or strong emotional narrative.",none,3,3,3,2,unclear,1,2
00044075,"A comically oversized pizza dominating the foreground, combined with the expressive, surprised reaction of the woman in the center, creates a highly memorable and novel scene with strong emotional charge and a clear dual focal point.",prominent_faces,4,5,3,3,indoor,1,4
00013879,"A single vivid white-and-yellow plumeria flower dominates the frame against a dark green leafy background, creating a strong focal point with striking color contrast and natural beauty that makes it memorable.",none,5,3,2,3,outdoor,1,3
00001143,Two contrasting old European building facades side by side with arched wooden doors and aged textures create a moderately distinctive architectural scene with clear bilateral symmetry as the focal point.,none,3,3,3,2,outdoor,1,2
00041080,"The red-and-yellow fire hydrant paired with a matching warning sign creates a mildly distinctive focal point, but the overall scene is a fairly generic outdoor setting with moderate visual elements that don't strongly stand out.",none,3,3,3,3,outdoor,1,1
00034662,"A fairly typical garage/workshop interior with a small boat on a dolly in the foreground, which adds mild novelty, but the cluttered shelving and generic workshop setting reduce distinctiveness and memorability overall.",none,3,2,4,2,indoor,1,1
00018918,"A drooping, wilting flower rendered with vivid neon-like edge highlighting against a pure black background creates a striking, emotionally resonant image — the stark minimalism, unusual digital treatment, and symbolism of decay make it highly distinctive and memorable.",none,5,5,2,4,unclear,2,4
00034685,"A striking medieval Scottish castle with distinctive turrets stands as a single dominant focal point against a vivid blue sky, making it highly memorable through its architectural novelty and dramatic presence.",none,5,4,3,4,outdoor,1,3
00038334,"A fairly typical, generic indoor living/bedroom scene with a lamp on an end table and a sofa — pleasant but unremarkable, with no strong focal subject, no people, and no unusual or emotionally charged elements to drive memorability.",none,2,2,3,2,indoor,1,1
00028718,"A striking black-and-white close-up of a Madonna and Child statue with clear religious iconography, prominent face-like subjects, and strong emotional resonance from the tender maternal pose — all of which drive high memorability.",prominent_faces,5,4,2,1,unclear,2,4
00017558,"A close-up of a young woman with dramatic makeup aggressively biting into a novelty cupcake-shaped object creates a striking, humorous, and emotionally engaging image with a single dominant subject and vivid warm tones.",prominent_faces,5,4,2,3,unclear,1,4
00051809,"Eight iridescent purple/pink heart-shaped objects arranged on a wooden surface create a visually striking, novel image with vivid color and a clear repeating motif that is emotionally evocative due to the heart shapes.",none,4,4,2,4,indoor,1,3
00019525,"A moody black-and-white outdoor scene featuring a classical nude statue as the clear focal subject, set against ornate European architecture and bare winter trees — the combination of sculptural figure, dramatic tonal contrast, and atmospheric setting gives it distinctive, emotionally evocative qualities.",none,4,4,3,1,outdoor,1,3
00025200,"A lone young man in all-black clothing with a distinctive branded beanie sits pensively on steps holding a small trophy or cup — the moody black-and-white tone, contemplative pose, and unusual prop combination give it a striking, story-driven quality that boosts memorability.",prominent_faces,5,4,2,1,outdoor,1,4
00046734,"A somewhat generic rustic living room interior with a stone fireplace as a moderate focal point, but the clutter of furniture, maps on walls, and various objects reduces distinctiveness and memorability.",none,2,2,4,2,indoor,2,2
00033366,"A close-up, dramatically waving American flag shot against bright backlight creates a vivid, high-contrast patriotic image with strong emotional resonance, though it remains a fairly common subject.",none,5,3,3,4,outdoor,1,4
00010132,"A glass paperweight containing a delicate hand-crafted glass hummingbird and purple flowers is a highly distinctive, novel art object with a clear focal subject and vivid jewel-toned colors, making it highly memorable.",none,4,5,3,4,indoor,1,3
00055077,"A clearly dominant, central 3D-rendered humanoid figure in a tropical virtual-world beach scene creates a strong focal point; the CGI nudity and stylized avatar appearance add novelty and emotional charge above a typical beach shot.",prominent_faces,4,4,3,3,outdoor,1,4
00023083,"The vivid, colorful grapefruit/citrus graphic with ""Vegans"" text on a storefront window creates a striking, novel focal point against a plain stone building facade, making it highly memorable.",none,5,4,2,4,outdoor,3,2
00027515,"A striking artistic photograph of a woman in flowing white fabric with hair dramatically swept, creating a dreamlike, ethereal composition that is emotionally evocative and visually distinctive.",prominent_faces,4,4,3,2,indoor,1,4
00010724,"The low-angle, close-up shot of two people climbing stone stairs with a walking stick is a mildly distinctive composition, but the cropped legs/feet framing and the dynamic motion create a moderately memorable image without a single dominant subject or strong emotional charge.",people_present,3,3,3,2,outdoor,1,2
00023523,"Bold, vivid pink graffiti-style typography on a stark white background creates a striking, novel visual that is highly distinctive and memorable due to its artistic lettering style and strong color contrast.",none,3,4,4,4,unclear,5,3
00056918,"A city transit bus with bold yellow branding and clear text (""679 TARGET FIELD"" and ""92 KQRS"") is the dominant focal subject, but the scene is a fairly generic urban street setting with low emotional charge, reducing overall memorability.",none,4,2,3,3,outdoor,4,1
00040502,"A close-up of a hand holding a hot dog with fried onions in a branded wrapper — the single clear food subject and warm tones make it moderately memorable, though hot dogs are fairly common and the dark background keeps complexity low.",people_present,5,2,2,2,unclear,2,2
00021792,"A partially submerged, broken wooden dock or structure sitting in a calm, dark lake is an unusual and slightly eerie subject that provides a clear focal point and mild emotional resonance of decay and abandonment.",none,4,4,2,2,outdoor,1,3
00004349,"Five unusual fossil/rock specimens arranged on a white background with a ruler, offering a moderately distinctive and novel subject matter (ancient coral fossils or similar), though the muted brown tones and scientific layout keep emotional charge low.",none,3,4,3,2,indoor,1,2
00007473,"An open magazine spread featuring a dramatic cityscape photo of Kuala Lumpur with moody skies is visually striking, but the heavy text layout, multiple sub-images, and cluttered editorial design reduce focal clarity and add complexity, making it a moderately memorable but text-heavy print advertisement.",none,2,3,4,3,indoor,4,2
00005730,"A glowing red digital display spelling ""hE:11."" against a pure black background — the word ""HELL"" hidden in the clock readout is a striking, novel detail that gives this otherwise simple image a strong emotional and psychological punch, making it highly memorable.",none,5,5,2,3,indoor,3,4
00006712,"A woman in a distinctive patterned dress takes a mirror selfie in a bathroom — the reflected figure is the clear focal point, and the mirror-within-scene framing adds mild novelty, but the overall setting is a common bathroom selfie scenario.",prominent_faces,4,3,3,2,indoor,1,2
00042449,"A casual outdoor beach bar scene with yellow umbrellas and palm trees at golden hour — pleasant but fairly generic as a vacation/tourist setting, with no single dominant focal point and moderate crowd complexity.",people_present,2,2,3,3,outdoor,1,2
00036863,"A sleek, modern kitchen island with a glossy white finish and a striking curved faucet provides a clear focal point, but the overall scene is a fairly generic high-end kitchen interior with muted tones and low emotional charge.",none,4,3,3,2,indoor,1,1
00012977,"A lone airplane in a vast grey sky above a sloping hillside creates a single clear focal point, but the black-and-white palette, overcast conditions, and relatively mundane subject matter keep distinctiveness and emotional charge moderate.",none,4,2,2,1,outdoor,1,2
00042955,"A bighorn ram perched on a steep rocky cliff face is a relatively unusual wildlife sighting, but the muted colors, distance from subject, and cluttered rocky background reduce its overall memorability.",none,3,3,4,2,outdoor,1,2
00056993,"A young woman lying down with coins scattered on her chest and a studded choker necklace creates an unusual, distinctive composition that drives memorability — the novel arrangement of coins and the rotated perspective add striking novelty.",prominent_faces,4,4,3,1,indoor,1,3
00051394,"A blurry, extreme close-up video still with a media player interface overlay; the indistinct subject and heavy motion blur reduce clarity, but the unusual framing and close proximity create a somewhat distinctive, if confusing, composition.",people_present,2,3,2,2,unclear,2,2
00009890,"A sleeping newborn baby wearing an Optimus Prime (Transformers) helmet/mask is an unusually whimsical and emotionally charged combination — the contrast between tiny, vulnerable infant and iconic sci-fi toy creates strong novelty and memorability.",people_present,5,5,2,3,indoor,1,5
00058415,"Close-up of richly textured s'mores bars with gooey chocolate and toasted marshmallows creates a vivid, appetizing focal point with strong visual and emotional appeal.",none,5,4,3,4,indoor,1,3
00032128,"The macro shot of glistening water droplets on a feather or leaf, combined with star-shaped lens flares against a dark background, creates a magical and visually striking composition that is highly distinctive and memorable.",none,3,5,3,2,unclear,1,3
00058199,"A clearly dominant female figure (Dr. Shikha Sharma) in professional attire with a confident pose anchors the image, while the branded ""NUTRI HEALTH"" text and promotional context add structure — the combination of a prominent face, brand messaging, and moderate text makes this moderately memorable but somewhat generic as an advertisement format.",prominent_faces,4,2,3,3,unclear,4,2
00051713,"A dramatically lit escalator leading into a giant surreal globe/sphere mural creates a highly novel, tunnel-like composition that is visually striking and emotionally engaging.",none,4,5,4,4,indoor,1,4
00017999,"The image features a strikingly vivid, psychedelic repeating geometric pattern in bold red, orange, blue, and yellow — the hypnotic, op-art style and intense color saturation make it highly distinctive and visually arresting, boosting memorability despite the lack of a single focal subject.",none,2,5,4,5,unclear,1,3
00002856,"A group of geisha/maiko in elaborate traditional kimono, white face makeup, and floral hair ornaments walking through a historic Japanese street — the cultural distinctiveness, prominent faces with striking makeup, and vivid traditional attire make this highly memorable.",prominent_faces,3,5,3,3,outdoor,2,4
00016989,"A dramatic silhouette of a person with a rare solar halo (22° halo) forming a glowing ring around their head creates an ethereal, halo-like effect that is visually striking, novel, and emotionally evocative — strongly driving memorability.",people_present,5,5,2,2,outdoor,1,4
00038796,"A dramatic black-and-white action shot of a wildebeest and zebra crossing a river with intense water splashing creates a highly memorable, emotionally charged wildlife moment with strong focal clarity on the wildebeest in the foreground.",none,4,5,3,1,outdoor,1,4
00016268,"A house fully engulfed in flames with bright orange fire and billowing smoke is a highly dramatic, emotionally charged, and visually striking scene — the fire serves as a single dominant focal point, making this image highly memorable.",people_present,4,5,4,4,outdoor,1,5
00044483,"Two laptops side-by-side displaying US election night coverage with Barack Obama results and a map make this a somewhat distinctive, politically charged scene, but the clutter of cables, text overlays, and dual screens reduces focal clarity.",people_present,2,3,4,3,indoor,4,3
00047450,"A close-up of a hand holding a glazed bun/donut with a distinctive white icing drizzle pattern, wrapped in paper — the unusual icing pattern and tight focal framing make it moderately memorable as a food image.",people_present,4,3,2,2,indoor,2,2
00054276,"A vibrant manga/anime book cover featuring two stylized blonde characters with large expressive eyes, bold pink roses, pearls, and saturated pastel colors — the striking art style and clear focal subject make it highly memorable.",prominent_faces,4,4,3,4,unclear,2,3
00000895,"The double-exposure/motion-blur artistic effect makes this violin-playing image visually distinctive and novel, with a dreamlike quality that sets it apart from a standard performance photo.",people_present,3,4,4,3,indoor,2,3
00050715,"The back-of-head perspective of a formally dressed man is an unconventional, deliberately anonymous composition that creates intrigue and mild emotional tension, boosting memorability despite a simple, dark background.",people_present,5,4,2,2,unclear,1,3
00029634,"The striking visual of striped socks/legs peeking out from under a pile of white pillows/duvet creates a whimsical, novel focal point that is playful and memorable despite the soft, muted color palette.",people_present,4,4,2,2,indoor,1,3
00036253,"The Tiffany & Co. storefront is a recognizable brand landmark with a clear focal point, but the scene is a fairly generic street-level urban shot with modest color and low emotional charge.",people_present,3,3,3,2,outdoor,2,2
00044703,"A basket of plain bread rolls is a very common, generic food scene with no people, low novelty, and minimal emotional charge, making it relatively unmemorable despite a reasonably clear focal subject.",none,4,2,2,2,indoor,1,1
00054533,A vivid natural scene featuring a small waterfall cascading into a crystal-clear emerald green pool surrounded by large granite boulders and pine trees — the striking water color and idyllic setting make this highly memorable.,none,4,4,3,5,outdoor,1,3
00053768,"A single guitarist performing on a dimly lit stage with a Marshall amp behind him provides a moderately memorable scene — the prominent face and clear focal subject boost memorability, though the dark, somewhat generic rock-concert setting reduces distinctiveness.",prominent_faces,4,2,3,2,indoor,2,3
00022077,"A young woman in a highly unusual, colorful costume with excessive hair accessories, a novelty face mask with a fake mouth, layered beaded necklaces, and pink hoodie — the quirky, distinctive costume and expressive face make this highly memorable.",prominent_faces,4,5,4,4,indoor,1,4
00053759,"Three dogs on leashes held by a partially visible person near a car is a mildly engaging everyday scene, but the multiple subjects and cluttered background reduce the single focal point clarity.",people_present,2,2,3,2,outdoor,1,2
00053317,"Two young women photographing with cameras in a flower garden creates a charming, relatable scene with dual focal subjects and a soft, aesthetically pleasing backdrop that boosts memorability through human presence and thematic coherence.",prominent_faces,4,3,3,3,outdoor,1,3
00055209,"A stylish blonde woman confidently crossing Broadway in NYC wearing distinctive over-the-knee boots and a leather jacket is a clear, memorable focal subject set against a recognizable but lively urban backdrop.",prominent_faces,4,3,3,2,outdoor,3,2
00004829,A tender moment of an adult teaching a young child to fish at a pond's edge — the clear emotional bond and single unified focal action make this warm and memorable despite a naturalistic outdoor setting.,prominent_faces,4,3,3,3,outdoor,1,4
00041934,"The glowing clock tower centered against an illuminated brick building facade at night creates a striking focal point with strong contrast, making it visually memorable.",none,4,3,3,3,outdoor,1,2
00007524,"A large, tightly packed bale of mixed recyclables (plastic bottles, cardboard, plastic wrap) wrapped in clear plastic sheeting creates a moderately distinctive industrial subject, but the chaotic mix of materials reduces focal clarity and the muted, washed-out palette limits vividness.",none,3,3,4,2,indoor,2,2
00013146,"The image features a close-up of a classic architectural facade with the word ""CORPORATION"" prominently displayed, making it moderately distinctive, but the subject matter is a fairly generic urban building exterior with no people and low emotional charge.",none,4,2,3,2,outdoor,3,1
00003749,"A striking close-up portrait with prominent, vivid blue eyes and heavy makeup creates a strong focal point and emotional draw, making this highly memorable.",prominent_faces,5,4,2,3,indoor,1,4
00011643,"The bold, vivid red chair is a strong focal point against a neutral interior, with a striking architectural curved ceiling adding distinctiveness and memorability.",people_present,4,4,3,3,indoor,1,2
00050188,"The grand, ornate interior of the Natural History Museum with its sweeping arched ceiling, intricate stonework, and dramatic wide-angle perspective creates a highly distinctive and visually striking scene that is strongly memorable.",people_present,4,5,5,3,indoor,1,4
00006895,"A striking black-and-white street photo with a dominant elderly woman walking through a crosswalk, her dramatic shadow cast beside her — the strong contrast, emotional expressiveness, and compositional novelty of the shadow make this highly memorable.",prominent_faces,4,5,3,1,outdoor,1,4
00001696,"The corridor's overwhelming monochromatic yellow cast creates an unusual, almost surreal atmosphere that makes it distinctive and memorable, with a strong vanishing-point perspective drawing the eye to the single door at the end.",none,4,4,2,4,indoor,1,3
00020920,"A polar bear playfully gnawing on a stick while swimming in vivid turquoise water is a novel, charming, and emotionally engaging scene with a single clear subject that makes it highly memorable.",none,5,4,2,4,outdoor,1,4
00025208,"A long-exposure black-and-white waterfall cascading over a rocky ledge in a wooded setting creates a serene, silky water effect that is visually striking and emotionally evocative, with the waterfall as a single clear focal point.",none,5,4,3,1,outdoor,1,3
00022859,"The unusual spiky blue-purple Eryngium (sea holly) flower heads against a vivid green background create a striking, distinctive botanical subject that is uncommon and visually arresting.",none,4,4,3,4,outdoor,1,2
00029556,"The atmospheric, overgrown rusty bridge spanning a narrow jungle road creates a striking, moody scene with a clear focal point and a sense of mystery and abandonment that boosts memorability.",none,4,4,3,3,outdoor,1,3
00039253,"A skier in a red jacket racing through a slalom gate on a snowy slope is a moderately distinctive sports action shot, but the motion blur and muted winter palette reduce vividness; the single skier provides a clear focal subject boosting memorability somewhat.",people_present,4,3,3,2,outdoor,1,2
00015287,"A striking macro photograph of a golden dried grass/oat spikelet caught in warm bokeh light — the single delicate subject glowing against a soft, blurred amber background creates an ethereal, painterly quality that is both visually distinctive and emotionally evocative.",none,4,4,2,3,outdoor,1,3
00023205,"A vividly red hand entangled in white rope against a stark black background is a highly unusual, emotionally provocative image with a single clear focal subject, making it extremely memorable.",people_present,5,5,3,4,unclear,1,5
00024281,"A distinctive, colorful retro toy robot (likely a ""Lost in Space"" B9 robot) photographed as the sole subject against a plain background — its novelty, vivid red/green/silver colors, and clear focal point make it highly memorable.",none,5,4,3,4,indoor,1,2
00026883,"A dramatic close-up of a woman with vivid, fiery red-orange hair exploding outward fills the frame — the unusual perspective, intense warm colors, and dynamic motion make this image highly striking and memorable.",prominent_faces,4,5,4,5,unclear,1,4
00017051,"A close-up black-and-white portrait of a smiling young girl holding a flower creates strong memorability through the prominent face, clear emotional warmth, and a single well-defined focal subject with a classic, timeless aesthetic.",prominent_faces,5,3,2,1,indoor,1,4
00014242,"A fairly generic urban parking lot scene with a Pepsi delivery truck as the most distinctive element, but overall the image is cluttered with cars, trees, people, and signage, reducing memorability.",people_present,2,2,4,2,outdoor,3,1
00040516,"A young tennis player mid-swing with a clear, focused gaze directly at the camera creates a strong focal point; the green outfit against a dark background adds contrast, but the overall scene is a fairly common sports action shot limiting extreme distinctiveness.",prominent_faces,5,3,2,3,outdoor,1,3
00014159,"The perfect mirror reflection of snow-capped mountains and dramatic clouds on a still lake is visually striking and compositionally elegant, but the black-and-white processing mutes color impact and the wide landscape lacks a single dominant focal subject.",none,2,4,3,1,outdoor,1,3
00000679,"The grand, ornate European-style building with a distinctive corner tower serves as a clear focal point, and the dramatic cloudy sky adds emotional atmosphere, making this scene moderately memorable despite being a fairly common architectural photography genre.",none,4,3,3,2,outdoor,1,3
00026502,"A striking artistic black-and-white portrait featuring a woman in an open white shirt with her nude reflection visible in a wet/foggy window, creating a visually distinctive double-exposure-like effect that is emotionally charged and highly memorable.",prominent_faces,4,5,3,1,indoor,1,4
00029140,"This dark, dramatically red abstract painting with swirling brushstrokes and a faintly discernible face-like form is emotionally intense and visually striking, making it highly memorable through its moody color palette and raw expressionistic energy.",none,3,4,3,4,unclear,1,4
00042005,"A clearly identifiable LA Dodgers baseball player (#47) in a crisp white uniform dominates the frame against a green field background — the single prominent face and strong team branding make this moderately memorable, though the sports photography context is fairly generic.",prominent_faces,5,2,2,3,outdoor,3,2
00003194,"A close-up macro shot of dried autumn leaves with rich warm brown tones and visible vein details creates a moderately memorable image, driven by the clear focal subject and the evocative seasonal mood, though the monochromatic palette and common subject matter limit its distinctiveness.",none,4,2,3,2,outdoor,1,2
00028149,"A close-up macro shot of a book's pages and spine with a decorative letter ""A"" visible creates a moderately distinctive, minimalist composition with warm reddish-brown tones against a dark background, making it visually clean but somewhat generic as a subject.",none,4,3,2,2,indoor,2,2
00032353,"A colorful, well-organized children's bedroom with multiple eye-catching elements (patterned curtains, red polka-dot bedding, rainbow-sorted books, toys) that creates moderate memorability through its cheerful, playful aesthetic, though the cluttered multi-element composition prevents a single dominant focal point.",none,2,3,4,4,indoor,1,3
00026955,"A small child in a vivid red hoodie stands alone in the foreground watching other children play on a playground, creating a strong emotional narrative of isolation/longing with a clear focal subject.",people_present,4,4,3,3,outdoor,1,4
00025365,"The iconic Hollywood Sign on a vivid green hillside is a globally recognized landmark, giving it high distinctiveness and emotional resonance, while the clear sign against the hill provides a strong focal subject.",none,4,4,3,4,outdoor,3,3
00032307,"The bold, colorful graffiti mural with high-contrast brown, white, and yellow colors on a corrugated metal wall creates a striking and distinctive focal point that boosts memorability.",none,4,4,4,4,outdoor,3,3
00039491,"The iconic red London double-decker bus framed by a tree-lined avenue provides a moderately distinctive focal point, but the busy street scene with multiple parked cars, trees, and buildings adds visual clutter that dilutes memorability.",none,3,3,4,3,outdoor,1,2
00047124,"A fairly generic small kitchen scene with white cabinets and a lime-green backsplash; the vivid green backsplash and red peppers provide some color interest but the overall scene is a common, stock-like interior shot with no people and moderate clutter.",none,2,2,3,3,indoor,2,1
00019337,"A close-up portrait of a young girl with striking blue eyes and a bob haircut looking over her shoulder creates a strong emotional and focal draw, making it highly memorable.",prominent_faces,5,3,2,2,indoor,1,4
00014807,"A highly customized chopper motorcycle with vivid green paint, flame graphics, and distinctive crescent-and-star themed front fork makes this a striking and unusual subject that is very likely to be memorable.",none,5,5,3,5,indoor,2,3
00027203,"A vivid red tulip bud covered in glistening water droplets against a soft green bokeh background — the strong color contrast, single clear subject, and delicate detail of the droplets make this image striking and memorable.",none,5,3,2,5,outdoor,1,3
00004973,"The rusty iron gate against a weathered wooden post is a moderately distinctive subject with clear texture and character, set against a soft golden grassland backdrop — the contrast of aged rust and natural field creates mild emotional resonance but remains a fairly common rural scene.",none,4,3,3,3,outdoor,1,2
00058277,"A dog gleefully riding down a backyard pool waterslide is a highly novel and amusing action shot that creates a strong, memorable moment — the unexpected subject (dog on a slide) combined with dynamic motion and a fun emotional charge drives high memorability.",none,4,5,3,2,outdoor,1,4
00057642,"Two people with prominent, expressive faces posing together outdoors make this a socially engaging and moderately memorable snapshot, though the casual setting and generic composition keep it from being highly distinctive.",prominent_faces,4,2,3,2,outdoor,1,3
00036733,"A typical shoe store interior with rows of shelves filled with various shoes and boots — a very generic, stock-like retail scene with no single dominant focal point and low emotional charge, which reduces memorability.",people_present,2,1,4,2,indoor,1,1
00016109,"A blue t-shirt with a distinctive map-pin tooltip graphic reading ""Apple Engineer"" creates a novel, branded, and quirky focal point that is unusual and memorable.",none,4,4,2,3,unclear,2,2
00000700,"A close-up side-profile portrait of a young child with soft, painterly lighting against a dark background creates a striking, emotionally resonant focal point that is highly memorable.",prominent_faces,5,4,2,2,indoor,1,4
00022875,"A close-up of a striped crocheted blanket draped over a chair arm is a fairly mundane, craft-focused scene with no people or strong emotional content; its memorability is driven modestly by the textured, layered yarn patterns and muted earthy color palette.",none,3,2,3,2,indoor,1,1
00046129,"A generic product/unboxing shot of a white Apple wireless keyboard and mouse on a patterned surface — stock-like and low in novelty, with no people, muted colors, and a moderately cluttered layout split between the box and the unpacked items.",none,3,2,3,2,indoor,2,1
00025610,"The stark black-and-white silhouette of a human figure cast as a shadow on a textured wall is visually striking and artistically unusual, giving it high distinctiveness and emotional ambiguity that drives memorability.",people_present,4,4,2,1,outdoor,1,4
00022572,"A signed SPAM can in the foreground is a quirky and novel focal point — an autograph on a mundane food product creates a striking, humorous contrast that drives memorability.",none,4,4,2,3,indoor,3,2
00053277,"Two performers doing acrobatic/theatrical moves on a dramatic pile of cinder blocks against a dark background — the unusual, dynamic, human action in a striking industrial setting creates high memorability.",prominent_faces,4,5,4,3,unclear,1,4
00020200,"The vivid orange sports car against a dark background creates a striking, high-contrast image with a clear focal point (the side mirror and door panel), making it visually distinctive and memorable.",none,4,4,2,5,unclear,1,3
00017575,"A prominent, broadly recognized public figure laughing joyfully in a crowd creates a strong emotional focal point, making this image highly memorable despite moderate visual complexity from the surrounding crowd.",prominent_faces,4,4,3,2,indoor,1,4
00055492,"A young woman with a prominent face cradling a small black-and-white dog on a couch creates a warm, emotionally engaging scene with a clear dual focal point; the intimate human-animal bond and expressive faces boost memorability.",prominent_faces,4,3,2,2,indoor,1,3
00048259,"A single skier is clearly the focal subject on a snowy slope, but the black-and-white, vintage aesthetic and generic skiing scene reduce novelty and vividness.",people_present,4,2,2,1,outdoor,1,2
00015729,"A large, empty underground space (likely a subway station or parking structure) with repeating green columns and fluorescent lighting — mildly unusual due to its emptiness and symmetry, but ultimately a generic institutional interior with no strong focal point or emotional charge.",none,2,2,3,2,indoor,2,2
00003615,"A person sitting alone at a café table, silhouetted against a bright window, creates a quiet but emotionally resonant scene — the solitude and backlit composition give it mild distinctiveness, though the overall setting is relatively common.",people_present,4,2,3,2,indoor,2,3
00030433,"The image shows a plain grey safety sign with Spanish text about a glass-breaking hammer — it's a generic, text-heavy, low-contrast, emotionally neutral utility sign with no people or striking visual elements, making it low in memorability.",none,3,2,2,1,indoor,4,1
00051560,"A dramatic long-exposure fire spinning performance at night with vivid glowing orange trails and a bright spotlight creates a highly distinctive, emotionally charged, and visually striking image with a clear central focal subject.",people_present,4,5,4,4,outdoor,1,5
00025856,"A dark, eerie illustration of a pale, hollow-eyed girl sitting alone in a spotlight on a rocking chair in a gloomy room creates a striking, unsettling focal point with strong emotional resonance and high distinctiveness.",prominent_faces,5,5,2,2,indoor,1,5
00048950,"A collage of a cute baby in pink interacting with books is emotionally engaging and charming, but the multi-panel layout reduces focal clarity and adds visual complexity.",prominent_faces,2,3,4,2,indoor,1,4
00041275,"A couple snuggled together under an umbrella on a grass lawn stands out as a warm, intimate focal point amid a scattered crowd, giving the image a clear subject with moderate emotional resonance.",prominent_faces,4,3,3,1,outdoor,1,3
00050700,"A wide-field night sky photograph filled with faint stars against a deep dark blue-black background — it is a serene but relatively generic astrophotography shot with no strong focal point, no people, and low emotional charge, making it less memorable despite the beautiful setting.",none,1,2,2,2,outdoor,1,2
00012923,"A dramatically lit, heavily processed silhouette of a dead, gnarled tree backlit by an intense starburst sun against a vivid teal/blue stormy sky — the striking combination of surreal color, strong focal subject, and eerie emotional atmosphere makes this highly memorable.",none,5,5,3,5,outdoor,1,4
00001863,"The vivid autumn reflections on the pond, framed dramatically by an arching tree branch, create a striking and painterly composition that strongly drives memorability.",people_present,3,4,4,5,outdoor,1,4
00032700,"A striking black-and-white portrait of a famous-looking woman (reminiscent of Audrey Hepburn) in an ornate, decorated frame with colorful jewels and snowflake embellishments — the combination of a prominent face, elegant styling, and decorative craftsmanship makes this highly memorable.",prominent_faces,4,4,4,3,unclear,1,3
00017982,"A top-down flat-lay of everyday objects on a wooden table — a novel book (The Kite Runner), an ashtray, a bowl of oatmeal, glasses, tea, and a cigarette pack — creates a moderately distinctive lifestyle vignette, but the cluttered arrangement and multiple competing subjects reduce focal clarity and memorability.",none,2,3,4,2,indoor,3,2
00043142,"A smiling woman in a field holding a decorative pink lace parasol while watering wildflowers with a matching pink watering can creates a charming, whimsical, and memorable scene — the coordinated props, the unusual activity, and the warm emotional tone all drive memorability.",prominent_faces,5,4,3,3,outdoor,1,3
00053079,"An ancient rock-carved relief featuring a human figure astride animals (likely horses or lions) is highly distinctive and unusual, with a single dominant carved scene that draws the eye, set against a natural rocky cliff backdrop — this archaeological novelty drives strong memorability.",people_present,4,5,3,2,outdoor,1,3
00045599,"The unusual combination of yellow scissors, a wilting anthurium flower cut in half, and a Christmas mat on a rustic wooden pallet creates a moderately distinctive and slightly quirky scene, but the cluttered, low-contrast setting and lack of a single dominant subject reduce overall memorability.",none,2,3,3,2,outdoor,2,2
00020271,"A highly unusual chair-like structure made of stacked wooden blocks with a seat and backrest formed entirely from dense rows of metal nails/spikes — the striking contrast between soft wood and sharp nails, plus the paradox of a ""nail bed chair,"" makes this highly distinctive and memorable.",none,5,5,3,2,outdoor,1,4
00022081,"The dramatic downward staircase perspective leading to an ornate iron door in a weathered red brick tunnel creates a striking, tunnel-vision composition with strong symmetry, vivid HDR-enhanced colors, and a mysterious, almost foreboding atmosphere that makes it highly memorable.",none,5,4,3,5,outdoor,1,4
00033337,"The image is dominated by handwritten text on a plain white wall — it functions almost like a message or advertisement, with no clear visual subject beyond the writing itself, making it text-heavy and low in distinctiveness as a visual image.",none,2,2,2,2,indoor,5,2
00004905,"A vivid teal-glowing comet (17P/Holmes) against a stark black starfield creates a highly distinctive, novel focal point that is rare and striking, boosting memorability significantly.",none,5,5,2,4,outdoor,2,3
00022305,"A close-up of an unusually marked black-and-white dachshund with a distinctive pink-and-black nose and soulful eyes, looking directly at the camera with a tennis ball in the foreground — the dog's unique coloring and direct gaze make it highly memorable.",none,5,4,2,3,indoor,2,4
00037381,"A generic, dated bathroom interior with no people and no single striking focal point — the kind of stock-like scene that is easy to forget.",none,2,2,3,2,indoor,1,1
00056051,"A neatly arranged row of ""Little House on the Prairie"" DVD box sets is recognizable but generic as a product/shelf shot; the rainbow of spine colors adds some vividness, but the scene is cluttered with repetitive text and lacks a single dominant focal point.",none,2,2,4,3,indoor,5,2
00036183,"A young child playing alone at a small table in a decorated cowboy-themed room creates a warm, emotionally engaging scene with a clear focal subject, boosting memorability.",prominent_faces,4,3,3,3,indoor,2,3
00005777,"The dramatic low-angle shot of a concrete bell tower or monument against a vivid blue sky, flanked by bare winter trees, creates a striking and unusual composition that strongly draws the eye upward, making it highly memorable.",none,4,4,3,4,outdoor,1,3
00004678,"A close-up, black-and-white portrait of an elderly woman with a deeply expressive, weathered face gazing through a window — the prominent face, emotional depth, and strong focal subject make this highly memorable.",prominent_faces,5,4,2,1,unclear,1,4
00049575,"This is a minimalist outdoor shot of a vivid blue sky with dark tree silhouettes in the lower corners — the strong color is eye-catching, but the composition is generic and lacks a clear focal subject, making it relatively forgettable overall.",none,2,2,2,4,outdoor,1,2
00013289,A floral vintage sofa placed incongruously on a beach is a highly distinctive and surreal juxtaposition that immediately grabs attention and creates a single clear focal point with strong novelty and mild emotional intrigue.,none,5,5,2,2,outdoor,1,3
00025970,"A classic windmill silhouetted against a vivid, fiery sunset sky creates a striking, emotionally evocative rural scene with a single clear focal point and rich saturated colors.",none,5,4,2,5,outdoor,1,4
00033963,"A naturalistic outdoor scene with a creek, dense trees, and a partially obscured wooden cabin in the background — moderately pleasant but generic in composition, lacking a strong focal point or emotional hook.",none,2,2,4,2,outdoor,1,2
00009223,"Two vividly colored dice (blue and purple) resting on a printed document alongside a camera lens and pencil create a distinctive, close-up still-life with clear focal subjects and an unusual combination of everyday objects.",none,4,3,3,3,indoor,3,2
00037106,"An artist sketching a live portrait of an elderly man creates a compelling, novel scene with multiple human subjects and an interesting meta-element (the drawing visible in the foreground), boosting memorability significantly.",prominent_faces,3,4,3,2,indoor,1,3
00026884,"The intensely glowing orange furnace opening with a glassblowing pipe inserted creates a striking, novel industrial scene with a single clear focal point and vivid saturated color that makes it highly memorable.",none,5,5,3,5,indoor,1,4
00036480,"A generic hotel/motel bedroom scene with a colorful floral bedspread as the main subject; the vivid warm colors of the comforter add some distinctiveness, but the overall setting is a common, stock-like interior that lacks novelty or emotional charge.",none,3,2,3,4,indoor,1,1
00012382,A wide aerial-style view of a golf course with a winding river and dramatic cloud-filled sky — scenic but a fairly generic landscape shot that lacks a single striking focal point or strong emotional charge.,people_present,2,2,3,4,outdoor,1,2
00002898,"The highly distinctive fish/whale-shaped silver metallic building is an extraordinary architectural subject that immediately grabs attention and drives memorability, despite some foreground clutter from road traffic.",none,4,5,3,2,outdoor,1,3
00030106,"The flowing pink/red smoke against a bright white background is visually elegant and somewhat distinctive, but abstract smoke art is a fairly common photography genre, limiting its novelty; its graceful curves and soft color gradients give it moderate emotional resonance without a clear focal subject.",none,2,3,3,3,unclear,1,2
00055186,"Three small figures in a vast, desolate black-and-white landscape with sweeping hills create a striking sense of scale and solitude that drives memorability.",people_present,3,4,3,1,outdoor,1,3
00053283,"A close-up black-and-white shot of a monkey staring directly into the camera creates a strong focal point and emotional connection, while the blurred second monkey in the background adds depth without clutter — the direct eye contact and animal expressiveness are the primary memorability drivers.",none,5,4,2,1,unclear,1,4
00018991,"An aerial view above the clouds showing dramatic billowing cumulus formations with light rays, a deep blue sky, and Earth's surface visible below — the sweeping scale and atmospheric drama make it visually striking and moderately memorable.",none,2,3,3,3,outdoor,1,3
00054337,"A woman with a striking voluminous red hairstyle wearing a bold red military-style jacket with white trim sits in a patterned chair — the unusual combination of dramatic hair, distinctive outfit, and a clear prominent face makes this highly memorable.",prominent_faces,5,4,3,4,indoor,1,3
00007250,"A close-up of a distinctive, stylized vinyl toy figure with bold black/white/red coloring, strong facial expression, and detailed accessories — its novelty and single clear subject make it highly memorable.",none,5,5,2,3,outdoor,3,3
00003039,"Two vividly colored cars — a bold blue and a bright lime green — captured in close-up create a striking, saturated composition with a clear focal subject (the blue car's headlight), boosting memorability through color contrast and novelty.",none,4,4,2,5,unclear,1,2
00030658,"A quirky hand-drawn black-and-white illustration with Chinese text and a surreal cartoon character creates a distinctive, novel image, but the heavy text and monochrome palette somewhat reduce immediate impact.",none,3,4,4,1,unclear,4,3
00032720,"A close-up portrait of a middle-aged man holding his hand up toward the camera in a gesture that partially obscures his face, creating an unusual and striking composition that draws attention.",prominent_faces,4,4,3,2,indoor,1,3
00014983,"The alternating pattern of brown and white eggs arranged in a carton is visually striking due to the deliberate color contrast and geometric repetition, giving it moderate distinctiveness, but the subject matter itself is mundane and everyday.",none,3,3,3,2,indoor,2,1
00029230,"A bull elk with prominent antlers grazing in a wildflower meadow provides a clear, striking focal subject against a lush green forest backdrop, boosting memorability through natural beauty and the distinctive antlered animal.",none,4,4,3,4,outdoor,1,3
00034530,"A narrow Mediterranean alleyway framing a vivid blue sea creates a strong tunnel-composition with a clear focal point, boosted by the striking color contrast between white walls and deep blue water, making it visually distinctive and memorable.",none,4,4,3,4,outdoor,1,3
00024799,"This is a striking, surreal mixed-media artwork featuring a bizarre figure on a unicycle with an oversized red hat/boat overhead, surrounded by abstract symbols and vivid colors — its novelty, emotional energy, and strong central figure make it highly memorable.",people_present,4,5,4,4,unclear,1,4
00047535,"The bold, graphic red-and-cream patterned tie on a white shirt is the clear focal point, and its unusually striking geometric/circular design makes it highly distinctive and memorable.",people_present,4,4,3,3,outdoor,1,2
00022785,"A lone silhouetted photographer on a misty beach with dramatic sea stacks creates a striking, atmospheric composition with a single clear focal point and strong emotional resonance.",people_present,5,4,3,2,outdoor,1,4
00028055,"A row of iconic Dutch windmills reflected along a calm canal under a clear blue sky creates a visually striking, culturally distinctive scene with a clear compositional lead subject, boosting memorability through novelty and strong sense of place.",none,4,4,3,3,outdoor,1,2
00051407,"A masked, bare-shouldered woman adorned with pearl jewelry and feathered masquerade mask creates a striking, mysterious, and emotionally evocative portrait with a single clear focal subject against a textured vintage background.",prominent_faces,5,5,3,2,unclear,1,4
00033388,"The iconic glowing red neon marquee of Wrigley Field at night creates a striking, emotionally resonant image with high color vividness and a clear focal subject, boosted by its cultural significance to baseball fans.",none,5,4,2,5,outdoor,5,4
00015047,"A close-up shot of an orange tabby cat with its mouth wide open, tongue out, and fangs visible — the dramatic facial expression and tight framing create a striking, emotionally engaging, and highly memorable image.",none,5,4,2,3,unclear,1,4
00038843,The unusual combination of goldfish in plastic bags displayed under a vivid red umbrella at an outdoor market stall creates a highly distinctive and memorable scene — the novelty of fish-as-merchandise paired with the bold red canopy drives strong memorability.,people_present,3,5,4,4,outdoor,2,3
00017498,"A zookeeper sitting intimately on the ground with a small baby camel creates a novel, emotionally warm, and distinctive scene that is highly memorable due to the unusual human-animal bond on display.",prominent_faces,4,4,3,2,outdoor,1,4
00028967,"This is a highly distinctive, futuristic lounge chair/workstation concept with a circular arch frame, teal cushions, and an integrated screen — its novelty and unusual design make it immediately striking and memorable.",none,5,5,3,3,unclear,1,3
00030939,"A tattooed performer dramatically tearing open their shirt on stage under a spotlight creates a striking, emotionally charged moment with a single clear focal subject that stands out as novel and memorable.",prominent_faces,4,4,3,1,indoor,1,4
00044677,"A smiling young woman holding a white umbrella aloft against a dramatic cloudy sky, with arms outstretched in a joyful, carefree pose — the clear focal subject, emotional expressiveness, and elegant composition make this image highly memorable.",prominent_faces,5,4,2,2,outdoor,1,4
00003406,"A road construction flagger holding a stop sign in the middle of a highway is a moderately distinctive and recognizable scene — the single worker with the vivid red stop sign and high-visibility vest creates a clear focal point, but the overall setting is fairly common for road work zones.",people_present,4,3,3,3,outdoor,2,2
00004222,"This black-and-white infrared landscape photo is striking due to the glowing white foliage against a dark sky and field, but it lacks a single focal subject, people, or strong emotional narrative, which limits memorability despite its visual distinctiveness.",none,2,4,3,1,outdoor,1,2
00042822,"A close-up of a worn, scruffy teddy bear wearing a pink ""Love"" shirt sits as a clear focal subject with warm, moody lighting and shallow depth of field, giving it an emotionally evocative, nostalgic quality that boosts memorability.",none,4,3,2,3,indoor,2,4
00005835,"Two men drinking large glasses of beer very close to the camera in a bar setting — the unusual framing (one face peeking behind the other, both pressing glasses to lips) creates a playful, novel, and socially engaging composition that is highly memorable.",prominent_faces,4,4,3,3,indoor,1,4
00008573,"The unusual low-angle composition pairing a person's feet in shiny flats directly in front of a vintage Peavey Musician amp creates a distinctive, quirky juxtaposition that drives memorability.",people_present,4,4,3,1,indoor,2,2
00010212,"A highly novel and charming scene featuring a fuzzy purple handmade bear figurine next to a miniature felt strawberry pancake stack — the combination of kawaii craftsmanship, pastel colors, and whimsical detail makes this distinctively memorable.",none,5,5,2,3,indoor,1,4
00022628,"The image features delicate dried wildflowers with round seed heads against a soft, blurred green background — an aesthetically pleasing and somewhat poetic composition that is moderately distinctive due to its dreamy, film-like quality, though the subject matter (dried weeds) is fairly common in nature photography.",none,3,3,3,3,outdoor,1,2
00048339,"A vintage biplane on a wet beach surrounded by onlookers is a historically distinctive and novel scene that draws attention, boosted by the unusual combination of aircraft and beach setting, though the black-and-white photo reduces color vividness.",people_present,4,4,3,1,outdoor,2,3
00048089,"A female tennis player at the US Open is a recognizable but not highly unusual subject; the single clear figure against a moderately busy backdrop gives decent focal clarity, but the overall scene is fairly typical of sports photography.",prominent_faces,4,2,3,2,outdoor,3,2
00028997,"A fairly typical desk/workspace setup with a laptop showing a woman's face, collectible toys, and office items — the face on the screen and quirky figurines add mild distinctiveness and emotional interest, but the overall scene is a common, cluttered desk arrangement with no single dominant focal point.",prominent_faces,2,2,4,2,indoor,2,2
00040007,"The large red-and-white Five Star bus (#5143) dominates the frame as a clear focal subject on a busy urban road, but the scene is a fairly generic street shot with clutter from power lines, billboards, and surrounding traffic, reducing overall memorability.",people_present,4,2,4,3,outdoor,4,2
00011923,"A decorative banner with numbered cards and cartoon faces hanging indoors is mildly novel and colorful, but the cluttered arrangement of text-heavy cards and lack of a single dominant focal point reduce memorability.",none,2,3,4,3,indoor,4,2
00051628,"A framed handwritten letter with decorative geometric borders is a moderately distinctive artifact, but its text-heavy nature and static museum-display context reduce emotional charge and visual dynamism.",none,4,3,3,3,indoor,4,2
00000685,"A colorful, playful art installation spelling ""WHERE ARE YOU"" with letter blocks on poles in a stark desert landscape (likely Burning Man), creating a striking contrast between the vibrant, whimsical signage and the barren, monochromatic environment that makes it highly distinctive and emotionally evocative.",none,4,5,3,4,outdoor,4,4
00039980,"A vivid red double-decker Gray Line tour bus dominates the frame against a brick building backdrop, providing a clear focal subject with moderate complexity from the urban setting and visible passengers.",people_present,4,3,3,4,outdoor,4,2
00033645,"A well-preserved vintage teal convertible car photographed up close with a clear focal point on the rear quarter panel, badge, and tail light — the classic styling, rich color, and nostalgic subject give it strong memorability.",none,5,4,2,3,outdoor,2,3
00024414,"A vivid sunset over the ocean with a silhouetted pier creates a striking, emotionally evocative scene with rich pink, orange, and purple hues reflected on the wet sand, making it highly memorable despite being a somewhat common beach sunset composition.",none,3,3,3,5,outdoor,1,4
00024935,"A vivid metallic green bee on a bright purple and yellow flower is a striking, unusual close-up macro shot with a single clear focal subject, high color saturation, and novelty due to the iridescent insect coloring.",none,5,5,2,5,outdoor,1,3
00055908,"A close-up portrait with a prominent, expressive smiling face, bold red lipstick, and curly hair creates strong memorability through direct emotional engagement and a single clear focal subject.",prominent_faces,5,3,2,3,indoor,1,4
00016483,A large tree covered in dozens of colorful hanging plastic buckets of every color is a highly novel and striking scene that is virtually impossible to forget due to its sheer whimsy and visual unusualness.,none,3,5,5,5,outdoor,1,3
00024002,Two origami animal figures folded from printed lottery/newspaper paper create a novel and distinctive scene — the combination of recognizable text/print with an unusual craft subject against a dark background makes this striking and memorable.,none,4,4,3,2,indoor,3,2
00014370,"A close-up black-and-white shot of a chain necklace worn on a person's chest — the jewelry is the clear focal subject, the intimate framing and skin add mild emotional charge, but the muted monochrome palette and relatively common jewelry-on-body composition keep vividness and distinctiveness moderate.",people_present,4,3,2,1,unclear,1,3
00043220,"A female tennis player caught mid-swing in sharp focus, with dynamic action, a vivid yellow racket, and a crowd of spectators creating a lively sporting atmosphere — the clear focal subject and action moment drive memorability.",prominent_faces,4,3,4,3,outdoor,1,3
00020874,A college football game shot from the stands gives a wide panoramic view of the field and stadium — moderately interesting but a fairly generic sports scene without a single strong focal point or unusual element.,people_present,2,2,4,3,outdoor,2,2
00051645,"Three translucent blue glittery turtle-shaped soaps arranged on a sparkly surface create a novel, visually appealing image with a clear focal subject and vivid color that boosts memorability.",none,4,4,2,3,indoor,1,2
00033329,"Vivid electric-blue forget-me-not flowers with yellow centres against a soft bokeh green/yellow background create a striking, high-contrast macro shot with a clear focal subject and strong colour saturation that makes it highly memorable.",none,5,4,2,5,outdoor,1,3
00004500,"The striking reflection of clouds and sky in the glass facade of a modern building creates a visually compelling and somewhat surreal composition, boosting memorability through novelty and the strong interplay between architecture and sky.",none,3,4,3,4,outdoor,1,2
00039439,"A young girl boogie boarding through a crashing wave creates a clear, energetic focal point with dynamic action and mild emotional engagement from her expression.",prominent_faces,4,3,3,3,outdoor,1,3
00045841,"A young woman in colorful snowboarding gear (white jacket, teal pants, black helmet with goggles) holds a snowboard on a snowy slope — a clear single subject with moderate distinctiveness, but fairly common as a winter sports snapshot.",prominent_faces,4,3,3,3,outdoor,1,2
00034575,"This is a fairly generic, cluttered child's bedroom viewed through a doorway — a common, unremarkable scene with no single dominant focal point, muted warm tones, and no people, all of which reduce memorability.",none,2,2,3,2,indoor,1,2
00001484,"A vivid yellow flower with water droplets isolated against a pure black background creates a dramatic, high-contrast macro shot with a single clear subject, boosting memorability through color saturation and elegant simplicity.",none,5,4,2,5,unclear,1,3
00052468,"A richly colored stained glass window depicting a religious Annunciation scene with two prominent figures (an angel and the Virgin Mary), vivid jewel-toned colors, and strong emotional/spiritual charge — all of which drive high memorability.",prominent_faces,4,4,4,5,unclear,2,4
00017804,"A collage of multiple classic book covers (Grapes of Wrath, Maltese Falcon, Invisible Man, etc.) creates a visually busy, text-heavy composition with no single dominant focal point, though the nostalgic cultural resonance of iconic literary works adds modest emotional and distinctiveness value.",people_present,2,3,5,3,unclear,5,3
00033256,"The dramatic black-and-white foggy forest with a strong backlit sun bursting through dark silhouetted trees creates a striking, atmospheric, and emotionally evocative scene with a clear focal point at the light source.",none,4,4,3,1,outdoor,1,4
00029543,"A cracked/broken piggy bank is a novel and emotionally resonant subject — evoking financial loss or hardship — with a single clear focal point against a plain white background, making it highly memorable.",none,5,4,2,2,unclear,1,4
00055927,"A distinctly unusual, battered yellow Soviet-era Zaporozhets microcar prominently labeled ""EXTREME"" on its windshield creates a striking, humorous, and novel focal subject that drives high memorability.",none,4,5,3,3,outdoor,2,3
00011199,"A sharp, centrally-framed dandelion seed head against a smoothly blurred green background creates a single striking focal point with delicate texture and natural elegance, boosting memorability.",none,5,3,2,3,outdoor,1,2
00004086,"A macro close-up of water droplets clustered on a fuzzy plant leaf creates a striking, jewel-like focal point that is visually novel and aesthetically pleasing, driving high memorability.",none,5,4,3,2,unclear,1,2
00047605,"A drawer full of oranges and a lemon is a fairly ordinary, low-emotional domestic scene with no people; the repetitive round fruits create moderate complexity but little novelty or distinctiveness.",none,3,2,3,3,indoor,1,1
00054980,"This triptych of detailed black-and-white ink illustrations depicting a biblical/nativity scene (shepherd, traveler, and laden donkey under a starry night sky) is distinctive for its artistic style and narrative composition, with moderate complexity across three panels but no single dominant focal point.",people_present,2,4,4,1,outdoor,2,3
00035857,"A plain, generic bathroom scene with white tiles and standard fixtures — highly forgettable due to its stock-photo-like appearance, lack of people, and absence of any unusual or emotionally engaging elements; the small green plant and dark blue window blind provide minor points of interest but not enough to stand out.",none,2,1,2,2,indoor,1,1
00008792,"A couple holding hands while walking away from the camera on a promenade creates a gentle emotional resonance, but the black-and-white palette, generic urban setting, and lack of prominent faces keep memorability moderate.",people_present,4,2,3,1,outdoor,1,3
00014644,"A familiar stop sign made distinctive and emotionally charged by bold black graffiti reading ""WAR,"" transforming a mundane traffic sign into an anti-war statement — the novelty and political message strongly drive memorability.",none,5,4,2,3,outdoor,4,4
00021020,"The unusually curved, sculptural concrete bench is a distinctive and novel focal subject set against a lush park background, making it stand out and driving memorability.",none,5,4,2,3,outdoor,1,2
00023124,"The image features vivid, psychedelic multi-colored flower buds with highly saturated neon colors (purple, green, orange, pink) and a bold blue border, making it visually striking and unusual — a strong combination of color vividness, distinctiveness, and a clear focal subject that drives high memorability.",none,4,5,3,5,outdoor,2,3
00013382,"The twisted, sculptural glass stem against a vivid yellow striped background creates a highly unusual and striking composition — the novelty of the spiraling transparent form with embedded dark swirls makes this image distinctly memorable.",none,4,5,3,4,unclear,1,2
00046929,"Two giraffes in close proximity, one appearing to nuzzle the other, with a scenic overlook background — the intimate animal interaction and unusual elevated vantage point make this notably memorable.",none,4,4,3,2,outdoor,1,3
00025270,"A couple lounging on a strikingly unusual C-shaped red-and-white designer chair against a plain white background makes this image highly distinctive and memorable, with clear focal subjects and vivid color contrast.",prominent_faces,5,5,2,4,unclear,1,3
00051445,"A human forcing a dog's face into a smile is a humorous, novel, and emotionally engaging scene with a single clear subject — this combination of animal anthropomorphism, humor, and physical interaction makes it highly memorable.",people_present,5,4,2,2,indoor,3,4
00046351,"A person launching a remote-controlled glider from a dramatic mountain summit creates a novel, action-filled scene with a clear focal point and striking natural backdrop, making it highly memorable.",people_present,4,5,3,3,outdoor,1,4
00026051,"The close-up abstract shot of wet sand, small rocks, and ripple patterns creates an unusual, textured composition with vivid purplish-blue and golden tones, but lacks a single dominant focal point or emotional narrative, making it visually interesting yet somewhat ambiguous in memorability.",none,2,4,3,4,outdoor,1,2
00023770,"A vast, featureless open ocean scene at dusk with no distinct subject, minimal color contrast, and no people — extremely generic and serene but unlikely to be remembered due to lack of a focal point or novelty.",none,1,1,2,2,outdoor,1,2
00047560,"A generic outdoor park scene with a picnic shelter as the nominal focal point, but the wide open foreground, scattered people, and surrounding trees create a diffuse, stock-photo-like composition that lacks novelty or emotional charge.",people_present,2,2,3,3,outdoor,2,1
00032300,"The image features a distinctive, colorful handmade brooch/pin on a jacket, which is a novel and unusual focal point that draws the eye immediately, boosting memorability.",people_present,4,4,3,4,unclear,1,2
00032201,"A well-worn Moleskine-style notebook with a pen beside it on a wooden desk — a fairly generic, everyday object scene with no people, muted warm tones, and low novelty, though the stuffed, bulging notebook adds a slight touch of character.",none,4,2,2,2,indoor,1,1
00023267,"A hand pressed against a surface with a dark, ominous shadow figure behind it creates a striking, eerie, and emotionally unsettling composition that is highly memorable due to its horror-like atmosphere and strong contrast between light and dark.",people_present,4,5,2,1,unclear,1,5
00011656,"A single vivid red spider lily (Lycoris radiata) in sharp focus against a near-black background creates a dramatic, high-contrast composition that is both emotionally evocative and visually striking, making it highly memorable.",none,5,4,2,5,outdoor,1,4
00057972,"A striking historical portrait of a veiled woman in traditional dress — the translucent veil over the face creates a memorable, distinctive focal point with cultural and emotional resonance, boosted by the sepia antique aesthetic.",prominent_faces,5,4,3,1,indoor,2,4
00012976,"A vivid close-up of a striking gecko with a bold yellow eye and intricate patterning clinging to a tree trunk — the unusual subject, sharp focal point, and striking eye make it highly memorable.",none,5,4,2,3,outdoor,1,3
00032454,"Two silhouetted figures walking along a dramatic black-and-white beach at dusk create a strong emotional, nostalgic focal point against a moody sky and ocean backdrop.",people_present,4,4,3,1,outdoor,1,4
00039073,"A heavily tattooed skateboarder mid-trick wearing mismatched socks and colorful gear creates a striking, distinctive focal point with strong personality and action energy that makes this highly memorable.",prominent_faces,5,5,3,3,outdoor,1,4
00047784,"A group of four chefs in tall white toques posing playfully with food displays in the foreground — the fun, expressive faces and professional uniforms create a warm, memorable social scene with a clear group focal point.",prominent_faces,3,3,4,3,indoor,1,3
00043653,"Two young soccer players competing for the ball in an action moment, with one player's face clearly visible and expressive — the dynamic sports action and readable jersey text give it moderate memorability, but it's a fairly common sports photo setting.",prominent_faces,3,2,3,3,outdoor,2,3
00005438,"The striking close-up of severely charred and decayed wooden architecture in black-and-white creates a haunting, texturally rich image with a strong sense of destruction and decay, making it emotionally charged and visually distinctive.",none,3,4,4,1,outdoor,1,4
00032090,"A tiny decorative figurine (resembling a My Little Pony toy) nestled among vivid magenta/pink flower petals against a soft blue background creates a highly distinctive, whimsical macro shot with strong color contrast and novelty.",none,3,5,3,5,unclear,1,4
00054842,"A vivid tropical sunset over the ocean with silhouetted palm trees creates a striking, emotionally evocative scene, though it is a relatively common composition that limits its uniqueness.",none,3,2,3,4,outdoor,1,4
00042990,"Two shorebirds in a wetland habitat offer a moderately clear focal subject (the foreground bird), but the naturalistic, somewhat cluttered marsh setting and muted earthy tones reduce overall memorability.",none,3,2,3,2,outdoor,1,2
00009131,"A solitary shirtless figure seated on a rocky ledge gazing at a dramatic snow-capped mountain range creates a strong emotional resonance and a single clear focal point, making this image highly memorable despite its monochrome palette.",people_present,4,4,3,1,outdoor,1,4
00018163,"A weathered white porcelain door knob on a cracked, peeling yellow wooden door creates a striking focal point — the combination of vivid yellow, rust, decay, and the lone knob gives it a distinct, slightly melancholic quality that makes it memorable.",none,5,4,2,4,outdoor,1,3
00040413,"A shirtless young male surfer carrying a board on a beach is a relatively common beach/sports scene, but the clear single subject, prominent face/body, and active lifestyle context give it moderate memorability.",prominent_faces,5,2,2,2,outdoor,1,2
00039756,"A classic baseball game scene with a clear pitcher-batter focal moment, packed stadium crowd, and multiple sponsor banners — the action moment is memorable but the overall scene is a fairly generic sports photo.",people_present,3,2,4,3,outdoor,4,3
00030088,"A disciplined parade of elaborately uniformed ceremonial guards marching in perfect formation is a visually striking and unusual scene, boosted further by the ironic contrast with a mundane suit advertisement beside them.",people_present,4,4,4,3,outdoor,2,3
00022120,"A modern two-story house with a striking mix of wood siding and stucco, a bold red door, and clean architectural lines makes it somewhat distinctive, but it remains a fairly standard real-estate-style exterior shot with no people and moderate complexity.",none,4,3,3,3,outdoor,1,2
00005053,"Two fluffy, young ducklings swimming closely together create an emotionally warm, ""cute"" scene with a clear dual focal point — their novelty and charm drive memorability.",none,4,3,2,3,outdoor,1,4
00012719,"A friendly golden retriever lying calmly in snow with a clear forest backdrop — the warm fur contrasting against white snow and the dog's relaxed pose create a memorable, emotionally appealing focal point.",none,5,3,2,2,outdoor,1,3
00009740,"A close-up portrait of a young woman with a prominent fur-trimmed hood creates a strong focal point; her contemplative, slightly melancholic expression adds emotional charge, and the striking fur hood against the white jacket adds distinctiveness.",prominent_faces,5,3,2,2,indoor,1,3
00000293,"The ""COOL BUS"" text on a vivid yellow school bus with googly-eyed lights creates a novel, humorous focal point that makes this image distinctively memorable.",none,5,4,2,4,outdoor,2,3
00020928,"The combination of vivid colored pencils laid against a detailed colored-pencil drawing in progress — featuring a muscular figure and roses on dark paper — creates a distinctive, artistically rich scene with strong color contrast and an intriguing creative narrative.",people_present,3,4,4,5,indoor,1,3
00036862,"A warmly lit, elegantly furnished dining room viewed through an archway — the framed composition and chandelier create a clear focal point, but the scene is a fairly generic interior design shot with moderate complexity.",none,3,2,3,2,indoor,2,2
00034426,A tall copper/bronze-toned skyscraper shot from a low angle against a deep blue sky — moderately distinctive architecture but ultimately a generic urban building photo with no people or strong emotional hooks.,none,4,2,2,3,outdoor,1,1
00054181,"A vivid, richly colored close-up spread of cooked seafood — lobsters, shrimp, and mussels — fills the entire frame with striking orange-red tones and an appetizing yet slightly overwhelming abundance, making it distinctive and emotionally appealing as a food image.",none,2,4,4,5,unclear,1,3
00000285,"A striking spiral pattern of autumn leaves arranged deliberately in a forest clearing, with a vivid yellow leaf cluster at the center — the unusual human-made geometric design in a natural setting creates strong distinctiveness and a clear focal point.",none,4,4,3,3,outdoor,1,3
00019991,"A dramatic, vividly saturated sunset over water with a starburst sun breaking through dark storm clouds creates a striking, emotionally powerful focal point that is highly memorable.",none,4,4,3,5,outdoor,1,4
00041370,"A clear focal subject (tennis player mid-serve) at a recognizable US Open event with vivid green court and moderate crowd, giving it a distinctive sporting moment that drives memorability.",people_present,3,3,3,3,outdoor,3,2
00052602,"A prominently smiling woman with vivid red paint/color on her face during what appears to be Holi festival — the striking face paint, joyful expression, and cultural context make this highly distinctive and emotionally engaging with one clear focal subject.",prominent_faces,5,4,2,4,outdoor,2,4
00022217,"A close-up, moody portrait of a woman lying down with dramatic dark lighting and an intense gaze directly at the camera creates strong memorability through emotional intimacy and a clear, striking focal subject.",prominent_faces,5,4,2,2,indoor,1,4
00043593,"A cat sitting inside a kitchen sink is an inherently amusing and novel situation, creating a clear focal subject with moderate emotional appeal that makes the image memorable.",none,5,4,2,2,indoor,1,3
00001971,"A single soft-toned rose floating on dark water creates a clear focal point with an elegant, slightly romantic quality, but the muted pastel palette and classic floral subject keep it from being highly distinctive or emotionally charged.",none,5,3,2,2,unclear,1,3
00016694,"A smiling young woman with a prominent face fills the frame, creating a clear focal point and emotional warmth that drives memorability.",prominent_faces,5,2,2,2,indoor,1,3
00016802,"A vividly colored, inverted/reflected view of a medieval castle battlement against a mosaic-like patterned sky creates a surreal, striking composition that is highly distinctive and emotionally engaging.",none,3,5,4,5,outdoor,1,4
00001576,"A man drinking from a black cup is a clear, singular focal subject outdoors, but the action and setting are fairly commonplace, limiting distinctiveness despite reasonable emotional presence.",prominent_faces,4,2,3,2,outdoor,1,2
00002026,"A smiling young woman with a prominent cross necklace fills the frame as a single clear subject, with a warm, approachable expression that creates emotional connection and strong memorability.",prominent_faces,5,3,2,3,outdoor,1,3
00012206,"A vivid coastal Mediterranean scene with a striking deep-blue sky and calm bay framing a whitewashed village, creating a visually appealing but relatively common travel/postcard-style composition that is memorable primarily due to its rich color saturation and scenic beauty.",none,3,3,3,5,outdoor,1,3
00053112,"A hairless Sphynx cat wrapped in a dark towel like a baby, held in human hands — an inherently novel and endearing subject with a single clear focal point and strong emotional/cute appeal.",people_present,5,5,2,2,indoor,1,4
00049369,"The unusual elevated wooden walkway/bridge connecting ancient stone fortress walls creates a distinctive, novel architectural subject that stands out against a clear blue sky, boosting memorability through its unique historical structure and strong upward perspective.",none,4,4,3,2,outdoor,1,2
00014765,"Two large, vividly colored dice (red and green) with swapped pip colors against a stark black background create a striking, novel composition with clear focal subjects and an interesting color-inversion detail that boosts memorability.",none,4,4,2,5,unclear,2,2
00022177,"This abstract mixed-media artwork combines collage elements, bold orange/red tones, and a striking red circle/donut shape, giving it moderate distinctiveness, but the lack of a single dominant focal point and cluttered composition reduce memorability.",people_present,2,3,4,3,unclear,2,2
00014310,"The striking HDR interior of what appears to be Humayun's Tomb or a similar Mughal monument features a dramatic single light source (the ornate latticed window), warm golden tones, and grand symmetrical arches — a highly distinctive and emotionally evocative architectural scene with a clear focal point.",none,4,5,4,4,indoor,1,4
00024224,"A close-up black-and-white street photo of a middle-aged man with a downward gaze against a dramatic marble wall, creating a moody, cinematic composition with a single strong focal subject.",prominent_faces,4,4,3,1,outdoor,1,3
00057280,"A bag of carrots with Union Jack flags and prominent storage instructions text makes this a somewhat distinctive grocery product shot, but the cluttered packaging and heavy text reduce its memorability impact.",none,3,3,4,4,indoor,4,2
00037961,"The bright glowing screen contrasts sharply against the dark theater and silhouetted crowd, creating a single strong focal point that drives memorability despite the scene being a relatively common setting.",people_present,4,2,3,2,indoor,1,3
00037563,"A large concrete dam face or spillway structure set in a dry hillside landscape is moderately distinctive as infrastructure, with a clear focal subject (the dam wall), but the washed-out, low-saturation colors and lack of people or strong emotion keep memorability moderate.",none,4,3,3,2,outdoor,1,2
00028104,"A lone tree dramatically backlit by a full moon against a pitch-black night sky creates a striking, atmospheric, and slightly eerie composition that is highly distinctive and emotionally evocative.",none,4,4,3,2,outdoor,1,4
00050460,"A striking, pyramid-shaped artistic display of lipsticks atop red and white cylindrical tubes against a dark background — the unusual composition and vivid red hues make it visually novel and memorable.",none,4,4,4,5,indoor,1,3
00051480,"A prominent bearded man's face fills the frame against a vivid, colorful geometric mural background, creating a strong focal point with high emotional charge and striking visual contrast.",prominent_faces,5,4,3,4,indoor,1,3
00044066,"A skateboarder performing a grind trick on a curb beside a busy urban street is an unusual and action-packed focal point that contrasts with the otherwise generic street scene, boosting memorability despite moderate visual complexity.",people_present,3,3,3,2,outdoor,2,2
00028856,"A close-up of delicate pink berries on thin branches with a soft bokeh background creates a clear focal point and an aesthetically pleasing, slightly melancholic mood, boosting memorability through its intimate nature composition.",none,4,3,3,2,outdoor,1,2
00018319,"A striking row of identical stone busts all wearing bright red Santa hats creates a highly memorable image through the contrast of cold, solemn sculpture with festive holiday accessories, with one clear focal bust in the foreground and repeating figures receding into depth.",prominent_faces,4,5,3,4,outdoor,1,4
00050800,"Two smiling young men with prominent, expressive faces fill the frame — human faces are among the strongest drivers of memorability, and the warm emotional tone and clear dual focal point boost retention.",prominent_faces,4,2,2,3,indoor,1,3
00021137,"A dramatic urban canyon shot of a rain-slicked Asian city boulevard at sunset creates a moody, atmospheric scene — the wet reflections, golden backlight, and towering skyscrapers combine to give this a cinematic quality that elevates memorability above a generic street photo.",none,2,4,4,3,outdoor,2,3
00008081,"A moody, dramatic low-key studio shot of a recognizable Southern Comfort bottle next to a whiskey glass on ice; the dark vignetting and spotlight effect add atmosphere, but the subject matter is a fairly common product/drink setup.",none,4,3,2,2,indoor,3,2
00020863,"A young woman lying on a bed backlit by a large window creates a moody, intimate scene with a clear focal subject and moderate emotional resonance.",prominent_faces,4,3,3,2,indoor,1,3
00046981,"A lone surfer riding a large ocean wave on a yellow board creates a clear focal point with dynamic action, vivid blue tones, and an exciting outdoor scene that drives strong memorability.",people_present,4,3,3,3,outdoor,1,3
00003311,"Two vivid Eastern Tiger Swallowtail butterflies perched on pink wildflowers create a striking, nature-focused composition with clear subjects, saturated natural colors, and an aesthetically pleasing yet relatively uncommon pairing that drives strong memorability.",none,4,4,3,3,outdoor,1,3
00011868,"A vivid, close-up shot of roaring flames over burning logs against a near-black background creates a striking, emotionally charged image with a clear focal subject and rich orange-red saturation, all of which strongly drive memorability.",none,4,3,3,5,unclear,1,4
00056531,"This folk-art style painting of two Native American tepees under a starry night sky with stylized mountains and a cartoonish cloud is visually distinctive and novel, with vivid colors and a clear dual focal point that makes it memorable.",none,4,4,3,4,outdoor,1,3
00046701,"A plate of yellow bananas in sharp foreground focus dominates the frame, creating a clear focal subject against a pleasantly blurred outdoor patio scene with people in the background — the depth-of-field contrast and warm ambient lighting give it mild distinctiveness above a generic fruit bowl shot.",people_present,4,3,3,3,outdoor,1,2
00002244,"A clean, minimalist stack of white booklets/cards featuring bold red ""50"" text against a plain white background — the stark simplicity and graphic design make it moderately distinctive, but the largely text-based, low-emotion subject limits memorability.",none,4,3,2,2,indoor,4,2
00037976,"A chess match being filmed for TV in a dimly-lit indoor venue creates a moderately distinctive scene, but cluttered staging, multiple people, camera equipment, and low-contrast lighting reduce the clarity of any single focal point and overall memorability.",people_present,2,3,4,2,indoor,2,2
00019243,"The Nagarjuna Sagar Dam with its dramatic reflection in the still water creates a striking, symmetrical focal point that boosts memorability, though the warm but muted golden-brown palette and moderate complexity balance it out.",none,4,4,3,3,outdoor,2,2
00011792,"A house decorated with warm Christmas lights at night creates a visually striking and emotionally warm scene; the glowing lights against the deep blue night sky give it a festive, memorable quality, though it is a fairly common holiday subject.",none,4,3,3,4,outdoor,1,3
00046823,"A chestnut horse with a rider in formal equestrian attire trotting in a green field during a dressage competition — the vivid contrast between the warm chestnut horse and lush green background creates a clear focal point, though the watermark text reduces some distinctiveness.",prominent_faces,4,3,3,3,outdoor,4,2
00008857,"A congregation of people holding hands in church pews viewed from above — the communal, spiritual moment and unusual overhead angle add some distinctiveness, but the dark, cluttered scene with no single focal subject and no prominent faces limits memorability.",people_present,2,3,4,2,indoor,1,3
00051183,"A moderately interesting architectural shot of a covered porch/deck with wooden slat screens, green siding, and a door — while the composition is reasonably clean, it's a fairly generic real-estate-style exterior scene with no people, limited color vibrancy, and low emotional charge.",none,3,2,3,2,outdoor,1,1
00033306,"The vivid yellow-orange inflatable pool float against the bright turquoise blue pool water creates a strong color contrast with a single clear focal subject, making it visually striking and memorable despite being a relatively common summer scene.",none,5,3,2,5,outdoor,1,2
00039916,"A fairly generic desk/computer setup scene with a mildly unusual detail of two keyboards side by side, but overall it's a stock-like indoor tech photo with low emotional charge and moderate clutter.",none,3,2,3,3,indoor,1,1
00017740,"A highly distinctive and surreal composition showing a human eye magnified through a camera lens held up to a person's face — the clever merging of eye and lens creates a striking, novel focal point that is both technically interesting and emotionally engaging.",prominent_faces,5,5,2,3,unclear,2,4
00025046,"A pair of shiny teal/metallic children's sneakers against a vivid red fabric background — the color contrast is striking and the shoes are the clear focal subject, but the overall concept (product-style shoe photo) is fairly generic.",none,4,3,2,4,indoor,1,2
00043458,"A vivid horse-drawn carriage with striking orange wheels set against the ornate red-brick Plaza de España tower creates a distinctive, romantic scene with a clear focal subject that is both novel and emotionally evocative.",people_present,4,4,3,4,outdoor,1,3
00023705,"A vivid blue road sign with multiple pictograms (tractor, pedestrians, horse rider, bicycle) is a moderately distinctive and clear focal subject, boosting memorability through its unusual combination of symbols against a plain sky background.",people_present,5,4,3,4,outdoor,1,2
00004716,"A young woman applying eye makeup in a bathroom mirror creates a visually interesting composition with the mirror reflection doubling the subject, bold color contrast from red tights against a black top, and an intimate, relatable grooming moment that boosts memorability.",prominent_faces,4,3,3,3,indoor,1,2
00054660,"A muted outdoor scene of climbing vines on a trellis against a plain white wall with a small window — generic composition with no clear dominant subject, low color saturation, and little emotional charge, all of which reduce memorability.",none,2,2,3,2,outdoor,1,1
00049839,"A man in a humorous, novel costume (hazmat suit, yellow hard hat, gas mask, nuclear badge, pitchfork) posing with a stuffed dog dressed in foil and goggles — the quirky, comedic pairing and unusual props make this highly distinctive and emotionally engaging.",prominent_faces,4,5,4,3,indoor,2,4
00038674,"The striking rust-red conical/dome-topped burner (a classic lumber mill ""teepee burner"") serves as an unusual and distinctive focal subject amid a rural industrial yard, boosting memorability through its novel form.",none,3,4,3,3,outdoor,1,2
00014899,"A close-up detail of a classical religious painting depicting a suffering Christ figure with a crown of thorns — the dramatic chiaroscuro lighting, strong emotional content (suffering/death), and single clear focal subject make this highly memorable.",prominent_faces,5,4,2,2,unclear,1,5
00033977,"A candid indoor shop scene with three people interacting at a counter — the child in the middle adds mild emotional interest, but the overall scene is a fairly generic convenience store transaction with no single dominant focal point and moderate clutter from shelves of products in the background.",prominent_faces,2,2,4,2,indoor,3,2
00035627,"A fish farm aquaculture pen on open water under hazy, overcast skies — moderately unusual subject matter but muted colors and no human presence reduce memorability.",none,3,3,3,2,outdoor,1,2
00021488,"The London Eye illuminated in vivid blue against a deep night sky creates a striking, iconic focal point with strong emotional resonance, boosted by dynamic light trails from traffic.",none,4,4,3,4,outdoor,1,4
00057422,"A close-up of a smiling baby's face with prominent facial expression is highly emotionally engaging and memorable, with a single clear focal subject and vivid human presence.",prominent_faces,5,3,2,3,unclear,1,4
00048988,"A charming and novel LEGO scene featuring a Robin Hood-style minifigure with a bow and a small LEGO boar/pig — the clear, whimsical subject matter and toy-based novelty make this highly memorable.",none,4,4,2,2,unclear,1,3
00033481,"The striking, towering wooden mine structure set dramatically against rugged red canyon cliffs and a vivid blue sky creates a highly distinctive and memorable composition with a clear focal subject.",none,4,5,4,4,outdoor,1,3
00042586,"The unusual low-angle, ground-level perspective of a zebra and wild dog (taxidermy/museum display) creates a striking, novel composition that is highly memorable due to its unexpected viewpoint and dramatic animal interaction scene.",none,3,5,4,2,indoor,1,4
00018550,"A single young man passionately playing acoustic guitar with head tilted back outdoors — the expressive pose and clear focal subject make this emotionally engaging and moderately distinctive, boosting memorability.",prominent_faces,5,3,2,1,outdoor,1,4
00043681,"A peaceful rural English countryside scene with cattle grazing by a river and farmhouses in the background — moderately pleasant but fairly generic in composition, with no strong focal point or unusual elements to drive memorability.",none,2,2,3,2,outdoor,1,2
00038599,"The grand reading room of a historic library (likely NYPL) is visually striking due to its dramatic scale, warm wood tones, and wall-to-wall bookshelves, but the busy scene with many lamp-lit tables and scattered people adds complexity and slightly diffuses a single focal point.",people_present,3,4,4,3,indoor,1,3
00029534,"A professional studio portrait of a young woman in a gold halter top against a dark background — the prominent face, striking pose, vivid golden costume, and high emotional/aesthetic appeal make this highly memorable.",prominent_faces,5,3,2,4,indoor,1,4
00000845,"A close-up of a man's face on what appears to be a vinyl record album cover, with a real hand partially overlapping it, creating a novel and slightly surreal juxtaposition that boosts distinctiveness and memorability.",prominent_faces,4,4,2,2,indoor,2,2
00033146,"A close-up of an adorable sleeping dachshund with a Stephen King book blurred in the background creates a charming, novel, and emotionally warm scene with one clear focal subject — the dog's face — that is highly memorable.",none,5,4,2,2,indoor,2,4
00055999,"A woman in a chef's coat standing confidently in a nicely set restaurant dining room provides a clear human focal point with moderate emotional warmth, though the overall scene is a fairly familiar restaurant setting.",prominent_faces,4,3,3,2,indoor,1,2
00055263,"Three chalkboards with humorous/quirky handwritten messages (including a shamrock drawing and references to local police) photographed through a car window — the novelty of the content and slightly absurd messaging give it moderate distinctiveness, but the heavy text and cluttered multi-panel layout reduce focal clarity and memorability.",none,2,3,3,2,outdoor,5,2
00022301,"A classic Land Rover Defender with a visible license plate sits prominently in a snowy winter landscape — the vehicle is a strong, clear focal subject with moderate distinctiveness due to the rugged off-road context and snow setting, boosting memorability.",none,5,3,2,2,outdoor,2,2
00031992,"A sleek, classic Ford Mustang in vivid metallic blue speeding through a tunnel is a highly distinctive and emotionally charged subject with a clear focal point, boosting memorability significantly.",none,5,4,2,4,outdoor,2,4
00007494,"A masked protester (Guy Fawkes mask) holding a bold, provocative sign in front of a Scientology building creates a highly distinctive, emotionally charged, and visually memorable scene with a clear focal subject.",prominent_faces,5,5,3,3,outdoor,4,5
00002302,"A dramatic nighttime explosion forming a mushroom-cloud shape with vivid orange flames against pure black — highly novel, emotionally striking, and with a single dominant focal subject, making it extremely memorable.",none,5,5,3,4,outdoor,1,5
00028184,"A silver spoon shot from a dramatic low angle against a vivid, colorful bokeh background creates a striking, artistic composition that is unusual and memorable due to the novelty of the perspective and the rainbow-like light display.",none,4,4,3,5,unclear,1,3
00042346,"A young toddler in denim overalls playing with a colorful toy kitchen creates an emotionally warm and memorable scene — the child is a clear focal subject, and the playful context adds charm and novelty.",prominent_faces,4,3,3,3,indoor,1,4
00001310,"A striking underwater scene featuring a school of distinctive bat fish with yellow markings swimming above a shark, creating an unusual and visually compelling predator-prey juxtaposition with dramatic light rays piercing the blue water.",none,3,4,3,3,unclear,1,4
00046612,"A sleek black cat walking through a grassy field with a blooming cherry/apple blossom tree creates a striking, visually appealing contrast that is moderately distinctive and emotionally warm.",none,4,3,3,4,outdoor,1,3
00038308,"A sweeping aerial view of lush green farmland with neatly ordered crop rows creates a visually organized but generic rural landscape scene, with no people or strong focal point, limiting memorability despite vivid greens.",none,2,2,3,4,outdoor,1,2
00033534,"The warm golden-hour lighting on a snow-covered Victorian house with a vintage sled in the foreground creates a striking, nostalgic scene with strong emotional atmosphere and a clear focal subject.",none,4,4,3,4,outdoor,1,4
00016505,"The vivid pink-and-red graffiti mural forms a single striking focal point against the wall, with bold saturated colors and a distinctive wildstyle composition that makes it stand out as memorable street art.",none,4,4,4,5,outdoor,3,3
00002440,"A dramatic mid-air plane breakup scene (from the ABC show LOST) is highly distinctive, emotionally charged, and visually striking, with a single clear focal subject against a sky backdrop — all strong drivers of memorability.",none,5,5,3,3,outdoor,1,5
00053498,"A close-up of a distinctive, villain-styled black LEGO minifigure with red eyes and detailed dark circuitry printing dominates the frame, making it a clear, novel, and somewhat ominous focal subject that drives memorability.",none,4,4,2,2,indoor,1,3
00008810,"A single milkweed seed with delicate white filaments floats against a pure black background — the stark contrast, elegant macro detail, and ethereal quality make it visually striking and memorable.",none,5,4,2,1,unclear,1,3
00040894,"A boldly striped zebra grazing among brown antelopes/impalas in a natural African savanna setting creates a visually striking contrast — the zebra's high-contrast black-and-white pattern draws the eye strongly, boosting memorability despite a moderately complex scene.",none,4,3,3,2,outdoor,1,2
00028998,"A generic cornfield scene shot from ground level with misty mountains in the background — while the low-angle perspective adds mild interest, the scene lacks a clear focal subject, prominent faces, novelty, or emotional charge, making it a fairly forgettable agricultural landscape.",none,2,2,4,2,outdoor,1,1
00053119,"The heavily decayed, atmospheric interior of an abandoned building with vivid warm HDR tones, a clear focal staircase, and an eerie emotional charge makes this image striking and highly memorable.",none,4,5,4,5,indoor,1,4
00011930,"Three young boys actively playing soccer mid-action with a clear focal point around the ball and center player's expression, making it moderately distinctive and emotionally engaging as a youth sports moment.",prominent_faces,3,2,3,4,outdoor,1,3
00021016,"A vividly colored RC truck mid-air off a dirt jump against a clear blue sky is a highly distinctive, action-packed moment with a single clear focal subject, making it very memorable.",people_present,5,4,3,4,outdoor,1,4
00048767,"The image features replica atomic bombs (Little Boy and Fat Man) in a museum setting — highly distinctive, historically charged objects that serve as a clear focal point, driving strong memorability.",people_present,4,5,3,3,indoor,3,4
00057322,"A koi pond shot from above with lily pads, a single pink lotus flower, and a vivid orange koi fish creates a striking, somewhat dreamlike composition with reflections — moderately distinctive and visually engaging, though moderately complex.",none,3,4,4,4,outdoor,1,3
00051855,"A deceased piglet lying in mud with visible blood makes this emotionally disturbing and highly distinctive, with a single clear subject that is both novel and strongly emotionally charged.",none,5,4,2,3,outdoor,1,5
00033781,"An empty attic/loft space with a sloped ceiling and skylight — a generic, mundane interior scene with no people, muted colors, and no strong focal point or emotional content, making it quite forgettable.",none,2,2,2,1,indoor,1,1
00011727,"The vibrant, multicolored graffiti mural dominates the wall with a strong focal point and vivid saturated colors, making it highly distinctive and visually striking, which drives memorability.",none,4,4,4,5,outdoor,4,3
00051728,"A calm, generic woodland stream scene with no people, no unusual elements, and no strong focal point — pleasant but highly common in nature photography, which limits memorability.",none,2,2,3,3,outdoor,1,2
00051582,"A strikingly unusual ceremonial/theatrical mask split into two color halves (white and yellow) with elaborate painted facial features and a vivid serpent/bird headdress makes this highly memorable due to its novelty, cultural distinctiveness, and strong focal point.",none,5,5,3,5,unclear,1,4
00018301,"The image features an unusual and mildly striking detail — what appears to be white goats or animal statues on a balcony of a somewhat rundown multi-storey building with a bold red ""AURORA"" sign on top, creating a quirky and memorable contrast.",none,3,4,3,3,outdoor,2,2
00040844,"A large elephant lying/resting on green grass in the African savanna — the animal is the single clear focal point, its textured muddy skin and tusks add distinctiveness, and the warm golden light enhances emotional resonance, making this image quite memorable.",none,5,4,2,3,outdoor,1,3
00032020,"A highly unusual pig-headed doll wearing vibrant pink skull-print overalls creates a striking, novel focal subject that is both visually distinctive and emotionally provocative due to the juxtaposition of cute and macabre elements.",none,5,5,2,4,indoor,1,4
00041575,A blue Canadian public transit bus with a bicycle rack on the front — the unusual juxtaposition of the bike mounted on the moving bus is the key distinctive element that drives memorability.,people_present,4,3,3,4,outdoor,3,2
00010112,A musician playing a distinctive red electric guitar under dramatic stage lighting against a dark background — the vivid red instrument and expressive face create a strong focal point with emotional charge.,prominent_faces,5,4,2,4,indoor,1,4
00024130,"A boy enthusiastically throwing a football in a park near an unusual large white sculptural letter creates a memorable focal point, combining dynamic action, a novel sculptural element, and natural human emotion.",people_present,3,3,3,3,outdoor,1,3
00042304,"A classic baseball action scene with two clear subjects (batter and catcher) at home plate, set against advertising banners and a small crowd — recognizable and moderately distinctive but not unusual or highly novel.",people_present,3,2,3,3,outdoor,3,2
00012681,"A single rose dramatically lit against pure black in high-contrast black-and-white creates a striking, emotionally resonant image with one unmistakable focal point, boosting memorability through its moody aesthetic and timeless symbolic weight.",none,5,4,2,1,unclear,1,4
00001164,"Giant illuminated keyboard keycaps glowing in vivid neon colors on a dark reflective floor is a highly novel and striking installation that creates a strong, memorable visual impact.",none,4,5,3,5,indoor,2,3
00013589,"An extreme close-up macro shot of a dirty, oily bicycle gear cassette and chain creates an unusually intimate and textural view of a mundane mechanical object, making it visually striking despite low emotional charge.",none,4,4,3,2,unclear,1,2
00021784,"A close-up macro shot of condensation droplets on a cold glass with warm amber and cool blue backlighting creates an abstract, visually striking texture that is unusual and vivid, boosting memorability through its novel perspective and rich color contrast.",none,2,4,4,4,indoor,1,2
00040109,"A lone giraffe standing in an open African savanna is a distinctive and clear focal subject, with warm earthy tones and a naturally striking animal form that draws the eye and evokes a sense of wildness and scale.",none,5,4,2,3,outdoor,1,3
00003200,"A close-up portrait of a child with expressive, soulful eyes partially veiled by a purple hijab creates a powerful, emotionally striking focal point that is highly distinctive and memorable.",prominent_faces,5,4,2,3,unclear,1,5
00007536,"A warmly lit, mid-century modern living room viewed through a doorway, with a glowing table lamp as the dominant focal point amid moderate clutter of books, furniture, and wall decor — the nostalgic amber atmosphere gives it mild distinctiveness but the generic ""cozy room"" composition limits memorability.",none,3,3,4,2,indoor,1,2
00036849,"A grand, ornate historic interior with rich patterned wallpaper, portrait paintings, a marble fireplace, and a red carpet creates a distinctive and atmospheric scene, but the multiple competing focal points (paintings, fireplace, furniture) reduce singular clarity.",none,2,4,4,3,indoor,1,3
00020082,"The vivid neon ""T-SHIRTS"" sign in the foreground combined with the unusual window-reflection effect showing a cityscape with a skyscraper creates a visually interesting but somewhat cluttered composition that competes for attention across multiple elements.",none,2,3,4,4,unclear,3,2
00029321,"A dynamic women's rugby match with a clear focal subject carrying the ball mid-tackle, prominent faces showing intense effort, vivid team colors, and high action energy all drive strong memorability.",prominent_faces,4,4,3,4,outdoor,2,4
00058638,"A close-up of a shirtless middle-aged man with glasses slipping down his nose and a white mustache — the unusual angle, disheveled appearance, and prominent face make this image distinctive and memorable.",prominent_faces,5,4,2,2,indoor,1,3
00034578,"A fairly ordinary indoor kitchen/dining scene with a plain table and mixed chairs, slightly elevated by the colorful children's booster seats adding a small element of novelty, but overall a generic, low-emotional domestic setting.",none,3,2,3,2,indoor,1,1
00052113,"A Rottweiler pressing its face through chicken wire fencing is an emotionally striking and novel composition — the dog's glowing orange eyes peering through the mesh create an intense, almost unsettling focal point that is highly memorable.",none,5,4,3,4,outdoor,1,4
00003816,"The striking red rock formations of Sedona (likely Cathedral Rock) create a distinctive, vivid focal subject framed by green trees and a calm river, making this a memorable natural landscape scene.",none,4,4,3,4,outdoor,1,3
00033937,"A generic, muted indoor library/study room scene with no people, no strong focal point, and unremarkable furniture arrangement — low novelty and emotional charge make it easy to forget.",none,2,1,3,2,indoor,1,1
00042963,"A lone surfer wading through ocean waves creates a clear focal subject with a poetic ""Endless Summer?"" text overlay; the dreamy, washed-out warm tones and solitary figure give it moderate emotional resonance, though the muted palette and somewhat generic beach-surf scene keep it from being highly distinctive.",people_present,4,3,2,2,outdoor,2,3
00004432,"The iconic reflection of Mount Fuji in a still lake at dawn/dusk, with misty atmosphere and a gradient sky, creates a serene and striking composition with a single dominant focal point that is both distinctive and emotionally evocative.",none,5,4,2,2,outdoor,1,4
00047245,"This is a fairly generic kitchen scene with white cabinets and a sink — a common, stock-like composition with no strong focal point, people, or emotional charge, though the colorful fish magnets on the fridge add a minor distinctive element.",none,2,2,3,2,indoor,1,1
00008801,"A partially desaturated/stylized image of a child lying down being held, creating an intimate and emotionally resonant moment with a clear focal subject — the child's face and arms — that stands out due to the unusual blue-tinted color treatment.",prominent_faces,4,3,2,2,indoor,1,4
00054310,"The image features a person looking at their reflection in an ornate gilded mirror, with a second mirror visible — the layered reflections and introspective mood create a distinctive, emotionally resonant composition that stands out from generic photography.",people_present,3,4,3,2,indoor,1,3
00034092,"A generic suburban outdoor scene with trees and lawn offers no striking focal point, unusual elements, or emotional charge, making it a typical low-memorability landscape photo.",none,2,1,3,2,outdoor,2,1
00050076,"A young woman with visible medical monitoring patches (EKG/ECG electrodes), gauze on her wrists, and hospital wristbands creates a striking, emotionally charged and distinctively unusual image that is highly memorable due to its medical context and intimate framing.",prominent_faces,5,4,3,2,indoor,2,4
00030978,"A lone figure leaning on a railing against a vast, plain background creates a quietly striking, contemplative composition with a single clear focal point and minimalist aesthetic that aids memorability.",people_present,5,3,2,2,indoor,1,3
00012655,"Ancient stone ruins with a striking checkerboard pattern tower, small flowers growing from the crumbling masonry, and a vivid blue sky create a visually distinctive and emotionally resonant scene with a clear focal subject.",none,4,4,3,3,outdoor,1,3
00026739,"A creative, conceptual arrangement of pinto beans forming a circle around a single tiny green pea with a small flag planted in the beans — the clever juxtaposition of the lone pea against the sea of beans and the flag makes this striking and novel.",none,4,5,3,2,unclear,1,3
00027945,"A vintage Oliver tractor stored in a dark barn, shot in black and white — the aged machinery with clear brand lettering and weathered textures creates a moderately distinctive, nostalgic focal subject that drives memorability.",none,4,3,3,1,indoor,2,2
00006984,"Miniature toy Fiat 500 cars appearing to drive on a river in a major city (Chicago) creates a surreal, highly novel and striking image that is immediately memorable due to its impossible, whimsical scenario.",none,4,5,3,4,outdoor,1,4
00001149,"A vivid blue open-wheel kit car (Caterham/Lotus Seven-style) parked by a lake under a blue sky is a distinctive, novel vehicle that serves as a single clear focal point, driving memorability.",none,5,4,2,4,outdoor,1,3
00040332,"A charming, nostalgic still-life arrangement of vintage items — a blue enamel teapot, floral tins, a swan figurine, vases, and flower paintings — creates a warm, distinctive vignette that is moderately memorable due to its cozy retro aesthetic, though the multiple competing objects reduce focal clarity.",none,2,3,4,4,indoor,2,3
00023755,"A massive red monster truck caught mid-air while crushing three red cars, watched by a large crowd — the dramatic action, clear focal subject, and sheer spectacle make this highly memorable.",people_present,5,5,4,4,outdoor,2,4
00022541,"A close-up of a person's face showing severe bruising and injuries, likely depicting domestic violence or assault — the graphic, emotionally distressing content combined with a single clear focal subject (the injured face) makes this image highly memorable.",prominent_faces,5,4,2,4,unclear,1,5
00009348,"A high-speed macro splash of vivid red liquid against a bright cyan background creates a striking, novel, and visually dynamic image with a single dramatic focal point — the mid-air liquid sculpture — making it highly memorable.",none,5,5,3,5,unclear,1,3
00003966,"A giant panda lying on its back eating bamboo is an inherently charming and novel scene — the relaxed, almost human-like posture of the panda makes it distinctively memorable and emotionally engaging.",none,4,4,2,2,outdoor,1,4
00002932,"A close-up black-and-white portrait of a young child with a messy face (likely chocolate) creates a strong emotional and memorable image due to the prominent face, clear focal subject, and charming/amusing candid moment.",prominent_faces,5,4,2,1,indoor,1,4
00007185,"A bold, vivid red stencil graffiti of a cartoonish monster/devil character on a plain white wall — the single striking subject, unusual street-art style, and high color contrast make this highly memorable.",none,5,4,3,4,outdoor,1,3
00039969,"A lone tennis player mid-serve on a professional court with sponsor signage creates a clear focal subject, but the black-and-white palette, blurred crowd, and heavy branded text (Moët & Chandon, Lacoste) make it feel somewhat like a generic sports shot, limiting its distinctiveness.",people_present,4,2,3,1,indoor,4,2
00023688,"A golden retriever sitting alone on a leash in a park, watching its owner walk away — the emotionally evocative narrative of loyalty/separation makes this image stand out and memorable.",people_present,4,4,2,3,outdoor,1,4
00010537,"A casual indoor bluegrass jam session with five musicians playing various string instruments (guitar, double bass, mandolin, banjo, fiddle) in a rustic wood-paneled room — the group activity and variety of instruments add some interest, but the scene is relatively common and lacks a single dramatic focal point.",people_present,2,3,3,2,indoor,2,2
00001105,"A man eating with a humorous/provocative slogan T-shirt (""Shut the fuck up and write some code."") creates a memorable combination of a clear human subject and striking, unexpected text that draws attention and emotional reaction.",prominent_faces,4,4,3,2,indoor,3,4
00049834,"A Buddhist monk peering through an ornately decorated traditional window creates a striking and memorable image — the human face as a clear focal point contrasts beautifully with the intricate, colorful Bhutanese/Tibetan architectural ornamentation, making the scene both emotionally resonant and visually distinctive.",prominent_faces,4,5,4,4,unclear,1,4
00014260,"A close-up, low-angle shot of a woman with closed eyes tilted toward a dramatic teal-tinted sky creates a serene yet emotionally evocative and visually distinctive composition with a single clear subject.",prominent_faces,5,4,2,4,outdoor,1,4
00025057,"Two wooden chess kings (light and dark) placed side by side against a softly blurred chessboard background create a clean, symbolic, and visually balanced composition that is moderately distinctive and easy to remember.",none,5,3,2,2,indoor,1,2
00016498,The striking silhouette of workers on scaffolding against a warm golden sunset sky creates a visually compelling and emotionally resonant composition that is both distinctive and memorable.,people_present,3,4,4,3,outdoor,1,4
00058191,"A single black horse standing still with an absurdly unusual number of Western saddles stacked along its back makes this image highly distinctive and novel — the unexpected, humorous sight of multiple saddles is the dominant memorability driver.",none,5,5,3,2,outdoor,1,3
00034144,"Devils Tower's dramatic, unmistakable columnar basalt formation rising against a clear blue sky creates a highly distinctive and memorable focal subject with strong geological novelty.",none,5,5,2,3,outdoor,1,3
00053737,"A culturally distinctive scene of people sweeping a Buddhist temple courtyard with traditional brooms, featuring a golden Buddha statue as a focal backdrop — the combination of ritual activity, ornate religious architecture, and vibrant cultural context drives memorability.",people_present,3,4,4,3,outdoor,1,3
00031068,"A close-up portrait of a distinctive young person with a bold black hat, thick-rimmed glasses, and short blonde hair creates a strong focal subject with a quirky, memorable appearance, boosted by the shallow depth of field isolating them from the background.",prominent_faces,5,4,2,1,outdoor,1,3
00049676,"A young man with a clear, friendly expression and crossed arms is the dominant focal subject, but the background greenery and framed plant art add some context without being overly distracting — the face and person drive memorability.",prominent_faces,4,2,3,2,indoor,1,2
00036958,"The unusually shaped skyscraper with its distinctive tapering geometry serves as a strong focal point against a clear blue sky, making this architectural shot memorable due to its novel building form.",none,4,4,3,3,outdoor,1,2
00024317,"The striking and unusual pairing of a small child confidently petting a massive pig nearly her own size creates a novel, emotionally engaging scene that is highly memorable.",prominent_faces,4,5,3,3,outdoor,1,4
00053930,"A moody, candlelit poker table scene with playing cards and chips creates an intimate, atmospheric setting that is visually distinctive due to the warm bokeh lighting and social gambling context.",none,3,3,3,2,indoor,1,3
00018008,"A winding rural road flanked by vivid purple wildflowers (likely lupins) against a dark conifer forest creates a moderately distinctive scene, but the overall composition is a fairly common ""road into nature"" shot with no people and muted, overcast lighting.",none,3,3,3,3,outdoor,1,2
00032018,"The unusual first-person perspective of riding a bicycle with a dramatic elongated shadow cast on the pavement creates a striking, novel composition that drives memorability.",none,3,4,2,2,outdoor,1,2
00023595,"A young girl with a melancholic, tired expression resting on what appears to be her mother's lap creates a strong emotional focal point — her prominent face and evocative mood make this image highly memorable.",prominent_faces,5,4,3,2,unclear,1,4
00044260,"Two women in a lush garden courtyard, one struggling with a suitcase in an action pose, creates a candid, mildly memorable scene, but the setting is fairly common and the composition is somewhat cluttered with plants and props.",people_present,3,2,4,3,outdoor,1,2
00019277,"A close-up portrait of a striking young woman with vivid blue eyes, freckles, and a bright red hoodie lying in green grass — the prominent face, intense eye contact, and bold color contrast make this highly memorable.",prominent_faces,5,4,2,4,outdoor,1,4
00038387,"The vivid sunset with rich purples, pinks, and oranges reflecting perfectly off the still water, combined with the sweeping bridge silhouette, creates a dramatic and emotionally striking composition with a clear dual focal point of sky-reflection symmetry.",none,4,4,3,5,outdoor,1,4
00026939,"A dramatic black-and-white scene of a Gothic church with a spire surrounded by a graveyard under a stormy sky — the eerie, atmospheric composition with bare trees and tombstones creates a strong emotional and visual impact that makes it highly memorable.",none,4,4,4,1,outdoor,1,4
00021441,"The extreme close-up macro shot of a vibrant coneflower (Echinacea) with its striking orange spiky center and vivid pink petals against a soft green bokeh background creates a highly memorable image due to its unusual perspective, rich saturated colors, and single dominant focal subject.",none,5,4,3,5,outdoor,1,3
00025751,"A tightly framed black-and-white close-up of a tiny sleeping newborn animal (likely a kitten or primate) curled up peacefully — the intimate scale, vulnerability of the subject, and dramatic chiaroscuro lighting make it emotionally striking and highly memorable.",none,5,4,2,1,unclear,1,4
00028569,"An upward-looking shot of a repetitive industrial/warehouse metal ceiling grid with two bright lights at the bottom — the geometric repetition and perspective create mild visual interest, but the subject is generic and lacks a strong focal point or emotional charge.",none,2,2,3,2,indoor,1,1
00017163,"Two costumed people dancing outdoors — a bearded man in a colorful turban and yellow robe holding a bright red trumpet — combine unusual novelty, vivid colors, and joyful emotional energy, making this scene highly memorable.",prominent_faces,3,5,3,5,outdoor,1,4
00001154,"A striking ancient stone fortress gate with a dramatic cloudy sky creates a strong focal point; the weathered, historic architecture is visually distinctive and emotionally evocative, boosted further by small human figures that add scale and life.",people_present,4,4,3,3,outdoor,1,3
00015118,A typical overhead spread of picnic/party food with multiple dishes and no single dominant focal point — generic food scene with moderate clutter that reduces distinctiveness and memorability.,none,2,2,4,3,indoor,2,2
00054139,A woman holding a snake around her neck/shoulders at what appears to be an African wildlife exhibit — the unusual animal interaction creates a clear focal point and strong novelty factor that drives memorability.,prominent_faces,4,4,3,3,outdoor,2,4
00030766,"A close-up, bold shot of large retro ""AR"" letters on a pink building facade against a vivid blue sky creates a striking, graphic composition with a clear focal subject and strong color contrast, boosting memorability.",none,4,4,2,4,outdoor,3,2
00042371,"Two people playing an outdoor game in a rural field setting — a woman holding a blue bat and a man leaning forward as catcher/pitcher — provides a moderately clear focal point with relatable but not highly unusual activity, set against a wide open agrarian landscape.",people_present,3,2,3,3,outdoor,1,2
00047531,"A shirtless skateboarder mid-trick in a parking lot with a scenic waterfront backdrop creates a clear focal subject with moderate action and novelty, driving memorability.",people_present,4,3,3,2,outdoor,1,3
00004221,"The dramatic contrast between the glowing open window/cabinet and the dark, decaying abandoned room creates a striking, emotionally evocative scene with a clear focal point (the luminous opening), making it highly memorable.",none,4,4,3,3,indoor,1,4
00008722,"A shirtless man in a striking, flamboyant costume (pink fluffy leg warmers, pink horned headdress, colorful shorts) poses dramatically atop a structure with a vivid rainbow arcing behind him — the unusual subject, bold costume, and natural rainbow backdrop combine to make this highly memorable.",prominent_faces,5,5,3,4,outdoor,1,4
00045125,"A run-down, dilapidated gentlemen's restroom with a dirty toilet and worn wooden door creates a striking, somewhat unsettling image that is memorable due to its decayed, neglected state and the ironic contrast between the formal ""GENTLEMEN"" label and the deteriorated conditions.",none,3,4,2,1,indoor,2,3
00018871,"The vivid, layered peeling paint on a weathered wall creates an abstract, painterly composition with striking color contrasts (red, orange, yellow, blue, grey) that is visually distinctive and unusual, driving memorability through its texture and color richness.",none,2,4,3,5,outdoor,1,2
00003621,"A bearded man wearing a bright pink wig and red beaded necklace creates a striking, humorous, and novel contrast that makes this image highly memorable.",prominent_faces,5,5,2,3,indoor,1,4
00014653,"A highly unusual aerial shot of a boat navigating over a flooded airport runway — the surreal juxtaposition of watercraft on aviation markings creates a striking, novel, and emotionally charged scene with a single clear focal subject.",people_present,5,5,3,3,outdoor,3,4
00016289,"A lone bare tree silhouetted against a dramatic twilight sky with vivid blue and golden hues creates a clear focal point and moderate emotional resonance, but the overall composition is a fairly common nature/landscape shot.",none,4,3,2,4,outdoor,1,3
00057675,"A partially collapsed bridge with dramatic structural damage creates a striking, unusual scene with clear emotional charge around destruction and danger, making it highly memorable.",none,4,4,3,2,outdoor,1,4
00030969,A stylized fashion illustration of a young woman in a vivid coral/salmon double-breasted coat with a green bow headband creates a clear focal point with moderate novelty and mild emotional warmth.,prominent_faces,5,3,2,3,unclear,1,2
00032927,White flowers blooming in a stark red desert landscape creates a striking and unusual contrast — life thriving in barrenness — which drives memorability through novelty and mild emotional resonance.,none,3,4,3,4,outdoor,1,3
00053257,"The vivid red industrial generator with a bold ""m"" logo is a clear, unusual focal subject that stands out strongly against the dappled tree shadows and urban background, making it memorable primarily through its striking color and distinctive industrial novelty.",none,4,3,3,4,outdoor,2,2
00017407,"A vivid red ladybug in sharp macro focus against lush green leaves creates a striking color contrast with a single clear subject, making this highly memorable.",none,5,4,2,5,outdoor,1,3
00020721,"A lone figure standing before a large graffiti-covered urban building on a cobblestone street creates a moderately distinctive street scene; the solitary person against the bold graffiti provides a clear focal point and mild emotional resonance, though the black-and-white palette and somewhat generic urban setting temper memorability.",people_present,3,3,3,1,outdoor,3,2
00034335,"A picturesque vineyard landscape with orderly rows of vines leading up to a hilltop estate is visually pleasing but a relatively common scenic archetype, moderately memorable due to the strong compositional lines and the château focal point, though somewhat generic as a travel/wine region stock scene.",none,3,2,3,4,outdoor,1,2
00050817,"A prominent, stylized woman with bold red lips, a teal flower hair accessory, pearl bracelet, and teardrop necklace poses confidently at a beach — the striking personal style and single clear subject make this highly memorable.",prominent_faces,5,4,2,3,outdoor,1,3
00050163,"A theatrical stage performance with multiple expressive performers reaching dramatically toward one figure, creating a striking, emotionally charged tableau with clear narrative tension.",prominent_faces,3,4,4,1,indoor,1,4
00054953,"A close-up of a cute toddler with blue eyes and blonde hair eating something orange creates a strong, emotionally engaging focal point that is highly memorable due to the prominent face and endearing subject matter.",prominent_faces,5,3,2,3,outdoor,1,4
00006613,"A single, isolated white cloud against a dramatically dark navy sky creates a striking high-contrast composition with a clear focal subject, but the subject matter (a cloud) is relatively common, limiting novelty.",none,5,3,2,2,outdoor,1,2
00058667,"A cheerful cartoon dog playfully lunging toward a tennis ball with a wagging tail — the single clear subject, vivid warm colors, and expressive personality make it charming and highly memorable despite its simplistic clipart style.",none,5,3,2,3,unclear,1,3
00048936,"The vivid red rock formations of what appears to be Sedona, AZ, combined with a curving road and brilliant blue sky, create a striking, distinctive landscape with strong color contrast and a clear compositional lead-in that drives high memorability.",none,4,4,3,5,outdoor,1,3
00025411,"A child's prominent, slightly melancholy face fills the frame with a single clear subject, a distinctive beanie hat, and a subtly emotional expression that drives memorability.",prominent_faces,5,3,2,2,outdoor,2,4
00008010,"A close-up of an engraved stone or metal surface covered in raised letters, with a small delicate red flower resting on it — the contrast between the organic flower and the rigid typography creates a distinctive, emotionally evocative focal point that drives memorability.",none,3,4,4,2,unclear,5,4
00049158,"A pleasant but generic golf course landscape with trees and sky — scenic yet stock-like, with no strong focal point, people, or unusual elements to make it stand out.",none,2,2,3,3,outdoor,1,2
00039062,"A fluffy grey cat curled up and sleeping in a round pet bed is a cute but fairly common and generic domestic scene; the warm emotional appeal of a sleeping pet gives it modest memorability, but the muted colors, low contrast, and lack of a prominent face reduce distinctiveness.",none,4,2,2,2,indoor,1,2
00053520,"A moderately distinctive outdoor fairground/rodeo scene with colorful tents and a small group of people around a yellow chute, but the muddy foreground, overcast lighting, and busy background reduce the clarity of any single focal point.",people_present,2,3,4,2,outdoor,1,2
00027668,"Two small green glass bottles with reflections on a white surface create a minimalist still life — clear focal subject and moody lighting add some distinctiveness, but the overall composition is a relatively common genre of photography.",none,4,3,2,2,indoor,1,2
00046503,"The image shows a creative Japanese bento box with novelty figurines (baby doll, chick) placed among colorful foods, which adds distinctive charm and makes the scene memorable despite moderate visual complexity.",none,3,4,3,3,indoor,1,2
00032618,"Chalk-written alphanumeric codes and a smiley face on plain pavement is a mildly unusual, text-heavy image with no people and a flat, low-contrast scene, making it moderately distinctive but low in emotional charge and color vividness.",none,3,3,2,1,outdoor,5,2
00052808,"A bold, colorful comic illustration of Batgirl in a dynamic flying pose creates a single clear focal point with high distinctiveness and emotional energy, driving strong memorability.",prominent_faces,5,4,2,4,unclear,1,4
00010655,"Two children with expressive, emotionally warm faces looking at each other drive high memorability through prominent faces, clear focal subjects, and genuine interpersonal emotion.",prominent_faces,4,3,2,2,outdoor,1,4
00027284,"A tranquil lakeside park scene at sunset with mountains in the background and a rustic pergola as a modest focal point — the warm, moody sky adds emotional and color appeal, but the scene is somewhat generic as a landscape composition, diluting distinctiveness.",people_present,3,3,3,4,outdoor,1,3
00049014,"The vivid floral dress in motion against a natural bokeh background creates a striking, emotionally evocative focal point that drives memorability.",people_present,4,4,3,4,outdoor,1,4
00031612,"This is a vivid abstract digital artwork with swirling, layered forms in warm reds, oranges, and greens against a dark background — its novelty, rich color saturation, and unusual composition make it highly striking and memorable.",none,2,5,5,5,unclear,1,4
00026364,"A romantically lit candlelit dinner table for two, with warm glowing candles against a dark background, creates a strong emotional and atmospheric scene that is visually distinctive and evocative.",none,4,3,3,2,indoor,2,4
00017343,The image shows a dense arrangement of colorfully decorated Day of the Dead sugar skulls — a culturally distinctive and visually striking subject with vivid colors and intricate patterns that makes it highly memorable despite the cluttered layout.,none,2,5,5,4,unclear,2,4
00018700,"A lone bare tree in a sepia-toned open landscape creates a striking, melancholic focal point with strong emotional resonance and distinctiveness due to the moody toning and dramatic silhouette.",none,5,4,2,2,outdoor,1,4
00030440,"A close-up diptych of a woman's profile showing ear gauges/plugs — the unusual body modification and intimate framing create a somewhat distinctive and memorable image, though the muted, washed-out tones and split composition reduce overall impact.",prominent_faces,3,3,3,2,unclear,1,2
00018105,"A vividly colored yellowhammer bird serves as a single, sharp focal subject against a softly blurred green grass background, with striking yellow and brown plumage that makes it visually distinctive and memorable.",none,5,4,2,4,outdoor,1,3
00048116,"A lone brown cow standing beneath a single leaning tree in a grassy outdoor scene creates an unusual, somewhat humorous juxtaposition with sailboat masts visible in the background, giving it a distinctive and memorable quality.",none,4,4,3,3,outdoor,1,2
00036118,"An aerial view of a small lakeside town nestled between green hills and deep blue water, with a boat wake adding dynamism — moderately distinctive but still a relatively generic landscape shot with no single dominant focal point.",none,2,3,4,4,outdoor,1,2
00056248,"A close-up of a woman laughing joyfully inside a car creates a strong, emotionally engaging focal point with a prominent face that drives high memorability.",prominent_faces,5,3,2,2,unclear,1,4
00054783,"A fluffy, endearing baby swan (cygnet) floating on water forms a single clear focal point; its soft texture and young age give it emotional warmth and novelty, boosting memorability.",none,5,4,2,2,outdoor,1,4
00048667,"A vividly red cardinal perched atop a crystal wine glass against a near-black background is a highly unusual and striking composition — the single clear focal point, strong color contrast, and novelty of the pairing make it highly memorable.",none,5,5,2,4,indoor,1,3
00000168,"Two small figures standing dramatically on dark coastal rocks, pointing toward a moody, storm-lit seascape with crashing waves and shadowy mountains — the human presence amid a powerful natural scene creates strong emotional resonance and a clear focal narrative.",people_present,3,4,4,2,outdoor,1,4
00019056,"A moody wetland landscape with a winding stream, tall grasses, and a dramatic stormy sky — visually appealing but ultimately a fairly common nature scene with no single dominant focal point or unusual element to strongly anchor memory.",none,2,2,3,4,outdoor,1,3
00015806,"A vivid band of bright green clover growing between concrete surfaces creates a striking, clean contrast that makes this image memorable despite its simple subject matter.",none,4,3,2,4,outdoor,1,2
00000610,"A hand holding a small vivid painting/photo of sunflowers against a muted urban street background creates a striking contrast and novelty — the juxtaposition of a bright, colorful focal object against a dark, blurred cityscape is unusual and memorable.",people_present,4,4,3,4,outdoor,1,3
00010021,"A lone woman wrapped in a towel seated by a softly lit window creates a clear focal subject with intimate emotional atmosphere, boosting memorability through its moody, personal quality.",prominent_faces,5,3,2,2,indoor,1,4
00042557,"A standard city transit bus on a street is a fairly generic, everyday scene with moderate visual complexity from text and surroundings, offering little novelty or emotional charge.",none,4,2,3,2,outdoor,4,1
00017444,A camel resting on sandy ground viewed from an unusual rear angle while turning its head to face the camera creates a humorous and distinctive composition that boosts memorability.,none,4,4,2,2,outdoor,1,3
00001158,"A striking mixed-media abstract painting featuring a cross-shaped composition with a ghostly face and fragmented human forms embedded within it — the surreal, emotionally charged imagery and unusual visual language make it highly memorable.",prominent_faces,4,5,4,2,unclear,1,5
00012048,"A woman with a hilariously exaggerated shocked expression is caught mid-action sticking a fork into an electrical outlet — a highly distinctive, emotionally charged, and narratively compelling moment with a single clear focal subject.",prominent_faces,5,5,2,2,indoor,1,5
00055469,"A heartwarming, emotionally resonant scene of an adult teaching a small child to ice skate creates a strong focal point and emotional charge, boosting memorability significantly.",prominent_faces,4,3,3,3,outdoor,1,4
00046787,"Two small personal pizzas with distinct toppings (Hawaiian with pineapple/ham and a mushroom/olive variety) are the clear focal subjects; the close-up food photography with warm, appetizing colors and a shallow depth of field makes this moderately memorable as a relatable but somewhat distinctive food scene.",none,4,3,3,3,indoor,1,2
00058169,"This is a generic Flickr ""image unavailable"" placeholder screen with multilingual text on a black background — no real visual subject, no people, no color, and no emotional content, making it extremely unmemorable.",none,1,1,2,1,unclear,5,1
00055054,"A sleek, modern bathroom with high-end finishes and a dramatic dark-brown tile contrast, but it remains a fairly generic interior design shot with no people or strong emotional content.",none,2,3,3,2,indoor,1,1
00044924,"A strikingly vivid orange custom motorcycle ridden through a busy urban street creates a strong focal point, with the unusual vehicle design and the contrast between the large rider and the sleek bike adding novelty and emotional charge amid a complex crowd scene.",people_present,4,4,4,4,outdoor,1,3
00022079,"The striking white-and-blue colonial church facade with ornate baroque detailing, a prominent cross, and bell towers against a vivid blue sky creates a distinctive and visually appealing focal subject that drives memorability.",none,4,4,4,3,outdoor,1,3
00047944,"A shirtless male surfer riding a wave is a clear, dynamic focal subject set against a vivid blue ocean and sky, making the action shot moderately distinctive and emotionally engaging.",prominent_faces,5,3,3,4,outdoor,2,3
00048009,"A close-up of a distinctive layered dessert (chocoflan/impossible cake) on a white plate with spoons, a coffee cup, and a glass sugar bowl on a reflective glass table — the unusual two-layer dessert is the clear focal point and adds some novelty, but the scene is a fairly common café setting.",none,4,3,3,3,outdoor,1,2
00037001,"A vivid red double-decker bus against a grand historic stone building provides a clear focal point and color contrast, boosting memorability despite the moderately complex scene.",people_present,3,3,3,3,outdoor,1,2
00006260,"The decaying, paint-peeling wall of an abandoned building with a single broken window creates a somewhat atmospheric and eerie focal point, but the overall scene is a fairly common ""urban decay"" aesthetic that limits its distinctiveness.",none,4,3,3,2,outdoor,1,3
00035614,"A dramatic glacier cascading down a steep rocky mountain face under a vivid blue sky creates a striking, high-contrast natural scene with a clear focal subject (the glacier/icefall), boosting memorability through its scale, color contrast, and geological drama.",none,4,4,3,4,outdoor,1,3
00018695,"A crystal ball acting as a lens, reflecting a distorted room scene including a wine bottle, creates a striking and novel focal subject that is unusual and visually captivating, driving high memorability.",none,5,5,3,2,indoor,2,2
00035937,"A serene coastal sunset with the glowing sun as a clear focal point reflected on calm water — emotionally evocative and visually pleasing, but a fairly common landscape composition that reduces distinctiveness.",none,4,2,2,3,outdoor,1,3
00035030,"A powerful waterfall with a single dominant focal point, dramatic scale, and vivid white rushing water against dark rock and green trees creates strong memorability through natural grandeur and emotional impact.",none,5,4,3,3,outdoor,1,4
00057935,"A street parade featuring people in distinctive Harry Potter costumes (Snape, Hagrid, a Hogwarts student) creates a novel, recognizable, and emotionally engaging scene with clear focal subjects amid a busy crowd backdrop.",prominent_faces,3,4,4,3,outdoor,1,3
00022434,"A close-up of an adorable French Bulldog puppy with big expressive eyes lying on a plaid blanket with a ball under its chin — the animal's cute, emotive face and charming pose make it highly memorable.",none,5,4,2,1,indoor,1,4
00049949,"Two female fighters grappling in a boxing/MMA ring — the dynamic physical confrontation, prominent faces/hair, and competitive intensity create strong emotional charge and distinctiveness, making this highly memorable.",prominent_faces,4,4,3,2,indoor,3,4
00010728,"A close-up of a dictionary page showing a humorous/satirical definition of ""American,"" which gives it mild emotional charge and some distinctiveness, but the image is dominated by dense text and lacks a strong visual focal point or vivid color.",none,2,3,3,1,unclear,5,3
00053136,"A single man in a white garment seated behind what appears to be a courtroom or prison partition with green bars behind him creates a striking, emotionally charged, and distinctive scene with a very clear focal subject.",prominent_faces,5,4,2,2,indoor,1,4
00021181,"A close-up portrait of a young girl with windswept hair on a playground swing structure creates a strong single focal point with emotional warmth and a candid, lively feel that makes it highly memorable.",prominent_faces,5,3,2,3,outdoor,1,4
00054127,"A striking, vintage pin-up style mural painted on a white brick wall with a clear single subject (cartoon dancer in red and white), vivid red accents, and an unusual/nostalgic aesthetic that makes it visually distinctive and memorable.",people_present,5,4,2,3,outdoor,3,3
00001203,"A lone figure trudging through a heavy blizzard on a deserted street creates a striking, emotionally resonant scene — the isolation and harsh weather conditions give it strong narrative and mood, boosting memorability despite the monochrome palette.",people_present,4,4,3,1,outdoor,3,4
00057789,"A large, colorful collection of Nike sneakers displayed on their boxes creates a visually engaging and somewhat distinctive scene, but the repetitive nature of many shoes arranged similarly reduces uniqueness; the variety of colors adds vividness while the cluttered arrangement increases complexity and reduces focal clarity.",none,2,3,4,4,indoor,2,2
00043016,"A busy urban tunnel entrance with a prominent illuminated electronic sign in Portuguese, multiple regulatory road signs, traffic, and city buildings — the combination of an active tunnel gateway with glowing signage and dense visual information makes it moderately distinctive but also quite cluttered.",none,3,3,4,3,outdoor,4,2
00046406,"A fluffy white dog with a happy, tongue-out expression and a bright blue leash is the clear focal subject, creating an emotionally warm and moderately distinctive image that is easy to remember.",people_present,5,3,2,2,indoor,1,3
00005494,"The close-up, low-angle view of the ancient stone bridge arches over dark water is architecturally striking and compositionally distinctive, but the black-and-white palette, lack of people, and somewhat repetitive stone texture keep it from being highly emotionally charged.",none,4,3,3,1,outdoor,1,2
00002753,"The moody, high-contrast nighttime cityscape with warm glowing windows and light trails creates a striking, atmospheric scene that is emotionally evocative and visually distinctive.",none,2,4,3,3,outdoor,2,4
00026380,"A joyful young child running among pigeons in an open plaza, with a warm adult figure following behind, creates a clear emotional focal point and a universally charming, memorable moment.",prominent_faces,4,3,3,3,outdoor,1,4
00038040,"A plain, generic bathroom interior with no people or unusual elements — typical stock-like scene with muted colors and no single striking focal point, making it low in memorability.",none,2,1,3,2,indoor,1,1
00032091,"A vivid sunset reflected over a calm urban lake with a dark silhouetted skyline creates a striking, emotionally resonant scene with strong color contrast between the deep blue sky and warm orange horizon.",none,3,3,3,5,outdoor,2,4
00035794,"A straightforward barn door with X-brace pattern against a wooden wall — a generic, utilitarian outdoor structure with no people, minimal color, and little novelty, making it low in memorability.",none,4,2,2,2,outdoor,1,1
00052624,"A dense collage of folk-art/outsider-art figurative works — dolls, drawings, sculptures — with no single focal point but a highly distinctive and cohesive artistic style that makes it unusual and somewhat memorable despite its visual complexity.",people_present,1,4,5,2,indoor,1,3
00028665,"The extreme macro close-up of a holly leaf's spiny edge with sharp backlit detail and shallow depth of field creates a striking, unusual composition that draws the eye clearly to the leaf's serrated margin.",none,4,4,2,3,outdoor,1,2
00044504,"A fairly generic urban street corner scene with a traffic light and street signs as the focal point — competently composed but not unusual or emotionally charged, making it a moderately memorable but ultimately stock-like urban photo.",none,3,2,3,2,outdoor,3,1
00012082,"A clean, close-up shot of a triple-scoop ice cream cone against a plain white background creates a clear, appetizing focal point with vivid pastel colors (pink, green, white) that is moderately distinctive and emotionally appealing as a food image.",none,5,3,2,3,unclear,1,3
00001136,"The reflection of red Scandinavian farm buildings and lily pads on water creates an unusual, visually striking inverted composition that boosts distinctiveness and memorability.",none,3,4,4,3,outdoor,1,2
00041913,"A large white cargo aircraft (JA Cargo Boeing 747) taxiing on a tarmac is a recognizable but fairly common aviation photo; the plane is a clear focal subject but the scene is generic and muted in color, reducing memorability.",none,4,2,2,2,outdoor,2,2
00046933,"A classic ski slope scene with a chairlift, three skiers, and a dramatic blue sky — visually clean with a clear outdoor setting, but fairly generic as a stock-style winter sports image, limiting distinctiveness.",people_present,2,2,3,4,outdoor,1,2
00003016,"A highly unusual 360° ""little planet"" or kaleidoscopic projection of a cathedral interior, with rows of chairs warped into a surreal flower-like pattern — the extreme novelty and geometric distortion make this immediately striking and memorable.",none,3,5,5,2,indoor,1,4
00023172,"A vivid, dramatic sunset over a historic stone arch bridge reflected in the river creates a striking, emotionally resonant scene with a clear focal subject and rich color contrast between the glowing sky and dark silhouettes.",none,4,4,3,5,outdoor,1,4
00003086,"A vivid red ladybug perched on a classic white Converse All Star sneaker amid green grass creates a striking, unusual juxtaposition that drives memorability — the tiny, colorful insect against the iconic branded shoe is both novel and charming.",none,4,4,3,4,outdoor,3,3
00002125,"A dramatically lit close-up of a guitar's curves against a pure black background creates a sculptural, almost abstract composition — the warm wood tones and elegant shape are visually striking and artistically distinctive.",none,4,4,2,3,unclear,1,2
00024689,"A serene but somewhat generic winter forest scene with snow-laden conifers and a small frozen creek; the muted palette and lack of a single dominant subject reduce distinctiveness, but the atmospheric misty depth adds mild emotional resonance.",none,2,2,3,1,outdoor,1,2
00050225,"A Western woman wearing elaborate traditional Korean bridal attire (hanbok) with red dots on her cheeks and forehead creates a striking, culturally distinctive image with a single clear focal point — her face — making it highly memorable.",prominent_faces,5,5,3,4,indoor,2,4
00038349,"A generic, stock-like hotel or apartment interior with no people, moderate clutter from furniture, and muted tones — typical room scene with low distinctiveness and emotional charge.",none,2,1,3,2,indoor,1,1
00021238,"A peaceful rural road scene with a dominant tree on the right and white farm buildings in the distance — moderately pleasant but fairly generic as a countryside landscape, with no strong focal subject or emotional charge.",none,2,2,3,3,outdoor,1,2
00051622,"A visually striking four-tiered wedding cake with vivid deep-red rose bands against crisp white fondant creates a strong, elegant focal point with high color contrast and emotional resonance associated with weddings and romance.",none,5,4,3,4,indoor,2,4
00037246,"A striking ornate Renaissance fountain in the foreground of a historic castle/fortress courtyard, with a medieval tower behind it, creates a distinctive and memorable architectural composition with a clear focal subject.",people_present,4,4,3,2,outdoor,1,2
00024191,The warm golden-hour light on a wooden beach fence against a dramatic cloudy sky creates a visually appealing but fairly common coastal scene; memorability is moderately boosted by the vivid warm-cool color contrast and the leading-line composition of the fence.,none,3,3,3,4,outdoor,1,2
00045725,"A herding dog actively barking at and rounding up three sheep on a green field — the dynamic interaction between predator-instinct dog and fleeing sheep creates a clear, action-driven focal scene with moderate emotional charge and novelty.",none,4,3,3,3,outdoor,1,3
00014532,"A clean, isolated product-style shot of a recurve bow with an arrow nocked, set against a plain white background — the single clear subject and unusual top-down orientation add some distinctiveness, but the monochrome palette and stock-photo aesthetic limit memorability.",none,5,3,2,1,unclear,1,2
00056671,"A moody, dark nighttime lakeside scene with a bright full moon reflected on the water, framed by silhouetted trees — the glowing moon as a single focal point and the atmospheric darkness give it emotional and visual distinctiveness.",none,4,3,3,1,outdoor,1,3
00044914,"Two young children holding umbrellas in the rain on a sidewalk creates a charming, emotionally warm scene with clear focal subjects and a relatable, slightly novel childhood moment that aids memorability.",prominent_faces,4,3,3,3,outdoor,1,3
00056088,"This is a stunning HDR photograph of the Natural History Museum's grand hall — its ornate Victorian Gothic architecture, dramatic vaulted glass ceiling, warm golden tones, and sweeping symmetrical composition make it highly distinctive and visually striking, driving strong memorability.",people_present,4,5,5,4,indoor,1,4
00042703,"A relatable, candid scene of people sitting on public transit — one person sleeping with head down, another using a device — which is a common, generic situation that lacks novelty or strong emotional charge, reducing memorability.",people_present,3,2,3,2,indoor,1,2
00029554,The striking geometric pattern of hexagonal basalt columns with strong light-and-shadow contrast creates a visually unusual and naturally mesmerizing texture that is highly distinctive and memorable.,none,3,5,4,2,outdoor,1,3
00000297,"A striking sculpture of stacked glossy black stones topped with a luminous crystal sphere creates a highly distinctive, novel focal point against a clean white background, driving strong memorability.",none,5,5,2,2,indoor,1,3
00004061,"A person dressed as Santa Claus smoking a cigarette is a striking and unconventional image — the juxtaposition of a beloved, wholesome cultural icon with a cigarette creates strong novelty and emotional charge, making it highly memorable.",prominent_faces,5,5,2,2,indoor,1,4
00000527,"A close-up of an aged, weathered wooden block-and-tackle pulley with rope and metal hook against a plain blue sky creates a distinctive, clearly focused, and somewhat unusual industrial/nautical subject that stands out due to its texture, age, and novelty.",none,5,4,3,2,outdoor,1,2
00013952,"A vintage Pickett slide rule resting on its black leather case against a graph-paper background is a niche, nostalgic object that forms a single clear focal point, boosting memorability through distinctiveness and mild nostalgic emotional charge.",none,4,4,3,2,indoor,4,2
00006963,"A man and a child interacting with a stone monument/marker in an unusual, curious way — the child is crouched beneath it while the man leans over it — creating a distinctive, story-rich scene with clear emotional warmth and novelty.",prominent_faces,4,4,3,2,outdoor,1,3
00033423,"A sleek black cat with striking yellow-green eyes lounging on golden/mustard cushions creates a strong color contrast and a clear focal subject, boosting memorability.",none,5,3,2,3,indoor,1,2
00027028,"The silhouettes of two people standing on rocks against a calm seascape create a moody, contemplative scene with emotional resonance, but the black-and-white palette and somewhat common coastal composition limit its distinctiveness.",people_present,3,3,3,1,outdoor,1,3
00021022,"A vivid orange beetle sharply contrasted against soft blue hydrangea petals creates a striking, memorable macro image with a clear focal subject and strong complementary color contrast.",none,5,4,2,4,outdoor,1,2
00000153,"Three young women with vivid, dramatically dyed hair (yellow/purple, black/green, red/pink) posing together in a dark nightclub setting — the striking hair colors and expressive faces make this highly memorable.",prominent_faces,4,5,3,5,indoor,1,4
00003563,Two warmly lit wooden gun cabinets filled with rifles displayed on a dark wall — the striking collection of firearms with dramatic lighting creates a visually distinctive and emotionally charged scene.,none,4,4,4,3,indoor,1,4
00020025,"A modest, symmetrical small-town storefront (""Andie's"") in black-and-white — recognizable but unremarkable architecture with a clear focal point (the entrance/sign), yet the generic building type, lack of people, muted monochrome palette, and plain composition limit memorability.",none,3,2,2,1,outdoor,3,2
00008414,"A luxurious infinity-style pool at twilight with vivid blue water, elegant lounge chairs, and a gazebo against a dramatic sunset sky — the striking lighting and aspirational setting make this highly memorable.",none,4,4,3,5,outdoor,1,4
00019871,"Three dried, spiky seedheads dusted with snow against a stark white snowy background create a minimalist, somewhat melancholic winter composition — the fallen third stem adds narrative interest and distinctiveness.",none,4,4,2,1,outdoor,1,3
00009732,"A lone shirtless figure stands in a misty, dark landscape with a dramatic glowing light source behind trees, creating a highly atmospheric and emotionally evocative scene that is both visually striking and novel.",people_present,3,4,3,2,outdoor,1,4
00005279,"A young child playing joyfully in ocean waves with a clear, emotionally engaging expression and a single dominant subject makes this image highly memorable.",prominent_faces,5,3,3,3,outdoor,1,4
00048460,"A black-and-white scene of what appears to be a hospital or dormitory ward with multiple children and beds creates a moderately distinctive and emotionally resonant image, but the low contrast monochrome tones, multiple competing subjects, and cluttered layout reduce focal clarity and vividness.",people_present,2,3,4,1,indoor,1,3
00047047,"A man in a pink shirt and tie talking on a phone stands as a clear focal subject on a city street, but the scene is a fairly generic urban snapshot with background pedestrians and signage reducing distinctiveness.",prominent_faces,4,2,3,3,outdoor,2,2
00029938,"A heavily tattooed woman in striking red-and-black pinup attire holding a red parasol while posing on a custom chopper motorcycle creates an unusual, visually distinctive focal point with strong emotional and aesthetic charge.",prominent_faces,4,5,3,5,outdoor,1,4
00040658,"A quiet, emotionally resonant scene of an adult with a surfboard and a child standing at the water's edge under a dramatic cloudy sky — the small silhouetted figures against the vast seascape create a sense of scale and a subtle human connection that drives memorability.",people_present,3,3,2,2,outdoor,1,3
00042551,"An outdoor market scene with multiple people, colorful apple/juice stalls, and a recognizable brick tavern backdrop creates moderate memorability through the lively, community-gathering atmosphere and vivid red/pink produce colors, though the visual clutter and lack of a single dominant focal point somewhat dilute impact.",people_present,2,3,4,3,outdoor,3,2
00057657,"The iconic vertical neon sign reading ""Hotel San Carlos"" provides a clear focal point and distinctive landmark quality, set against a classic urban streetscape that is moderately complex but not overwhelming.",none,4,3,3,3,outdoor,3,2
00034896,"A professional TV broadcast studio with green screen, cameras, and studio lighting is a moderately distinctive setting, but the wide panoramic view creates visual clutter with no single dominant focal point, reducing memorability despite the interesting environment.",none,2,3,4,3,indoor,1,2
00014972,"A heavily rusted, abandoned vintage car (with a visible license plate ""LNJ-435"") parked under trees is a striking and unusual subject — the decay, distinctive mid-century styling, and worn textures make it highly memorable as a single clear focal point with strong nostalgic and melancholic emotional resonance.",none,5,4,3,2,outdoor,2,4
00050086,"A colorful outdoor fruit market display with vivid reds, greens, and oranges creates visual appeal, but the repetitive, grid-like arrangement of multiple fruit types in boxes is a fairly generic/stock market scene without a single clear focal point, reducing distinctiveness.",none,2,2,4,5,outdoor,2,2
00058048,"A vivid religious icon of a saint with a golden halo, bold red and gold palette, and a single dominant figure creates a striking, memorable image with spiritual and emotional weight.",prominent_faces,5,4,3,4,unclear,2,4
00017717,A dramatic high-contrast black-and-white underground/transit space with a lone figure in a vivid red jacket creates a striking focal point — the selective color and moody lighting make this image highly distinctive and emotionally evocative.,people_present,4,5,3,3,indoor,1,4
00057414,"A young man sitting prominently atop a pile of rubble in a ruined building creates a striking, emotionally evocative scene with a clear focal subject and an unusual, post-apocalyptic atmosphere that drives high memorability.",prominent_faces,4,4,4,2,indoor,1,4
00043729,"An abandoned, heavily rusted steam locomotive overtaken by vegetation is a striking and unusual subject — the contrast between industrial decay and lush greenery creates a strong emotional and visual impression that boosts memorability.",none,4,4,3,3,outdoor,1,3
00020832,"A hand-drawn sketchbook page featuring illustrated herb jars with handwritten notes — the combination of artistic illustration, personal journaling style, and the novelty of drawn spice jars makes this moderately distinctive, though the heavy text and somewhat cluttered layout reduce immediate memorability.",none,3,4,3,2,unclear,5,2
00036515,"The red fire escape against the aged stone building wall creates a moderately distinctive focal point, but the surrounding dense foliage and ornate iron fence add visual complexity that diffuses attention.",none,3,3,4,2,outdoor,1,2
00040761,"The heavily mold-covered ceiling in an otherwise ordinary bathroom is a striking and unusual detail that drives memorability — it creates a strong sense of neglect and decay, giving the image an unsettling emotional tone.",none,2,4,3,1,indoor,1,4
00022257,"A close-up portrait of a young child with a serious, melancholic expression shot in soft black-and-white creates strong emotional resonance and a single, unmistakable focal point — the child's face — making this image highly memorable.",prominent_faces,5,4,2,1,unclear,2,4
00033614,"Two people in vivid, recognizable video game cosplay (Toad and Princess Peach from Mario) with prominent faces and colorful costumes make this highly distinctive and emotionally engaging.",prominent_faces,4,5,3,4,outdoor,1,4
00013690,"A lone, wind-sculpted tree standing in a vast, empty desert landscape creates a striking focal point with strong emotional resonance of solitude and survival, boosting memorability.",none,5,4,2,3,outdoor,1,4
00050413,"A lone dancer mid-leap in a light dress on a cobblestone street creates a striking, dynamic focal point against a mundane urban backdrop, making the image memorable through the contrast of graceful movement and everyday setting.",prominent_faces,5,4,3,1,outdoor,3,3
00009613,"A close-up black-and-white portrait of a smiling girl with a small lizard/gecko on her cheek — the unusual human-animal interaction and expressive face create a distinctive, emotionally warm, and highly memorable focal point.",prominent_faces,5,4,2,1,unclear,1,4
00010036,"The striking diagonal wave formation creates an unusual, dynamic focal point against the deep blue ocean, with vivid blue-green colors and dramatic white foam — the novelty of the converging wave pattern elevates memorability above a typical ocean shot.",none,3,4,3,4,outdoor,1,3
00029838,A vivid pink-washed East Asian ink painting depicting robed figures beneath a dramatic waterfall and pine trees — the unusual color palette applied to a classical style creates strong novelty and emotional atmosphere.,people_present,3,4,4,4,outdoor,1,4
00004518,"A person holding a vintage camera directly toward the viewer creates a striking, intimate composition with the camera as the sharp focal point — the shallow depth of field, retro aesthetic, and direct confrontational framing make this highly memorable.",people_present,5,4,2,3,indoor,1,3
00050293,"A kitten interacting with its own reflection in a mirror is a charming, novel, and emotionally endearing scene — the ""two kittens"" illusion creates a distinctive and memorable moment with a clear focal subject.",none,4,4,2,2,indoor,1,4
00028578,"The striking black-and-white composition of two hands — one clenched pouring a substance into an open palm below — creates a strong, symbolic, and visually arresting image with a single clear focal point and a sense of narrative tension.",people_present,5,4,2,1,unclear,2,3
00055141,"A digitally illustrated night scene featuring a dramatically oversized crescent moon, a shooting star, silhouetted figures and tree — the fantastical scale of the moon and the warm twilight glow create a striking, emotionally evocative focal point that strongly boosts memorability.",people_present,4,5,3,4,outdoor,1,4
00022952,"A partially hidden, pale blue/mint-colored frog with red markings peering through dense green foliage is a visually unusual and striking subject — the rare coloration and camouflaged reveal give it high novelty and moderate emotional charge (curiosity/intrigue), boosting memorability.",none,3,5,3,3,unclear,1,3
00051589,"The eerie combination of glowing tunnel opening in a dark brick wall with ""REDRUM"" graffiti (a horror reference from The Shining) creates a striking, emotionally unsettling image with a clear focal point and strong distinctiveness.",none,4,5,2,3,indoor,2,5
00020926,"A fairly generic home office/living space setup with a white iMac as the nominal focal point, but the scene is cluttered with furniture, shelving, and multiple objects competing for attention, making it feel like a typical stock interior photo.",none,2,2,4,2,indoor,1,1
00003105,"A striking close-up of puzzle pieces with a heart-shaped gap, combining a clever visual metaphor with a clean focal point and emotional symbolism, making it highly memorable.",none,5,4,2,1,unclear,1,4
00028412,"A dramatic high-contrast black-and-white close-up of utility pole wiring with spider webs, shot with striking backlighting that creates glowing highlights — the unusual combination of industrial hardware and organic spider webs, plus the stark chiaroscuro treatment, makes this distinctive and visually arresting.",none,3,4,4,1,outdoor,2,3
00058195,"A digitally illustrated fantasy character — a tattooed elf/fairy girl with iridescent butterfly wings bearing a Union Jack motif, standing in a misty dark alleyway — is highly distinctive, emotionally charged, and has one clear focal subject, making it very memorable.",prominent_faces,5,5,3,4,outdoor,1,4
00013242,"A nighttime storefront with glowing neon signs and warm window displays creates a vivid, atmospheric scene, but the heavy text, cluttered window displays, and lack of a single focal subject reduce memorability.",none,2,3,4,3,outdoor,5,2
00022194,"The humorous and unexpected boat name ""Shameless Hooker"" on a fishing boat parked against a scenic Alaskan mountain backdrop creates a memorable combination of wit and striking scenery, with a single clear focal subject.",none,5,4,2,2,outdoor,2,3
00023191,"A cute beagle puppy chewing on a large bone in the grass creates a charming, emotionally engaging focal point that is highly memorable due to the animal's expressive face and the relatable, playful action.",none,5,3,2,3,outdoor,1,4
00048833,"A striking woman with tattoos in a black corset posed dramatically in a gritty underground parking garage creates a memorable contrast between fashion/beauty and industrial decay, with a single dominant subject and strong visual style.",prominent_faces,5,4,3,2,indoor,1,4
00051738,"A printed photo of a woodpecker hanging in a plastic sleeve between tree branches is a genuinely novel and quirky subject — the juxtaposition of a flat, artificial bird image in a natural woodland setting creates a striking, memorable oddity with a clear focal point.",none,4,5,3,2,outdoor,1,2
00047630,"Two surfers walking toward the ocean shore with boards creates a clear focal subject, but the stylized/posterized artistic treatment and muted blue-pink palette add mild distinctiveness to an otherwise common beach scene.",people_present,4,3,2,2,outdoor,1,3
00030526,"A woman lifting her shirt to reveal her bare stomach against a teal background — the exposed midriff and possible pregnancy bump create a clear focal subject with moderate emotional resonance and a clean, uncluttered composition.",people_present,5,3,2,3,indoor,1,3
00032082,"A dramatic macro close-up of a large ant illuminated by a single bright light source against a dark background creates a striking, cinematic and slightly unsettling composition that is highly memorable.",none,5,4,2,1,unclear,1,4
00014269,"This abstract painting features swirling, luminous colors (purples, oranges, yellows, greens) with a somewhat central vortex-like focal point, creating a dreamlike and emotionally evocative composition that is visually distinctive and novel.",none,2,4,4,4,unclear,1,4
00003074,"A handmade crocheted lanyard/keychain with a white flower and green chain is a mildly novel craft object with a single clear focal point, but it's a fairly common DIY item photographed plainly against a neutral background, limiting strong memorability.",none,4,3,2,3,unclear,1,2
00036819,"The Birstall village sign on a roundabout is a moderately distinctive focal point, but the overall scene is a fairly generic UK suburban roundabout with trees, roads, and traffic signs, limiting strong memorability.",none,3,3,3,2,outdoor,2,1
00037892,"A pleasant but fairly generic restaurant interior with a scenic waterside view through large windows; the setting is mildly attractive but lacks a single striking focal point or strong emotional charge, making it moderately memorable at best.",people_present,2,2,4,3,indoor,1,2
00039983,"A close-up of a focused male tennis player mid-backswing with a clear face and racket as dominant subjects creates strong memorability through prominent facial expression, action, and tight framing.",prominent_faces,5,3,2,3,outdoor,1,3
00005115,"A person wearing a t-shirt covered in Polaroid photos is juxtaposed with a dark, moody room lit by a glowing blue ceiling panel — the novelty of the Polaroid-covered shirt and the split-scene composition make this image distinctive and memorable.",people_present,2,4,4,3,indoor,1,3
00038090,"This is a well-preserved Victorian/antique parlor room with a fireplace, period furniture, and paintings — a somewhat generic historic interior scene with no people and moderate visual interest, but the warm period details and patterned carpet add mild distinctiveness.",none,2,2,3,2,indoor,1,2
00034261,"A striking fashion model in a vivid teal satin dress dominates the frame on a runway, with a crowd of spectators on both sides — the clear focal subject, saturated color, and dynamic pose make this highly memorable.",prominent_faces,5,4,3,5,indoor,1,3
00057317,"A close-up shot of the soles of two bare feet against white fabric is an unusual, slightly visceral subject that draws attention due to its intimacy and unconventional framing, making it moderately distinctive and emotionally charged.",people_present,5,4,2,2,indoor,1,3
00016206,"This vibrant abstract painting of a sunset landscape uses intensely saturated reds, oranges, yellows, and blues, creating strong emotional warmth and visual impact, though the lack of a single focal point and the abstract, painterly style keeps it moderately distinctive.",none,2,3,2,5,unclear,1,4
00034298,"A generic forest path scene with no people, no unusual elements, and a common composition — memorability is low due to its stock-like, everyday nature and lack of a distinctive focal subject.",none,2,2,3,3,outdoor,1,2
00033623,"A close-up macro shot of a cupcake topped with a vivid red raspberry and glossy lemon glaze creates a clear, appetizing focal point with striking color contrast that makes it highly memorable.",none,5,3,2,4,unclear,1,3
00019952,"A colorful row of vividly-colored bicycle wheels lined up along the top of a plain brick pavement creates a striking, somewhat unusual visual pattern that is memorable for its chromatic variety and repetitive yet varied subject.",none,3,4,3,4,outdoor,1,2
00000601,"A close-up of an elderly man with a wide, toothy grin and a flat cap dominates the frame — the prominent face, expressive emotion, and slight novelty of his appearance (missing teeth, deep wrinkles) make this highly memorable.",prominent_faces,5,4,3,1,outdoor,3,4
00029901,"A young girl wearing a charming handmade flower crown of yellow dandelions and purple flowers is a distinctive, emotionally warm focal subject set against a soft green outdoor background, making this image highly memorable.",prominent_faces,5,4,2,3,outdoor,1,4
00014199,"The dramatic fiery sunset over a rocky coastal scene with silky long-exposure water creates a striking, emotionally evocative landscape with moderate complexity and vivid warm-cool color contrast.",none,3,4,4,4,outdoor,1,4
00043242,"A child making a playful face (sticking out tongue) while dressed up in a bow tie creates a charming and emotionally engaging portrait with a single dominant subject, boosting memorability.",prominent_faces,5,4,2,1,outdoor,1,4
00017204,"A single water droplet clinging to the sharp tip of a grass blade against a soft-bokeh green background creates a highly focused, intimate macro composition that is both visually striking and tranquil.",none,5,4,2,4,outdoor,1,2
00019112,"The surreal combination of a woman reclining on a beach alongside a large dark ibis, a wooden ladder, and a floating red orb creates a striking, dream-like composition that is highly distinctive and emotionally evocative.",prominent_faces,3,5,4,3,outdoor,2,4
00008936,"A dramatic silhouette of bare, twisted trees against a dusky gradient sky creates a moody, atmospheric scene that is somewhat distinctive and emotionally evocative, though the lack of a single clear focal point and the dark, muted tones temper its memorability.",none,3,3,4,2,outdoor,1,3
00057585,"This is a striking image of an abandoned coastal building complex (likely Hashima/Gunkanjima Island, Japan) with crumbling concrete walls, empty window frames, and ocean backdrop — the post-apocalyptic decay and unusual setting make it highly distinctive and emotionally evocative.",none,3,5,4,1,outdoor,1,4
00051862,"A shelf display of unusual/exotic Pringles flavors (seaweed, soft-shell crab, galbi) in distinctive pastel-colored canisters creates novelty and mild interest, but the repetitive grid layout and retail shelf context reduce focal clarity and distinctiveness somewhat.",none,3,4,3,4,indoor,3,2
00003782,"A close-up, wide-angle selfie of a man with a wild red beard and safety goggles pushed up on his forehead, making a wide-eyed, comical expression — the unusual combination of features and exaggerated emotion makes this highly memorable.",prominent_faces,5,5,2,3,indoor,1,4
00019396,"A striking, cinematic image of a woman holding a weapon with the word ""FEAR"" on the wall and a ghostly figure in the background — the combination of a clear focal subject, dark emotional tone, and post-apocalyptic/horror aesthetic makes this highly memorable.",prominent_faces,4,5,3,2,indoor,2,5
00012309,"The striking close-up of crystal-clear water droplets lined up on vivid green grass blades creates a visually appealing macro shot with a clear focal subject, boosting memorability through the jewel-like droplets and natural beauty.",none,4,3,3,3,outdoor,1,2
00011836,"Two young girls sharing a sweet kiss on the cheek — prominent faces, a warm emotional moment, and a clean focal subject against a soft green background make this highly memorable.",prominent_faces,5,4,2,3,outdoor,1,5
00048222,"A plain, empty bathroom vanity with double sinks and wooden cabinets — a generic, stock-like interior scene with no people, no strong focal point, and low emotional charge, making it relatively forgettable.",none,2,1,2,2,indoor,1,1
00045567,"The image shows a severely dilapidated, grimy bathroom with dark, stained walls and a rusty basin, which is distinctively unsettling and emotionally charged compared to a typical bathroom scene, making it highly memorable.",none,3,4,3,2,indoor,1,4
00016081,"A dramatic black-and-white street protest scene with a prominent face in sunglasses in the foreground, flags waving, and a crowd — the high-contrast monochrome, close-up face, and charged political atmosphere drive memorability.",prominent_faces,3,4,4,1,outdoor,1,4
00054029,"This is a striking dark-fantasy digital artwork featuring a mysterious winged/veiled figure bathed in moonlight with surreal elements like bare branches and red poppies, creating a highly distinctive and emotionally evocative scene with a clear focal subject.",prominent_faces,4,5,4,3,outdoor,1,5
00016407,"Casa Batlló's surreal, organic architecture with iridescent mosaic facade and bone-like balconies is highly distinctive and visually striking, making it extremely memorable.",none,4,5,4,3,outdoor,1,3
00056716,"A smiling man with a distinctive ""Bad Boy"" devil logo t-shirt is the clear focal subject, centered and lit by a dramatic lens flare in a black-and-white outdoor crowd scene, making it moderately memorable due to the prominent face and quirky shirt graphic.",prominent_faces,4,3,3,1,outdoor,2,2
00056677,"This is a busy photo collage with many unrelated subjects (shoes, flamingos, honey bear, chandelier, tulips, people, etc.), which creates high visual complexity and low focal clarity, though the novelty of the mosaic arrangement and some distinctive individual elements (honey bear bottle, decorated mask) add some memorability.",people_present,1,3,5,4,unclear,2,2
00010139,"The image is visually striking due to its high-contrast, overexposed editing style and the clever compositional trick of a figure silhouetted inside a large circular tunnel/pipe, framed by a close-up hand and a white-hatted person — the tunnel-within-a-scene creates a distinctive, novel focal point that boosts memorability.",people_present,3,4,4,2,outdoor,1,3
00058673,"A close-up of a stack of beautifully aged, worn antique books bathed in warm golden light creates a nostalgic, emotionally resonant image with a clear focal subject, though the subject matter (stacked books) is a relatively common photographic motif.",none,4,3,3,2,indoor,2,3
00014372,"The dramatic Hopewell Rocks ""flowerpot"" sea stacks at low tide, with tiny tourists walking at their base, create a striking and unusual scene with a clear focal subject and strong sense of scale.",people_present,4,5,3,2,outdoor,1,3
00013079,"A child joyfully swimming/sliding on a flooded urban street is a striking, unusual, and emotionally resonant scene that combines the novelty of flood conditions with a clear, dominant focal subject and strong human interest.",prominent_faces,5,5,3,3,outdoor,2,5
00016998,A vivid red rusted metal surface with a dramatic crack/tear revealing oxidized brown beneath creates a striking abstract composition — the unusual texture and intense color contrast drive high memorability.,none,4,4,3,5,unclear,1,3
00037263,"A woman trying on a ruffled pink top in a fitting room, viewed from behind with her reflection in a mirror — the dual perspective (back + mirror reflection) and the distinctive ruffled garment create a moderately memorable, somewhat novel composition.",prominent_faces,4,3,3,3,indoor,2,2
00005476,"Two people performing dramatic high kicks mid-air against a dramatic cloudy sky, creating a striking, energetic, and unusual action composition that is highly memorable.",prominent_faces,4,5,3,2,outdoor,1,4
00038412,"A children's bedroom with two bunk beds covered in matching Spider-Man themed bedding is moderately distinctive due to the themed decor and dual bunk bed setup, making it more memorable than a generic bedroom shot.",none,2,3,3,3,indoor,1,2
00016413,"A moody, dark nighttime street scene of what appears to be a Parisian boulevard — the dramatic stormy sky, deep shadows, and glowing street lamps create a distinctly atmospheric and emotionally charged image that elevates it above a generic cityscape.",none,2,4,3,1,outdoor,1,4
00037560,"A generic industrial/warehouse exterior with loading docks and dumpsters — a stock-like, mundane scene with no people, muted colors, and no single compelling focal point, all of which strongly reduce memorability.",none,2,1,3,2,outdoor,1,1
00013459,"A charming, novel miniature Dalmatian figurine posed in front of a tiny retro TV beside a 101 Dalmatians book cover creates a playful, distinctive scene with a clear focal subject and warm emotional resonance.",none,4,4,3,3,indoor,3,3
00032124,"The split composition — rain-dappled autumn leaves on top and a glass vase with an etched bird silhouette below — creates a moderately novel pairing, but the muted, earthy tones and two competing focal points reduce strong memorability.",none,2,3,3,2,unclear,2,2
00045143,"A female tennis player dramatically lunging low to hit a ball on a clay court creates a clear, dynamic focal subject with strong action energy, boosted by vivid pink sponsorship banners and the contrast of the red-suited line judge in the background.",prominent_faces,4,3,3,4,outdoor,3,3
00032358,"A set of dentures submerged in a glass of water is a highly unusual and slightly unsettling subject that is both distinctive and emotionally charged, making it very memorable.",none,5,5,2,2,indoor,1,4
00015434,"A man striking a fun, dramatic ""scary"" pose in front of the Haunted Mansion entrance at Disneyland, creating a clear focal subject with emotional/playful charge against a richly decorated, iconic backdrop.",prominent_faces,4,4,4,3,outdoor,2,4
00006055,"Two men posing together with prominent faces and an unusual detail (one smoking), shot in gritty black-and-white film style, making it feel candid, emotionally warm, and visually distinctive.",prominent_faces,4,4,2,1,unclear,1,4
00046338,"A vintage Compaq laptop magazine ad with scissors cutting a cord — the nostalgic retro tech combined with the symbolic action of cutting a cable gives it a distinctive, memorable quality with a clear narrative focal point.",people_present,3,4,3,2,indoor,2,2
00029395,"A large ski lodge/resort nestled in snowy mountains with pine trees in the foreground creates a moderately memorable winter scene, but it remains somewhat generic as a stock-like mountain resort photograph with no people, muted tones, and a somewhat cluttered mid-range composition.",none,3,2,3,2,outdoor,1,2
00033783,"A generic multi-story parking garage/building exterior shot under overcast skies — architecturally unremarkable, no people, muted colors, and no strong emotional pull, all of which reduce memorability.",none,3,2,3,2,outdoor,1,1
00006655,Layered street art with stylized human faces and stencil-like figures on a weathered surface creates a visually striking and distinctive urban artwork that is moderately memorable due to its novel composition and cultural expressiveness.,prominent_faces,3,4,4,3,outdoor,2,3
00020473,"A tightly framed macro shot of a spiral shell or barnacle structure with a striking concentric pattern creates a clear focal point and an unusual, almost hypnotic visual that stands out from everyday imagery.",none,5,4,3,2,unclear,1,2
00032884,"A man in overalls holding a shovel is a clear, single focal subject with a somewhat distinctive working-class character and mild emotional presence, set against a natural outdoor backdrop with a lake and trees.",prominent_faces,4,3,3,3,outdoor,2,2
00025672,"A bitten apple casting a shadow that resembles the Android logo is a striking, novel optical illusion that creates a highly distinctive and memorable image.",none,4,5,2,1,unclear,1,3
00036790,"A dense, smoggy highway packed with cars in both directions creates a visually striking scene of urban congestion and pollution, but the lack of a single focal subject and the repetitive clutter of vehicles reduce distinctiveness.",none,2,3,5,2,outdoor,1,3
00003211,"A close-up portrait of a crying child with a highly expressive, emotionally charged face makes this image immediately striking and memorable — the prominent face, vivid emotion, and clear focal subject all drive high memorability.",prominent_faces,5,4,2,3,unclear,1,5
00054654,"The striking, highly unusual pixelated/mosaic façade of this modern building creates a strong focal point with a distinctive geometric pattern against a dramatic sky, making it visually novel and highly memorable.",none,4,5,4,3,outdoor,1,3
00048207,"Two giraffes stretching their necks upward to feed from a tree in a zoo enclosure creates a striking, somewhat unusual composition that draws the eye and is easy to remember.",none,4,4,3,3,outdoor,1,3
00015606,"A striking theatrical/performance scene bathed in vivid blue-purple UV light, featuring performers in elaborate glowing skeleton/demon costumes on a dark stage — the unusual, otherworldly aesthetic and dramatic costumes make this highly distinctive and emotionally charged, though the motion blur and multiple subjects reduce focal clarity.",people_present,2,5,4,4,indoor,1,4
00001888,"A whimsical vegetable character (onion head with blueberry eyes, carrot arms, and a pepper body) is a highly novel and amusing creation that stands out strongly, driving memorability through its distinctiveness, humor, and clear focal subject.",none,5,5,2,3,indoor,1,4
00026913,"A hand pointing at a newspaper or document densely packed with names/text in black and white — the overwhelming text clutter and lack of a single dominant subject reduce memorability, though the hand adds a minor focal anchor.",people_present,2,2,5,1,unclear,5,2
00047562,"A large, vivid yellow tennis ball in the foreground creates a striking low-angle perspective with two players on a clay court, giving the image an unusual and memorable compositional dynamic.",people_present,3,4,3,3,outdoor,1,2
00045265,"A dog resting at the edge of a bed/blanket in a cluttered living room — the dog provides a mild focal point and emotional warmth, but the scene is generic and the large plain pink blanket dominates the frame, reducing overall distinctiveness.",none,3,2,3,2,indoor,2,2
00008112,"The surreal, conceptually striking image of bare feet trapped under a fallen wooden frame with a tiny key nearby creates a strong narrative tension and novelty that drives high memorability.",people_present,4,5,3,2,indoor,1,4
00036365,"A typical suburban brick house with a clear focal subject but highly generic/stock-like appearance, muted natural colors, and no people or emotional content — making it forgettable despite its visual clarity.",none,4,2,3,2,outdoor,1,1
00022182,"A striking dark swallowtail butterfly caught mid-flight above colorful garden flowers creates a clear, dynamic focal point with vivid natural colors and a sense of fleeting motion that makes it highly memorable.",none,4,4,3,4,outdoor,1,3
00056954,"A stylish but fairly typical kitchen interior with dark wood cabinetry and a crystal chandelier; the chandelier and glass dining table add mild distinctiveness, but the overall scene is a generic stock-like interior shot with no clear single focal subject.",none,2,2,3,2,indoor,2,1
00026559,"A fluffy white Westie dog walking along a sidewalk is a clear, moderately charming focal subject, but the overall scene is fairly generic (suburban outdoor setting with grass and a backpack), limiting distinctiveness and emotional charge.",none,4,2,2,2,outdoor,1,2
00018486,"A watercolor painting of a bare tree centered in front of a building creates a clear focal point with atmospheric warm tones, but the artistic medium and somewhat melancholic mood give it moderate distinctiveness and emotional resonance.",none,4,3,3,2,outdoor,1,3
00033767,"A generic multi-story residential apartment block shot straight-on with bare trees in the foreground — a very stock, unremarkable urban scene with no strong focal subject, low emotional charge, and little novelty.",none,2,1,3,2,outdoor,1,1
00056544,"A retro album cover with a vivid red background, bold yellow ""BOOTS"" title text, and a woman in a white dress and go-go boots as the clear focal subject — the nostalgic, iconic 1960s aesthetic and strong color contrast make this highly memorable.",prominent_faces,4,4,2,5,unclear,3,3
00010685,"A large, unusual mosaic sculpture of a human face with a mustache dominates the frame — this highly distinctive, novel subject with a single clear focal point and quirky artistic execution makes it very memorable.",prominent_faces,5,5,3,3,outdoor,1,3
00036643,"A medieval castle perched dramatically on a rocky hillside above a river is a distinctive and striking subject with clear focal dominance, boosting memorability through its architectural novelty and scenic composition.",none,4,4,3,3,outdoor,1,3
00014952,"A classic full English breakfast with multiple distinct components (egg, beans, sausage, bacon, toast, tomato, mushrooms) arranged on a single white plate — the familiar yet culturally specific meal creates moderate memorability through food appeal and recognizable composition, but lacks a single dominant focal point due to the spread of equally-weighted items.",none,2,3,4,3,indoor,1,2
00042912,"The vivid red tomato sauce on white dough is visually striking and color-saturated, making this a fairly memorable food preparation image, though it's a fairly common subject (pizza-making) that limits its distinctiveness.",none,4,2,2,4,indoor,1,2
00010735,"A vivid blue Sulley (Monsters Inc.) toy figure with a small purple character on its shoulder creates a distinctive, nostalgic, and visually striking focal point against a soft blurred background, boosting memorability.",none,5,4,2,4,indoor,1,3
00003724,"A striking concert/performance stage scene dominated by thousands of warm red/orange lights arranged in spiral and grid patterns, with two silhouetted helmeted figures (Daft Punk-style) at center — the combination of novelty, immersive light display, and iconic figures makes this highly memorable.",people_present,3,5,4,4,indoor,1,4
00015113,"A large group photo of many people posed together outdoors in a park-like setting is a common, socially familiar scene; the crowd distributes attention broadly with no single focal subject, and the green, leafy background is pleasant but generic, keeping memorability moderate.",prominent_faces,2,2,4,3,outdoor,1,2
00049226,"A playful kitten tumbling out of a wicker basket with wide eyes and an upside-down pose is a highly novel, emotionally engaging, and clearly focal subject that strongly drives memorability.",none,5,4,2,3,indoor,1,4
00015437,"A windsurfer caught mid-air above crashing waves is a dynamic, action-packed moment that is visually striking and unusual, with a single clear focal subject against a relatively simple sky background, boosting memorability.",people_present,5,4,3,1,outdoor,1,4
00045418,"A fairly standard, clean bathroom interior viewed through a doorway — pleasant but generic, with no people, no strong emotional content, and a common subject matter that reduces memorability.",none,3,2,2,2,indoor,1,1
00056288,"The unusual thatched mud hut serves as a clear, novel focal point against a green rural backdrop, making it culturally distinctive and memorable despite a relatively calm emotional tone.",none,4,4,3,3,outdoor,1,2
00042762,"A close-up of a well-plated rack of lamb with vivid pink interior and bright green broccoli creates a visually appealing and appetizing food shot with a clear focal subject and rich, contrasting colors that boost memorability.",none,4,3,3,4,indoor,1,3
00025623,"The Tomb of the Unknown Soldier is a highly recognizable and emotionally resonant landmark with strong patriotic and solemn meaning, a clear focal subject, and an iconic inscription that drives memorability despite a muted winter palette.",none,4,4,2,1,outdoor,3,4
00054498,"This is a humorous, eye-catching movie poster for ""Snakes on a Plane"" styled as an airline safety instruction card — the novelty of the parody concept, vivid red/yellow color scheme, and recognizable pop-culture branding make it highly distinctive and memorable.",people_present,4,5,4,5,unclear,4,4
00014421,"A man riding a bicycle at a fairground, shot from a dramatic low angle, creates a striking and unusual composition with vivid high-contrast colors and a lively carnival backdrop with signs.",prominent_faces,3,4,4,4,outdoor,4,3
00006695,Three young women in traditional Japanese shrine maiden (miko) robes gathered under a vivid purple cloth create a culturally distinctive and emotionally intimate scene with prominent faces as the clear focal subject.,prominent_faces,4,4,3,3,unclear,1,4
00038706,"The weathered wooden hull of a wrecked/abandoned boat on a rocky pebble beach creates a moderately distinctive juxtaposition, but the muted, cool tones and somewhat cluttered composition (rocks, wood, sea, sky) dilute the focal clarity.",none,3,3,3,2,outdoor,1,2
00017562,"A close-up black-and-white portrait of a scruffy dog resting its chin on a sofa arm, with a soulful eye as the clear focal point — the intimate framing and emotionally expressive gaze make this highly memorable.",none,5,3,2,1,indoor,1,4
00050345,"A handcrafted rubber stamp of the iconic TARDIS police box from Doctor Who paired with its teal ink print — the novelty of the craft object, the recognizable pop-culture subject, and the pleasing side-by-side stamp/print composition make this highly distinctive and memorable.",none,4,4,3,3,unclear,2,3
00017814,"The dramatic silhouette of a person's profile and raised hand against a vivid deep-blue background with a striking lens flare creates a mysterious, ethereal mood that makes this image highly memorable.",prominent_faces,4,4,2,4,unclear,1,4
00022413,"Bare feet with vivid red nail polish against a sandy/warm-toned floor with a striped rug create a moderately distinctive, intimate close-up that draws the eye to the painted toes as the focal subject.",people_present,4,3,2,3,indoor,2,2
00001554,"A black-and-white photo of a generic industrial/auto-repair building with no prominent people or striking subject; the mundane, stock-like scene with moderate clutter (cars, utility pole, signs) and muted monochrome tones reduces memorability significantly.",none,2,2,3,1,outdoor,2,1
00031736,"A smiling man interacting warmly with a fluffy, happy-looking dog on his lap creates a clear focal duo with strong emotional warmth and a charming, expressive animal face that boosts memorability.",prominent_faces,4,3,3,2,indoor,1,4
00021653,"A close-up portrait with a prominent, expressive face fills the frame, making it highly memorable due to the strong focal subject, warm intimate lighting, and subtle emotional expression.",prominent_faces,5,3,2,3,indoor,1,3
00011608,"A lone performer dramatically raising a microphone against a vivid yellow smoky backdrop creates a striking, emotionally charged concert moment with a single clear focal point.",prominent_faces,5,4,2,4,outdoor,1,4
00015286,"A young child riding a large, realistic rhinoceros statue/prop with a saddle is an unusual and novel scene that creates a clear focal point, boosted by the presence of people and a fun, lighthearted emotional charge.",prominent_faces,4,5,3,2,indoor,1,4
00045110,"A Metropolitan Police officer on a distinctively marked blue and neon-yellow BMW motorcycle commands attention as a single clear focal subject, boosted by the vivid high-visibility livery and the novel context of UK police motorcycle patrol.",prominent_faces,4,4,3,4,outdoor,3,3
00028464,"A woman in a shiny black latex coat pointing a gun directly at the camera with an intense expression creates a striking, emotionally charged, and highly memorable image with a single dominant focal subject.",prominent_faces,5,4,2,2,outdoor,1,5
00035191,"A fairly generic, well-lit bathroom interior with no single striking focal point — the tiled surround, white vanity, and framed photo add mild interest but the scene is a typical stock-like home renovation shot.",none,2,2,3,2,indoor,1,1
00034819,"A classic sunset with a glowing white sun centered against vivid orange-red skies creates a strong focal point and emotional warmth, but sunsets are a very common photographic subject, limiting distinctiveness.",none,4,2,2,4,outdoor,1,3
00005323,"A young man lying in bed reading a magazine is a relatable, mildly intimate scene with a clear focal subject (the person) and a prominent face in profile, boosting memorability through human presence and emotional relatability, though the everyday setting keeps it from being highly distinctive.",prominent_faces,4,2,2,2,indoor,1,2
00026523,"The ironic street sign ""Paradies"" (Paradise) framed against a moody, backlit winter sunset with bare trees and puddles creates a poetic, emotionally resonant contrast that drives memorability.",none,3,4,3,2,outdoor,2,4
00044571,"Three people in matching uniforms practicing baseball/softball on a wide open green field — the foreground player holding a ball is the clearest focal point, but the scene is fairly generic and everyday, limiting distinctiveness and emotional charge.",people_present,3,2,3,2,outdoor,1,2
00007839,"A lone man carrying a plate of food and a plastic bag through a litter-strewn, shuttered street creates a striking, emotionally resonant scene of hardship and isolation that drives memorability.",prominent_faces,4,4,3,2,outdoor,2,4
00043831,"A single snowboarder posing confidently on a snowy mountain slope with a clear blue sky background makes for a moderately memorable action/sport shot, though it is a fairly common genre of outdoor winter photography.",prominent_faces,4,2,2,3,outdoor,1,3
00024052,"The grand neoclassical courthouse facade with prominent columns and a clearly legible sign creates a moderately memorable architectural image, but the black-and-white palette and relatively generic government-building composition limit distinctiveness.",none,3,2,3,1,outdoor,3,2
00056684,"Three generations of women posing at the Grand Canyon rim creates a compelling human story against a dramatic, iconic natural backdrop, boosting memorability through both emotional connection and a striking setting.",prominent_faces,4,3,3,2,outdoor,1,3
00047250,"A young toddler with curly blonde hair eating pizza is an inherently charming and emotionally engaging subject — children eating messy food is both distinctive and emotionally warm, with a single clear focal point.",prominent_faces,5,3,2,2,indoor,1,4
00039616,"A female tennis player in dynamic mid-stride action on a vivid blue hard court creates a clear focal subject with moderate distinctiveness, though it's a fairly standard sports photography composition.",people_present,4,3,2,3,unclear,1,3
00055566,"Two distinctive BMW cars — a vivid orange modern 1M and a classic silver 3.0 CSL with racing stripes — parked side by side at what appears to be a BMW event, creating a striking old-vs-new contrast that drives memorability.",people_present,4,4,3,4,outdoor,2,3
00031218,"A striking silhouette of a group of people on a small platform floating on a glittering, sunlit water surface with mountains in the background creates a visually memorable and emotionally evocative scene.",people_present,4,4,3,3,outdoor,1,3
00037336,"A generic highway/motorway scene with cars, road signs, and mountains in the background — a common, stock-like image with no strong focal point or emotional charge, reducing memorability.",none,2,2,3,2,outdoor,2,1
00005702,"Two people on separate park benches — one sleeping, one sitting with bags — in an urban plaza, creating a moderately emotional and somewhat distinctive human scene of apparent homelessness or fatigue.",people_present,3,3,3,2,outdoor,2,3
00008099,A close-up of a golden/Irish setter dog lying down with dramatic striped shadow patterns cast across its face and body creates a visually distinctive and emotionally warm image with a single clear subject.,none,5,4,3,3,indoor,1,4
00000793,"A classic Ford hot rod with striking red rims and a bold number ""5"" is the clear focal subject — its vintage novelty and distinctive styling make it highly memorable against a relatively plain urban backdrop.",people_present,5,5,3,3,outdoor,2,3
00001674,"An aged open book with a dramatic illustrated figure overlaid on dense text, lit with high contrast lighting — the unusual fusion of illustration and text on yellowed pages, combined with the moody dark background and striking chiaroscuro, makes this visually distinctive and memorable.",none,4,4,4,2,indoor,4,3
00047263,"A prominent, emotionally expressive face of a well-known tennis player (Rafael Nadal) wearing a vivid green Nike shirt and blue headband dominates the frame, creating a strong focal point with high emotional charge from his intense grimace.",prominent_faces,5,4,3,4,outdoor,2,4
00058366,"Fan-made Pokémon-style creature designs with unusual, novel character art and text labels make this distinctive and memorable, with a clear dual-subject composition against a plain white background.",none,3,4,3,3,unclear,2,2
00014741,"A tender, intimate scene of a mother nursing her newborn bathed in soft window light creates strong emotional resonance and a clear focal subject, driving high memorability.",prominent_faces,5,4,2,2,indoor,1,5
00013434,"A beautifully lit, fully bloomed pink rose as the dominant subject against a soft dark teal bokeh background creates a clear focal point with vivid color and gentle emotional warmth, boosting memorability.",none,5,3,2,4,outdoor,1,3
00027299,"A close-up black-and-white macro shot of a vintage Hemingray-42 glass telegraph insulator — an uncommon, collectible object shot dramatically with strong light and shadow, giving it a single clear focal point and a striking, sculptural quality.",none,5,4,2,1,indoor,2,2
00005294,"A real fluffy white dog sitting next to a matching brown stuffed dog toy creates a charming and humorous pairing that is novel and emotionally engaging, driving high memorability.",none,4,4,3,4,indoor,1,4
00003317,A bold black stencil graffiti of a toilet on a grey concrete wall — the unusual subject matter (a toilet as street art) combined with the skull-like distortion makes it distinctively novel and memorable as a single clear focal subject.,none,5,4,2,1,outdoor,1,3
00054616,"A woman with an expressive, open-mouthed smile and arm raised dominates the foreground of a lively party/concert scene, making her a clear focal point with strong emotional energy that drives memorability.",prominent_faces,4,3,4,2,indoor,1,4
00039237,"A fairly typical cozy living room with a fireplace and built-in shelves — homey but generic in composition, with no people or striking novelty to make it stand out.",none,3,2,4,3,indoor,1,2
00054455,"The Empire State Building as a clear, iconic focal point rising above a classic NYC street-level perspective gives this image strong memorability, boosted by warm golden-hour lighting against dramatic clouds.",none,4,3,3,3,outdoor,2,3
00004645,"A weathered, gnarled piece of driftwood or dead stump rising from sandy ground, shot with shallow depth of field — moderately distinctive as a subject but ultimately a quiet, nature-detail scene with muted earthy tones and low emotional charge.",none,4,3,2,2,outdoor,1,2
00053144,"A dramatically lit winter sunset over a frozen, mist-covered river flanked by snow-laden conifers creates a striking, emotionally evocative landscape with a strong focal depth leading to a glowing sky — the combination of rare atmospheric conditions and vivid warm-vs-cool color contrast makes it highly memorable.",none,3,4,3,4,outdoor,1,4
00053269,"A vivid blue water lily with a striking yellow center, covered in water droplets, fills the frame with a single clear subject and unusual color contrast, making it highly memorable.",none,5,4,2,5,unclear,1,3
00002882,"A person in a red shirt holds up a large handwritten ""Conversation Topics"" sign with dense text, making it text-heavy and somewhat cluttered, but the concept is novel and mildly amusing — the sign itself acts as the focal subject.",people_present,4,3,4,2,outdoor,5,2
00018654,"A highly distinctive multi-monitor desk setup with 6+ screens, Star Trek ""Klingon Xing"" sign, fairy lights, and quirky decorations makes this a novel and memorable scene, though the clutter slightly diffuses the focal point.",none,3,4,5,3,indoor,2,2
00031971,"A vivid, close-up shot of a bright yellow gerbera daisy with soft bokeh background creates a clear focal point and emotionally warm aesthetic, boosting memorability through color saturation and subject clarity.",none,5,3,2,5,unclear,1,3
00053350,"A grand, ornate Georgian red-brick building facade dominates the image with a single pedestrian pulling luggage in the foreground — the architectural detail is distinctive but the overall composition is somewhat generic street photography, limiting strong memorability.",people_present,3,3,3,2,outdoor,1,2
00018872,A smiling woman appearing to sit inside a large black trash bin holding a pizza creates a highly unusual and humorous scene that is immediately striking and memorable due to its novelty and clear focal subject.,prominent_faces,5,5,3,3,outdoor,1,4
00039448,"Two vivid brown grizzly bears wading through a rushing river is a striking, naturalistic wildlife scene with clear subjects and emotional resonance that makes it highly memorable.",none,4,4,3,4,outdoor,1,4
00025868,"The strong diagonal white wall cutting across the frame against a muted concrete parking structure creates a geometrically striking, abstract composition that is unusual and memorable despite its mundane subject matter.",none,3,3,2,1,outdoor,1,2
00038116,"A busy multi-lane highway scene with many vehicles of similar visual weight and no single dominant focal point, making it a fairly generic traffic photo with moderate complexity that reduces memorability.",none,2,2,4,2,outdoor,2,2
00037163,"A plain, sparsely furnished single bed in what appears to be an institutional room (hospital or dormitory); the scene is generic, muted in color, and lacks any striking or emotionally engaging subject.",none,3,1,2,1,indoor,1,1
00028773,"A hand holding a fishing catalog with a vivid, leaping bass on the cover pulled from a mailbox — the dramatic fish illustration is eye-catching and distinctive, but the everyday mailbox retrieval context and heavy text on the cover moderate overall memorability.",people_present,4,3,3,3,outdoor,3,2
00057289,"A smiling young woman giving a thumbs-up inside a car near a McDonald's is a relatable, expressive moment with a clear focal subject and emotional positivity, boosting memorability.",prominent_faces,4,3,3,4,unclear,2,3
00050983,"A single charming, fluffy small bird perched on a thorny branch with beautiful bokeh background and warm backlit glow makes this image highly memorable due to its clear focal subject, vivid warm colors, and emotional appeal.",none,5,4,2,4,outdoor,1,4
00024620,"The high-contrast black-and-white graphic treatment of three faces in a triptych layout is visually striking and artistically distinctive, boosting memorability through its stark, stylized aesthetic.",prominent_faces,3,4,2,1,unclear,1,3
00041128,"A soft, intimate flatlay of gift items on a bed — an envelope with pink ribbon, an art card (appears to be Klimt), a stuffed toy, and fabric — creating a warm, gift-giving narrative that is somewhat charming but lacks a single dominant focal point.",none,2,3,3,3,indoor,1,3
00035907,"A pen full of sheep marked with vivid red and blue paint markings is visually novel and distinctive, which boosts memorability, though the misty, muted background and cluttered group composition somewhat reduce focal clarity.",none,3,4,4,3,outdoor,1,2
00042896,"A homemade pizza being cut with a bright green knife on a pizza stone atop a stove — the vivid green knife and rustic, loaded pizza create a moderately distinctive and clear focal subject that drives memorability.",people_present,4,3,3,3,indoor,1,2
00010944,"A fairly generic rural landscape with green fields, trees on the horizon, and a dramatic but common cloudy blue sky — pleasant but not unusual or emotionally striking, with no clear dominant focal subject beyond the wide open scene.",none,2,2,3,4,outdoor,1,2
00051617,"A crowded indoor party scene with a DJ/organizer leaning over a laptop at the center, surrounded by dancing people and beer bottles — the unusual contrast of the focused man in formal attire amid a chaotic party crowd creates a memorable, somewhat comical focal point.",prominent_faces,3,3,4,2,indoor,2,3
00049382,"A panel of five women on a stage, with one clearly speaking into a microphone — creating a moderate focal point — but the group setting, cluttered foreground with flowers and bags, and generic conference/panel format reduce distinctiveness and memorability.",prominent_faces,3,2,4,3,indoor,1,2
00015919,"A dramatically lit woman with bold accessories — oversized sunglasses, polka-dot headscarf, and a vivid red scarf — poses in a striking, fashion-forward way that creates a memorable, distinctive portrait.",prominent_faces,5,4,2,4,indoor,1,4
00057249,"A window cleaner using a long telescopic pole to clean an upper-floor window while a woman watches from the doorway — a mildly novel, candid everyday scene with two clear human subjects and a recognizable working-class terraced house backdrop that gives it some distinctiveness but remains relatively ordinary.",people_present,3,3,3,2,outdoor,1,2
00041596,"The striking white Christmas tree with red ornaments set against ornate stained-glass peacock panels in an elegant living room creates a highly distinctive and memorable scene, likely recognizable as Graceland (Elvis Presley's home), adding cultural and emotional weight.",none,4,5,4,3,indoor,1,4
00023344,"A young woman with a prominent face looking directly at the camera while playing piano creates a strong focal point and emotional connection, boosting memorability; the shallow depth of field and dramatic black-and-white treatment add artistic distinctiveness.",prominent_faces,4,4,2,1,indoor,1,4
00024431,"A dramatic aerial cityscape featuring a striking mix of architectural styles — including a distinctive UFO-topped skyscraper and a sleek glass tower — creates a visually rich and moderately memorable scene, though the dense urban clutter and lack of people or strong emotion limit its peak memorability.",none,3,4,5,2,outdoor,1,2
00006081,"A vivid rainbow arching over a cityscape against a dramatic dark stormy sky creates a striking, emotionally resonant focal point that makes this image highly memorable.",none,3,4,4,3,outdoor,1,4
00055592,"A moody black-and-white shot of an ancient stone church with a bell tower and what appears to be a graveyard, evoking a strong atmospheric and emotional response through its gothic, somber aesthetic.",none,4,3,3,1,outdoor,1,3
00010988,"A vividly colored green lizard with striking red spines/crest perched on tropical leaves forms a clear, unusual focal subject that is highly distinctive and visually striking against the lush green foliage.",none,5,4,3,4,outdoor,1,3
00015585,"The dramatic low-angle perspective of a striking modern cable-stayed bridge with sweeping curves and suspension cables against a moody, cloudy sky creates a visually distinctive and architecturally novel composition that drives memorability.",none,4,4,3,2,outdoor,1,3
00002808,"The dramatic silhouette of bridge pillars framing a vivid sunset creates a striking, atmospheric composition with a clear focal point (the sun), strong geometric shapes, and emotional resonance — boosting memorability significantly.",none,4,4,3,3,outdoor,1,4
00003050,"A group of vivid green humanoid figures/statues in skin-tight suits posed against a bold purple wall creates a highly unusual, striking, and memorable scene with strong color contrast and a novel subject.",people_present,4,5,3,5,outdoor,1,3
00001090,"A dramatically backlit silhouette of a person with arms raised against a window creates a striking, emotionally charged and visually distinctive composition that is highly memorable.",people_present,5,4,2,2,indoor,1,5
00033704,"A bold, repetitive folk-art style painting of colorful flowers on a grey background — vivid, saturated colors and a distinctive hand-drawn aesthetic make it striking, though the repeating pattern and lack of a single focal point add complexity without a dominant subject.",none,2,4,4,5,unclear,1,3
00033740,"A cluttered but typical student/home office scene with no single dominant focal point, muted colors, and no people — generic enough to blend in with many similar room photos, though the colorful chair and guitar add minor interest.",none,2,2,4,2,indoor,3,2
00051970,A groom in traditional South Asian wedding attire riding a decorated white horse elevated above a crowd of colorfully dressed guests makes this a distinctive and emotionally resonant ceremonial scene with a clear focal subject.,prominent_faces,4,4,4,3,outdoor,1,4
00001255,"A close-up stack of rustic whole-grain pancakes topped with vivid red pomegranate seeds, pale apple slices, and a walnut creates a single clear focal subject with appealing color contrast and a slightly novel, artisanal presentation that boosts memorability.",none,5,3,3,4,indoor,1,2
00043071,"A girl holding a frisbee facing an attentive dog in what appears to be a dog show or training event creates a charming, story-driven moment with a clear focal interaction that drives memorability.",people_present,4,3,3,3,outdoor,2,3
00041213,"The unusual combination of Polaroid photos propped up in a pile of glazed donuts creates a striking, novel, and memorable scene with a clear focal point and moderate emotional warmth.",prominent_faces,4,5,3,3,indoor,3,3
00019242,"A handmade purple stuffed seahorse toy against a plain background is a distinctive, novel craft object with a single clear focal point and charming details like a button eye and fabric fin, boosting memorability.",none,5,4,2,3,unclear,1,2
00052902,"A colorful anime-style illustration of multiple characters bathing together in a hot spring/pool, with vibrant teal water and varied hair colors — the playful, social scene with several distinct characters creates moderate memorability through novelty and color.",prominent_faces,2,3,4,3,outdoor,1,3
00039220,The striking conical Vietnamese hat (nón lá) worn by the person pushing a bicycle is a culturally distinctive and visually dominant focal point that makes this image memorable above a generic street scene.,people_present,4,4,3,2,outdoor,1,2
00042545,"A person deliberately hiding their face behind a skateboard deck creates a striking, unusual composition — the concealed identity adds intrigue and novelty, boosting memorability despite the monochrome palette.",people_present,4,4,2,1,outdoor,1,3
00008450,"The Hill of Crosses in Lithuania is a highly distinctive and emotionally charged religious site, dominated by hundreds of crosses and a prominent Jesus statue, making it visually striking and deeply memorable despite some complexity.",none,3,5,5,2,outdoor,1,5
00033613,"A young woman sitting alone on a stool in what appears to be a shop front at night, surrounded by Asian signage and a glowing fan — the combination of a solitary prominent figure in an evocative, slightly mysterious urban Asian setting gives this image a distinctive, quietly emotional quality.",prominent_faces,4,4,3,3,outdoor,3,3
00006534,"A warmly lit, upscale wooden bar with a long marble countertop, rows of bottles on shelves, and dramatic mood lighting creates an atmospheric and distinctive indoor scene that is visually cohesive with a clear focal subject.",none,4,4,3,2,indoor,1,3
00008559,"The roofless medieval abbey ruins of San Galgano dramatically lit at dusk with warm golden light against a deep blue twilight sky create a highly memorable, striking image with strong symmetry and architectural grandeur.",none,4,5,4,4,outdoor,2,4
00003666,"A tight macro shot of a rusted, twisted barbed wire knot creates a strong, unusual focal subject against a soft blurred rural background, making it moderately distinctive and memorable.",none,5,3,2,2,outdoor,1,2
00013344,"A dramatic, high-stakes scene of a large commercial aircraft engulfed in fire with thick black smoke billowing upward on a runway — this is a rare, shocking, and emotionally charged event that is highly distinctive and memorable.",none,5,5,4,5,outdoor,1,5
00012171,"Striking, detailed graffiti art on a train car featuring a mystical woman and a serpent/dragon figure in a distinctive black, white, and blue style — the unusual subject matter, artistic novelty, and strong focal imagery make this highly memorable.",people_present,4,5,4,2,outdoor,3,3
00025494,"A metallic chain against a plain white background is a fairly generic, stock-like product shot with minimal color, low complexity, and no emotional charge, though the diagonal composition and twisted link style provide mild distinctiveness.",none,3,2,2,1,unclear,1,1
00032813,"Two smiling women posing closely together with prominent, expressive faces — the social/emotional content and clear facial subjects make this highly memorable.",prominent_faces,4,3,2,3,indoor,1,4
00015469,"The Palacio de Bellas Artes shot in dramatic black-and-white with moody clouds and evening lighting creates a striking, atmospheric composition with a single dominant architectural focal point, boosting memorability significantly.",people_present,5,4,3,1,outdoor,1,4
00051981,"The mirror-like reflection of snow-capped mountains glowing pink at sunrise/sunset, combined with the iconic Maligne Lake Boat House as a clear focal point, creates a striking and emotionally resonant landscape that is highly memorable.",none,4,4,3,4,outdoor,2,4
00009901,"A large, striking street mural of Barack Obama with a prominent face as the clear focal subject, surrounded by inspirational text on a dark wall with barbed wire — the combination of a recognizable public figure rendered in vivid street art style, contrasted with the raw urban setting, creates strong memorability.",prominent_faces,4,5,3,3,outdoor,4,4
00042913,"A fairly generic street-corner scene anchored by a red traffic light and a ""Tampa Av"" street sign — the combination of readable text, a clear red light, and a palm tree gives it a mild focal point, but the overall composition is a common urban/suburban shot with little novelty or emotional charge.",none,3,2,3,2,outdoor,3,1
00058367,"An abandoned, heavily rusted car being reclaimed by dense vegetation creates an evocative, somewhat eerie scene of decay and nature's persistence, giving it moderate distinctiveness and emotional resonance despite some visual clutter from the surrounding foliage.",none,3,3,4,2,outdoor,1,3
00012800,"A glowing white treble clef drawn with light painting against a pure black background creates a striking, novel image with a single unmistakable focal subject and high contrast, boosting memorability.",none,5,4,2,2,unclear,1,3
00005199,"A flat-lay of everyday personal items spread on a table — phones, notebooks, gum, cables — with a ""J'aime Paris"" wallet as a mild focal anchor, but the overall scene is cluttered and generic, reducing memorability despite the variety of colorful objects.",none,2,2,4,3,indoor,3,2
00036776,"A traditional, well-furnished living room with a fireplace as the nominal focal point, but multiple competing elements (bookshelf, paintings, chandelier, sofa, chair) create clutter and reduce distinctiveness, making this a fairly generic interior scene.",none,2,2,4,2,indoor,1,2
00035352,"The grand cathedral interior with a strong central perspective drawing the eye toward the illuminated cross creates a striking, emotionally resonant focal point that boosts memorability.",none,4,3,4,2,indoor,1,3
00052670,"A man with a beard playing a white electric guitar on stage with a Marshall amp visible — the single clear subject performing music gives it moderate memorability, though the warm stage lighting and recognizable gear add some distinctiveness.",prominent_faces,4,3,2,3,indoor,2,3
00033297,"A classic still-life arrangement of three vividly colored fruits against a stark black background with a reflective surface — clean, simple composition but somewhat generic as a subject matter.",none,4,2,2,4,indoor,1,1
00025993,"A classic red barn in a snowy winter landscape is visually clean with one dominant subject, but the scene is fairly generic and stock-like, reducing overall distinctiveness and memorability.",none,4,2,3,3,outdoor,1,2
00049973,"The vivid orange life preserver ring labeled ""Queen Mary 2"" mounted on the ship's railing creates a strong, singular focal point against a teal-green sea and golden sunset sky, making this scene distinctive and emotionally evocative.",none,5,4,3,5,outdoor,2,3
00010164,"The bold red sign with large dark ""JACK"" text against a vivid yellow-green wall creates a striking, high-contrast composition with a single clear focal point, driving memorability through color contrast and graphic simplicity.",none,5,3,2,5,outdoor,4,2
00046136,"A young skateboarder standing on a skateboard at night in what appears to be a European city plaza creates a moderately memorable scene — the nighttime urban setting with lit buildings, parked motorcycles, and a clear single subject give it moderate distinctiveness and focal clarity.",prominent_faces,4,3,3,2,outdoor,2,2
00033576,"A man playing an electric guitar in an office cubicle setting is a moderately novel and memorable situation — the contrast between a workplace environment and live guitar playing gives it distinctiveness, though the scene is somewhat casual and low-drama.",prominent_faces,3,3,3,2,indoor,2,2
00058449,"The image features an interesting juxtaposition of a bamboo/reed screen with vivid green tropical foliage in the foreground, creating a moderately distinctive composition, but the overall scene lacks a single dominant focal point and remains fairly calm and decorative.",none,2,3,3,3,indoor,1,2
00025261,"A formal ceremony scene with a line of suited professionals standing before a seated crowd — while people are present and clearly visible, the scene is fairly generic (a common formal event setting) with moderate complexity and no single dominant focal subject, reducing distinctiveness and memorability.",people_present,2,2,4,2,indoor,1,2
00058499,"A wide, mostly empty baseball stadium with rows of dark green seats curving around the field — a recognizable but generic sports venue scene with no strong focal point or emotional charge, reducing memorability.",people_present,2,2,3,2,outdoor,2,2
00028146,A large black car perched impossibly on top of a small building's roof is a highly novel and striking scene that immediately grabs attention and is very easy to remember.,none,5,5,2,2,outdoor,1,4
00050491,"A collage of 6 steps showing a doll head being spray-painted — an unusual and novel DIY craft process that creates a quirky, memorable subject, though the multi-panel layout and cluttered craft supplies add complexity and reduce single-subject clarity.",none,2,4,4,2,indoor,2,3
00056191,"A perfectly heart-shaped strawberry as the sole dominant subject, rendered in vivid red against a warm golden bokeh background, combines novelty (unusual natural shape), strong emotional symbolism (heart = love), and a clean focal point — all prime drivers of memorability.",none,5,5,2,5,unclear,1,4
00027635,"The red traffic light perfectly aligned with the glowing sunset over water creates a striking and unusual compositional coincidence — the red light mirrors the warm sun — giving the scene a distinctive, poetic quality that elevates it well above a generic sunset photo.",none,4,4,3,4,outdoor,1,4
00019394,"A close-up macro shot of a dandelion clock against a vivid deep-blue background creates a striking, high-contrast composition with a single clear subject and ethereal aesthetic that is visually memorable.",none,5,4,3,4,unclear,1,3
00031691,"A vivid, multi-burst fireworks display against a pitch-black night sky is visually spectacular and emotionally uplifting, with bright saturated colors and a celebratory atmosphere that makes it highly memorable, though the multiple simultaneous bursts create some complexity without a single dominant focal point.",none,3,4,4,5,outdoor,1,4
00005417,"A vivid sunset reflected symmetrically in a calm lake, framed by dramatic silhouetted rock formations — the mirror reflection and moody lighting create a striking, emotionally evocative composition that stands out from generic landscape shots.",none,3,4,3,4,outdoor,1,4
00044912,"A man crouching mid-motion while playing Nintendo Wii and holding a wine glass is a distinctly humorous and novel focal point, boosting memorability despite a moderately busy indoor family scene.",prominent_faces,4,4,3,3,indoor,1,3
00038271,"A plain, dimly lit bathroom with standard fixtures — sink, toilet, towel rack — makes this a generic, unremarkable scene with no clear dominant focal point, low color vividness, and minimal emotional charge, all of which reduce memorability.",none,2,1,2,1,indoor,1,1
00002346,"A lone marabou stork standing in shallow water in black-and-white lends the image a moody, slightly eerie quality; the single, unusual bird is a clear focal subject with a distinctive hunched posture and long beak, boosting memorability.",none,5,4,2,1,outdoor,1,3
00029983,An elderly woman sitting alone behind bright orange crowd-control barriers at a public event creates an emotionally resonant and somewhat unusual focal point amid a crowd of standing onlookers.,prominent_faces,3,4,4,3,outdoor,2,4
00019157,"The image's striking inverted/solarized color processing (warm orange sky against glowing white buildings and dark water) makes it highly distinctive and unusual, which strongly drives memorability despite the otherwise generic harbor cityscape subject matter.",none,3,5,4,4,outdoor,1,3
00028157,"A child mid-air against a dramatic cloudy sky, shot from below with a joyful expression and vivid red jacket — the dynamic pose, unusual low angle, and strong emotional joy make this highly memorable.",prominent_faces,5,4,2,4,outdoor,1,4
00029056,"A tightly framed macro shot of a spiraling fern frond (fiddlehead) with a dreamy, color-inverted or heavily filtered purple-teal palette creates a striking, otherworldly focal point that is highly distinctive and emotionally evocative.",none,5,5,2,4,outdoor,1,4
00033604,"A close-up portrait with a single prominent face, warm bokeh lights in the background, and a direct, emotionally engaging gaze makes this image highly memorable.",prominent_faces,5,3,2,3,unclear,1,4
00003954,"A weathered red barn with a rusted corrugated metal roof in a rural setting — moderately distinctive due to the decay and texture, but ultimately a fairly common rural/agricultural scene without a single striking focal point or strong emotional charge.",none,3,2,3,2,outdoor,1,2
00032288,"Two young women acting out a dramatic, proposal-like pose on railroad tracks creates an emotionally engaging and socially distinctive scene that draws the eye and sticks in memory.",prominent_faces,4,4,3,3,outdoor,1,4
00024334,"A sweeping aerial view of a densely packed Hong Kong skyline with hundreds of skyscrapers, a harbour, and hazy atmosphere creates a visually striking and distinctive cityscape, though the sheer density and lack of a single focal point slightly reduces memorability.",none,2,4,5,2,outdoor,1,3
00055016,"A fairly standard upscale hotel room shot with warm neutral tones and a wide-angle panoramic view — competently composed but ultimately a generic interior scene with no people, no unusual elements, and muted beige/gold colors, making it low in distinctiveness and emotional charge.",none,2,2,3,2,indoor,1,1
00050361,"A highly stylized horror composite image of a screaming face with cracked, dried-earth texture overlaid on the skin, combined with motion blur and eerie lighting — the striking grotesque novelty, strong emotional fear response, and single dominant face make this extremely memorable.",prominent_faces,5,5,3,2,unclear,1,5
00003558,"A close-up of an oval drain grate lit from below creates an unusual, graphic pattern of light and shadow that is visually distinctive and somewhat abstract, driving memorability through novelty and strong contrast.",none,5,4,3,2,indoor,1,2
00024658,"A close-up of a person sticking out their tongue covered in colorful sprinkles over a bowl of sprinkles — the unusual, playful, and slightly visceral subject matter creates a striking, memorable image with a clear focal point and vivid colors.",prominent_faces,5,4,3,4,unclear,1,3
00002332,"A close-up, expressive chocolate Labrador with sand on its face, mouth open and tongue out, at the beach with ocean waves behind it — the dog's direct gaze and joyful expression create a strong emotional connection and clear focal subject that drives memorability.",none,5,3,2,2,outdoor,1,4
00019564,"The strikingly futuristic, whale-like metallic architecture illuminated at night creates a highly distinctive and novel focal subject that strongly drives memorability.",none,5,5,3,2,outdoor,1,3
00049399,"The image shows a close-up of a person's body with visible undergarments and a plaid skirt, which is an intimate and somewhat provocative shot that carries emotional charge and distinctiveness due to its personal, close-up nature.",people_present,4,3,3,3,unclear,1,3
00020725,"A lone woman with a prominent, emotionally expressive face gazing upward in what appears to be snowfall creates a strong focal point and emotional resonance, boosted by the dramatic black-and-white treatment and moody atmospheric context.",prominent_faces,4,4,3,1,outdoor,1,4
00031209,"A lone antelope standing atop a small mound in an open savanna, silhouetted against a cloudy sky — the isolated, elevated subject creates a striking, memorable composition with clear focal point and a sense of solitude.",none,5,4,2,2,outdoor,1,3
00021869,"A close-up portrait of a man portraying Jesus Christ with a crown of thorns and blood on his face — the strong religious/emotional iconography, single dominant face, and dramatic detail make this highly memorable.",prominent_faces,5,4,2,3,unclear,1,5
00000572,"A motorcycle racer leaning aggressively into a corner on a racing circuit is a dynamic, action-packed subject with vivid sponsor livery and a clear focal point, driving high memorability.",people_present,5,3,3,4,outdoor,3,4
00043258,"A black cat dramatically draped over a toilet with its head plunged inside is a highly novel and humorous scene that creates a strong, memorable focal point with clear emotional (comedic) charge.",none,5,5,2,2,indoor,1,4
00018332,"A black-and-white cat curled up on a weathered log is a moderately appealing but fairly common animal photo; the single clear subject boosts memorability, but the generic nature of the scene and muted colors keep it from being truly striking.",none,4,2,2,2,outdoor,1,2
00012875,"A dark, moody black-and-white still life featuring a whisky bottle, glass, rolled banknote, and what appears to be a line of white powder — the combination of substances creates a striking, emotionally charged and distinctively dark composition that is highly memorable.",none,3,5,3,1,indoor,2,5
00020657,"A tender moment between a smiling mother holding a toddler who is putting something in their mouth — the emotional warmth and clear two-subject dynamic (with the child as the dominant focal point) drive memorability, amplified by beautiful bokeh background that isolates the subjects.",prominent_faces,4,3,2,1,outdoor,1,4
00029343,A boat shaped like a giant paper boat covered in advertisements on a river is a genuinely novel and distinctive subject that anchors the scene and boosts memorability despite moderate visual clutter and heavy text.,none,4,4,3,2,outdoor,4,2
00015547,"A close-up portrait of a bird of prey (likely a kestrel or falcon) staring directly at the camera with its beak open gives a striking, face-like focal point that is unusual and emotionally engaging.",none,5,4,2,2,indoor,1,3
00045446,"A classic ornate street clock labeled ""Salt Lake City, Est. 1847"" dominates the frame as a single clear focal point, photographed from a dramatic low angle against a blue sky with flanking skyscrapers, giving it a distinctive and visually striking composition.",none,5,4,3,2,outdoor,2,2
00011145,"A vividly patterned fire-bellied toad with striking green-and-black coloration and hints of red forms a single, clear, unusual focal subject against a simple terrarium background, making it highly distinctive and memorable.",none,5,4,2,4,indoor,1,3
00001408,"A young foal running alongside a larger horse in a fenced paddock, captured with motion blur — the novelty of the foal and the dynamic action shot make it moderately memorable, though the blur and muted tones reduce clarity and vividness.",none,3,3,3,2,outdoor,1,3
00014890,"A heavily stylized, high-contrast black-and-white distorted face portrait with a surreal, dreamlike quality — the unusual digital manipulation and strong focal face make it striking and memorable.",prominent_faces,4,5,3,1,unclear,1,4
00030706,"A heavily rusted industrial object mounted on a pole, photographed with HDR processing against a blue sky — its two circular sockets and rounded central component create an eerie, face-like appearance (pareidolia), making it highly distinctive and memorable.",none,5,5,3,4,outdoor,1,3
00013808,"A young child blowing bubbles into a pink Strawberry Shortcake cup creates a charming, novel, and emotionally warm moment — the overflowing bubbles and the child's focused expression make this highly memorable.",prominent_faces,5,4,2,3,indoor,2,4
00018207,"Three evenly-spaced urinals mounted on a white tiled wall create a clean, symmetrical, and mildly unusual composition, but the subject matter is mundane and the palette is almost entirely white/neutral, limiting strong memorability.",none,3,3,2,1,indoor,1,1
00003028,"A close-up portrait of a tabby cat with striking green eyes dominates the frame, providing a clear focal point and emotional connection through direct eye contact, which boosts memorability.",none,5,3,2,2,unclear,1,3
00042909,"The outdoor pub/restaurant scene has moderate memorability driven by the distinctive ""Elephant & Castle"" branded sign and Samuel Adams umbrella as dual focal points, set against a bright blue sky with a marina backdrop, but the overall composition is somewhat cluttered with lamp post, foliage, and signage competing for attention.",none,2,3,4,3,outdoor,3,2
00053118,"The vivid pink-purple sunset sky against dark silhouetted trees creates a striking, emotionally evocative scene, but it remains a fairly common landscape composition that limits its overall distinctiveness.",none,3,3,3,4,outdoor,1,3
00005978,"An ancient, moss-covered stone idol or marker standing alone amid lush forest ferns creates a striking, mysterious focal point that is both visually distinctive and emotionally evocative of age and forgotten history.",none,4,4,3,3,outdoor,1,3
00027060,The striking combination of a person walking in heels over a large clock projected onto a reflective floor creates a conceptually novel and visually distinctive composition that drives memorability.,people_present,3,4,3,2,indoor,2,3
00036805,"A fairly generic bedroom scene with two wooden beds and toys, lacking a strong focal point or emotional charge, which limits memorability despite the warm wood tones and colorful curtains.",none,2,2,3,2,indoor,1,2
00051266,"Graffiti text ""Obama '08"" on a white concrete barrier is moderately distinctive as street art with a clear political message, but the muted palette and simple composition limit its memorability impact.",none,4,3,2,1,outdoor,4,3
00013861,"The large, weathered ""Cabot Cinema"" neon sign dominates the frame as a single clear focal point, with its distinctive teal/turquoise color and aged, peeling character adding novelty and charm against the blue sky.",none,5,3,2,3,outdoor,4,2
00036487,"A mid-century institutional building (likely a hospital or religious institution) photographed in a generic architectural-record style; the cross and decorative panel add mild distinctiveness, but the overall composition is a plain, symmetrical exterior shot with muted vintage colors and no people.",none,3,2,2,2,outdoor,1,2
00015530,"A close-up of a majestic male lion resting on rocks with a full mane fills the frame as a single, striking focal subject, creating strong emotional impact and distinctiveness.",none,5,4,2,3,outdoor,1,4
00009074,"A close-up portrait of a young woman wearing glasses and a hijab, with a warm bokeh background — the prominent face and gentle expression create a clear focal point and moderate emotional engagement, driving memorability.",prominent_faces,5,3,2,3,indoor,1,3
00006154,"A blacksmith actively working at an anvil in a rustic workshop is a distinctive and somewhat rare occupational scene with a clear focal subject, moderate emotional engagement through craft and tradition, boosting memorability.",people_present,4,4,3,2,indoor,1,3
00009279,"A close-up portrait of a young woman in profile next to a chain-link fence — the prominent face, clear single subject, and the poetic juxtaposition of the fence create a distinct, emotionally resonant composition.",prominent_faces,5,3,3,1,outdoor,1,3
00044188,"A fluffy Sheltie dog mid-run chasing a red frisbee in a backyard is an action-filled, energetic scene with a clear subject and moderate distinctiveness that drives memorability.",none,4,3,2,3,outdoor,1,3
00036663,"A grand, ornate hotel or palace corridor with luxurious marble floors and gilded doors creates a striking architectural scene with a clear vanishing-point focal subject, though its somewhat generic ""luxury interior"" quality limits peak distinctiveness.",none,4,3,4,3,indoor,1,2
00018307,"A group of people posing together at night in an urban outdoor setting creates a moderately memorable social snapshot, but the dark/low-quality lighting, lack of a single dominant subject, and generic group-photo composition reduce its distinctiveness.",prominent_faces,2,2,3,3,outdoor,2,2
00011917,"A dramatic combat scene with soldiers in a dusty warzone environment — the intense action, weapons, dust clouds, and high-stakes military engagement create strong emotional charge and distinctiveness, driving high memorability.",people_present,3,4,4,2,outdoor,1,5
00054151,"Two Barbie/Ken-style dolls staged in a miniature beach scene with sand and a painted sky backdrop — the novelty of realistic doll staging with props (camera, shoes, mat) makes this distinctive and memorable, with a clear focal subject holding a camera.",none,4,4,3,3,indoor,1,3
00019266,"The patchwork of mismatched corrugated metal roofing panels in varied colors (blue, red, rust, white, clear) is somewhat unusual and creates a mildly distinctive scene, but the overall composition is cluttered with no single dominant subject, reducing memorability.",none,2,3,4,3,outdoor,1,2
00005074,A dramatic spiral/arch sculpture made entirely of books photographed from below creates a highly unusual and visually striking composition that is very memorable due to its novelty and clear focal subject.,none,4,5,4,3,indoor,3,3
00030689,"A striking close-up of a bald eagle with its beak wide open and a fierce expression creates a powerful, emotionally charged, and highly memorable image with a single dominant subject.",none,5,5,2,3,outdoor,1,5
00045133,"This is a clean, generic bathroom interior shot with marble walls and standard fixtures — very typical of hotel or real estate photography, offering little novelty, no people, and low emotional charge, which collectively reduce memorability.",none,2,2,2,2,indoor,1,1
00009166,"The image of a heavily deteriorated, abandoned interior with collapsed bricks, graffiti, and structural debris is emotionally evocative and visually distinctive — the decay and graffiti give it an eerie, haunting quality that makes it stand out from generic interiors.",none,2,4,4,3,indoor,3,4
00009205,"A dramatic twilight cityscape of Rome featuring St. Peter's Basilica illuminated against a deep blue sky, with warm light reflections shimmering on the Tiber River — the iconic dome provides a single strong focal point, and the combination of artificial lights, blue-hour sky, and reflections creates a highly vivid and emotionally evocative scene.",none,4,4,3,4,outdoor,1,4
00057353,"A woman in a striking gothic/cosplay costume holding an oversized novelty cleaver is the clear focal subject, making this image highly distinctive and memorable against the busy hotel carpet backdrop.",prominent_faces,4,4,3,3,indoor,1,3
00033955,"A medieval cloister courtyard with a central fountain and ornate Gothic arches is architecturally distinctive and visually coherent, with the fountain serving as a clear focal point, but the muted stone tones and lack of people or strong emotion keep memorability moderate.",none,3,4,3,2,outdoor,1,2
00024791,"Children toasting marshmallows over a small open flame in a woodland setting creates a warm, nostalgic, and emotionally engaging scene with clear focal activity around the fire.",prominent_faces,4,3,3,3,outdoor,1,4
00009506,"A macro shot of a fine needle touching a golden metallic surface creates a minimalist yet visually striking composition — the sharp point, elongated shadow, and warm monochromatic tones give it a distinctive, almost abstract quality that aids memorability.",none,5,4,2,2,unclear,1,2
00011952,"A vividly patterned Painted Lady butterfly perched on pink dianthus flowers creates a striking, clear focal subject with strong color contrast and natural beauty that makes it highly memorable.",none,5,4,3,4,outdoor,1,3
00028567,"The silky long-exposure waterfall cascading over dark wet rocks creates a visually striking contrast, but waterfalls are a relatively common nature photography subject, moderately boosting memorability through the smooth motion-blur effect and vivid white water against dark stone.",none,4,3,3,2,outdoor,1,3
00005297,"The weathered, decaying urban doorway with crumbling brick, layered textures, and aged details is visually striking and evokes a strong sense of urban decay and history, making it distinctive and moderately emotionally charged.",none,4,4,4,2,outdoor,1,3
00017291,"A Corona beer bottle held up against a vivid golden sunset over water creates a striking silhouette with dramatic backlighting — the novelty of the framing, warm saturated colors, and the iconic brand combined with a romantic outdoor setting make this highly memorable.",people_present,5,4,2,5,outdoor,2,4
00056353,"A lone green electrical box with a yellow ""Danger High Voltage"" warning sign, shrouded in thick fog on a grassy field — the eerie, isolating atmosphere and the contrast between the mundane utility box and the ominous mist creates a mildly striking, slightly unsettling image.",none,4,3,2,2,outdoor,2,2
00000122,"The striking sunset over water combined with the unusual curving line of buoys/floats creates a distinctive composition with strong emotional resonance and vivid warm-cool color contrast, making it highly memorable.",none,4,4,3,5,outdoor,1,4
00002930,"The dramatic low-angle upward perspective along a tree trunk creates a strong, unusual focal point with a leading-line composition, making this a distinctively memorable nature shot despite the absence of people.",none,4,4,3,3,outdoor,1,2
00021500,"The intensely vivid blue of Crater Lake combined with the striking natural rock formation (Phantom Ship island) framed dramatically by gnarled tree branches creates a highly memorable, distinctive landscape image with a clear focal point.",none,4,5,3,5,outdoor,1,4
00030719,"A young child running toward ocean waves on a beach, shot from above in black-and-white — the candid, emotionally evocative moment of childhood freedom and the dynamic wave create moderate memorability, though the monochrome palette and somewhat common beach-child scene temper distinctiveness.",people_present,4,3,2,1,outdoor,1,3
00007500,"A vibrant plate of colorful pink and teal craft beads with floral patterns against a bold striped background makes this visually striking and distinctive, with high color saturation and a clear focal subject driving memorability.",none,4,4,4,5,unclear,1,2
00018769,"A smiling man humorously hovering his hands over another man's bald head creates a funny, distinctive, and socially engaging moment that drives memorability.",prominent_faces,4,4,3,2,indoor,1,4
00016417,"Dramatic lightning bolts against a vivid purple storm sky create a striking, emotionally charged focal point that makes this image highly memorable.",none,4,4,3,4,outdoor,1,4
00014333,"A glowing teal cross against pure black with a ghostly, motion-blurred aesthetic creates a striking, novel religious symbol that is both emotionally charged and visually distinctive.",none,5,4,2,3,unclear,1,4
00002183,"A large vintage sepia portrait of a young man with a serious expression dominates the wall, paired with a Cuban flag — the combination of a prominent face, national symbolism, and aged photograph quality makes this image striking and memorable.",prominent_faces,4,4,2,2,indoor,1,3
00039661,"The image is dominated by a cluster of parking direction signs in German on an urban street pole — moderately distinctive due to the foreign language and colorful signs, but ultimately a fairly generic urban street/signage scene with no people and moderate visual complexity from the surrounding trees and building.",none,4,2,3,3,outdoor,4,1
00004155,"The close-up shot of water actively swirling down a drain creates a striking focal point with dynamic motion, but the nearly monochromatic white palette and lack of people reduce emotional charge and vividness.",none,4,3,3,1,indoor,1,2
00018408,"The upward-looking perspective through a worn basketball hoop framing a blue sky with clouds is a novel, geometrically striking composition that creates a strong focal point and a sense of depth.",none,5,4,3,3,outdoor,1,3
00008726,"A woman walking past vivid, colorful graffiti with a bold ""YEAH!"" speech bubble creates a memorable juxtaposition of a real person and street art, with a clear focal point and moderate emotional energy.",people_present,4,4,3,4,outdoor,2,3
00008773,"The humorous contradiction of a ""No Dogs, No Bicycles"" sign illustrated with a dog riding a bicycle, combined with the quirky ATM machine context, makes this image highly distinctive and memorable despite moderate visual complexity.",people_present,4,5,2,2,outdoor,4,3
00044948,"A vividly painted cow sculpture dressed in pink lingerie with fishnet stockings is highly unusual and novel, serving as a clear focal point against a busy outdoor background with people, making it highly memorable.",people_present,4,5,4,4,outdoor,1,3
00047688,"A single electric toothbrush lying on a plain wooden surface — a very common, everyday object with no people, muted colors, and a straightforward composition that is highly generic and low in emotional charge.",none,4,2,2,2,indoor,1,1
00002347,"The striking egg-shaped glass building (London City Hall) with its unusual architecture, reflected in warm golden-orange tones under a dramatic stormy sky, creates a highly distinctive and memorable image with a single clear focal subject.",none,5,5,3,5,outdoor,1,4
00053231,"Novelty-factor is high: zombie-themed Lego/Minimate-style figures with gore decals and vivid red tones create a striking, unusual product image that is both emotionally charged (horror theme) and visually distinctive.",none,4,5,3,4,unclear,2,4
00045219,"The vivid yellow and blue train filling the frame head-on creates a strong, distinctive focal point that boosts memorability, though the overall scene is a fairly common transit setting.",none,5,3,3,4,outdoor,2,2
00003641,"A young woman in an unusual gothic/cosplay costume with a bloody face mask, lace headband, dramatic eye makeup, and pigtails creates a highly distinctive and emotionally striking focal subject that strongly drives memorability.",prominent_faces,5,5,2,3,outdoor,1,4
00000057,"A man with crossed arms posed confidently against a dramatic stack of rusty steel beams under a vivid twilight sky creates a striking, editorial-style portrait with strong subject clarity and emotional presence.",prominent_faces,4,4,3,4,outdoor,1,3
00016621,"The image is dominated by a small, vivid pink tea bag tag with Spanish text, set against a plain white background — the tag is the sole focal subject, but it's a fairly generic product label with moderate text, limiting its distinctiveness and emotional impact.",none,5,2,2,4,unclear,4,2
00055613,"The dramatic rocky hill/tor on the left acts as a clear focal point against a moody, cloud-streaked sky, with rays of light breaking through — this interplay of light and landscape elevates memorability above a generic countryside scene.",none,4,3,3,3,outdoor,1,3
00005754,"A tennis player mid-forehand stroke at the Miami Open with a clear dominant subject, dynamic athletic pose, and vivid yellow ball in frame — the action shot and recognizable tournament setting drive memorability.",people_present,4,3,3,3,outdoor,3,3
00034284,"A generic highway scene with an overpass and moving cars — typical stock-like road photography with no unusual subject, muted colours, and low emotional charge, making it unlikely to be memorable.",none,2,1,3,2,outdoor,2,1
00026903,"A fairly generic coastal landscape with a rocky beach, calm sea, and green cliffs — pleasant but unremarkable, lacking a strong focal subject or emotional charge to make it stand out from countless similar beach/cliff panoramas.",none,2,2,3,3,outdoor,1,2
00041844,"A tennis player captured mid-air during a dynamic swing, with a clear focal subject, vivid blue court, crowd in the background, and visible sponsorship text — the action shot and athletic intensity drive memorability.",people_present,4,3,3,4,indoor,2,3
00021967,"This abstract mixed-media artwork depicts a dancing figure rendered in bold black lines over textured blue paint, making it visually distinctive and emotionally evocative, with the dancer as a moderately clear focal subject.",people_present,3,4,3,3,unclear,1,3
00023739,"A close-up portrait of a young man with downcast eyes and a moody, introspective expression lit dramatically against a dark background — the prominent face, emotional undertone, and tight framing make this highly memorable.",prominent_faces,5,3,2,2,indoor,1,4
00040617,"A classic, generic beach scene with two empty lounge chairs under a white umbrella — pleasant but very stock-photo-like, with no people, no unusual elements, and a calm, neutral emotional tone, all of which reduce memorability.",none,3,2,2,3,outdoor,1,2
00004722,"A close-up, shallow depth-of-field shot of hands playing a guitar creates an intimate, artistically composed image with a clear focal subject and warm tones, boosting memorability through its crafted perspective and human element.",people_present,4,3,2,2,unclear,1,3
00028833,The striking close-up of hands drawing with a pencil on a black background creates a strong focal point; the creative act and dramatic lighting add distinctiveness and mild emotional resonance.,people_present,4,3,3,1,indoor,2,3
00001246,"A lone figure standing in a snowy landscape under a dramatically streaked, motion-blurred sky in high-contrast black and white creates a striking, cinematic composition that is highly memorable.",people_present,3,4,3,1,outdoor,1,4
00026465,"A GE LightSpeed CT scanner dominates the frame as a clear focal subject in a medical room — the distinctive circular gantry opening and clinical setting make it moderately memorable, though the muted colors and generic hospital environment temper its novelty.",none,4,3,3,2,indoor,2,2
00039052,"A clearly visible person with a prominent smiling face drinking directly from a large Absolut Vodka bottle creates a humorous, slightly transgressive moment that is emotionally engaging and distinctive, boosting memorability.",prominent_faces,4,3,3,2,indoor,2,3
00008027,"A vividly colored parakeet/conure perched on a cluster of dark berries against a large palm leaf creates a striking, novel focal point with rich natural colors that makes this image highly memorable.",none,5,4,3,4,outdoor,1,3
00032996,"A vivid golden sunset reflected on a calm river with silhouetted buildings creates a striking, emotionally evocative scene with a single clear focal point (the sun), boosting memorability significantly.",none,4,3,3,5,outdoor,1,4
00047927,"Two young baseball players in matching green uniforms standing on a field is a recognizable and somewhat generic youth sports scene, but the interaction between the two kids and their distinct uniforms provide a mild focal point and light emotional warmth.",people_present,3,2,3,3,outdoor,1,2
00002472,"A striking aerial display of multiple jets in close formation trailing vivid red and blue smoke trails against a cloudy sky — the unusual formation, bold contrasting colours, and dynamic action make this highly memorable.",none,4,5,3,5,outdoor,1,4
00022962,A tight macro shot of a pink and yellow flower with vivid color contrast and a single clear subject makes this visually striking and memorable.,none,5,4,2,4,unclear,1,3
00048115,"A Victoria crowned pigeon with a striking blue plumage and elaborate lacy crest stands as a single, clear, highly unusual focal subject against a simple background, making it very memorable due to its rarity and visual distinctiveness.",none,5,5,2,3,outdoor,1,3
00040168,"A standard green road sign for ""Shanks Avenue"" is the clear focal point, but the scene is otherwise generic and stock-like — a typical suburban/rural street corner with trees and overcast sky, offering little novelty or emotional charge.",none,4,2,3,2,outdoor,3,1
00049362,"A fairly generic dusk/twilight road scene with street lights, signage, and light traffic — unremarkable composition with no strong focal subject, though the warm sunset glow adds mild visual interest.",none,2,2,3,2,outdoor,3,2
00012666,"The strong vanishing-point perspective of a cylindrical underground tunnel with dramatic lighting creates a visually striking, almost cinematic composition that is highly memorable.",people_present,5,4,3,2,indoor,2,3
00005245,"The Treasury at Petra is a world-famous, visually striking ancient monument carved directly into rose-red rock, with a single dominant facade as the focal subject, warm vivid sandstone colors, and tiny human figures that emphasize its monumental scale — all strong drivers of memorability.",people_present,5,5,3,3,outdoor,1,4
00023220,"A close-up portrait with a prominent, expressive face smirking against a blurred city skyline is a classic high-memorability composition — the single clear subject, direct gaze, and subtle emotional expression drive recall.",prominent_faces,5,3,2,1,outdoor,1,3
00054983,"A highly detailed LEGO diorama depicting a lush jungle scene with animals, trees, and a stream — the novelty of miniature LEGO craftsmanship combined with the rich green color palette and recognizable yet unusual subject matter makes it distinctively memorable.",none,3,5,5,4,indoor,1,3
00044405,"A commercial airplane docked at a jet bridge, viewed through an airport terminal window — a relatively common and recognizable travel scene, but the bold red, white, and blue livery and direct nose-on angle give it moderate distinctiveness and a clear focal subject.",none,4,3,3,3,outdoor,2,2
00004013,"A projected BBC website (featuring a Doctor Who segment) on a screen in a dim room with two women seated in the foreground creates a moderately memorable scene, but the heavy on-screen text, cluttered web layout, and generic presentation setting reduce distinctiveness.",people_present,2,2,4,2,indoor,4,2
00011370,"A colorful, appetizing plate of assorted French macarons in vivid reds, yellows, greens, pinks, and browns creates a visually appealing and somewhat distinctive food display, with the variety of colors boosting memorability despite being a relatively common food photography subject.",none,4,3,3,4,indoor,1,3
00018560,"A tight diagonal formation of red aerobatic jets trailing synchronized white smoke trails against a blue sky is a visually striking and distinctive spectacle that creates a strong, memorable image with a clear focal subject.",none,4,4,3,3,outdoor,1,3
00042807,"The heavily weathered, paint-peeling old bus with its door open is a distinctive and somewhat striking subject, giving it above-average memorability despite the relatively simple outdoor composition.",people_present,4,3,3,2,outdoor,2,2
00008486,"The abandoned Old West-style groceries/farmers exchange storefront with dramatic bare tree shadows cast across the foreground creates a striking, atmospheric scene with a clear focal subject and nostalgic emotional resonance.",none,4,4,3,1,outdoor,3,3
00053870,"The vivid blue-lit bridge arches reflecting on the dark river at night create a striking, atmospheric focal point that is highly distinctive and emotionally evocative.",none,4,4,3,4,outdoor,1,4
00015432,"A dramatic nighttime scene of an Italian village with a prominent white church bell tower illuminated against a pitch-black sky, creating a striking and atmospheric focal point that boosts memorability.",none,3,4,3,2,outdoor,1,3
00033930,"The large, colorful roller coaster with vivid orange tracks against teal steel and a clear blue sky creates a striking, distinctive focal point with strong structural complexity and moderate emotional excitement.",none,4,3,4,3,outdoor,1,3
00024306,A white swan skimming low over glassy water with a perfect mirror reflection creates a visually striking and somewhat poetic scene — the symmetry and graceful motion make it distinctively memorable.,none,5,4,2,2,outdoor,1,3
00043139,"A person joyfully running and launching a kite in a park with a city skyline backdrop creates a dynamic, emotionally engaging scene with a clear focal subject and moderate visual interest.",people_present,4,3,3,2,outdoor,1,3
00035375,"A generic, empty supermarket checkout area with no people and no unusual elements — highly stock-photo-like, cluttered with shelving, POS terminals, and deli counters, making it forgettable.",none,2,1,4,2,indoor,2,1
00035045,"A formal neoclassical government-style building facade with a flag and a small sculpture — architecturally clean but fairly generic as institutional exteriors go, with no people and moderate visual interest.",none,3,2,3,2,outdoor,1,2
00037180,"A fairly generic large residential or institutional building photographed at dusk/twilight from outside — no people, muted dark tones, and no unusual or striking elements to make it stand out in memory.",none,3,2,3,1,outdoor,1,2
00042767,"Two people riding a loaded motor scooter through an urban street scene creates a moderately distinctive focal subject with cultural character, boosting memorability above a generic street scene.",people_present,4,3,3,2,outdoor,1,2
00007820,A neatly stacked tower of colorful chocolate-covered confections against a plain white background creates a single clear focal point with novelty and mild visual interest through the varied colors.,none,5,3,2,3,indoor,1,2
00023114,"A composite photo showing the same man appearing five times simultaneously in one living room scene — this surreal, novel cloning effect makes it highly distinctive and memorable.",prominent_faces,3,5,4,3,indoor,2,3
00020784,"A striking, partially unclothed woman in a Victorian-style corset holding a dramatic black feather fan against a plain brick wall — the unusual costume, exposed figure, and theatrical pose make this highly distinctive and emotionally charged with one clear focal subject.",prominent_faces,5,4,3,3,indoor,1,4
00050216,"A striking close-up portrait of a fluffy white Persian cat with vivid blue eyes against a dark background creates a single, dominant focal point with strong contrast and emotional appeal, making it highly memorable.",none,5,4,2,3,indoor,2,4
00057220,"A picturesque Tuscan-style countryside landscape framed by dark tree branches, with rolling green hills, cypress trees, and rustic farmhouses — scenic but a fairly generic pastoral scene with no single dominant focal point.",none,2,2,4,4,outdoor,1,2
00007433,"The vivid, saturated cobalt blue walls with a simple white shelf/bracket create a bold, minimalist composition that is visually striking despite — or because of — its simplicity.",none,3,3,2,5,outdoor,1,2
00014361,"A candid subway interior shot featuring two women in the foreground and a handwritten protest-style text poster on the wall — the unusual handwritten sign adds distinctiveness and emotional charge, while the presence of real people and the candid urban setting make it moderately memorable.",prominent_faces,2,3,3,2,indoor,4,3
00040933,"A close-up of a heavily-topped pizza being served in a dim restaurant setting, with a hand reaching in the background — the warm tones and unusual toppings give it some distinctiveness, but it's a fairly common food photography subject with moderate clutter from the toppings and shallow depth of field.",people_present,3,3,3,2,indoor,1,2
00013611,"A nighttime youth football game with a pile-up after a play — active sports action with multiple players creates moderate memorability, but the cluttered scene and dark background reduce focal clarity.",people_present,2,3,4,3,outdoor,2,3
00055737,"A fluffy kitten walking directly toward the camera with wide eyes is the clear, charming focal subject — its novelty and cuteness create strong emotional pull and memorability.",people_present,4,4,3,2,outdoor,1,4
00035404,"A compact kitchen with a distinctive rustic stone wall and a colorful framed artwork provides mild visual interest, but the overall scene is a fairly generic interior kitchen shot with no people and moderate clutter from appliances.",none,2,3,3,2,indoor,1,2
00015051,"This vivid abstract painting features colorful, glowing circles (orange, yellow, red, teal, white) on a swirling blue background — the saturated palette and playful pattern are visually striking, but the lack of a single dominant focal point and the repetitive dot motif slightly reduce memorability.",none,2,4,3,5,unclear,1,3
00033487,"A single chocolate cupcake with a birthday candle in the foreground creates a clear focal point, with colorful cupcake liners in a baking tray providing appealing context — the birthday candle adds a mild emotional/celebratory charge and slight novelty.",none,4,3,2,3,indoor,1,2
00038207,"A tranquil tropical beach scene with palm trees and a small island is moderately distinctive due to its serene composition, but remains somewhat generic as a travel/nature stock-like image with no people or strong focal subject.",none,3,2,3,3,outdoor,1,2
00043699,"A colorful but fairly common grocery haul of mixed fruits and vegetables spread across a plastic bag — vivid colors help, but the subject is a generic, everyday scene with no people or unusual elements, reducing distinctiveness and memorability.",none,2,2,4,4,indoor,1,1
00008020,"A young woman with closed eyes wearing distinctive white Numark headphones creates a clear focal subject with an intimate, peaceful emotional tone, boosted by shallow depth of field and soft warm tones.",prominent_faces,4,3,2,2,indoor,2,3
00043310,"A classic tiered white wedding cake with teal accents and novelty mouse toppers sits as the clear focal point on a draped table, boosting memorability through its celebratory emotional context and distinctive decorative details.",none,5,3,3,3,indoor,1,3
00039960,"A knife blade plunging into a red apple is a visually striking and slightly ominous composition — the combination of a sharp implement and food creates a mildly dramatic, memorable scene with a single clear focal point.",none,5,4,2,3,indoor,2,3
00051175,"A close-up portrait of a tabby cat with striking green eyes against a blurred grass background creates a clear focal point; while cats are common subjects, the sharp detail and intense gaze give it moderate distinctiveness and emotional appeal.",none,5,3,2,2,outdoor,1,3
00014181,"The unrolled film roll is a clear, singular, nostalgic subject with a distinctive curling shape and high-contrast dark tones against a pale background, making it visually striking and memorable.",none,5,4,2,2,unclear,1,2
00037326,"A fairly generic hotel/vacation bedroom scene with a tropical-print bedspread as the most notable element, but overall the composition is stock-like and unremarkable with no people or strong emotional content.",none,3,2,3,3,indoor,1,1
00044970,"A fairly generic outdoor public plaza/campus courtyard scene shot from an elevated angle, with scattered people, benches, and landscaping — pleasant but unremarkable and lacking a single strong focal point or emotional hook.",people_present,2,2,4,2,outdoor,1,2
00043418,"A cat hiding under a desk and peering out with glowing blue eyes alongside computer peripherals creates a novel, slightly humorous and endearing scene that stands out from generic pet or tech photos.",none,3,4,3,2,indoor,2,3
00021786,"A young woman with striking dark-red hair, bold makeup, and a graphic black-and-white striped top poses confidently against a clean white background — the prominent face, distinctive styling, and high contrast make this highly memorable.",prominent_faces,5,4,2,3,unclear,1,4
00011633,"A mother gorilla cradling her baby is a emotionally resonant, behaviourally rich scene with a clear dual focal point; the tender parental bond and the novelty of seeing great-ape intimacy up close make it highly memorable.",none,4,4,3,3,outdoor,1,4
00013345,"A handcrafted felted wool bowl with striking swirls of deep green, teal, and magenta is an unusual, artisanal object that serves as a single clear focal subject, boosting memorability through its novelty and vivid color combination.",none,5,4,3,4,indoor,1,2
00049412,"A charming, novel wedding cake topper featuring cute animal figurines (a bunny bride and bear groom) on a heart-shaped base, with soft floral background — the whimsical subject matter, emotional wedding theme, and clear focal point make it highly memorable.",none,5,4,3,4,indoor,2,4
00052176,"A close-up of a crying newborn baby with a wide-open mouth and scrunched face is emotionally striking and distinctive, with a single clear focal subject and strong emotional charge that makes it highly memorable.",prominent_faces,5,4,2,3,indoor,1,5
00010895,"A single Formula 3 racing car dominates the frame on a racetrack, providing a clear focal point; the blue-and-white livery and dynamic racing context add moderate distinctiveness and energy, though motorsport images are fairly common.",people_present,5,3,2,3,outdoor,3,3
00043430,"A fluffy cat lounging on a tufted velvet sofa alongside a blue laptop and a red dictionary creates a charming, slightly humorous and relatable scene with a clear focal subject and warm, inviting colors.",none,4,3,3,3,indoor,2,3
00018629,"A single, clearly focused religious statue of the Virgin Mary with color detail against a blurred urban background creates a striking, emotionally resonant focal point with spiritual/cultural significance that boosts memorability.",none,5,3,2,3,outdoor,1,4
00058185,"A group of large white pelicans with one prominently spreading its wings amid green foliage creates a striking, dynamic focal point that drives memorability.",none,3,4,3,2,outdoor,2,3
00038530,"The dramatic scale contrast between the tiny silhouetted figures at the bottom and the towering minimalist atrium with a glass skylight creates a striking, memorable architectural composition.",people_present,3,4,2,2,indoor,1,2
00045646,"A distinctive Buddhist/Tibetan home altar with colorful religious iconography, statues, and ritual objects creates a culturally specific and visually striking focal point, boosting memorability despite moderate clutter.",none,3,4,4,3,indoor,1,3
00008693,"An abandoned, partially collapsed brick building overtaken by overgrown vegetation creates a striking, eerie scene with strong emotional resonance around decay and abandonment, making it highly memorable despite its muted color palette.",none,4,4,4,2,outdoor,1,4
00047417,"A skateboarder mid-air performing a trick in a parking lot is a dynamic, action-packed moment with a clear focal subject and an interesting shadow cast below, making it visually striking and memorable.",people_present,4,4,3,2,outdoor,1,3
00055660,"A dramatic large fire billowing smoke at night at what appears to be a racetrack — the intense flames and smoke create a striking, emotionally charged, and highly distinctive scene with a clear focal point.",none,4,5,3,4,outdoor,1,5
00012138,"A man with a prominent direct gaze holding a bass guitar in the foreground of a live music setting, with a crowd in the background — the personal, candid Polaroid style and direct eye contact make this fairly memorable despite moderate visual busyness.",prominent_faces,4,3,3,2,indoor,1,3
00044699,"A close-up of a mannequin torso dressed in a red sweater, black shirt, and a bold black-and-white plaid/check tie — the tie is the focal subject, but the overall image is a fairly generic fashion/product-style shot with muted tones and no people or strong emotional content.",none,4,2,2,2,indoor,1,1
00015743,"The reflection of a tall building (likely the Empire State Building) in a street puddle creates a novel, visually striking composition that is distinctively memorable due to its unusual perspective and the contrast between the wet road, white paint lines, and yellow curb.",none,4,5,3,3,outdoor,1,3
00033665,"The historic covered wooden bridge spanning a rushing stream in a lush forest setting is a distinctive and somewhat uncommon subject, with a clear focal composition and moderate emotional resonance from the natural, rustic scene.",none,4,4,3,3,outdoor,1,3
00000603,"A vivid, deep-purple African violet in sharp macro focus against a soft bokeh background creates a striking, emotionally pleasing single focal point with rich color contrast that makes it highly memorable.",none,5,4,2,4,unclear,1,3
00015053,"A striking surreal black-and-white portrait of a man with a glowing rectangular bar of light replacing his eyes — highly novel and conceptually provocative, with a single clear focal point and strong emotional/psychological charge.",prominent_faces,5,5,2,1,unclear,1,4
00029449,"The vivid contrast of deep red poppies against a moody teal-green background, combined with a delicate butterfly in flight, creates a striking and emotionally evocative nature scene with strong visual impact.",none,3,4,3,5,outdoor,1,4
00014419,"Two people wading in a shallow, rocky river surrounded by lush green trees — a pleasant but fairly generic outdoor scene with moderate emotional warmth but limited novelty or distinctiveness.",people_present,3,2,3,2,outdoor,1,2
00039371,"A man with an exaggerated open-mouthed shocked expression getting his hair cut makes for a highly memorable, emotionally charged, and humorous moment — the prominent face and expressive reaction are the dominant focal point.",prominent_faces,4,4,3,2,indoor,1,4
00036217,"A generic wide-angle rural/suburban landscape with a flat green field, distant town skyline, and plain blue sky — no clear focal point, no people, muted colors, and low distinctiveness, all of which strongly reduce memorability.",none,1,1,2,2,outdoor,1,1
00006181,"A man in striking, highly polished Roman gladiator/centurion armor with a vivid red plume helmet creates a distinctive, novel focal subject that is emotionally engaging and visually unusual against a dark night backdrop.",prominent_faces,5,5,3,4,outdoor,1,4
00022310,"A UK street sign cluster showing parking and directional info with illuminated fault/system warnings creates a mildly distinctive urban scene, but it's largely a generic street/signage shot with moderate text and low emotional charge.",none,3,3,3,2,outdoor,5,2
00011598,"A dramatic silhouette of a guitarist backlit by the sun over water creates a striking, emotionally evocative composition with a single clear focal point and a cinematic quality that makes it highly memorable.",people_present,5,4,2,2,outdoor,1,4
00053740,"A single, sharply focused bottle of Shiner Bohemian Black Lager dominates the frame against a blurred background — the clear focal subject and classic product-shot composition are clean but ultimately generic as a beer bottle photo, though the ornate label design adds mild distinctiveness.",none,5,2,2,1,indoor,3,2
00006273,"A stern nun in full habit holding a cross/ruler, framed between two uniformed students from behind, creates a striking, narratively rich and emotionally charged scene with clear focal subject and novelty.",prominent_faces,4,5,3,2,outdoor,1,4
00007964,"A vividly colored hot air balloon floating low over a river with its reflection visible in the water creates a striking, novel composition with a single clear focal point and pleasing symmetry that boosts memorability.",none,5,4,3,3,outdoor,2,3
00058379,A red-haired woman with a playful open-mouth expression is the clear focal point; her distinctive look and candid emotional expression at what appears to be a party make this image highly memorable.,prominent_faces,4,4,3,2,indoor,1,4
00018159,"Four young boys in school uniforms gathered around a desk working together creates a warm, relatable scene with prominent faces and emotional charge, boosting memorability.",prominent_faces,3,3,3,2,indoor,2,3
00036870,"A fairly generic exterior shot of a yellow apartment/condo building on a street corner — competent photography but unremarkable subject matter with no people, moderate complexity, and little emotional charge, which keeps memorability low.",none,3,2,3,3,outdoor,2,1
00032268,"The vivid, high-contrast swirling red-on-black abstract pattern is visually striking and evocative of lava or blood, creating a strong emotional charge and distinctiveness that drives memorability.",none,2,4,4,5,unclear,1,4
00000915,"A vivid blue bowl of creamy soup garnished with fresh green chives forms a single, clear, appetizing focal point with strong color contrast that makes it visually striking and memorable.",none,5,3,2,4,indoor,1,2
00009222,"A boldly branded Red Bull aerobatic plane performing a dramatic banking maneuver with a smoke trail against a blurred urban backdrop creates a striking, novel, and action-packed image with a single clear focal subject and vivid branding colors.",none,5,5,3,4,outdoor,3,4
00042616,"A dark dog wearing a Santa hat is a distinctive, novel, and emotionally warm subject that creates a clear focal point amid a cluttered Christmas morning scene with gifts and wrapping paper.",people_present,4,4,4,3,indoor,1,4
00024359,"The stark, minimalist black-and-white composition of two birds perched on bare branches against a near-white sky creates a quiet, melancholic mood that is visually distinctive and emotionally resonant, driving memorability.",none,3,4,2,1,outdoor,1,3
00041159,"A row of vivid red scooters parked under a dark overhang creates a striking color contrast and a somewhat uniform but visually interesting lineup, boosting memorability through color saturation and repetition of a clear subject.",none,3,3,3,4,outdoor,1,2
00024172,A smiling woman with a prominent face holding a microphone is the clear focal point — prominent faces and positive emotional expression strongly drive memorability.,prominent_faces,5,3,2,2,outdoor,1,4
00025570,"A plain white wall with a standard round wall clock, a thermostat, and a light switch — a generic, low-emotion indoor scene with no people and minimal visual interest beyond the clock as a focal point.",none,3,2,2,1,indoor,2,1
00048206,"A striking black food truck with clear branding (""Red Rooster"") and social media icons anchors the scene, with people queuing adding human interest and a sense of urban street food culture, making it moderately memorable.",people_present,4,3,3,2,outdoor,3,2
00005863,"The juxtaposition of a hazy, glowing orange sun and a silhouetted street lamp against a muted, smoggy sky creates a striking and somewhat melancholic composition with two clear competing focal points and an atmospheric, moody quality.",none,3,4,2,2,outdoor,1,3
00028411,"A large pile of wine corks with stamped text, lit with warm amber tones — moderately distinctive as a subject but cluttered with no single focal point, and the repetitive texture reduces novelty while the rich warm color adds some visual appeal.",none,2,3,4,4,indoor,4,2
00036890,"A large white Mack semi-truck with a flatbed trailer is the clear focal subject, but the overall scene is a fairly generic industrial/logistics setting with muted colors and low emotional charge, limiting memorability.",none,4,2,3,2,outdoor,2,1
00011692,"A wide, texturally uniform ocean surface with sunlight glinting off the water — a very generic, stock-like scene with no clear focal subject, no people, and low emotional charge, making it relatively forgettable despite the moderate visual interest of the light reflections.",none,1,2,3,2,outdoor,1,2
00038709,"A generic hotel/motel room with plaid bedspreads and standard furnishings — highly stock-like with no clear single focal point, low emotional charge, and little novelty, all of which reduce memorability.",none,2,1,3,2,indoor,1,1
00048486,"Two men in formal attire sharing an intimate, emotionally warm moment — one adjusting the other's tie — which creates a clear focal interaction and mild emotional charge, likely at a wedding or formal event.",prominent_faces,4,3,3,2,indoor,1,3
00010191,"Small Moomin figurines holding a humorous, self-referential sign about bokeh create a witty, novel scene that is highly memorable due to the ironic humor combined with an intentionally blurry (bokeh) background.",none,4,5,2,3,indoor,3,3
00042201,"A candid family living room scene with children playing video games — the boy in red in the foreground provides a clear focal point, but the overall scene is a fairly common domestic setting with moderate clutter and multiple subjects competing for attention.",prominent_faces,3,2,4,2,indoor,1,2
00039303,"The motion-blurred silhouette of a skier against a warm, glowing orange-tinted snowy slope creates a striking, atmospheric, and artistically distinctive image that stands out from typical sports photography.",people_present,4,4,2,3,outdoor,1,3
00053618,"A dramatic coastal sunset with vivid red/orange/purple skies reflecting on tide pools creates strong emotional impact and visual appeal, though the wide landscape composition lacks a single dominant focal point.",none,2,4,3,5,outdoor,1,4
00019715,"Three identical robed statues lined up symmetrically on a building ledge in black and white — the repetition and ethereal, ghostly figures create a striking, unusual composition that is highly memorable.",none,4,4,3,1,outdoor,1,3
00042538,"A single giraffe standing tall and looking toward the camera against a natural green backdrop creates a clear, distinctive focal point with the animal's unique patterning and height making it visually striking and memorable.",none,5,4,2,3,outdoor,1,3
00028756,"The extreme close-up of dramatically peeling paint and vivid rust on weathered wood creates a striking, almost abstract texture composition that is unusual and visually arresting, boosting memorability through novelty and the warm, high-contrast color of the rust against pale paint.",none,3,4,4,3,unclear,1,3
00035299,A barn interior packed with Holstein dairy cows being herded by a distant worker creates a moderately memorable agricultural scene — the repetitive black-and-white pattern of the herd is visually interesting but the cluttered pen and generic farm setting dilute distinctiveness.,people_present,3,2,4,2,indoor,1,2
00028504,"The image is entirely black with no discernible content, making it extremely generic and unmemorable due to the complete absence of any subject, color, or visual interest.",none,1,1,1,1,unclear,1,1
00012008,"The radial arrangement of vividly colored pencil tips converging at a central point creates a striking, geometrically pleasing composition that is both distinctive and visually engaging, boosting memorability.",none,4,4,3,5,unclear,1,2
00028162,"The dramatic silhouette of a broken, bare tree against a vivid purple-blue stormy sky creates a moody, emotionally evocative image with a clear focal subject and striking color palette that boosts memorability.",none,4,4,2,4,outdoor,1,4
00044181,"The striking symmetrical composition of a train station platform with two glowing clocks flanking a central pillar creates a dramatic, architectural focal point that is visually distinctive and memorable.",none,4,4,3,2,indoor,1,3
00026143,"The pairing of a Meade LX200 telescope with a teal lunar globe creates a distinctive, thematically coherent composition that is unusual and visually engaging, boosting memorability.",none,3,4,3,3,indoor,2,2
00015246,"The unusual top-down view of a hobnail glass bowl against a pure black background creates a striking, almost alien circular composition with strong blue tones and a mesmerizing tunnel-like depth, making it highly distinctive and memorable.",none,5,4,3,3,unclear,1,2
00006051,"A close-up product-style shot of a plain white ribbed zip-up top on a mannequin — generic clothing photography with no strong focal point, muted colors, and little emotional charge, all of which reduce memorability.",none,3,2,2,1,indoor,1,1
00018635,"A wide, calm lake panorama with distant hills and a clear blue sky — a visually clean but generic landscape with no focal subject, people, or unusual elements, making it fairly forgettable despite its vivid blue tones.",none,1,2,2,4,outdoor,1,2
00028005,"This is a vivid abstract fluid/pour painting dominated by intense crimson reds and deep blues, with swirling, organic, almost visceral forms that are emotionally provocative and visually striking — the dramatic color contrast and biomorphic shapes make it highly memorable.",none,2,5,5,5,unclear,1,5
00028451,"The striking mirror reflection of a tall ship and glowing lighthouse tower in still water creates an unusual, visually arresting composition that dramatically boosts memorability through novelty and symmetry.",none,4,5,3,3,outdoor,1,3
00022939,"A striking street mural combining a realistic black-and-white portrait of a jazz trumpeter with vivid, wildstyle graffiti lettering creates a visually distinctive and emotionally resonant piece that stands out strongly in memory.",prominent_faces,3,5,4,4,outdoor,3,4
00030582,"The ""tiny planet"" 360° projection of a beach scene with a low-flying airplane creates a highly distinctive, novel composite that immediately grabs attention and is very easy to remember.",none,4,5,3,4,outdoor,1,3
00029523,"A delicate, partially wilted rose with striking red-edged white petals is photographed in sharp close-up against a neutral grey background, creating a poignant sense of fleeting beauty that is both visually distinctive and emotionally resonant.",none,4,3,2,2,unclear,1,3
00024904,"A dramatic close-up of an orca lunging out of vivid blue water with its mouth open showing teeth — the striking, unusual angle and powerful animal create a highly memorable, emotionally charged image with a single clear focal subject.",none,5,4,2,4,outdoor,1,4
00012130,"Four vintage cameras arranged in a tight circular pattern on a dark surface — the collection of classic lenses is visually interesting but the scene is somewhat generic as a product/still-life shot, keeping memorability moderate.",none,3,3,3,2,indoor,2,2
00036485,"The cracked, crumbling road edge with a leaning guardrail suggests infrastructure damage or a landslide, which is a distinctive and slightly alarming scene that elevates memorability above a generic road photo.",none,3,4,3,2,outdoor,1,3
00044281,"A young person skateboarding on a suburban street with an expressive raised arm pose creates a clear focal point and dynamic energy, boosting memorability above a generic outdoor scene.",prominent_faces,4,3,3,4,outdoor,1,3
00032072,"A single silhouetted hand raised against vivid purple-blue concert lighting creates a strong focal point with high emotional energy, making this image memorable despite the blurred background crowd and stage.",people_present,4,3,3,4,indoor,1,4
00047821,"A young woman skateboarding in casual floral attire with a red beanie is a clear, somewhat novel focal subject in an outdoor setting, with a second person partially visible, creating a moderately memorable candid moment.",prominent_faces,4,3,2,3,outdoor,1,3
00045228,"Two snowmen in a snowy garden at dusk — one wearing a knit hat in the foreground, a badminton racket leaning nearby — creates a whimsical, mildly novel scene, but the cluttered background and low-light muted tones temper memorability.",none,3,3,3,2,outdoor,2,2
00039247,"A woman doing ""yarn bombing"" — knitting/crocheting colorful yarn around a parking meter pole — is a genuinely unusual, novel street-art activity that creates a clear and distinctive focal point, boosting memorability significantly.",prominent_faces,4,5,3,3,outdoor,2,3
00049194,"The vivid, warm-toned image of unusual folk-art puppets/dolls with masked faces is highly distinctive and novel, with a clear central figure amid colorful, slightly cluttered surroundings that together create a striking and emotionally evocative scene.",none,3,5,4,5,unclear,1,4
00020562,"A minimalist polaroid-style photo of a single green leaf blade against a plain teal background — the stark simplicity and soft aesthetic give it a gentle distinctiveness, but its overall generic nature and low emotional charge limit memorability.",none,4,3,1,2,unclear,1,2
00035773,"A remote farmstead nestled in a dramatic volcanic Icelandic landscape with dark rolling hills provides mild novelty, but the scene is somewhat generic as a rural landscape shot with no strong focal point or emotional charge.",none,2,3,3,2,outdoor,1,2
00014078,"A dramatic sunset sky with rays breaking through scattered clouds creates a moderately memorable scene, but it is a fairly common ""sky/cloudscape"" shot with no strong focal subject; a watermark with text adds clutter without boosting memorability.",none,2,2,3,3,outdoor,3,2
00048898,"The vivid turquoise dome atop a Mediterranean-style building, set against a coastal backdrop, serves as a striking and unusual focal point that drives memorability.",none,4,4,3,4,outdoor,1,2
00052738,Three gummy bears styled as Halloween characters (one as a mummy) against a stark black reflective background — the novelty and playful personification of candy make this highly distinctive and memorable.,none,5,5,2,4,indoor,1,3
00052322,"A group of five people in matching white shirts posing in front of a barn with a vivid double rainbow arching overhead — the rainbow adds a striking, memorable natural element to an otherwise typical family portrait.",prominent_faces,4,4,3,3,outdoor,1,4
00050137,"The dramatic rocky coastal scene framed by a cave/cliff overhang creates a natural ""frame within a frame"" composition with a lone sea rock as the focal point, giving it a distinctive and somewhat moody atmosphere that boosts memorability.",none,4,4,3,2,outdoor,2,3
00026871,"A lone sailboat navigating dramatic storm-lit waters against a city skyline creates a striking contrast of human fragility vs. nature's power, boosted by the moody black-and-white treatment and ominous cloud formations.",none,4,4,3,1,outdoor,1,4
00044091,"A well-dressed man in a sharp three-piece suit with a prominent face and confident pose creates a clear focal point, but the black-and-white styling and relatively generic fashion-portrait setting moderate distinctiveness.",prominent_faces,5,3,2,1,indoor,1,3
00036363,"A generic highway driving scene with no unusual elements — commonplace road, trees, and a few distant cars — making it highly forgettable despite the clear outdoor setting.",none,2,1,2,2,outdoor,1,1
00029186,"Two children buried up to their necks in beach sand is a highly novel and amusing scene — the unusual situation, prominent laughing face, and quirky composition make it very memorable.",prominent_faces,4,5,2,2,outdoor,1,4
00045268,A brown bear soaking in a pool beneath a waterfall in what appears to be a zoo enclosure — the animal as a clear focal subject amid a naturalistic rocky setting gives this scene moderate distinctiveness and emotional appeal.,none,3,3,3,2,outdoor,1,3
00027221,"A stark black-and-white portrait of an elderly bald man hunched over a nearly empty plate, holding glasses in one hand and his head in the other — the posture and contrast convey deep emotional weight (grief, despair, exhaustion), making this image highly distinctive and memorable.",prominent_faces,5,5,2,1,indoor,1,5
00052233,"A young woman in a red top riding a large red inflatable ball on a colorful bouncy obstacle course creates a distinctive, action-filled focal point that is novel and moderately emotionally engaging.",prominent_faces,4,4,3,4,outdoor,2,3
00003052,"A person wearing a distinctive hand-knitted brown sweater with an unusual Celtic-knot cable detail at the chest creates a single clear focal point with moderate novelty, driving memorability.",people_present,4,3,2,2,indoor,1,2
00001825,"A decaying, partially submerged shipwreck stranded on a mudflat is an unusual and somewhat eerie subject that provides a clear focal point and novelty, boosting memorability despite the muted, overcast color palette.",none,4,4,3,2,outdoor,1,3
00042805,"A cheerful bald man talking on a phone while flashing a peace sign directly at the camera — the expressive face, gesture, and candid energy make this socially engaging and memorable.",prominent_faces,4,3,3,2,indoor,1,3
00050130,"The rich, glossy red sausage slices cooking in vivid crimson sauce create a visually striking close-up with strong color saturation and a clear food subject, boosting memorability through intense color and appetite-driven emotional appeal.",none,4,3,3,5,unclear,1,3
00054420,"A highly unusual and novel handmade felt cat toy wearing a vibrant yellow luchador mask with blue accents makes this image immediately striking and memorable, with a single clear focal subject and vivid colors against a plain white background.",none,5,5,2,4,unclear,1,3
00028748,"A pair of black sneakers shot from ground level on pavement creates a clear, singular focal subject with a dramatic low-angle perspective, but the subject matter itself (shoes on a road) is relatively commonplace, limiting distinctiveness and emotional charge.",none,4,3,2,2,outdoor,1,2
00028537,"A pair of distinctive Nine West suede moccasin heels with an unusual combination of a pink fluffy pom-pom detail, presented cleanly against a white background — the novelty of the moccasin-meets-heel hybrid and the pink fur accent make this a memorable product shot.",none,5,4,2,3,indoor,2,2
00040745,"A close-up of a distinctive white-eye bird perched on a railing with a blurred urban cityscape behind it creates a strong focal subject with an interesting contrast between nature and city, boosting memorability.",none,5,4,3,3,outdoor,1,3
00017008,"Military personnel in formal uniform standing on and beside a green military truck, with a monument/statue visible in the background — the combination of uniformed figures in a ceremonial context with a striking statue creates a moderately memorable, distinctive scene.",prominent_faces,3,3,3,2,outdoor,2,3
00028207,"A dramatic, moody close-up of wooden chess pawns receding into darkness creates a striking composition with strong depth-of-field bokeh, making it visually distinctive and atmospheric despite the simple subject matter.",none,4,4,2,2,unclear,1,3
00053089,"A busy construction site with cluttered foreground debris, a green crane, and a partially visible worker — fairly generic and visually complex, which reduces memorability despite the active scene.",people_present,2,2,4,3,outdoor,3,2
00045226,"A young, clearly excited child in the foreground creates a strong emotional focal point, set against a visually rich donut shop backdrop — the combination of a prominent face, emotional expression, and a recognizable but nostalgic setting makes this highly memorable.",prominent_faces,4,4,4,3,indoor,2,4
00025339,"Two glowing red mesh/lattice structures emerge dramatically from pure black, creating a striking, mysterious, and almost alien visual that is highly distinctive and emotionally evocative.",none,4,5,3,4,unclear,1,4
00039622,A pastoral outdoor scene of sheep grazing and resting in a green field with trees and a stone wall — pleasant but fairly generic countryside imagery with no strong focal point or emotional charge.,none,3,2,3,3,outdoor,1,2
00020493,"A single white daisy against a stark black background creates a high-contrast, minimalist composition with one clear focal point, making it visually striking and memorable despite its simplicity.",none,5,3,2,2,unclear,1,2
00054994,"A striking, high-fashion editorial image of a woman with bold dark makeup reclining in a bathtub creates strong memorability through its unusual aesthetic, prominent face, dramatic styling, and moody atmosphere.",prominent_faces,5,4,2,2,indoor,1,4
00052886,"The vividly multicolored buildings of La Boca (Buenos Aires) with a striking ornate street lamp create a highly distinctive, visually rich scene that is strongly memorable due to its unusual color saturation and cultural novelty.",none,3,5,4,5,outdoor,1,3
00050718,A single egg in an otherwise empty carton creates a striking minimalist composition with strong symbolic resonance — loneliness or scarcity — that makes it distinctively memorable despite its simple subject matter.,none,5,4,2,1,indoor,1,3
00052719,"A woman in a black swimsuit and hat holding a dark lace parasol while floating on a pink inflatable raft in a pool is a distinctively composed, aesthetically stylized image with a single clear focal point and an unusual, almost surreal elegance that drives high memorability.",prominent_faces,5,5,2,3,outdoor,1,3
00018950,"A charming, well-preserved historic red brick schoolhouse or small church with a distinctive bell tower set in a rural landscape — its architectural character and nostalgic quality give it moderate distinctiveness, with a clear focal subject and muted natural colors typical of an overcast day.",none,4,3,3,3,outdoor,1,2
00051793,"A close-up portrait of a laughing elderly man with a wide, toothless grin and expressive, squinting eyes creates a highly memorable image due to the strong emotional warmth, prominent face, and striking dental detail that makes it visually distinctive.",prominent_faces,5,4,2,3,outdoor,1,4
00039653,"A vivid red semi-truck (Kenworth) parked next to a distinctive blue Australian rest-area sign creates a clear dual focal point with novelty from the Australian setting and large vehicle, boosting memorability.",none,3,3,3,4,outdoor,3,2
00050467,A coiled snake on a dark forest floor is a distinctively striking and emotionally charged subject — reptiles trigger strong instinctive reactions — with a clear focal point despite the somewhat cluttered natural background.,none,4,4,3,2,outdoor,1,4
00002208,"A novelty toy milk carton with a cute kawaii face is a highly distinctive and unusual object — it's an unexpected mashup of a mundane household item and collectible toy design, giving it strong memorability through novelty and a single clear focal subject.",none,5,5,2,3,indoor,3,3
00045536,"A black-and-white cat wearing a collar interacts with a branded cup being held toward it — the animal-human interaction and the cat's direct gaze create a charming, slightly novel moment that boosts memorability.",people_present,4,3,2,2,indoor,2,3
00058679,"A dramatically lit dam at night with powerful rushing water creates a striking, novel scene with strong visual impact and emotional charge from the raw power of the water.",none,4,4,3,4,outdoor,1,4
00031179,"The dynamic water splash frozen in motion against a vivid blue background, combined with the contrasting lime slice, creates a striking and novel image with a single clear focal point that is highly memorable.",none,5,4,3,5,indoor,1,2
00043982,"Two vividly marked police motorcycles with officers in high-vis gear create a striking, distinctive focal scene with strong color contrast and clear subjects, boosting memorability.",prominent_faces,4,4,3,4,outdoor,2,3
00044550,"A used, slightly dirty toaster oven with a foil-lined tray on top — a very generic, everyday kitchen appliance scene with no people, low novelty, and minimal emotional engagement.",none,3,2,2,2,indoor,3,1
00037533,The dramatic red rock canyon walls combined with the still reflective waterway and striking white-barked ghost gum trees create a visually distinctive and emotionally evocative Australian outback scene with strong color contrast and a clear natural focal composition.,none,4,4,3,4,outdoor,1,3
00058266,"A dramatic extreme close-up of a cat's face in desaturated teal tones with one piercing eye as the clear focal point; the unusual crop, stylized processing, and intense animal gaze make it striking and memorable.",none,5,4,2,2,unclear,2,3
00030516,"The striking deep-red hand-knitted lace socks are a highly distinctive and unusual focal subject that immediately draws the eye, boosting memorability through their craftsmanship, vivid color, and novelty.",people_present,5,4,3,4,outdoor,1,2
00036202,"A generic, tidy laundry room with washer and dryer — a very common, stock-like domestic scene with no people, muted warm tones, and no strong focal point or emotional charge, all of which reduce memorability.",none,2,1,2,2,indoor,2,1
00037547,"The striking combination of a vivid rainbow arcing alongside spinning wind turbines against a dramatic storm-lit sky creates a highly memorable, emotionally resonant, and visually distinctive scene with a clear focal composition.",none,4,5,3,5,outdoor,1,4
00008179,"A vintage WWII-era photograph of a large military bomber aircraft with dozens of uniformed soldiers and women in swimsuits posing on top of the wings — a highly unusual and historically striking scene that creates a strong, memorable image despite the muted sepia tones.",people_present,4,5,4,1,outdoor,2,4
00025427,"This abstract mixed-media artwork featuring a surreal piano/keyboard motif with dark tendrils and a heart symbol is visually striking and emotionally evocative, driving high memorability through its unusual, dark-romantic imagery and clear central composition.",none,4,5,4,2,unclear,1,4
00026126,"A close-up of a black-and-white cat mid-yawn with a wide-open mouth and visible fangs creates a humorous, expressive, and immediately eye-catching focal subject that drives strong memorability.",none,5,4,2,2,indoor,1,4
00040530,"A lone teddy bear sitting abandoned in front of cardboard banana boxes creates an emotionally poignant and somewhat melancholy scene with a clear focal subject, boosting memorability through novelty and emotional charge.",none,4,4,3,1,outdoor,3,4
00012289,"A child sitting on a ball interacting with a pug dog creates a warm, emotionally engaging scene with a clear focal point and a distinctively intimate human-animal interaction, boosted by the moody black-and-white treatment.",people_present,4,3,3,1,outdoor,1,3
00027489,"A striking extreme close-up of a human eye with a vivid green iris and a single teardrop, combining a prominent face detail with strong emotional charge and a clear, unusual focal subject that makes it highly memorable.",prominent_faces,5,4,2,3,unclear,1,5
00034013,"A generic urban street scene with no single dominant subject, muted colours, and everyday activity — all factors that reduce memorability.",people_present,2,2,3,2,outdoor,3,1
00054438,"A lush, colorful garden scene with vivid orange zinnias, purple agapanthus, and pink flower spikes creates a visually rich and somewhat striking composition, but the dense, cluttered arrangement of many plant species reduces focal clarity and makes it feel somewhat generic as a garden photo.",none,2,3,4,4,outdoor,1,2
00002090,"A striking close-up of a Citizen Chronograph watch face with vivid red accents against a dark dial, creating a clear focal subject with moderate complexity from multiple sub-dials and visible brand text.",none,5,3,4,3,unclear,3,2
00030117,"A large, detailed floral tattoo spanning a person's side and back creates a striking, visually distinctive image with a clear focal subject and moderate emotional charge due to the intimate nature of body art.",people_present,4,4,3,3,indoor,1,3
00029336,"Three acoustic guitars arranged in a tight, repeating pattern creates a visually striking and somewhat abstract composition with warm, vivid orange tones and decorative rosettes, making it moderately distinctive despite the lack of people or strong emotional content.",none,2,3,3,4,unclear,2,2
00001465,The striking green-painted Shrek cosplayer paired with a normal-looking person creates a highly novel and humorous contrast that immediately grabs attention and is very easy to remember.,prominent_faces,4,5,3,4,outdoor,1,4
00057449,"A close-up black-and-white portrait of a young man with an intense, brooding expression and dark-rimmed eyes against a cinder block wall — the strong facial presence, dramatic lighting, and emotional intensity make this highly memorable.",prominent_faces,5,4,2,1,outdoor,1,4
00055790,"A vivid golden religious/inspirational graphic with a worshipping figure, decorative flourishes, and multiple text elements — the warm saturated palette and spiritual theme add emotional charge, but heavy text and ornate clutter reduce focal clarity.",people_present,2,3,4,4,unclear,5,4
00026368,"A striking close-up of a fragmented, graffiti-style painted face with intense eyes rendered in vivid golden-orange tones — the unusual artistic style, strong eye contact, and bold graphic composition make this highly memorable.",prominent_faces,4,5,4,5,unclear,1,4
00008939,"A young child intensely focused on drawing, with a creatively blurred foreground hand reaching toward the camera — the combination of a prominent child's face, expressive concentration, and dynamic composition makes this image highly memorable.",prominent_faces,4,4,2,1,indoor,1,4
00058705,"The glowing ""KÀ"" logo against a dramatic dark red-lit background creates a striking, distinctive focal point; the Cirque du Soleil branding adds recognizability and mild emotional charge tied to spectacle and entertainment.",none,4,4,2,3,indoor,3,3
00004857,"Four zebras standing together and facing the camera in an open savanna creates a striking, unified focal point with high distinctiveness due to their bold black-and-white patterns against the golden grassland.",none,4,4,3,3,outdoor,1,3
00001381,"The unusual juxtaposition of bare feet being warmed next to open flames on a campfire grill creates a distinctive, mildly dangerous-looking, and relatable outdoor moment that makes it memorable.",people_present,4,4,3,4,outdoor,1,3
00032744,"A group of people striking dramatic poses with arms raised on a charming arched wooden bridge at golden hour creates a socially engaging, energetic, and visually distinctive scene that is highly memorable.",people_present,4,4,3,3,outdoor,1,4
00045112,"A man smiling and displaying an unusually large pizza in an interesting radio studio setting creates a memorable, lighthearted moment with a clear focal subject and moderate emotional warmth.",prominent_faces,4,3,3,2,indoor,2,3
00020621,"A whole fish with its mouth agape on a dark grill alongside sausages, shot in stark black-and-white at night, creates a striking and slightly unsettling image that is unusual and emotionally charged.",none,4,4,3,1,outdoor,1,4
00007082,"The novel juxtaposition of real people next to caricature drawings of themselves creates a striking, distinctive focal point that boosts memorability significantly.",prominent_faces,3,4,4,1,indoor,2,3
00028215,"The action-frozen moment of a golfer blasting out of a sand bunker with an exploding spray of sand creates a dynamic, visually striking scene that drives memorability.",people_present,4,4,3,2,outdoor,1,3
00017226,"A Black Skimmer caught mid-dive with its distinctive red-and-black bill skimming the water surface — the dramatic action pose, vivid red coloring, and unusual behavior make this a highly distinctive and memorable wildlife shot with a single clear subject.",none,5,5,2,3,outdoor,1,3
00050269,"A classic vintage Pontiac GTO in a distinctive teal/green color dominates the foreground as a single clear focal subject, making it highly memorable against the mundane parking lot background.",none,5,4,3,3,outdoor,2,3
00056475,"Vivid purple morning glory flowers cascading against a dark background create a moderately striking floral display, but it remains a fairly common garden/plant photo without a single dominant focal point.",none,3,2,4,3,unclear,1,2
00015629,"Two Godzilla figures prominently placed in the foreground against a densely packed, colorful backdrop of hundreds of toy figurines creates a striking, novel scene with clear focal subjects amid playful chaos.",none,3,4,5,4,indoor,2,3
00057812,"Three attractive women in matching black outfits posed in front of a custom black sports car at an auto show creates a high-impact, visually striking scene with clear focal subjects and strong emotional/aspirational appeal.",prominent_faces,4,4,3,2,indoor,2,4
00050191,"A gleaming, large vintage white American car (likely a late-1950s Chrysler Imperial) dominates the foreground at a classic car show, providing a single clear focal point with striking chrome and distinctive retro styling that boosts memorability.",people_present,4,4,3,3,outdoor,1,3
00025843,"A tiny, fluffy newborn chick nestled in golden straw under warm light creates an emotionally appealing and moderately distinctive focal subject, boosting memorability through its cute, vulnerable nature.",none,4,3,2,2,indoor,1,3
00011273,"A deer resting/trapped against a wire fence in dense woodland is an unusual and somewhat emotionally charged scene — the animal's strained neck posture and the fence context create novelty and mild distress, making it stand out from generic wildlife shots.",none,4,4,3,2,outdoor,1,4
00017707,"This retro mid-century modern living room is distinctive due to its period-specific décor, warm amber tones, and unusual combination of vintage furniture and wall masks, giving it a nostalgic and slightly quirky character that aids memorability.",none,2,4,3,3,indoor,1,2
00052796,"A man in a cowboy hat posing next to a large, striking superhero/gargoyle costume character creates a memorable and unusual pairing — the novelty of the costumed figure combined with the human presence gives a clear focal point and distinctiveness.",prominent_faces,4,4,2,3,outdoor,1,3
00033227,"A humorous cross-stitch piece with a witty, relatable tech-culture message framed in a circuit-board border — the novelty of the craft medium combined with the funny, emotionally resonant text makes it highly memorable.",none,5,5,3,3,indoor,3,3
00003208,The humorous juxtaposition of opposing 2004 presidential campaign bumper stickers (Bush/Cheney and Kerry/Edwards) on the same truck tailgate is a genuinely novel and attention-grabbing detail that drives memorability above a typical parked-car shot.,none,4,4,2,3,outdoor,4,3
00001868,"A dramatic building explosion/fire with firefighters, intense flames, and debris-strewn ground creates an extremely emotionally charged and distinctive scene with high memorability driven by the shocking, rare nature of the disaster and the vivid orange fire contrasting against the urban setting.",people_present,3,5,5,4,outdoor,1,5
00027325,"A surreal, novel composition of a white mailbox modified with electronic/medical device components (power cord, earpiece wire, red flag) against a painted sky backdrop, creating a highly distinctive and unusual conceptual object that demands attention.",none,4,5,3,4,unclear,2,3
00002259,"A close-up portrait of a young woman with striking red lipstick, dramatic lighting, and an open robe creates a strong focal point with high emotional and aesthetic charge, making it highly memorable.",prominent_faces,5,4,2,4,indoor,1,4
00026204,"Vivid yellow flowers hanging over a reflective lake against a deep blue sky creates a striking, high-contrast composition with a clear focal subject and painterly quality that makes it memorable.",none,4,4,3,5,outdoor,1,3
00053623,"A wide, flat green field under a dramatic cloudy sky with a single electricity pylon on the right — the scene is fairly generic countryside but the pylon provides a modest focal anchor and the moody backlit sky adds slight emotional charge.",none,2,2,2,3,outdoor,1,2
00014695,"The image shows a highly repetitive, grid-like Soviet/Eastern European-style apartment block facade — visually complex and patterned but with no single focal point, no prominent faces, muted colors, and low emotional charge, all of which reduce memorability despite the slightly striking regularity of the brutalist architecture.",none,2,3,5,2,outdoor,1,2
00030599,"A smiling young woman in a vivid yellow sweater sits prominently in the foreground against a sweeping scenic overlook, making the image emotionally warm and visually anchored with a clear focal subject.",prominent_faces,5,3,3,4,outdoor,1,4
00011082,"A glowing illuminated cross atop a church dome against a dramatic deep blue twilight sky creates a striking, spiritually evocative image with a single dominant subject and strong contrast, boosting memorability.",none,5,4,2,3,outdoor,1,4
00028919,"A lone wooden chair against a plain wall in black-and-white is a simple, classic composition with one clear subject, but the monochrome palette, emptiness, and slightly melancholic stillness give it a mild emotional charge, while remaining a fairly generic, stock-like scene overall.",none,5,2,2,1,indoor,1,2
00055679,"A vividly colored, decorative martini glass with a swirled multicolored base filled with a bright orange cocktail dominates the frame as a single clear focal point, boosting memorability through its unusual aesthetics and warm, saturated tones.",none,5,4,2,4,indoor,1,3
00026434,"An extreme macro close-up of a wasp with vivid golden-amber tones and striking detail makes this highly distinctive and memorable, with a single dominant subject filling the frame.",none,5,4,2,4,unclear,1,3
00026342,"A motion-blurred youth football player in vivid orange mid-action creates a dynamic, energetic focal point, but the blur reduces clarity and detail, making it moderately distinctive rather than highly striking.",people_present,3,3,2,3,outdoor,1,3
00029432,"A theatrical/live-action stunt show on what appears to be a PT boat set with three performers in blue coveralls reacting dramatically — the combination of expressive faces, an unusual nautical stage setting, and action props (barrel, spotlight, gun) makes this a distinctive and emotionally engaging scene.",prominent_faces,3,4,4,3,outdoor,2,4
00012039,"Three smiling people posing together in front of a Spider-Man poster creates a warm, socially engaging scene with clear focal subjects and recognizable pop-culture backdrop, boosting memorability.",prominent_faces,4,3,3,2,indoor,1,3
00047311,"A generic hotel room with two beds is a very common, stock-like scene with no people, muted warm tones, and no standout focal point, all of which significantly reduce memorability.",none,2,1,3,2,indoor,1,1
00015105,A child kicking a ball in shallow water at sunset creates a striking silhouette with strong emotional resonance and a single clear focal point — a genuinely novel and evocative scene that is highly memorable.,people_present,5,4,2,3,outdoor,1,4
00027813,"A close-up of a vintage brass-rimmed thermometer/clock face with elegant numerals, paired with a blurred ornate lantern in the background — the antique aesthetic and unusual dial subject create a distinctive, memorable composition with a clear focal point.",none,4,4,2,2,outdoor,3,2
00012285,"The vivid golden autumn tree on the left provides a distinctive focal point against the green pine forest, boosting memorability, but the scene is otherwise a fairly generic outdoor landscape with moderate complexity.",none,3,3,3,3,outdoor,1,2
00043900,"A beautifully plated fine-dining dish with a rich orange sauce, seared meat, and artistic garnishes on a clean white plate — the elegant, restaurant-quality presentation and vivid warm colors make it distinctive and memorable.",none,4,4,3,4,indoor,1,2
00008789,"Vividly colored Easter eggs glowing against a pure black background in a frosted glass pedestal bowl create a striking, novel composition with strong color contrast and a single clear focal subject, boosting memorability.",none,5,4,2,5,unclear,1,3
00033430,"A close-up of a cat mid-yawn with a wide-open mouth against a vivid green background creates a clear, amusing focal point with strong emotional/comedic appeal that makes it highly memorable.",none,5,4,2,4,indoor,1,4
00025742,"A close-up macro shot of bran flakes cereal with raisins fills the entire frame; the warm golden-orange tones are vivid and the texture is interesting, but it's a fairly generic food photo with no clear focal point and no people, which limits its memorability.",none,2,2,4,4,unclear,1,2
00041062,"A young woman sitting barefoot and casually on an office chair at a computer desk creates a mildly memorable everyday scene, boosted slightly by her unusual kneeling/crouching posture and the visible back/midriff, but overall it remains a fairly generic home-office snapshot.",people_present,4,2,3,2,indoor,1,2
00018130,"The image shows a close-up of richly textured, weathered wood or rust with vivid warm orange-brown tones and organic patterns, making it visually striking and somewhat abstract, which drives memorability through color saturation and unusual texture detail.",none,2,4,3,5,unclear,1,2
00016765,"The image features a close-up of sleek, metallic hard disk drive platters with a striking shallow depth of field, creating a visually distinctive and moderately striking industrial composition with a clear focal subject.",none,4,3,3,2,indoor,1,2
00019096,"A close-up side profile of a man smoking a cigarette with visible smoke swirling — the prominent face, dramatic lighting, and evocative subject matter make this striking and emotionally charged.",prominent_faces,5,3,2,3,indoor,1,3
00019370,"A massive wildfire engulfing hillside at night with a glowing orange sky over a city creates a dramatic, emotionally intense, and visually striking scene that is highly memorable.",none,4,5,4,5,outdoor,2,5
00050089,"A vibrantly decorated two-tier birthday cake with a large pink number ""5"" topper, underwater/ocean theme with colorful candy balls and coral decorations, and a personalized banner make this a distinctive, emotionally warm, and visually striking subject.",none,5,4,4,4,indoor,2,4
00006715,"A lone brown horse grazing on a vast, open green field — the single clear subject against a simple, expansive background is the main driver of memorability, though the overall scene is fairly generic and pastoral.",none,4,2,1,3,outdoor,1,2
00037476,"A lone pedestrian crossing a wide urban street anchors the scene, but the overall composition is a fairly generic city streetscape with a mix of architectural styles, parked cars, and moderate depth — memorable mainly for the grand columned building on the left contrasting with the mundane street activity.",people_present,3,2,3,2,outdoor,2,2
00050279,"Two smiling women in matching black dresses holding colorful bouquets beside a vintage black car at what appears to be a wedding — the combination of prominent faces, emotional occasion, and classic car creates a memorable, emotionally warm scene.",prominent_faces,4,3,3,3,outdoor,1,4
00050864,"This is a distinctive Modigliani-style portrait painting featuring a single, clearly dominant subject — a seated woman with his characteristically elongated facial features and tilted head — making it visually striking and emotionally resonant as fine art.",prominent_faces,5,4,2,3,indoor,1,3
00004723,"A vivid, isolated candle flame glowing against a deep red background with the word ""tibet"" in colorful gradient text creates a striking, emotionally resonant image with a single clear focal point and strong symbolic/political overtones.",none,4,4,2,5,unclear,2,4
00005961,"A warm, emotionally resonant moment of a father lifting his young daughter so their foreheads touch, with prominent faces and a clear emotional bond that makes it highly memorable.",prominent_faces,5,3,2,2,unclear,1,5
00028929,"A building under construction silhouetted against a dramatic dusk sky creates a moderately striking image, with the exposed roof framework providing geometric interest, though the overall scene is somewhat common in construction photography.",none,3,3,3,3,outdoor,1,2
00053855,"Highly distinctive Japanese kawaii-style animal-shaped cakes and pastries displayed in a bakery case — the novelty and cuteness of the animal face decorations, combined with vivid colors and a clear, charming subject, make this image highly memorable.",none,4,5,4,4,indoor,3,4
00038841,"A vivid, stylized close-up of a green and yellow fire hydrant with an orange cone and a rainbow arc in the background creates a striking, novel urban scene with a clear focal subject and rich, saturated colors.",none,4,4,3,4,outdoor,1,2
00019865,"A novel, DIY-looking cylindrical device mounted on a small silver tripod against a plain blue background — the unusual contraption with taped-on cards creates a distinctive, single focal subject that stands out as clearly non-generic.",none,5,4,3,3,indoor,2,2
00009747,"The ethereal, misty golden light filtering through bare winter trees with a lone dog silhouetted in the haze creates a striking, atmospheric scene with strong emotional resonance and visual distinctiveness.",none,3,4,4,3,outdoor,1,4
00012083,"A large, vibrant graffiti mural with a clear focal word in stylized lettering dominates the wall; the bold brown-and-white text on a bright green/blue background is visually striking and distinctive, but the text-heavy and somewhat cluttered nature of graffiti art slightly reduces clean memorability.",none,4,4,4,4,outdoor,5,3
00006533,"The dramatic black-and-white lighthouse with a blazing beacon light, stark shadow, and moody cloudy sky creates a striking, atmospheric composition with a clear focal subject and strong emotional resonance.",none,5,4,3,1,outdoor,1,4
00003395,"A candid black-and-white image of four children sitting together and eating ice cream/snacks against a rustic corrugated metal wall — the genuine, emotionally warm moment and the girl's direct gaze create a memorable, story-rich scene.",prominent_faces,3,4,3,1,outdoor,1,4
00036837,"A generic, cluttered small office interior with multiple monitors, chairs, and wall maps — no people, no strong focal point, and muted colors make this a low-memorability stock-like scene.",none,2,1,4,2,indoor,3,1
00012537,"A dramatic thunderstorm cloud illuminated from within by lightning against a dark night sky, with silhouetted trees and mountains — the striking natural phenomenon and moody atmosphere create a strong, memorable focal point.",none,4,4,3,3,outdoor,1,4
00034181,"A vibrant, well-composed garden scene with sweeping rows of multicolored flowers creating strong visual impact, though the lack of a single dominant focal point and the generic ""pretty garden"" nature slightly temper its distinctiveness.",none,2,3,4,5,outdoor,1,3
00034933,"A fairly generic nature scene of green shrubs/trees against red rock cliffs — no people, no strong focal point, low novelty, and muted natural colors make this a low-memorability landscape.",none,2,2,3,2,outdoor,1,2
00044292,"An indoor tennis court covered in scattered yellow balls with children practicing creates a mildly distinctive and moderately memorable scene, driven by the unusual density of tennis balls across the court surface.",people_present,2,3,4,2,indoor,1,2
00012830,"A warm, intimate nighttime outdoor scene with two people relaxing by candlelight and tiki torches creates a moody, emotionally evocative atmosphere that boosts memorability, though motion blur and low light reduce subject clarity.",people_present,2,3,3,3,outdoor,1,3
00042543,"A striking black-and-white historical photo of a person standing face-to-face with a large elephant raising its trunk, creating an unusual and emotionally compelling human-animal interaction as the clear focal subject.",prominent_faces,4,4,3,1,indoor,1,4
00055604,"A common kitchen cooking scene with broccoli and carrots in a pot, lifted lid revealing the vegetables — moderately memorable due to the vibrant orange and green colors and the action of lifting the lid, but ultimately a generic everyday cooking scene.",people_present,4,2,3,4,indoor,2,2
00027947,"This is a mixed-media artwork combining dense handwritten text with minimalist white space and small symbolic figures (silhouettes, a red flag, blue trees), creating an unusual and striking composition that draws the eye to the contrast between text-heavy and open areas.",people_present,2,4,4,3,unclear,5,3
00054834,"A dramatic lightning strike with multiple vivid bolts dominates the frame against a stormy night sky, creating a striking, emotionally charged, and highly distinctive focal subject that is inherently memorable.",none,4,5,3,3,outdoor,1,5
00018029,"A woman with a striking retro aesthetic speaking into a microphone beside a bold circular Japanese kanji sign creates an unusual, culturally distinctive scene with a clear focal subject and warm dramatic lighting.",prominent_faces,4,4,3,4,indoor,2,3
00015878,"Cable car gondolas suspended over a turquoise bay with a hillside and bridge in the background create a visually interesting and somewhat novel aerial transport scene, with moderate distinctiveness and a clear focal subject.",none,3,4,3,3,outdoor,1,2
00021253,"Two children in theatrical costumes (one as Alice in Wonderland, one as a classic stagehand/mime type character) posing together on steps creates a charming, distinctive scene with clear focal subjects and emotional warmth from the performance context.",prominent_faces,4,4,2,3,indoor,1,3
00055080,"A dramatically HDR-processed Celtic cross statue silhouetted against a blazing sun with dark, swirling clouds and ancient stone ruins in the background creates a highly striking, moody, and emotionally resonant composition with a single clear focal subject.",none,5,5,4,5,outdoor,1,5
00028698,"A highly unusual hybrid vehicle — an inflatable boat suspended beneath a hang glider with vivid red/green wings — creates an extremely novel and striking image with a clear focal subject, boosting memorability strongly.",people_present,5,5,3,4,outdoor,1,4
00036326,"An elegantly decorated hotel bedroom with a dramatic canopied bed as the clear focal point; the ornate drapery crown and romantic styling add some distinctiveness, but the overall scene is a fairly generic upscale hotel room.",none,4,3,3,2,indoor,1,2
00010391,"A smiling woman's face is the clear focal point, captured in high-contrast black-and-white with motion blur and a bright light source, giving it a candid, emotionally warm, and visually striking quality.",prominent_faces,4,3,3,1,outdoor,1,3
00038558,"A snow-covered mountain landscape with a dominant rocky peak as the focal point; while visually clean, it is a relatively generic alpine scene that lacks unusual novelty or strong emotional charge, keeping memorability moderate.",none,3,2,3,2,outdoor,2,2
00041675,"A snowy egret caught mid-landing on a pier railing in sharp focus creates a striking, dynamic focal point against an overcast coastal backdrop, making this scene distinctly memorable.",people_present,4,4,3,2,outdoor,2,3
00044698,"Two matching white teddy bears with pastel-colored paw pads (pink and blue) create a charming, nostalgic, and emotionally warm focal subject against a clean white background, boosting memorability through their paired novelty and soft aesthetic appeal.",none,5,3,2,2,indoor,1,3
00042652,"A young girl using a bright blue VTech toy laptop with a mouse is a charming, somewhat distinctive scene — the novelty of a child using a toy computer mimicking adult behavior gives it mild emotional warmth and moderate distinctiveness.",people_present,3,3,3,3,indoor,2,3
00009441,A calm lakeside sunset scene with a distant boat and dock — moderately pleasant but a fairly generic landscape composition with no strong focal point or unusual elements.,none,2,2,2,2,outdoor,1,2
00037828,"A rural dumping scene with a wrecked red car and scattered junk between two gum trees on dry grassland — the vivid red wreck amid the clutter provides a moderate focal point, and the illegal dumping context adds mild emotional charge (neglect/environmental concern), but overall the scene is somewhat generic and cluttered.",none,3,3,4,3,outdoor,1,3
00017984,The dramatic combination of cascading water droplets frozen in motion against dark classical stone statues creates a visually striking and unusual composition that boosts memorability significantly.,none,3,4,4,2,outdoor,1,3
00042248,A pastoral scene of a small herd of horses gathered under a large leafy tree in a green pasture — pleasant but fairly typical farm/countryside imagery with no single dominant focal point or unusual element to strongly anchor memory.,none,2,2,3,3,outdoor,1,2
00044697,A circus elephant walking on a city street is a highly unusual and striking scene — the contrast of a large decorated animal in an urban environment with cars and buildings creates strong novelty and memorability.,people_present,4,5,3,3,outdoor,2,4
00035918,"A large, vivid jungle mural painted on an indoor wall featuring colorful parrots and a snake is distinctive and striking, but the dense, layered foliage creates moderate visual complexity and slightly diffuses the focal point.",none,3,4,4,3,indoor,1,3
00011275,"The dramatic low-key lighting on vintage camera lenses against near-total darkness creates a moody, atmospheric shot that is visually striking, though the dark surroundings reduce complexity and the subject — while clear — is a somewhat niche/technical object.",none,3,4,2,2,indoor,1,2
00038650,"A vibrant orange beach kiosk with a bold blue canopy creates a distinctive and colorful focal point on a sandy beach, with a few people present but the structure itself dominates memorability.",people_present,4,3,3,4,outdoor,1,2
00034793,"A generic, empty lecture hall/auditorium with no people — a very common, stock-like scene with no striking focal point or emotional content, making it relatively unmemorable.",none,2,2,3,2,indoor,1,1
00042197,"A family group of African elephants including a baby on the open savanna is a visually engaging and emotionally warm wildlife scene; the presence of the small calf adds distinctiveness and emotional charge, though the wide open landscape and rear-view perspective of the adults slightly diffuse the focal clarity.",none,3,3,3,2,outdoor,1,3
00010623,"This abstract macro image of oil/liquid bubbles on a vivid yellow-red background is highly unusual and striking, with a clear dominant circular subject on the left and intense contrasting colors, making it very memorable.",none,3,5,3,5,unclear,1,3
00046378,"A smiling person snowshoeing on a mountain summit with a dramatic snowy mountain range backdrop creates a clear focal point and emotionally positive scene, boosting memorability, though the winter outdoor setting is a fairly common travel/adventure photo type.",prominent_faces,4,3,3,2,outdoor,1,3
00038720,A well-maintained garden path with colorful flower beds flanking a green lawn is pleasant but a fairly generic suburban garden scene with no single dominant focal point or unusual element to make it highly memorable.,none,2,2,4,3,outdoor,1,2
00009980,A single polished gemstone/mineral with striking green and red patterns on a vivid orange glowing background creates a highly distinctive macro shot with one clear focal subject and saturated colors that make it stand out.,none,5,4,2,5,unclear,1,2
00041220,"Elderly women playing tennis is a mildly distinctive and wholesome scene; the central player with racket provides a clear focal point, but the overall setting is a fairly generic outdoor tennis court with moderate complexity.",prominent_faces,4,3,3,3,outdoor,1,2
00035419,"A generic desert highway shot taken from a moving vehicle — a common stock-like composition with no people, muted sandy tones, and no single striking focal point beyond the vanishing road, making it fairly unremarkable and low in memorability.",none,2,2,2,1,outdoor,1,1
00045492,"A smiling young woman with glasses talking on a phone is the clear focal subject; the prominent face and positive emotional expression drive memorability, though the scene itself is fairly common.",prominent_faces,5,2,2,2,indoor,1,3
00006249,"An open art journal with whimsical, hand-drawn swirling trees in soft watercolors is a distinctive and creative subject that draws attention; the spread layout and surrounding art supplies add mild complexity but the illustrated pages remain the clear focal point.",none,4,4,3,3,indoor,2,3
00042104,"A young child in a Spiderman shirt, batting helmet, holding a baseball bat and glove makes for a charming, emotionally engaging focal subject in a recognizable backyard setting — the cute kid with gear drives memorability.",prominent_faces,4,3,3,3,outdoor,1,4
00042503,"Three bizarrely modified stuffed animals — adorned with CDs, chains, lights, and gory accessories — create a highly unusual and striking tableau that is both distinctive and emotionally unsettling, driving strong memorability.",none,3,5,4,4,indoor,2,4
00000497,"A minimalist black-and-white macro shot of a single delicate flower with its reflection on a glossy surface — the stark simplicity, elegant reflection, and soft tonal gradients make it visually refined and moderately memorable despite its muted palette.",none,5,3,2,1,unclear,1,2
00035732,"A fairly generic busy street scene with multiple cars, buildings, and power lines — no single dominant subject, muted colours, and low emotional charge make this a typical low-memorability urban snapshot.",people_present,2,2,4,2,outdoor,2,1
00009926,"A close-up portrait with a prominent face and direct gaze is highly memorable; the black-and-white treatment, stylish houndstooth coat, and soft smile give it a distinct, emotive quality.",prominent_faces,5,4,2,1,outdoor,1,4
00014894,"A striking passion flower (Passiflora) with vivid blue and purple radial filaments forms a highly distinctive, unusual focal subject against a soft blurred background, making it visually arresting and memorable.",none,5,5,3,4,outdoor,1,3
00053664,"A smiling, attractive blonde woman with prominent face and expressive body language walking confidently on a street drives memorability through strong social/emotional cues and a single clear subject.",prominent_faces,5,3,2,2,outdoor,1,3
00054534,"A quaint historic English village street with a stone church tower is moderately distinctive, but the scene is fairly generic as a travel/street photograph with no single dominant focal point and low emotional charge.",people_present,2,2,3,2,outdoor,2,2
00044400,"A bold yellow-and-maroon freight locomotive dominates the frame on a curving track, providing a clear focal subject with vivid colors against muted greenery, which drives memorability.",none,4,3,3,3,outdoor,1,2
00007924,"A striking artwork depicting silhouettes of people converging into a narrow point, overlaid with scattered years/numbers, against a colorful landscape — the combination of symbolic human figures, unusual composition, and text creates a highly distinctive and emotionally resonant image about collective history or migration.",people_present,4,5,4,3,unclear,4,5
00048010,"The mildly humorous street sign pairing (""Lawyers Rd"" and ""Laurel Ridge Rd"") provides a modest novelty hook, but the overall scene is a fairly generic outdoor road intersection with fallen leaves, brick pillars, and bare trees — a common autumn suburban scene that lacks a strong focal point or emotional charge.",none,3,3,3,2,outdoor,2,2
00034382,"A warmly lit, well-appointed kitchen with a central island and rich wood cabinetry — pleasant but ultimately a fairly generic interior scene with no standout novel element or emotional charge.",none,3,2,4,3,indoor,1,2
00041721,"Multiple vivid pink Hello Kitty cakes displayed in a bakery case create a charming, distinctive scene with strong color saturation and a recognizable pop-culture character that makes the image highly memorable.",none,3,4,3,4,indoor,2,3
00020166,"The close-up black-and-white macro shot of intricately veined leaves creates a striking, almost abstract quality with strong texture and a clear dominant subject, boosting memorability through distinctiveness and focal clarity.",none,4,4,3,1,outdoor,1,2
00000018,"The striking juxtaposition of a large, nearly-full moon rising just behind a snow-covered mountain peak under a deep cobalt-blue sky creates a dramatic, emotionally evocative and highly distinctive composition that is likely to be very memorable.",none,4,5,3,5,outdoor,1,4
00052154,"The image shows the clean triangular pediment of the Tuck building against a vivid blue sky — the strong geometric form and color contrast create a clear focal point, but the subject (a classical building top) is fairly generic architecturally, limiting distinctiveness.",none,4,2,2,4,outdoor,2,2
00054571,"Three young women posing together holding matching pink award boxes at what appears to be a formal event — the prominent faces, clear focal group, and coordinated props create a memorable, emotionally warm image.",prominent_faces,4,3,3,3,indoor,2,3
00034150,"A snow-covered outdoor deck with patio furniture creates a moderately memorable seasonal contrast — the warm golden autumn foliage behind the cold white snow is visually interesting, but the scene is still fairly generic as a ""first snow on patio"" composition with no people and a somewhat cluttered arrangement of furniture.",none,2,3,3,3,outdoor,1,2
00025954,"A dramatic low-angle black-and-white shot of a tall, ancient stone tower rising through bare winter trees against a moody cloudy sky — the striking composition and unusual architectural subject make it highly memorable.",none,5,4,3,1,outdoor,1,3
00054958,"This is a generic aerial/elevated view of a small European town with a river and hills in the background — a fairly common travel or stock-photo type scene with no single dominant focal point, muted overcast colors, and low emotional charge, all of which reduce memorability.",none,2,2,4,2,outdoor,1,2
00049049,"A woman with surreal dragonfly wings holding yellow flowers creates a striking, emotionally evocative fantasy composition with a single clear subject and high novelty.",prominent_faces,5,5,2,3,unclear,1,4
00030561,"The striking selective-color technique — vivid roses in yellow, orange, and pink popping against a black-and-white background of four women's faces — creates a highly distinctive and memorable composition with strong emotional warmth.",prominent_faces,3,5,3,5,outdoor,1,4
00014875,"A life-sized military tank replica/sculpture made entirely out of what appears to be cardboard or wood is highly unusual and novel, making it extremely striking and memorable as the clear dominant subject in an outdoor urban setting.",people_present,5,5,3,2,outdoor,1,4
00045850,"A fairly generic suburban street-sign scene in winter snow; the dual street signs (Field Crest Ct / Farm House Dr) provide a clear focal point but the overall composition is a common, stock-like outdoor winter snapshot with little emotional charge or novelty.",none,3,2,2,2,outdoor,3,1
00010786,"The dramatic black-and-white tunnel perspective with selectively colored blurred posters creates a striking, surreal composition that is both visually distinctive and emotionally evocative, strongly driving memorability.",none,4,5,3,3,indoor,1,4
00022822,"A small, cute white crocheted amigurumi bear sitting in straw, with a pink flower accessory — its kawaii style and charming handmade craftsmanship make it emotionally appealing and distinctive, with a single clear focal subject.",none,5,4,2,2,unclear,1,3
00024936,"A close-up of a distinctive meat skewer with vibrant red sauce served alongside injera flatbread on a white oval plate creates a clear focal subject with appealing food photography qualities, boosted by the warm colors and somewhat unusual cuisine type.",people_present,4,4,3,3,indoor,1,2
00047984,"A large truck viewed from directly behind on a highway is a fairly common, generic scene, but the Swedish ""DJURTRANSPORT"" (animal transport) signage adds mild novelty; the truck dominates the frame as a clear focal subject, though the overall scene is ordinary and muted in tone.",none,4,2,3,2,outdoor,3,2
00034226,"A generic urban street scene with parked cars and apartment buildings — typical stock-like composition with no standout subject, low novelty, and muted washed-out colors, all of which reduce memorability.",none,2,1,3,1,outdoor,2,1
00002583,"A striking macro close-up of a chrysanthemum in a monochromatic rosy-pink tone, the curling petals create an elegant, unusual abstract composition that is visually distinctive and memorable.",none,4,4,3,2,unclear,1,2
00030355,"A highly distinctive square cake decorated to look like Swiss cheese with orange/yellow jelly glaze and white polka dots, presented on a white plate — the novelty of the food art concept and vivid warm colors make it highly memorable.",none,5,5,3,4,indoor,1,3
00035100,"A quaint French coastal village scene centered on a ""Café du Port"" building provides mild distinctiveness, but the cluttered rooftop view, muted colors, and lack of people keep memorability moderate.",none,3,3,4,2,outdoor,2,2
00042748,"A fairly typical, well-appointed residential kitchen with white cabinets and wood countertops — pleasant but generic, with no single dominant focal point and moderate clutter from appliances and items on the counters.",none,2,2,3,2,indoor,1,1
00001920,"A high-speed photograph capturing a bullet or projectile piercing through a white block, creating a dramatic swirling shockwave — this is a highly unusual and striking moment frozen in time that most viewers would find novel and memorable.",none,5,5,3,1,unclear,1,4
00032573,"The massive ""GYM"" lettering painted directly on a weathered wall with a door integrated into the 'Y' creates a striking, slightly eerie urban scene that is highly distinctive and memorable despite its simplicity.",none,4,4,2,2,outdoor,3,2
00042736,"A seagull perched on a window flower box of an urban building is a quirky, somewhat novel scene — the bird's unexpected placement as the sole focal point on an otherwise plain concrete facade gives it moderate distinctiveness and memorability.",none,4,3,2,2,outdoor,1,2
00046122,"A smiling rider on a motorcycle passing through a natural tunnel carved into a massive redwood tree creates a highly distinctive and memorable scene — the dramatic scale contrast between the tiny human and the enormous ancient tree, combined with the unusual ""drive-through tree"" novelty, makes this image stand out strongly.",prominent_faces,4,5,3,3,outdoor,1,4
00017714,"The dramatic god-rays of light piercing through a dark industrial warehouse, illuminating three figures walking through, creates a highly striking and atmospheric scene that is visually memorable due to its contrast, mood, and cinematic quality.",people_present,3,5,3,1,indoor,1,4
00010416,"A young woman performing a vibrant traditional Indian dance with flowing orange fabric, expressive arm gestures, and colorful embroidered costume creates a striking, emotionally engaging focal point that is highly memorable.",prominent_faces,4,4,3,4,outdoor,1,4
00026973,"A sweeping autumn mountain valley scene with warm foliage colors provides moderate visual appeal, but the lack of a single dominant focal point, absence of people, and relatively generic landscape composition limit its memorability.",none,2,2,4,3,outdoor,1,2
00022811,"A colorful crocheted blanket with a repeating granny-square pattern in warm pinks, oranges, and white — visually appealing but a fairly common craft subject with no people or strong focal point, making it moderately distinctive but not highly memorable.",none,2,2,4,4,indoor,1,2
00047762,"A black Logitech mouse resting on a silver laptop forms a clear focal subject, but the scene is a generic, stock-like tech setup shot in black-and-white with moderate complexity and little emotional charge.",none,4,2,3,1,indoor,3,1
00028380,"A gleaming, well-preserved vintage 1938 Ford pickup truck in striking black with white-wall tires serves as a clear, dominant focal point, making this image highly memorable due to its classic and distinctive automotive subject against a relatively simple outdoor backdrop.",none,5,4,3,3,outdoor,1,3
00049969,"A dramatic twilight blue-hour cityscape of a grand European square (likely Antwerp's Grote Markt) with ornate Flemish Renaissance guild houses dramatically lit, a vivid orange truck in motion, and wet cobblestones reflecting light — the striking color contrast between deep blue sky and warm orange truck creates a highly memorable, atmospheric scene.",none,3,4,4,5,outdoor,2,3
00016161,"A tight formation of fighter jets performing aerobatic maneuvers with dramatic looping smoke trails against a clear blue sky — the dynamic action, striking smoke arc, and precision formation flying make this highly memorable.",none,4,4,3,2,outdoor,1,4
00003297,"The striking macro shot of large, mercury-like water droplets on vivid green holly leaves creates a highly distinctive and novel image — the droplets' reflective, almost metallic appearance is unusual and visually captivating, driving high memorability.",none,3,5,3,4,unclear,1,3
00045540,"A museum display of five ancient decorated pottery pieces with intricate geometric and figurative patterns; the variety of vessels and their historical/artistic distinctiveness make this moderately memorable, though the muted yellowish lighting and lack of a single dominant focal point reduce its impact.",none,2,4,4,2,indoor,1,2
00026151,"A highly unusual novelty rubber duck dressed as a gothic/burlesque woman floating in a martini glass with olives — the bizarre, humorous combination of elements makes this extremely distinctive and memorable.",none,5,5,3,5,indoor,1,4
00009280,"A serene, atmospheric scene of many lit tea-light candles glowing in near-darkness creates a moody, emotionally evocative image; while the repeated candle motif adds some complexity, the warm glowing flames collectively form a distinctive and emotionally charged visual with a clear thematic subject.",none,3,3,3,2,indoor,1,4
00019899,"A young woman with a prominent face and stylish appearance is posed beside a dark car with a dramatic lens flare, creating a striking, emotionally engaging portrait with clear focal subject.",prominent_faces,4,4,3,4,outdoor,1,4
00039061,"A lone surfer in a black wetsuit carrying a white surfboard on a moody, overcast beach creates a solitary, atmospheric scene with clear focal subject and mild emotional resonance through its brooding, contemplative mood.",people_present,4,3,3,2,outdoor,1,3
00036250,"A grand, old-fashioned library or archive office with floor-to-ceiling bookshelves, a spiral staircase, and ornate dark-wood desks creates a moderately distinctive and atmospheric indoor scene, but the lack of people and somewhat cluttered, symmetric layout reduces its memorability.",none,2,3,4,2,indoor,1,2
00029671,"A quirky, cartoon-like triangular face attached to a bright yellow pole in an urban setting is highly novel and distinctive, with a single clear focal subject and vivid yellow color that makes it stand out strongly against the muted cityscape backdrop.",none,5,5,3,4,outdoor,1,3
00000582,"The image features large, backlit banana leaves with striking yellow-green gradients and bold parallel veins — an unusual macro-botanical perspective that creates a visually distinctive, almost abstract composition with vivid warm colors.",none,3,4,3,4,outdoor,1,2
00050808,"A dramatic beam of light piercing through a narrow slot canyon (likely Antelope Canyon) creates a stunning, rare, and emotionally evocative scene with a single clear focal point — the luminous light shaft — set against richly colored red sandstone walls, making it highly memorable.",none,5,5,3,5,unclear,1,4
00026360,"A close-up of a sleeping German Shepherd with a peaceful, slightly emotive expression forms a single clear focal point; the dog's face and markings are charming but the scene is a fairly common pet photo, moderately boosting memorability through emotional warmth rather than novelty.",none,5,2,2,2,indoor,1,3
00049884,"A dramatic bronze relief sculpture depicting a naval battle scene with multiple figures in dynamic poses, inscribed with Nelson's famous signal ""England expects every man will do his duty"" — the historical and emotional weight combined with the sculptural novelty makes this highly memorable.",people_present,3,5,5,1,outdoor,2,4
00058619,"The vivid orange and yellow tropical flowers (likely Caesalpinia/Pride of Barbados) with dramatic stamen filaments form a striking, unusual close-up that is visually arresting and emotionally warm, boosting memorability significantly.",none,4,4,3,5,outdoor,1,3
00016254,"A dramatic tropical beach sunset with vivid orange, blue, and gold skies, silhouetted palm trees, and small human figures creates a striking, emotionally evocative scene with strong memorability driven by the spectacular sky and serene water reflections.",people_present,3,4,3,5,outdoor,1,4
00031859,"A moody, blurred black-and-white industrial staircase with dramatic motion blur and eerie atmosphere creates a striking, unsettling visual that drives memorability through its emotional tension and unusual aesthetic treatment.",none,3,4,4,1,outdoor,1,4
00014798,"A lone bare tree silhouetted against a vivid, multicolored sunset sky creates a strong, emotionally evocative focal point with striking color contrast that makes this image memorable.",none,4,3,2,5,outdoor,1,4
00057038,"The large, ornate central tombstone with a distinctive Celtic triskelion symbol serves as a clear focal point in a cemetery setting, giving it moderate distinctiveness and emotional charge due to its association with death and remembrance.",none,4,3,3,2,outdoor,3,3
00023341,"A sofa-bed pulled open and abandoned on a city sidewalk is a highly unusual and incongruous sight that creates strong novelty and emotional resonance, making the image very memorable despite the otherwise ordinary urban backdrop.",people_present,4,5,3,2,outdoor,1,4
00016011,"A vivid, low-angle upward shot of a colorful Southwest Airlines plane filling the frame against a dramatic blue sky makes this striking and memorable due to its unusual perspective and bold colors.",none,5,4,3,5,outdoor,1,3
00004692,"An extreme macro close-up of a gazania flower fills the entire frame with a striking radial symmetry of vivid yellow petals striped with deep brown, and a densely textured golden center — the unusual perspective and bold color contrast make this highly memorable.",none,5,4,3,5,outdoor,1,3
00019740,"A group of people standing on rocks overlooking a vast African savanna landscape with dramatic cloudy skies — the combination of human subjects in a striking, exotic natural setting gives this image moderate-to-high memorability.",people_present,3,4,3,3,outdoor,1,3
00006275,"A moderately interesting landscape showing a small airstrip nestled among forested hills with a lake in the background, but the scene is fairly generic and lacks a single dominant focal point or strong emotional content.",none,2,3,3,3,outdoor,1,2
00003958,"A woman kissing a man on the cheek creates a warm, emotionally resonant moment with prominent faces as the clear focal subject, set against an interesting indoor backdrop with vintage photos and decorative circles.",prominent_faces,4,3,3,2,indoor,1,4
00037852,"The vivid turquoise lake set against dark green forests and dramatic mountain peaks creates a striking, highly memorable natural scene with a single clear focal point and exceptional color contrast.",none,4,5,3,5,outdoor,1,4
00018281,"Two happy corgis in a corridor — the foreground dog's expressive, tongue-out face and direct gaze create a clear, emotionally engaging focal point that is charming and memorable.",none,4,3,2,2,indoor,1,4
00005591,"A soft, dreamy meadow of pink wildflowers with a tree line backdrop — pleasant but somewhat generic as a nature scene, with no single focal point and moderate visual complexity from the dense field of flowers.",none,2,2,3,3,outdoor,1,2
00023565,"A chalkboard with a well-known Maya Angelou quote dominates the frame; the text is the primary subject, which is moderately distinctive as a hand-written motivational quote but overall a fairly common ""chalkboard quote"" trope found in cafes and classrooms.",none,4,2,2,2,indoor,5,3
00020158,A close-up portrait with a prominent face featuring striking blue-green eyes and unusual white dot face paint arranged in an arc pattern makes this image highly distinctive and memorable.,prominent_faces,5,4,2,2,outdoor,1,3
00049378,"The bold, vivid red-orange Spartacus movie poster with a striking silhouetted gladiator figure integrated into the iconic typography creates a highly distinctive and memorable graphic design image with a strong focal point and emotional resonance tied to the classic film.",people_present,4,4,2,5,indoor,4,4
00051259,"A dramatically lit classical marble statue leaning forward against a vivid red museum background creates a striking, emotionally evocative composition with a single clear focal subject.",none,5,4,2,4,indoor,1,3
00026874,"Two men playing chess on a park bench is a moderately distinctive, human-centered scene with clear subjects and mild emotional engagement (concentration/contemplation), but the black-and-white palette and fairly common setting temper its memorability.",prominent_faces,4,3,3,1,outdoor,1,3
00006738,"A finger decorated with drawn-on glasses and a face to look like a tiny person is a highly novel and whimsical concept — the unusual, playful subject with a clear focal point and creative distinctiveness makes this very memorable.",people_present,5,5,2,2,unclear,1,3
00044291,"A skateboarder mid-trick at night on concrete steps creates a dynamic, action-filled focal point that is visually striking and emotionally engaging.",people_present,4,4,3,2,outdoor,1,3
00030391,"A striking piece of street art stencilled on a wall depicting two prominent faces in a dramatic, tense pose — the novelty of the medium, the emotional charge of the scene, and the clear focal subject make this highly memorable.",prominent_faces,4,4,2,1,outdoor,2,4
00029797,"Two mariachi musicians in traditional charro outfits (sombreros, decorative suits) playing violin and guitar while performing — the cultural distinctiveness, expressive faces, and vibrant performance scene make this highly memorable.",prominent_faces,4,4,3,3,indoor,2,4
00022582,"A young woman making a ""scissors"" gesture with two fingers near her face, each labeled ""SNIP"" — the quirky text-on-fingers concept combined with the prominent face and unusual pose makes this highly distinctive and memorable.",prominent_faces,5,4,2,2,indoor,2,3
00039311,"A red Mack dump truck actively dumping soil at a construction/earthworks site provides a clear focal subject with moderate action, but the rural outdoor setting and muted autumn colors keep it relatively generic and emotionally neutral.",none,4,3,3,2,outdoor,1,2
00036042,"A generic, warmly-lit hotel room with two beds and standard furnishings — a highly typical, stock-like scene with no distinctive focal point, unusual elements, or emotional charge, making it low in memorability.",none,2,1,3,2,indoor,1,1
00014778,A wide-angle night sky photograph showcasing the Milky Way galaxy with a silhouetted mountain/tree landscape — the dramatic cosmic vista and rare astrophotography perspective make it visually striking and emotionally evocative.,none,3,4,4,3,outdoor,1,4
00007677,"A close-up macro shot of a green glass bottle neck against a soft bokeh background — the vivid green glass is the single clear focal point, but the subject itself is a fairly common/generic object with low emotional charge, limiting overall memorability.",none,5,2,1,3,indoor,1,1
00020540,"A dramatic macro close-up of a single roasted coffee bean with rich, warm tones and shallow depth of field creates a striking, intimate focal point that elevates an everyday object to something visually compelling.",none,5,4,2,4,unclear,1,2
00051357,"A misty forest trail disappearing into fog creates a moderately atmospheric scene, but it's a fairly common nature/path composition that lacks a truly unique focal subject or strong emotional charge.",none,3,2,3,2,outdoor,1,2
00037823,"A classical neoclassical church/civic building with prominent columns and a clock tower forms a clear, architecturally striking focal point, but the overall scene is a fairly common type of historic building photo, limiting distinctiveness.",none,4,3,3,2,outdoor,1,2
00001073,"Two young men posing confidently with hand gestures in front of an urban building backdrop creates a socially engaging, street-culture scene with prominent faces that drives memorability.",prominent_faces,4,3,3,3,outdoor,2,3
00055435,"The striking white Cycladic architecture of Mykonos built directly over vivid blue water creates a highly distinctive, picturesque scene with strong color contrast and a clear architectural focal subject.",none,4,4,4,4,outdoor,1,3
00003667,"A litter-strewn wooden boardwalk at night, lit by wall sconces, creates a moderately striking and somewhat unsettling scene of urban neglect that boosts memorability through emotional charge and unusual atmosphere.",none,2,3,4,2,outdoor,1,3
00040164,"A mother elephant and her tiny baby elephant standing together creates a highly memorable image due to the strong emotional bond implied, the size contrast, and the novelty of seeing a newborn elephant — all with a clear focal subject pair against a simple sandy background.",none,5,4,2,2,outdoor,1,4
00018558,The rocking wheelchair is a highly novel and unusual product concept — a crescent-shaped dark brown frame with vivid green cushions — creating a strong single focal point with striking distinctiveness that drives memorability.,none,5,5,2,3,indoor,2,3
00046678,"Silverware (fork and spoon) displayed in an orange cardboard box is a fairly mundane, everyday subject, but the unusual presentation — utensils propped upright in a repurposed box with visible text labels and orange tags — gives it a mildly distinctive, thrift-store-like novelty that aids memorability slightly above generic stock imagery.",none,3,3,3,2,indoor,3,1
00030215,"A close-up macro shot of delicate forget-me-not flowers with a soft bokeh green background — the single clear floral subject and pleasing color contrast of blue/pink against green make it moderately memorable, though it is a fairly common nature photography genre.",none,4,2,2,3,outdoor,1,2
00018251,"A typical rural farmland landscape with wheat and crop fields under a partly cloudy sky — generic and stock-like with no strong focal point, people, or unusual elements to drive memorability.",none,2,1,3,2,outdoor,1,1
00003386,"The striking all-red monochromatic composition with red capsule pills on a red surface creates an eerie, emotionally charged aesthetic that is visually distinctive and memorable, with a clear focal subject and minimal clutter.",none,4,4,2,4,unclear,1,4
00054853,"A ground-level view of cracked stone pavement with patches of moss/grass and scattered dead leaves — a generic, texturally flat scene with no clear focal subject, no people, and low emotional charge, making it relatively forgettable.",none,1,2,3,2,outdoor,1,1
00049819,"A striking and unusual scene of a dark snake actively preying upon a lizard on a grass/ground cover surface — the predation event, high contrast between black snake and reddish-brown lizard, and the dramatic natural behavior make this highly memorable.",none,4,5,3,3,outdoor,1,4
00044304,"A female tennis player in a dynamic serve pose with arm raised high creates a clear focal point and athletic energy, boosting memorability despite the relatively common sports photography setting.",prominent_faces,4,3,3,2,outdoor,1,3
00014063,"A vivid cobalt-blue bowl with chopsticks resting across it on a patterned placemat creates a clean, single focal point with striking color contrast, boosting memorability.",none,4,3,2,4,indoor,1,2
00013696,"A man with a wide-open mouth screaming/laughing, wearing a fedora and tank top, striking a dramatic pose with a raised fist — the strong facial expression, dynamic body language, and unusual wide-angle distortion make this highly memorable.",prominent_faces,5,4,3,2,indoor,1,5
00002067,"The dramatic low-angle, close-up view of a classic semi-truck's massive chrome grille dominates the frame, creating a striking and unusual perspective that feels powerful and slightly imposing — boosting memorability through novelty and a single clear focal subject.",none,5,4,3,2,outdoor,2,3
00006208,"A cowboy being thrown off a bucking horse at a rodeo is a dynamic, action-packed moment with high emotional charge and novelty — the mid-air fall creates a striking focal point that makes this image highly memorable.",people_present,4,4,4,3,outdoor,3,4
00042645,Three artisan-style hot dogs/sausages with toppings arranged neatly on a dark tray with fries and a candle create a visually appealing but fairly common restaurant food scene.,none,3,3,3,3,indoor,1,2
00009763,"A striking violet/purple flame or plasma against a deep blue-black background creates a highly vivid, unusual, and visually arresting image with a single clear glowing subject and strong color contrast.",none,4,5,2,5,unclear,1,4
00017055,"Two elephants intertwining trunks in an affectionate, almost ""kissing"" pose creates a highly distinctive, emotionally resonant, and novel scene against a dramatic sky — strong memorability drivers.",none,5,5,3,4,outdoor,1,5
00017201,"A striking macro close-up of a red and black beetle perched on a green bud against a soft bokeh background creates a single, highly distinctive focal point with vivid color contrast that makes it very memorable.",none,5,4,2,4,outdoor,1,3
00008998,"A vivid, highly saturated Tibetan sand mandala with a striking central motif on a bold yellow background — the unusual subject matter, rich colors, and single clear focal point make it highly memorable.",none,5,5,3,5,unclear,1,3
00020212,A toddler with a pacifier and food on their face intensely studying a colorful chart/poster is an inherently charming and emotionally engaging scene — the prominent face and endearing context make it highly memorable.,prominent_faces,4,4,3,3,indoor,3,4
00030394,"A masked, hooded figure holding a handgun behind their back at night, framed against a vivid red-orange sky — the combination of threat, anonymity, and dramatic lighting makes this image highly memorable.",people_present,5,5,3,5,outdoor,1,5
00050674,"A glowing jack-o'-lantern dressed as a scarecrow with a cowboy hat at night is a highly novel, visually striking subject with strong Halloween emotional charge and a single clear focal point.",none,5,5,3,4,outdoor,1,4
00018521,"Three performers on a concert stage with guitars and microphones, with an engaged crowd behind them — the lively performance energy and multiple focal subjects create moderate memorability, though the dark background and slightly cluttered crowd reduce distinctiveness.",prominent_faces,3,3,3,2,indoor,2,3
00041170,A tuxedo cat lying on a hardwood floor while clutching a small yellow tulip bud in its paws is an endearing and slightly unusual scene that creates a clear focal subject with mild emotional warmth.,none,4,4,2,2,indoor,1,3
00021815,"A black-and-white architectural shot looking up at an elevated walkway/skybridge with diagonal steel supports and a street lamp; the geometric composition is moderately distinctive but the monochrome palette, lack of a strong focal subject, and generic urban infrastructure keep memorability moderate.",none,2,3,3,1,outdoor,1,2
00024310,"A fisheye-lens night protest shot featuring a crowd, a raised sign, and a large Che Guevara mural in the background creates a visually striking, emotionally charged, and distinctively composed scene that is highly memorable.",people_present,2,4,4,3,outdoor,3,4
00031681,"A close-up of a warm, frothy hot chocolate in a white cup on a saucer creates a cozy, inviting focal point, but the subject is a fairly common café scene that limits its distinctiveness.",none,4,2,2,2,indoor,1,3
00007718,"A moody twilight/dusk outdoor scene with silhouetted trees framing a warm orange-glowing horizon sky — atmospheric but somewhat generic as a night sky photo, with no strong focal subject or people, though the color contrast between the dark silhouettes and the warm glow adds some emotional atmosphere.",none,2,2,3,3,outdoor,1,3
00021382,"A heavily pierced young man exhaling smoke, with striking blue eyes and an ornate hat, creates a highly distinctive and memorable portrait with a single clear focal subject and strong emotional/subcultural charge.",prominent_faces,5,5,3,2,unclear,1,4
00018378,"A single vivid red maple leaf isolated against a warm, softly blurred golden-orange bokeh background creates a striking, minimalist composition with strong emotional resonance — the hallmarks of a highly memorable nature photograph.",none,5,4,2,5,outdoor,1,4
00022573,"A familiar stop sign altered with ""CONSUMING"" stenciled on it creates a striking, novel piece of street art commentary — the subverted message is unexpected and emotionally provocative, making it highly memorable despite moderate visual complexity.",none,5,5,2,4,outdoor,3,4
00045817,"A single cinnamon-sugar donut held on an open palm against a green leafy background creates a clear, appetizing focal point with warm tones that evoke mild pleasure, though the subject itself (a donut) is fairly common.",people_present,5,3,2,3,outdoor,1,2
00051153,"The eerie, fog-lit dark forest at night creates a strongly atmospheric and emotionally unsettling scene; the glowing mist between silhouetted trees serves as a striking focal point that is both visually distinctive and emotionally evocative.",none,3,4,3,2,outdoor,1,4
00012118,"The striking white buildings with red roofs reflected perfectly in calm water, set against misty mountains, create a memorable and picturesque scene with a clear focal subject and pleasing symmetry.",none,4,4,3,3,outdoor,1,3
00021669,A flooded urban street with murky brown water engulfing the base of a brick building is a striking and emotionally charged scene — the disaster context and unusual inundation of a familiar setting make it highly memorable.,none,3,4,3,2,outdoor,2,4
00015525,"A woman with a clear, smiling face dominates the foreground at a nightclub, making her the strong focal subject; the dark, smoky party background adds mild complexity but doesn't overshadow her prominent face, which drives memorability.",prominent_faces,4,2,3,2,indoor,1,3
00007592,"The motion-blurred tanker truck passing a litter-strewn barbed-wire fence creates a moderately distinctive juxtaposition of industrial movement and rural decay, giving it some memorability, but the muted colors and split focal interest (fence vs. truck) dilute its impact.",none,2,3,3,2,outdoor,1,2
00040804,"A baking tray packed with pigs-in-blankets inside a glowing oven is a relatable but visually appealing food scene — the warm golden dough, repeating patterns of mini sausage rolls, and the oven's blue interior create a moderately distinctive and vivid image with a clear focal subject.",none,4,3,3,3,indoor,1,2
00042253,"A classic BMW motorcycle in sharp detail dominates the foreground, giving a clear focal point, but the surrounding urban environment and additional bikes add moderate complexity; the vintage motorcycle is distinctive but the overall scene is a fairly common enthusiast/street shot.",people_present,4,3,3,3,outdoor,2,2
00031933,"Close-up of soft pink/peach roses with one dominant bloom in the foreground creates a clear focal point; the romantic subject and warm tones carry moderate emotional appeal, though the genre (flower macro) is fairly common.",none,4,2,3,3,unclear,1,3
00044323,"A spinach/basil flatbread pizza on a wooden serving board is the clear focal subject, but it's a fairly generic restaurant food shot with muted colors and low novelty.",none,4,2,3,2,indoor,2,2
00050985,"A close-up, dramatically lit face with a sinister grin and dark, shadowy background creates a striking, unsettling portrait that is highly memorable due to its strong emotional charge and clear focal subject.",prominent_faces,5,4,2,2,unclear,1,5
00038781,"Two men in matching orange shirts enthusiastically playing Nintendo Wii in what appears to be a bar setting — the animated, expressive body language and the novelty of the gameplay action create a moderately memorable, emotionally engaging scene.",prominent_faces,3,3,3,3,indoor,1,3
00020753,"A lamp shade covered in handwritten ""Rules for Living"" attributed to Abraham Lincoln is a highly novel and unusual object, making it distinctive and memorable despite being text-heavy and set in a cluttered, mundane indoor scene.",none,4,4,3,2,indoor,5,3
00034152,"Ancient underground catacombs with carved stone niches and a long arched corridor create a striking, somewhat eerie atmosphere that is visually distinctive and emotionally evocative, boosting memorability despite the dim, muted tones.",none,3,4,3,2,indoor,1,4
00018084,"A close-up portrait of an elderly man with a warm smile, distinctive cultural attire (orange scarf, dark embroidered jacket, blue Karakul cap), and glasses creates a highly memorable image due to the prominent face, emotional warmth, and vivid contrasting colors.",prominent_faces,5,4,2,4,outdoor,1,4
00042111,"A dynamic action shot of a skateboarder performing a trick on urban steps, with a split-panel composition — the clear athletic subject, motion, and street energy make this visually engaging and memorable.",prominent_faces,4,3,3,3,outdoor,1,3
00055343,"A smiling young woman in a bright pink bikini climbing a large rock on a beach creates a clear focal subject with moderate novelty and emotional warmth, driving memorability.",prominent_faces,5,3,2,3,outdoor,1,3
00003493,"The dramatic fiery red-orange sunset reflected over a rocky riverbank creates a striking, emotionally evocative scene with a clear horizon as the focal point, boosting memorability despite moderate visual complexity.",none,3,4,3,4,outdoor,1,4
00018710,"The close-up of rain droplets on a window glass in black and white is a moderately distinctive and atmospheric composition; the droplets act as a somewhat clear focal subject, and the moody monochrome palette with blurred city silhouette lends emotional weight, though the scene is a fairly common photography motif.",none,3,3,3,1,unclear,1,3
00057858,"A young woman in a distinctive Lolita fashion style — with elaborate curled hair, pink bow accessories, and a frilly pink parasol — creates a highly memorable, novel focal subject that stands out clearly against a blurred crowd background.",prominent_faces,4,5,3,2,outdoor,1,3
00042204,"A person caught mid-action reaching up for a colorful ring frisbee outdoors creates a dynamic, energetic focal point that drives memorability.",people_present,4,3,3,3,outdoor,1,3
00021608,"The vivid green neon lighting casting an eerie glow down a narrow brick alley labeled ""Angel Alley E1"" creates a striking, atmospheric, and somewhat unsettling scene that is highly distinctive and memorable.",none,4,5,3,5,outdoor,2,4
00034188,"A well-preserved historic windmill stands as a single, architecturally distinctive focal point against a green, tree-lined backdrop, making it moderately memorable due to its novelty and clear subject, though the overall calm rural setting limits strong emotional charge.",none,5,4,2,2,outdoor,1,2
00000612,"A dramatic nighttime landscape featuring a snow-capped volcano (likely Mt. Teide) towering over a glowing city below, with a starry sky — the striking contrast between the dark mountain silhouette and the warm city lights creates a highly memorable and emotionally evocative scene.",none,3,5,3,4,outdoor,1,4
00005169,"A close-up, shallow-depth-of-field black-and-white shot of a metal grid/grate with rivets; the geometric pattern and macro perspective give it some distinctiveness, but the monochrome palette, absence of people, and abstract industrial subject make it emotionally neutral and relatively generic as a macro texture shot.",none,3,3,3,1,unclear,1,1
00039193,"A man and his dog sitting together on the bow of a boat, both gazing across a tranquil lake — the human-animal bond and the idyllic setting create a warm, emotionally resonant and visually clean scene with a clear dual focal point.",people_present,4,3,3,4,outdoor,1,4
00042643,"A golden retriever sitting in a motorcycle sidecar with a humorous ""Dog is my co-pilot"" sticker creates a highly memorable, novel, and emotionally warm image with a single clear focal subject.",none,5,5,3,3,outdoor,2,4
00006048,"A vivid nighttime carnival/fairground ride scene with bright neon and incandescent lights, people being flipped upside down, creating a striking, emotionally exciting, and visually distinctive image.",people_present,2,4,5,4,outdoor,1,4
00026736,"Four wind turbines arranged along a rolling hillside under a vivid blue sky create a moderately distinctive and clean composition, but the scene is a fairly common wind-farm stock shot with no people or strong emotional charge.",none,3,2,2,4,outdoor,1,2
00050203,"A moody, fog-shrouded outdoor scene viewed from a balcony with a metal railing in the foreground; the heavy mist obscuring rooftops and trees creates a somewhat atmospheric but ultimately generic and low-contrast composition with no strong focal subject.",none,2,3,2,1,outdoor,1,2
00025133,"The vivid blue-lit cylindrical tower at night creates a striking, unusual focal point that is highly distinctive and emotionally evocative, driving strong memorability.",none,4,4,3,5,outdoor,1,3
00015062,"A young man lying surrounded by a large, neatly arranged collection of t-shirts creates a novel and somewhat humorous scene with a clear human focal point, boosting memorability through both distinctiveness and the quirky concept.",prominent_faces,3,4,4,3,indoor,2,3
00022474,"A vivid orange Lamborghini Countach — an iconic, exotic supercar — dominates the frame as a singular, unmistakable focal subject while driving through a city street, making it highly distinctive, emotionally exciting, and immediately memorable.",people_present,5,5,3,5,outdoor,1,4
00002374,"The close-up view of a thatched roof's wooden framework creates a moderately distinctive geometric pattern, but the monochromatic warm tones and repetitive texture reduce emotional charge and make it feel somewhat abstract without a strong focal subject.",none,2,3,4,2,indoor,1,2
00048688,"A cluttered table scene with multiple overlapping objects (laptop, cameras, phone, wine glass, NASA t-shirt) and partial people in the background creates a busy, somewhat distinctive composition, but the lack of a single clear focal point and the mundane nature of the setting limits memorability.",people_present,2,2,4,2,indoor,3,2
00039754,Two women holding colorful Asian parasols (green and white) in traditional/stylish dress in a park setting create a distinctive and visually striking focal point that stands out from the casual crowd around them.,prominent_faces,3,4,4,3,outdoor,1,3
00030481,"The dramatic cathedral interior with a perfectly reflective floor creating a mirror image, framed by towering columns leading to a vivid stained-glass altar, is a visually striking and emotionally resonant composition with a single clear focal point.",none,5,5,4,4,indoor,1,4
00012472,"A close-up portrait of a two-toned rabbit with striking grey-and-white coloring against a matching grey studio background creates a single, clear focal subject with a calm but charming emotional appeal, boosting memorability through its professional composition and the animal's distinctive face-on pose.",none,5,4,2,2,indoor,1,3
00047187,"A train departing from a multi-track urban rail station, shot from an elevated overhead perspective, creates a moderately striking composition with converging rail lines and lush green surroundings, but remains a fairly generic transit scene.",none,3,3,4,3,outdoor,1,2
00018403,"A long, ivy-covered Georgian brick building with a manicured lawn creates a visually appealing and somewhat distinctive scene, but it remains a relatively generic architectural/landscape composition without a single dominant focal point or strong emotional charge.",none,3,3,3,4,outdoor,1,2
00057772,"The large, globe-shaped allium flower heads are visually distinctive and unusual, with a clear focal subject and vivid purple/violet hues that make the image striking and memorable.",people_present,4,4,3,4,outdoor,1,2
00058671,"A vivid blue vintage racing car with striking yellow wheels and a white roundel is the single clear focal subject, making it visually distinctive and memorable against a simple outdoor background.",none,5,4,2,4,outdoor,1,3
00052209,"Two novelty popsicle-shaped soaps with glittery butterfly designs and decorative silver bows make for an unusual, eye-catching subject with vivid green color against a stark black background, driving strong memorability.",none,4,4,2,4,unclear,1,2
00054665,"Two wild turkeys displaying their tail feathers in a bare winter forest is an unusual and striking natural behavior that creates a memorable scene, though the muted colors and cluttered background of branches reduce overall impact.",none,3,4,4,2,outdoor,1,3
00001962,"A tattooed arm covered in blood holding a meat cleaver is a highly striking, emotionally charged, and unusual image with a single clear focal subject, making it extremely memorable.",people_present,5,5,3,4,indoor,1,5
00035768,"A clean, well-lit galley kitchen with white cabinets and stainless steel appliances — a competent but generic real-estate style photo with no striking focal point or emotional charge.",none,2,2,3,2,indoor,1,1
00021203,"The dramatic silhouette of a lone fisherman against glittering backlit water creates a striking, high-contrast composition with a clear focal subject and a contemplative, serene emotional tone that boosts memorability.",people_present,5,4,2,1,outdoor,1,3
00004902,"A close-up of a vintage Plymouth car's interior dashboard with chrome detailing and a classic steering wheel creates a distinctive, nostalgic focal point that stands out due to its retro novelty and rich chrome aesthetics.",none,4,4,4,2,indoor,2,3
00044031,Two shaggy Highland cattle with distinctive long horns and russet fur standing in a green pasture create a striking and unusual focal subject that is highly memorable due to their exotic appearance.,none,4,4,3,3,outdoor,1,3
00002991,"Two elderly hands in close-up — one with white painted nails curled, one making a fist — against a stark black background; the unusual juxtaposition and wrinkled skin detail make this striking and moderately memorable.",people_present,4,3,2,2,unclear,1,3
00030344,"A young man with a prominent face, stylish outfit, and distinctive accessories (cross necklace, sunglasses tucked in shirt) forms a clear focal point, boosting memorability through a prominent face and appealing personal style.",prominent_faces,5,3,2,3,outdoor,1,3
00055581,"A vintage black-and-white portrait photo of a single young man in formal attire; the clear focal face and historical/aged quality give it mild distinctiveness, but the low contrast, muted tones, and generic portrait composition limit its memorability.",prominent_faces,5,3,2,1,unclear,2,2
00003469,"A small green plant growing out of a repurposed glass bottle placed on a wooden surface — the unusual upcycling concept and tight top-down composition create a distinctive, memorable focal point.",none,4,4,2,3,outdoor,1,2
00041279,"Two elephants (one bathing in a muddy watering hole, one standing in background) in a naturalistic outdoor setting create a moderately memorable wildlife scene, but the muted lighting, cluttered vegetation, and distance from subjects reduce impact.",none,3,3,3,2,outdoor,1,3
00041531,A neatly styled hotel bathroom with classic hexagonal tile flooring and pedestal sink — moderately distinctive in its design details but ultimately a generic interior scene with no people and moderate visual complexity that limits strong memorability.,none,2,2,3,2,indoor,1,1
00056571,"A grand country estate with rolling green lawns, grazing sheep, and autumn foliage creates a picturesque but relatively familiar pastoral scene — memorable for its scenic beauty and the estate as a focal point, but not highly unusual or emotionally charged.",none,3,3,3,3,outdoor,1,2
00044759,"A motocross rider catching air on a red dirt bike mid-jump is a dynamic, action-packed focal point set against a natural outdoor backdrop, making it distinctive and emotionally exciting.",people_present,5,4,3,3,outdoor,1,4
00034180,"A sweeping moorland landscape covered in vivid purple heather and yellow gorse is visually striking due to its rich color contrast, but lacks a single focal subject and is a relatively generic nature scene, moderately reducing memorability.",none,2,3,3,4,outdoor,1,2
00027424,"This vibrant abstract painting features two luminous circular orbs amid explosive, swirling brushstrokes in vivid warm and cool colors, creating a striking and emotionally energetic composition that is highly memorable due to its unusual style and rich color saturation.",none,3,4,5,5,unclear,1,4
00030946,A young woman gazing thoughtfully out a window with dramatic backlighting creates a clear emotional focal point — the contemplative mood and cinematic lighting make this image memorable.,prominent_faces,5,3,2,3,indoor,1,4
00033378,"A lone person standing arms-wide-open in the center of a symmetrical tree-lined road flanked by vivid yellow rapeseed fields creates a striking, emotionally resonant composition with a single clear focal point.",people_present,4,4,3,4,outdoor,1,4
00053892,"An offshore wind farm stretching into the misty horizon with perfect mirror-like reflections creates a striking, ordered, and somewhat surreal composition that is visually distinctive and serene.",none,4,4,3,2,outdoor,1,3
00017788,"A warm, emotionally resonant mother-and-child portrait with prominent faces and a tender embrace, set against a natural outdoor backdrop — the human connection and clear dual focal point (adult and child) drive high memorability.",prominent_faces,4,3,3,1,outdoor,2,4
00058645,"A close-up, partially cropped female face with bold pink lips and moody, muted tones labeled ""Tormented"" creates a striking, emotionally evocative portrait with a clear focal subject.",prominent_faces,4,4,2,2,indoor,2,4
00037164,"The Uniroyal Tower at Circuit de Spa-Francorchamps is a recognizable and distinctive motorsport landmark with bold branding, but the architectural complexity and heavy text signage create clutter that somewhat dilutes the focal impact.",none,3,4,4,2,outdoor,4,2
00037755,The dramatic vanishing-point perspective of a futuristic airport tunnel with glowing arch ribs and a reflective checkered floor creates a visually striking and memorable architectural composition.,none,4,4,3,3,indoor,1,2
00043983,"The scene captures a tense urban street scenario — police motorcycles in the foreground with a large protest crowd in the background and an American flag visible, creating a politically and emotionally charged image with a layered but readable composition.",people_present,2,4,4,2,outdoor,2,4
00053942,"Three young women at what appears to be a social event/party, with prominent faces, dramatic makeup, and a clear central subject looking directly at the camera — these factors strongly drive memorability.",prominent_faces,4,3,3,2,indoor,1,3
00040679,"A lively outdoor scene of multiple children eating pizza, with a prominent smiling boy in green holding an orange cup as a clear focal point, creating strong emotional charge and memorability.",prominent_faces,3,3,4,3,outdoor,1,4
00001058,"The dramatic silhouette of a child on a swing against a vivid blue sky creates a striking, emotionally resonant image with a single clear focal point and a sense of freedom and childhood joy.",people_present,5,4,2,4,outdoor,1,4
00053248,"A close-up portrait of a young child with striking platinum blonde hair and vivid blue eyes creates a strong, emotionally engaging focal point that is highly memorable due to the unusual and captivating appearance.",prominent_faces,5,5,2,3,unclear,1,4
00019750,"A quirky hand-drawn cartoon character holding a sign with German text (""Endlich Mittwoch"" = ""Finally Wednesday"") on a vivid green graffiti-covered wall — the novelty of the character and humorous message make it memorable.",none,4,4,3,4,outdoor,3,3
00049867,"A classic vintage car shot head-on with a visible license plate dominates the frame — the unusual retro design and direct frontal angle make it distinctive and memorable, though the busy street background adds some clutter.",none,4,4,3,2,outdoor,2,2
00003269,"A close-up of richly dark chocolate pieces from the iconic Ladurée brand creates a striking, appetizing focal point with vivid contrast between the glossy exterior and crumbly interior, making it moderately distinctive and emotionally appealing.",none,4,3,3,3,indoor,2,3
00009449,"Three creative Christmas trees made from folded book pages topped with blue stars, placed on a rainy windowsill — the novel craft concept and cohesive blue color palette make this image striking and memorable.",none,4,4,3,2,indoor,2,3
00023730,"The vivid deep-red and purple foliage with visible veining creates a striking, jewel-toned close-up that is visually unusual and emotionally evocative, with a single clear focal subject and rich color contrast against a dark background.",none,4,4,3,5,outdoor,1,3
00052255,"A moody, dimly lit urban street at night with deserted roads and atmospheric streetlights creates a somewhat eerie, noir-like feel, but remains a fairly generic city-at-night scene without a truly distinctive focal subject.",none,2,3,3,2,outdoor,2,3
00044149,"A quaint Mediterranean pedestrian street scene with large umbrellas framing the foreground, creating some visual interest, but the overall scene is fairly generic as a tourist shopping alley with no single dominant focal point.",people_present,2,2,4,2,outdoor,2,2
00030574,"A large terracotta amphora tipped on its side spilling white rocks onto green grass is an unusual, story-telling scene with a single clear focal point that drives memorability.",none,5,4,2,3,outdoor,1,2
00054147,"A shirtless, muscular man flexing in a casual indoor setting — the prominent face and physique create a clear focal subject with moderate emotional/social charge, boosting memorability.",prominent_faces,5,3,2,2,indoor,1,3
00051264,"A text-heavy page with an italic title 'Dante and Beatrice' and dense body text; no imagery, no people, muted/aged paper tones — highly generic printed-page appearance that is very low in memorability drivers.",none,2,2,2,1,unclear,5,2
00023303,"A historic castle perched dramatically on a rocky cliff, rendered in stark black-and-white with a near-white sky, creates a striking and distinctive silhouette with a clear focal subject that boosts memorability.",none,5,4,2,1,outdoor,1,3
00010072,"A single, well-lit claw hammer centered against a plain neutral background in black-and-white — clear focal subject but a very generic, stock-photo-like composition that lacks novelty or emotional charge.",none,5,2,2,1,unclear,1,1
00054300,"A highly distinctive LEGO pirate treasure chest with a golden orb and cross inside — a novel, creative build with a single clear subject that is visually striking and unusual.",none,5,5,3,3,indoor,1,3
00058519,"Two severed hands mounted on a white wall with dripping blood (likely a Halloween prop/art installation) create a highly striking, emotionally charged, and novel image with clear focal subjects and vivid red color contrast against a neutral background.",people_present,5,5,2,4,indoor,1,5
00012919,"A nighttime street sign intersection (Holly St. / Briar St.) lit against pure darkness — moderately distinctive due to the eerie, isolated atmosphere, but ultimately a generic road sign scene with moderate text and low emotional charge.",none,4,3,2,1,outdoor,3,2
00038043,"A clean, well-lit modern kitchen interior with a distinctive mint/turquoise backsplash that adds a pop of color, but overall it remains a fairly generic real-estate style photo with no people and a moderately cluttered scene split between kitchen and dining area.",none,2,2,3,3,indoor,2,1
00031791,"A close-up portrait with a prominent, expressive face and a relaxed but thoughtful pose (chin resting on hand) makes this highly memorable, further enhanced by the distinctive gray-streaked hair and round glasses; the colorful butterfly display in the background adds a subtle but interesting visual element.",prominent_faces,5,4,2,3,indoor,1,3
00004335,"The low upward-angle shot of backlit flowers against a blue sky creates a distinctive, somewhat dramatic composition that stands out from typical flower photography, boosting memorability through its unusual perspective.",none,3,4,3,3,outdoor,1,2
00044982,"This is a highly distinctive and unusual scene — urinals in a public restroom with a large nature/aquarium-style panoramic display above them, creating a striking and memorable juxtaposition that is novel and unexpected.",none,3,5,3,2,indoor,1,3
00043243,"The striking combination of a bare winter tree as a strong foreground focal point, a rustic stone viaduct bridge with a freight train passing over it, and a snowy landscape creates a moderately distinctive and atmospheric scene that aids memorability.",none,3,3,3,3,outdoor,1,2
00040891,"A young child interacting with an oversized red fire hydrant in what appears to be a museum creates a charming, emotionally warm scene with a clear focal point — the contrast in scale between the small child and the large hydrant is novel and engaging.",prominent_faces,4,4,3,3,indoor,2,4
00046046,"A vivid outdoor market scene in what appears to be North Africa or the Middle East, featuring a cluster of sheep surrounded by traditionally robed men against a stark desert mountain backdrop — the cultural specificity, unusual clothing, and live animals create a distinctive and emotionally engaging composition.",prominent_faces,3,4,4,3,outdoor,2,3
00050716,"This is a Hawaiian-themed baby shower invitation with decorative sea turtles and palm trees, but it is largely text-heavy and follows a recognizable stock invitation template, which reduces distinctiveness and memorability despite the colorful tropical theme.",none,2,2,4,3,unclear,5,2
00052633,"The vivid cyan/blue-toned silhouette of bare winter trees shot from a low angle looking up creates a striking, atmospheric image with strong color saturation and a clear focal point around the glowing sun breaking through the canopy, making it visually distinctive and emotionally evocative.",none,3,4,4,5,outdoor,1,4
00009227,"A vivid red tulip in sharp focus dominates the foreground against a softly blurred dark background with a second tulip forming a heart shape, creating a romantic and visually striking composition that is highly memorable.",none,5,4,2,5,outdoor,1,4
00053989,"A fairly generic quiet residential street scene with no people, no strong focal point, and a symmetrical vanishing-point perspective that is mildly interesting but ultimately stock-like; vivid blue sky and saturated colours boost vividness slightly, but the overall composition is commonplace.",none,2,2,3,4,outdoor,1,2
00043603,"A plain white toilet in what appears to be a showroom display — a very generic, utilitarian subject with no people, muted colors, and low emotional charge, making it unlikely to be memorable.",none,4,1,2,1,indoor,2,1
00009784,"The muted, vintage-textured treatment of delicate cherry blossoms creates a dreamy, emotionally evocative image with a clear floral focal point, but the soft palette and familiar subject matter temper its distinctiveness.",none,4,3,2,2,unclear,1,3
00013004,"A large, colorful ice sculpture shaped like a painter's palette dominates the foreground — a highly novel and unusual subject that creates a strong single focal point against an outdoor winter backdrop with a car.",none,5,5,3,4,outdoor,1,3
00056908,"A young woman in a striking black mini dress with a decorative belt stands as a clear, single focal subject against a simple indoor background, with a prominent face and fashionable outfit making the image moderately memorable.",prominent_faces,5,3,2,2,indoor,1,2
00022453,"A close-up portrait of a fluffy Airedale Terrier looking directly at the camera against a green grass background creates a clear, emotionally engaging focal subject that is easy to remember.",none,5,3,2,3,outdoor,1,3
00043941,"The war memorial statue is a strong focal subject set against a historic clock tower and British flag, giving the image cultural and emotional resonance, though moderate visual complexity from the surrounding townscape slightly dilutes focus.",none,4,4,3,2,outdoor,2,3
00007413,"A person performing a striking handstand split yoga pose against a plain yellow wall is visually distinctive and action-oriented, with a single clear focal subject and dynamic body positioning that draws attention and enhances memorability.",people_present,5,4,2,2,indoor,1,3
00004439,"The warmly lit restaurant storefront ""Epicurean"" at night creates an inviting, atmospheric scene with a clear focal point, but the composition is a fairly classic ""charming street at night"" shot that is moderately distinctive rather than truly novel.",none,4,3,3,3,outdoor,2,3
00017288,"A man making a highly expressive, contorted funny face fills the frame as the single dominant subject, shot in a warmly lit indoor setting — the unusual expression and prominent face make this highly memorable.",prominent_faces,5,4,2,3,indoor,1,4
00049792,"The image shows a real-life raffle/tombola ticket draw scene with multiple people interacting around a box, which provides moderate interest, but the setting is fairly generic and cluttered with background elements, limiting its distinctiveness.",prominent_faces,2,2,4,2,unclear,3,2
00057521,"A lively roller derby scene with multiple skaters in colorful gear creates a dynamic, action-packed image, but motion blur, crowd clutter, and lack of a single dominant focal subject reduce overall memorability.",people_present,2,3,4,3,indoor,1,3
00005865,"The building's bold checkerboard pattern of red, grey, and white panels is visually striking and unusual, making it highly distinctive and memorable, further accentuated by the contrasting minaret tower alongside it.",none,4,4,4,4,outdoor,1,2
00026206,"A prominent close-up face with striking blue eyes framed by an oversized fur-lined hood creates a strong focal point and emotional presence, boosted by the moody, cold waterfront backdrop.",prominent_faces,5,4,2,2,outdoor,1,3
00014379,"A sleek black car photographed at night with motion blur and dramatic lighting creates a striking, high-contrast automotive shot with a clear focal subject and vivid red brake lights, making it visually memorable.",none,5,4,3,4,outdoor,2,3
00040785,"A skateboarder mid-trick (kickflip) with the board visibly separated from his feet creates a dynamic, action-frozen moment that is visually striking and has a clear focal subject, boosting memorability.",prominent_faces,5,4,2,1,outdoor,1,3
00041754,"The dramatically lit Big Ben clock tower at night creates a striking, iconic focal point with vivid warm golden lighting against a dark sky, making this image highly memorable due to its combination of a world-famous landmark, dramatic night photography, and strong visual contrast.",none,5,4,3,4,outdoor,1,3
00024384,"A DIY earring display board filled with dozens of colorful, varied earrings creates a visually interesting and organized collection, but the sheer number of items creates clutter with no single dominant focal point, reducing memorability despite the vivid colors.",none,2,3,5,4,indoor,1,2
00023466,"A lone person on a bridge railing beneath a dramatically stormy sky creates a striking, emotionally charged and minimalist composition with a single clear focal point.",people_present,4,4,2,2,outdoor,1,4
00043342,"A humorous, digitally-manipulated frog with human teeth holding a toothbrush is a highly novel and striking image, making it very memorable due to its absurd, playful concept and clear focal subject.",none,5,5,2,4,unclear,3,4
00011194,"A hand holding bright orange Crocs shoes against a plain blue sky is an unusual, playful, and visually striking composition — the vivid color contrast, novelty of the subject, and single clear focal point all drive high memorability.",people_present,5,4,2,5,outdoor,1,3
00046360,"A lone skier in a bright pink jacket on a snowy trail provides a clear focal point, but the scene is a fairly common winter outdoor photo with a natural, moderately complex backdrop of snow-covered trees and mountains.",people_present,4,2,3,3,outdoor,1,2
00029545,"A Japanese macaque with a striking red face sits centrally on green grass, making it a highly distinctive and emotionally engaging subject with a clear focal point.",none,5,4,2,3,outdoor,1,3
00026211,"A macro shot of a black spiral wire adorned with glistening water droplets set against a vivid, bokeh-blurred autumn background — the combination of a singular striking geometric subject, jewel-like droplets, and highly saturated colors makes this image exceptionally memorable.",none,5,5,3,5,outdoor,1,3
00008833,"The eerie, deep-blue foggy forest with silhouetted bare trees creates a hauntingly atmospheric and emotionally evocative scene that is visually distinctive and mood-driven, boosting memorability.",none,3,4,3,2,outdoor,1,4
00012442,"The humorous and unexpected ""CAUTION: squirrel inside"" warning label on an ordinary trash can creates a novel, amusing scenario that makes this image highly memorable despite its simple black-and-white composition.",none,4,5,2,1,unclear,3,3
00052461,"A close-up portrait of a man with dramatic injuries (bloodied eye, cuts, bruises) against a plain white background creates a striking, emotionally charged image with a single dominant subject — these factors strongly drive memorability.",prominent_faces,5,4,2,2,indoor,1,5
00055287,"The vivid pink blossoming magnolia tree reflecting in a still pond, contrasted with a bright yellow forsythia bush, creates a striking and emotionally evocative spring scene with a clear focal subject.",none,4,4,3,4,outdoor,1,3
00002378,"A vividly yellow smiley-face stress ball being squeezed by a hand creates a clear, cheerful focal point with strong color contrast and a mildly amusing, emotionally positive charge that makes it stand out from generic objects.",people_present,5,3,2,4,unclear,1,3
00004430,"A striking black-and-white scene of a horse being handled by people in an industrial/urban setting creates an unusual, memorable contrast between the elegant animal and the gritty backdrop.",people_present,3,4,3,1,outdoor,1,3
00035678,"A vivid tropical beach cove with striking turquoise water creates a visually appealing but relatively generic travel/landscape scene, with no dominant single focal point but boosted by the vivid color of the water.",none,2,3,3,4,outdoor,1,3
00026392,"A romantically staged candlelit bath scene with red candles, rose petals, champagne, and warm glowing light creates a distinctively intimate and emotionally evocative atmosphere that is visually striking and highly memorable.",none,3,4,4,3,indoor,1,4
00027957,"A clean floral centerpiece with green orchids and white peonies in a white vase dominates the frame on a white tablecloth — the subject is clear but the overall scene is a fairly common event/wedding table setup, limiting distinctiveness.",none,4,2,2,3,outdoor,2,2
00048359,"A busy market stall overflowing with multiple bunches of ripe/overripe bananas in colorful bowls is a fairly common market scene, but the sheer quantity and variety of bananas, combined with vivid yellows and the cluttered arrangement, gives it moderate distinctiveness and visual complexity.",none,3,3,4,4,outdoor,1,2
00007154,"The image is a moody, double-exposed winter landscape at dusk with a full moon — the layered/glitch aesthetic and solitary moon create mild distinctiveness, but the scene is otherwise quiet and muted, with no people and a somewhat generic rural composition.",none,3,3,3,2,outdoor,1,3
00055630,"A live outdoor concert scene with multiple musicians on a lit stage and a photographer in the foreground creates a moderately memorable image — the guitarist and singer are clear focal points, but the multi-person band setup adds complexity that dilutes focus.",people_present,3,3,4,3,outdoor,1,3
00016150,"A white van tilting dramatically on two wheels mid-road, seemingly being pushed by a person, creates a highly unusual and action-packed focal event that strongly drives memorability.",people_present,4,5,3,2,outdoor,1,4
00017403,"The overhead/bird's-eye view of a revolving door in stark black-and-white creates a geometric, abstract composition centered on the pivot point, which is moderately distinctive but emotionally neutral and lacking people or vivid color.",none,4,3,2,1,outdoor,1,1
00022813,"Two lions resting together near a watering hole in the African savanna — a moderately distinctive wildlife scene with a clear focal pair, warm natural tones, and mild emotional appeal from the majestic animals.",none,4,3,2,2,outdoor,1,3
00011386,"Two teddy bears posed as if kissing and holding hands in coordinated outfits creates a charming, emotionally resonant, and distinctly anthropomorphic scene that is highly memorable due to its cute storytelling quality.",none,5,4,2,3,indoor,1,4
00049762,"A dark, moody forest scene with green mossy ground and tall pine trunks — atmospheric but ultimately a generic woodland shot with no clear focal subject, making it low in distinctiveness and memorability.",none,2,2,3,2,outdoor,1,2
00032819,"The bold, saturated primary color combination (cobalt blue, terracotta red, and vivid green) with strong geometric forms creates a striking, unusual composition that is highly memorable despite its simplicity.",none,4,4,2,5,outdoor,1,3
00014935,"A dramatically lit clock tower at night, shot from a narrow street looking up, creates a striking and atmospheric composition with a clear focal subject and moody sepia tones that boost memorability.",none,5,4,3,2,outdoor,1,3
00044555,"A striking calico cat loungeing on a reflective glass table, with its clear mirror reflection visible below, creates a novel and visually distinctive composition that anchors attention on a single, well-defined subject.",none,5,4,2,4,indoor,1,3
00024351,"This is a striking Banksy-style street art piece juxtaposing a modern worker power-washing ancient cave paintings, creating a visually arresting and conceptually provocative image with strong emotional and intellectual impact.",people_present,4,5,3,3,unclear,1,4
00026674,"A lone hiker walking away from the camera on a dirt path with a red backpack and walking stick provides a moderately clear focal subject, but the scene is fairly generic and the back-facing pose reduces emotional engagement.",people_present,4,2,3,3,outdoor,1,2
00026296,"The sepia-toned wooden bridge over a river with a stone pier is a moderately distinctive rural scene with a clear focal subject, but its muted palette and generic landscape composition limit strong memorability.",none,4,3,3,2,outdoor,1,2
00012064,"A lone figure sitting contemplatively against grand classical columns in black-and-white creates a striking, emotionally resonant image with a clear focal subject and a moody, introspective atmosphere.",prominent_faces,4,4,3,1,outdoor,1,4
00020610,"A person holding a positive pregnancy test (two lines visible on a ""Life"" brand test) is a highly emotionally charged, personally significant moment that is distinctive and memorable, with a single clear focal subject and moderate simplicity.",people_present,5,4,2,2,indoor,2,5
00031213,"A vivid golden sunset over a straight open road with cars driving into it creates a emotionally resonant, iconic scene with a clear focal point (the sun on the horizon), boosting memorability through strong color saturation and emotional atmosphere.",none,4,3,2,5,outdoor,1,4
00001613,"Close-up dandelion seed heads in sharp focus against a sweeping outdoor scene with a city skyline, mountains, and blue sky create a compelling foreground-to-background contrast that makes this image distinctive and memorable.",none,4,4,3,4,outdoor,1,3
00042527,"A skateboarder mid-trick with vivid yellow accents, a dramatic sunburst lens flare, and a low-angle action shot creates a striking, dynamic focal point that is highly memorable.",prominent_faces,5,4,3,4,outdoor,2,4
00001721,The vivid blue water with striking mirror-like reflections of trees and grass creates a visually appealing but fairly generic nature/landscape scene; the reflection pattern adds mild distinctiveness but there is no strong focal subject or emotional charge.,none,2,3,3,4,outdoor,1,2
00025351,"A vivid yellow speedboat cutting through blue water is a clear, dynamic focal point against a scenic desert landscape with mountains, making it moderately distinctive and memorable.",people_present,4,3,3,4,outdoor,2,3
00049396,"A vividly colored blue-and-gold macaw perched on a branch forms a single, striking focal subject against a soft green bokeh background — the exotic bird's brilliant plumage and unusual appearance make it highly memorable.",none,5,4,2,5,outdoor,1,3
00017776,"The unusual, slightly unsettling image of bare feet standing on a stool/chair — cropped so no face is visible — creates a distinctive and emotionally ambiguous scene that drives memorability.",people_present,4,4,2,3,indoor,1,4
00020262,"A fallen, bare tree dramatically collapsed from an eroded sandy embankment onto a beach, with a lone distant figure providing scale — the unusual, erosion-caused tree fall is the striking focal subject that drives memorability.",people_present,4,4,3,2,outdoor,1,3
00014172,"A man with a prominent facial expression dramatically opening his jacket to reveal a logo in a bar setting — the theatrical, Superman-esque pose is novel and creates a clear focal point, boosting memorability.",prominent_faces,4,4,3,3,indoor,2,3
00006784,"A strikingly vivid turquoise vintage Cadillac convertible dominates the frame as a single clear focal point, with its unusual color, chrome details, and classic design making it highly distinctive and memorable.",none,5,5,3,5,outdoor,2,3
00034508,"A generic carport/driveway scene with muted colors and no people; the only mildly distinctive element is the collapsed/folded metal ladder or ramp lying on the ground, which adds slight novelty but not enough to make the scene strongly memorable.",none,2,2,3,1,outdoor,1,1
00051806,"A heavily decorated/art-car covered in junk and sculptures parked on a city street is highly unusual and novel, making it immediately striking and memorable despite moderate visual clutter.",none,4,5,4,2,outdoor,1,3
00053249,"A wild African wildcat stalking through a red desert landscape provides a moderately distinctive focal subject with natural earth tones, but the muted sandy palette and lack of human presence somewhat reduce memorability.",none,4,3,2,3,outdoor,1,2
00006893,"Vivid macro shot of colorful reflective bubbles/droplets against a rainbow-gradient background creates a striking, novel, and visually arresting image with high distinctiveness and color saturation.",none,3,5,4,5,unclear,1,3
00013614,"A vivid, colorful spread of multicolored pills/tablets with a shallow depth-of-field draws the eye to a clear foreground focal point, making it visually striking and emotionally provocative due to associations with drugs/medication.",none,4,4,3,5,indoor,2,4
00015458,"A close-up portrait of a young girl with windswept blonde hair and a warm smile creates strong memorability through a prominent face, clear focal subject, and emotional warmth.",prominent_faces,5,3,2,3,outdoor,1,4
00025349,"A rose partially submerged in dense fog or dry-ice mist creates a dreamlike, mysterious atmosphere — the novelty of the misty concealment and the romantic symbolism of the rose give it moderate distinctiveness and emotional resonance, though the heavy blur and muted tones reduce clarity and vividness.",none,3,4,2,2,unclear,1,3
00034648,"A generic rural landscape with rolling hills, a winding road, and farmland under an overcast sky — no striking focal point, unusual elements, or emotional charge, making it fairly forgettable.",none,2,2,3,2,outdoor,1,1
00006206,"The ornate Spanish Colonial Revival architectural entrance with decorative ironwork and sculpted facade provides a moderately distinctive focal point, but the black-and-white format, lack of people, and somewhat cluttered vegetation reduce its memorability impact.",none,3,3,3,1,outdoor,1,2
00012232,"A winding dirt trail through a vivid green alpine meadow leading toward snow-capped mountains under a blue sky — a classic, pleasant landscape that lacks a truly novel or unusual focal subject, reducing distinctiveness despite its visual appeal.",none,3,2,3,4,outdoor,1,3
00031306,The disorienting double exposure or reflection effect combining ancient stone ruins with an inverted classical building facade creates a visually striking and unusual composition that is highly memorable due to its novelty and surreal quality.,none,2,4,4,2,unclear,1,3
00043436,"A moderately busy restaurant interior with a worker as a focal point, warm lighting, and typical café furnishings — familiar enough to reduce distinctiveness, but the human presence and warm colors add modest memorability.",people_present,2,2,4,3,indoor,2,2
00023411,"The image shows neatly folded white towels monogrammed with ""XV"" on a chrome hotel towel rack against a tiled wall — a fairly generic hotel bathroom scene, but the monogram adds a touch of distinctiveness.",none,4,2,2,1,indoor,2,1
00050326,"A heavily HDR-processed marina at sunset with dramatically vivid purple, orange, and gold tones creates a striking, almost surreal image that is highly memorable due to its intense color saturation, dynamic stormy sky, and calm reflective water contrasting with the turbulent clouds.",none,3,5,4,5,outdoor,1,4
00016797,"A tall, vivid green frog doll in a bright pink dress dominates the scene, surrounded by a collection of small, colorful animal figurines — the unusual combination of a humanoid frog toy with chunky cartoon figurines is novel and striking, boosting memorability.",none,4,4,3,5,indoor,1,3
00056873,"A dramatic full moon rising over a calm ocean at dusk, with two silhouetted sailboats in the foreground, creates a striking, emotionally evocative and visually distinctive scene with a clear focal point.",none,4,4,2,3,outdoor,1,4
00026228,"A dramatic long-exposure photograph showing vivid streaks of gold and red light radiating from a partially visible human face against a black background — the novelty of the light-trail technique combined with the human element creates a striking, highly memorable image.",prominent_faces,4,5,4,5,unclear,1,4
00047797,"A composite sports image showing a baseball player hitting his 735th home run, with celebratory panels — the milestone number, action shot, and dugout celebration — creates a highly memorable, emotionally charged, and distinctive moment.",prominent_faces,3,4,4,3,outdoor,3,4
00020817,A black-and-white close-up of two faces — an older man in the foreground and a younger woman slightly blurred behind him — creates a strong emotional and intimate composition with prominent faces driving high memorability.,prominent_faces,4,4,2,1,unclear,1,4
00025994,"A dramatically silhouetted cross against a stormy, moody sky creates a striking, emotionally resonant image with a single clear focal point and strong religious/spiritual symbolism.",none,5,4,2,2,outdoor,1,4
00016159,"A strikingly colorful Mandarin duck photographed head-on in sharp detail dominates the frame; its vivid, multicolored plumage and unusual frontal pose make it highly distinctive and memorable.",none,5,5,2,5,outdoor,1,3
00029562,"A charming, patriotically decorated country store with a red star, bunting, and American flags creates a distinctive and nostalgic focal point that drives memorability above a generic street scene.",none,4,4,4,3,outdoor,3,3
00011846,"The image features a moody, stylized outdoor scene with a dark green tonal filter applied, giving it an eerie, atmospheric quality that lifts it above a generic landscape, though the lack of a single dominant subject and the relatively tranquil scene limit strong memorability.",none,2,3,3,2,outdoor,1,3
00003918,"Five vividly colored novelty rabbit figurines lined up in a row create a striking, playful, and unusual image with a clear focal subject and highly saturated colors that make it very memorable.",none,5,4,2,5,indoor,2,3
00027578,"A sleek, distinctively curved pink modernist chair photographed against a pure white background forms a single, bold focal point — its unusual sculptural form and vivid pink color make it striking and novel.",none,5,4,2,4,unclear,1,2
00003952,A baby squirrel being hand-fed with a syringe while wrapped in a tiny crocheted blanket is an unusually tender and novel scene that creates strong emotional resonance and a very clear focal subject.,people_present,4,5,3,2,indoor,2,5
00039169,"A relaxed dog lying on wooden porch steps next to a pair of shoes provides a clear, emotionally warm focal subject in an everyday outdoor setting, boosting memorability through the animal's presence and the charming narrative implied.",none,4,3,3,2,outdoor,1,3
00027167,"A vivid fireworks explosion against a pure black night sky creates a striking, high-contrast focal point with golden, green, and red bursts, making it emotionally celebratory and visually distinctive.",none,4,3,3,3,outdoor,1,3
00010714,"A calm dusk/twilight coastal scene with town lights reflecting on water — atmospheric but a fairly common travel/landscape composition with no single dominant subject, reducing memorability.",none,2,2,3,2,outdoor,1,2
00058448,"A striking and unusual war/religious memorial monument with dramatic dark sculpted figures flanking a grand archway topped with a church tower and cross — its architectural novelty, emotional gravity, and strong single focal point make it highly memorable.",none,5,5,4,2,outdoor,1,4
00003466,"A cozy nursery room with a dark-railed crib as the clear focal point, featuring warm wood floors, colorful striped rug, and stuffed animals — moderately memorable due to its warmth and relatable emotional context, but fairly typical as a nursery scene.",none,4,2,3,3,indoor,1,3
00013405,"The vivid, saturated blue water surface with dazzling star-burst light reflections creates a visually striking and somewhat magical effect that stands out from generic ocean/water shots, driving memorability through high color saturation and the unusual sparkle pattern as a focal element.",none,3,4,3,5,outdoor,1,3
00005371,"A dramatic, powerful ocean wave crashing violently against dark rocky cliffs creates a striking, emotionally charged scene with strong visual impact and a clear focal subject — the explosive wave spray — making it highly memorable.",people_present,4,4,3,3,outdoor,1,4
00051209,"The vividly blue, elaborately decorated ""Trauma Towers"" haunted-house attraction facade is highly unusual and novel, serving as a strong single focal subject with moderate surrounding activity, making it very memorable.",people_present,4,5,4,4,outdoor,2,4
00024257,"The striking visual distortion of a grid being warped/stretched upward creates a genuinely novel and eye-catching effect that drives memorability, with the pen as a clear focal anchor.",none,3,4,3,1,indoor,1,2
00020320,"A close-up portrait with a single prominent face against a plain background makes for a clear, memorable focal point, though the neutral expression and simple composition keep it from being highly distinctive or emotionally charged.",prominent_faces,5,2,2,2,indoor,1,2
00036454,"The narrow, moss-covered alleyway creates a striking vanishing-point perspective that is visually distinctive and atmospheric, driving memorability through its unusual compressed geometry and aged textures.",none,4,4,3,2,outdoor,1,3
00045195,"This is a generic, stock-like living room interior with no people, no strong focal point, and muted colors — a very ordinary scene that offers little to distinguish it in memory.",none,2,1,3,2,indoor,1,1
00056217,"A highly stylized, pale BJD (ball-jointed doll) with dramatic dark eye makeup and curly white hair against a near-black background creates an eerie, striking, and emotionally evocative image with a single clear focal subject.",prominent_faces,5,5,2,2,indoor,2,4
00001275,"An aerial golden-hour view of Lower Manhattan with dramatic warm lighting on skyscrapers and water on multiple sides creates a striking, iconic cityscape that is highly memorable due to its distinctive vantage point and vivid color palette.",none,3,4,5,4,outdoor,1,4
00026918,"Two young girls in a comforting embrace outdoors, with one putting her arm around the other in an emotionally resonant, tender moment that drives strong memorability.",prominent_faces,4,3,3,3,outdoor,1,4
00046594,A cluttered indoor kitchen scene with a person in the background and an unusual silver tinsel Christmas tree/decoration in the foreground creates a moderately memorable but visually busy image.,people_present,2,3,5,3,indoor,2,2
00022997,A child lying face-down on the grass nose-to-nose with a large horse is a genuinely novel and heartwarming interaction that creates a single compelling focal point with strong emotional resonance.,people_present,4,5,3,3,outdoor,1,4
00034841,"The glacier ice wall nestled within a snow-filled mountain valley is a striking and relatively novel focal point, but the muted, cold color palette and somewhat cluttered rocky terrain reduce overall memorability.",none,3,3,3,2,outdoor,1,3
00051750,"The layered misty mountain ridges with a river/lake in the foreground create a striking, painterly aerial landscape with a strong sense of depth and atmosphere, making it visually distinctive and memorable.",none,3,4,3,2,outdoor,1,3
00005360,"A striking black-and-white portrait of an elderly man with a prominent mustache/beard and wide-brimmed hat fills the frame — the expressive, weathered face and vintage aesthetic make this highly memorable.",prominent_faces,5,4,2,1,unclear,1,4
00017165,"A lone, solitary figure sitting on a swing in an empty black-and-white playground evokes a strong sense of loneliness and melancholy, which elevates emotional charge and distinctiveness above a typical generic playground scene.",people_present,3,3,3,1,outdoor,1,4
00056980,"A single brown snake as the clear focal subject on a weathered green painted surface — the snake's sinuous form is distinctive and mildly emotionally charged (fear/unease), boosting memorability.",none,5,3,2,2,unclear,1,3
00040666,"A fairly generic restaurant interior shot with no strong focal subject — menus, chairs, and a service counter are spread across the frame, making it feel like a typical stock-style dining scene with moderate complexity but low distinctiveness and emotional charge.",people_present,2,2,3,2,indoor,3,1
00057509,"A dramatic coastal lighthouse scene with stormy skies, crashing waves, and golden sunset light creates a striking, emotionally evocative image with a clear focal subject and vivid natural colors.",none,4,4,3,4,outdoor,1,4
00002040,"A dramatic backlit silhouette of a mountain biker racing through dusty golden light with trees in the background creates a striking, atmospheric, and emotionally charged scene with a single clear subject.",people_present,5,4,3,3,outdoor,1,4
00053958,"The dramatically sculpted topiary hedges forming an avenue toward a distant focal point create a striking, distinctive garden scene with strong symmetry and depth that makes it highly memorable.",none,3,4,3,4,outdoor,1,3
00002490,A perfectly symmetrical row of five white urinals in a public men's restroom with tiled walls and blue hygiene signs — the strong symmetry and unusual subject matter make it moderately distinctive and memorable.,none,4,3,3,2,indoor,2,2
00047230,"A branded sheet cake being cut at what appears to be a business event is a moderately memorable scene — the cake is the clear focal point, but the setting is fairly generic and the heavy logo/text on the cake slightly reduces visual appeal.",people_present,4,3,3,2,outdoor,3,2
00003601,"A striking collection of ~30 smartphones arranged in a grid pattern, all displaying glowing face photos — the sheer novelty of the arrangement and the uncanny repetition of glowing faces makes this highly distinctive and memorable.",prominent_faces,4,5,5,3,indoor,1,3
00022762,"A highly surreal, dark artistic portrait of a person with tree branches growing from their head and gold teeth, evoking strong unease — the striking concept, single clear subject, and disturbing emotional tone make this extremely memorable.",prominent_faces,5,5,3,2,unclear,1,5
00034871,"A busy airport/transit terminal scene with a crowd of people queuing behind barriers — fairly generic and cluttered, with no single dominant focal point, muted lighting, and modest visual interest.",people_present,2,2,4,2,indoor,2,2
00002376,"A close-up of a stainless steel wine corkscrew/waiter's friend on a plain white cloth surface — the single metallic tool is the clear focal point, but it's a fairly common everyday object on a generic background, limiting distinctiveness and emotional charge.",none,4,2,2,2,indoor,1,1
00024856,"A dramatically low-angle, close-up shot of a bicycle leaned against an ornate iron fence on cobblestones, with fallen autumn leaves — the unusual perspective and striking composition make this more memorable than a typical bicycle photo.",none,4,4,3,1,outdoor,1,2
00046897,"A dynamic baseball swing moment with a clear batter as the focal subject, three visible players in action at home plate — the action-freeze and athletic drama give it moderate memorability, though it's a fairly common sports scene.",people_present,4,3,3,3,outdoor,1,3
00014190,"The unusual pairing of a small toy horse figurine sitting on a synthesizer keyboard creates a quirky, novel focal point that makes this image distinctive and memorable.",none,4,4,3,1,indoor,2,2
00035925,"A lively indoor crowd scene in a warmly lit, ornate beer hall with gothic windows and hanging lanterns creates moderate memorability — the atmospheric setting is distinctive, but the dense crowd of people without a single clear focal subject adds clutter and reduces immediate impact.",people_present,2,3,4,4,indoor,1,3
00050350,"The ""Home of Twin Peaks Cherry Pie"" café sign is a distinctive cultural landmark reference that gives this otherwise ordinary parking lot scene a memorable hook, boosted by the recognizable TV/pop-culture tie-in.",people_present,3,4,3,2,outdoor,4,3
00016134,"A dragonfly perched atop a single slender plant stem against a soft, blurred green background creates a clean, striking focal point — the macro photography style and isolation of the subject boost memorability.",none,5,4,2,3,outdoor,1,2
00055497,"A bold, vividly colored traditional-style wolf tattoo on a person's torso creates a highly distinctive and striking focal point, with strong emotional charge from the fierce animal imagery and saturated colors against dark skin and background.",people_present,5,5,3,4,unclear,1,4
00003190,"A clearly posed Jack Russell Terrier with an expressive face, red collar, and paw tag dominates the frame against a vivid red background, making it emotionally engaging and visually striking.",none,5,3,3,4,indoor,1,3
00000288,"Two people walking hand-in-hand down railroad tracks toward dramatic rocky cliffs creates a memorable emotional and compositional scene — the leading lines of the tracks, the couple's intimate gesture, and the striking geological backdrop all combine to make this image stand out.",people_present,4,4,3,1,outdoor,1,4
00030981,"A small, quirky blue robot-shaped figurine casting a dramatic shadow on a stark white surface creates a distinctive, novel focal point that drives memorability.",none,5,4,2,3,indoor,1,2
00014012,"A beautifully decorated holiday cake with vivid red strawberries, chocolate plaques, and clear festive text makes this visually striking and emotionally warm, driving high memorability.",none,5,4,3,4,indoor,3,4
00044216,A smiling woman with a prominent face talking on a phone in a kitchen setting — the clear facial expression and emotional warmth drive memorability.,prominent_faces,4,2,3,3,indoor,1,3
00018257,"The dramatic backlit view from inside a large clock mechanism — showing silhouetted gears, structural framework, and clock hands against glowing translucent clock faces — is a highly unusual and novel perspective that makes this image striking and memorable.",none,4,5,4,2,indoor,1,3
00026130,"A vividly costumed clown with a purple afro wig, full face paint, and a bright yellow sunflower creates a highly distinctive, emotionally charged image with a single clear focal subject against a plain background.",prominent_faces,5,5,3,4,indoor,1,4
00055297,"A weathered gravestone with a murder inscription is a highly distinctive and emotionally charged subject — the single clear focal point, historical novelty, and dark narrative content make it very memorable despite being a static outdoor stone object.",none,5,5,2,2,outdoor,4,5
00021192,"The ornate Gothic stone window frame of a ruin, framing lush green trees and sky beyond, creates a striking contrast between ancient architecture and nature reclaiming the space — a distinctive and visually compelling composition with a clear focal subject.",none,4,4,3,3,outdoor,1,3
00028549,"A single dark bird perched high on a bare, rust-colored dead tree trunk against a clean, uncluttered blue sky — the strong diagonal/vertical composition and stark contrast between the warm trunk and cool sky give it moderate distinctiveness, though bird-on-branch shots are a fairly common nature photography subject.",none,4,3,2,3,outdoor,1,2
00046186,"A woman with a contemplative or melancholic expression sits on a bed clutching blankets in a dimly lit green room — the prominent face, emotional posture, and moody atmosphere drive memorability.",prominent_faces,4,3,3,2,indoor,1,4
00053404,"A moderately distinctive African church with a tall cross-topped tower against a dramatic blue sky creates a clear focal point, though the overall composition is somewhat typical of architectural photography.",none,4,3,3,3,outdoor,2,2
00018254,"A moody blue-tinted laundry/utility room with a dryer as the central element, surrounded by hanging jackets and cluttered items — the unusual cold blue monochrome treatment adds slight distinctiveness, but the scene is ultimately a generic cluttered indoor space with no people and no single dominant focal point.",none,2,2,4,2,indoor,1,2
00056598,"A striking white angel statue bowing in mourning at a cemetery creates a strong, emotionally charged focal point with high distinctiveness and clear subject dominance.",none,5,4,3,2,outdoor,1,4
00002407,"The dramatic interplay of light rays piercing through industrial haze over a dark river at night creates a striking, moody, and visually distinctive scene that is highly memorable due to its atmospheric novelty and emotional weight.",none,3,4,3,2,outdoor,1,4
00048064,"The image is a collage of a novelty/unusual public restroom with oversized toilet paper rolls as decor, multiple toilet views, a dark scene with glowing ""DAMEN"" (Ladies) signage and a person, making it distinctive and somewhat striking — the giant TP rolls and unconventional bathroom design are memorable novelty elements, though the split collage format adds clutter and reduces focal clarity.",people_present,2,4,4,2,indoor,2,2
00033192,"A close-up of a primate's hand/foot resting on green cage bars is an unusual, striking subject with clear biological detail and emotional resonance due to its human-like appearance and captivity context.",none,5,4,2,2,unclear,1,4
00034280,"A fairly standard, well-decorated indoor dining room with purple chairs and a glass table — elegant but not unusual enough to be highly memorable; the chandelier and bold striped wallpaper add some distinctiveness but the overall scene is a recognizable interior design stock-photo type composition.",none,3,2,4,3,indoor,1,2
00000953,"A stark, high-contrast black silhouette of a human face in profile against a pure white background — the minimalist two-tone composition and ambiguous, graphic quality make it visually striking and memorable.",prominent_faces,5,4,1,1,unclear,1,3
00051334,"A beautifully plated fine-dining dish with artistic presentation—waffle crisps, colorful garnishes, and red dot sauce on a white plate—set against an elegant restaurant table with wine glasses and a rose, making it visually distinctive and memorable.",none,4,4,3,3,indoor,1,2
00002313,"A hunter in camouflage proudly displaying a large buck with impressive antlers creates a striking, emotionally charged scene with clear focal subjects (man and deer together) against a snowy woodland backdrop.",prominent_faces,5,4,2,2,outdoor,1,4
00031944,"The abstract, textured surface of what appears to be ice or water ripples in deep blue tones creates a visually striking and unusual image with no clear conventional subject, making it memorable through its novelty and dreamlike quality.",none,2,4,4,3,unclear,1,3
00000023,"An iceboat (sail on runners) gliding across a frozen lake is a genuinely unusual subject that most viewers have never encountered, giving it strong novelty and a single clear focal point against a minimalist, muted grey background.",none,5,4,2,1,outdoor,2,2
00033932,"A well-decorated basement game room centered on a classic billiard table — a clear focal subject with warm amber walls and period furnishings, but ultimately a fairly generic interior design stock-style photo.",none,4,2,3,3,indoor,2,2
00046906,"A fairly typical kitchen food scene with a pizza as the dominant subject, accompanied by a salad — a common, stock-like composition that lacks novelty or emotional charge, though the single clear pizza subject helps moderate memorability.",none,3,2,3,2,indoor,1,2
00021359,"A striking Van Gogh-inspired swirling wave painting with bold blue tones and dynamic spiral motifs makes it visually distinctive and emotionally evocative, boosting memorability.",none,4,5,4,4,outdoor,1,4
00038956,"A museum display of an ancient/historical kitchen with rustic pottery and cooking implements creates a moderately distinctive scene, but the cluttered arrangement of many similar earth-toned objects reduces focal clarity and memorability.",none,2,3,4,2,indoor,2,2
00034059,"A tall residential apartment block shot from a dramatic low angle creates a moderately striking geometric perspective, but the subject is ultimately a generic urban building with no people or strong emotional content, limiting memorability.",none,3,2,3,2,outdoor,1,2
00020097,"A massive, dense colony of elephant seals packed together on a beach is a striking and unusual scene — the sheer number and uniformity of bodies creates a visually complex, novel, and somewhat overwhelming image that is highly memorable despite lacking a single focal subject.",none,1,4,5,2,outdoor,1,3
00013222,"This is a vintage Italian horror movie poster for ""Creature from the Black Lagoon"" featuring a striking, iconic image of a monster carrying a woman — a highly distinctive, emotionally charged, and visually clear focal composition that makes it very memorable.",prominent_faces,5,5,3,4,outdoor,3,5
00057235,"A close-up black-and-white portrait with a prominent face wearing large, distinctive goggle-style glasses and wind-blown hair creates a striking, memorable image with a clear focal subject and an intense, slightly edgy emotional tone.",prominent_faces,5,4,2,1,indoor,1,4
00031437,"A striking urban street art collage on a wall featuring bold graphic design elements, a partial face, graffiti, and visible text — the unusual combination of layered posters and vivid graphic imagery makes it distinctive and memorable.",prominent_faces,3,4,4,3,outdoor,3,3
00014519,"The ornately decorated vaulted arcade with intricate geometric and floral ceiling patterns in warm reds and ochres creates a highly striking, distinctive architectural scene with strong perspective lines that make it immediately memorable.",none,4,5,5,4,unclear,2,3
00050882,"A fluffy white Angora rabbit as the dominant close-up subject, combined with a mildly amusing/cute partial human torso, creates a distinctive and emotionally engaging focal point that boosts memorability.",people_present,4,4,2,2,outdoor,1,3
00035501,"The vivid yellow rapeseed field contrasting sharply against the green grass and dramatic stormy grey sky creates a striking, memorable horizontal band of color, though the scene is a relatively common rural landscape.",none,3,3,2,4,outdoor,1,2
00017298,"The strong vanishing-point perspective of an empty subway tunnel, vivid yellow platform edge against cool teal/dark tones, and tilt-shift-style selective focus create a visually striking and distinctive composition that drives high memorability.",none,4,4,3,4,indoor,1,3
00023508,"A vivid macro close-up of a hibiscus flower's stamen and pistil with striking color contrast (deep blue border, red, yellow, pink) creates a highly distinctive and memorable image with a single clear focal subject.",none,5,4,3,5,unclear,2,3
00016530,"A close-up of a blonde girl gripping a colorful, shimmering pole/bar with a blurred second person in the background creates a moderately distinctive and visually engaging shot with vivid teal and warm tones, though the subject is partially obscured.",people_present,3,3,3,4,outdoor,1,2
00005324,"This witty street art combines Star Wars AT-AT walkers in a ""father-son"" composition with the iconic ""I am your father"" quote, making it highly distinctive, humorous, and emotionally resonant — all strong drivers of memorability.",none,4,5,3,1,outdoor,2,4
00057716,"The striking combination of a bagpiper in tartan, showgirls atop a vintage steam locomotive, and a formal man in the foreground at a train station creates an unusual, memorable scene with multiple novelty elements.",prominent_faces,2,5,4,1,outdoor,1,3
00028517,"A dramatically lit fine-art nude study with strong chiaroscuro against a black background; the sculpted human form and intimate mood create a striking, memorable image despite minimal complexity.",people_present,4,4,2,2,unclear,2,4
00009126,"A stark, dead tree rendered in high-contrast black-and-white dominates the frame against a dramatic sky with wispy clouds, creating a moody, somewhat eerie focal point that is visually distinctive and emotionally evocative.",none,5,4,3,1,outdoor,1,4
00002633,"The striking Terminal Tower dominating the skyline from a low-angle street perspective creates a strong focal point, while the classic lamp post and colorful banner add foreground interest, making this a visually distinctive urban composition.",people_present,4,3,3,3,outdoor,1,2
00030664,"A large exotic dragon fruit flower in sharp close-up focus with a bee in mid-flight creates a striking, novel focal point against a softly blurred outdoor campus background, boosting memorability through the combination of an unusual flower and dynamic insect action.",none,4,4,3,3,outdoor,1,3
00046493,A plate of food with broccoli and mushroom rice is a fairly common food photo; the dark plate provides some contrast but the subject is a generic meal presentation with moderate visual appeal and no strong novelty or emotional charge.,none,4,2,3,3,indoor,1,2
00033132,"A richly packed market bazaar with warm, saturated colors and exotic goods creates a visually striking tunnel-like composition, with a lone person in the middle distance providing a clear focal anchor amid the surrounding clutter.",people_present,2,4,5,4,indoor,1,3
00029507,"The dramatic silhouetted windmill framed by a crumbling ruin doorway against a moody, stormy sky creates a striking, cinematic composition with strong emotional atmosphere and high distinctiveness.",none,4,5,3,3,unclear,1,4
00053662,"The clever juxtaposition of a graffiti dog urinating on a real fire hydrant — with yellow paint mimicking urine — creates a witty, novel, and humorous scene that is highly memorable due to its conceptual creativity and clear focal composition.",none,4,5,2,3,outdoor,2,4
00017221,A striking blue-eyed tabby cat with a collar gazes directly at the camera next to a colorful paw-print bowl — the direct eye contact and vivid eyes create a strong focal point and emotional connection.,none,5,3,2,3,unclear,1,3
00048584,"A young woman taking a bathroom mirror selfie with a flip phone — the prominent face, clear single subject, and personal/intimate framing drive memorability, though the generic bathroom setting and common selfie format keep it from being truly striking.",prominent_faces,5,2,2,2,indoor,1,2
00052079,"A baby elephant standing between adult elephants at a watering hole is a heartwarming, emotionally engaging scene with a clear focal subject (the calf) and moderate novelty — wildlife scenes like this are distinctive enough to be memorable.",none,4,3,3,2,outdoor,1,4
00054311,"Two workers bent over planting rice in a flooded paddy field, with a striking mirror reflection in the water and a bundle of seedlings in the foreground — a culturally distinctive, emotionally resonant scene with a clear focal composition.",people_present,4,4,3,3,outdoor,1,3
00017216,"The striking, novel combination of a small girl facing a roaring dinosaur in street-art stencil style creates a highly memorable, emotionally charged, and distinctively unusual focal scene on an otherwise plain wall.",people_present,4,5,2,2,outdoor,1,4
00040922,"A sweeping aerial pastoral landscape with a winding stream, scattered cattle, and vivid teal-green fields creates a moderately distinctive scene, but the wide-angle composition lacks a single dominant focal point, reducing its memorability despite the striking color saturation.",none,2,3,3,4,outdoor,1,2
00056276,"A vintage black car viewed through an ornate, branch-like metal gate creates an unusual, striking composition — the decorative ironwork framing adds novelty and visual interest that boosts memorability.",none,3,4,4,2,outdoor,1,2
00029357,"A man pushing what appears to be a novelty half-car prop/replica on a street is highly unusual and striking, making this image very memorable due to its bizarre and humorous subject matter.",prominent_faces,4,5,3,3,outdoor,3,3
00049531,"The image features a prominent face of a named individual associated with a cancer charity, which drives emotional engagement and memorability, though the dark, text-heavy layout and small portrait reduce overall visual impact.",prominent_faces,3,3,3,2,unclear,4,4
00042135,"A smiling elderly man with a distinctive novelty tie (featuring cartoon giraffes) and a colorful plaid shirt creates a memorable, slightly quirky portrait with a clear focal subject and mild emotional warmth.",prominent_faces,5,3,3,2,indoor,1,3
00057387,"Two men in bright red racing suits sitting on a blue Formula-style race car (#8) create a clear focal point with vivid color contrast, novelty from the racing context, and moderate emotional charge from the human activity.",prominent_faces,3,4,4,4,outdoor,3,3
00008815,"Three sticker-art pieces featuring anatomical hearts pierced by arrows with blood splatters and handwritten text on a dark red surface — the visceral, repeated motif is striking and emotionally charged, driving high memorability.",none,3,4,4,3,outdoor,4,4
00055321,"A person in a red hoodie entering a rustic, dilapidated log-and-corrugated-metal shack in a wild, overgrown setting creates a moderately memorable scene driven by the unusual, weathered structure and the narrative tension of someone entering an abandoned-looking building.",people_present,3,4,3,2,outdoor,1,3
00052356,"A striking woman in a detailed black lace dress poses in a moody, tunnel-like corridor with dramatic backlighting — the prominent face, unusual setting, and strong atmospheric contrast make this highly memorable.",prominent_faces,5,4,3,2,indoor,1,4
00038380,"The vivid orange and yellow laundromat interior with a long row of machines creates a somewhat distinctive scene, but the busy, elongated composition with multiple people and cluttered folding tables reduces focal clarity and adds visual noise.",people_present,2,3,4,4,indoor,1,2
00041100,"A young man with arms crossed and a slightly defiant expression stands prominently in a cluttered kitchen, making him the clear focal subject; the low-angle shot and moody lighting add a degree of distinctiveness and mild emotional charge.",prominent_faces,4,3,3,2,indoor,1,3
00023614,"A lone, bare, dramatically branching tree standing in a misty green field with a vintage/aged photo treatment creates a moody, atmospheric focal point that is emotionally evocative and visually distinctive.",none,4,4,3,2,outdoor,1,3
00038318,"A vivid magenta/purple sunset behind a classic white lighthouse on calm water creates a striking, emotionally resonant scene with a single clear focal point and unusually saturated colors that make it highly memorable.",none,4,4,2,5,outdoor,1,4
00007351,"A woman with a prominent, friendly face lies among vivid red-orange flowers that fill the entire background, creating a striking, novel composition with strong emotional warmth and clear focal subject.",prominent_faces,4,4,3,4,outdoor,1,3
00012772,"A woman in a bold geometric-patterned dress poses with elongated legs outstretched on a mirrored surface, creating a visually striking composition with reflections and strong graphic patterns that boost distinctiveness and memorability.",people_present,3,4,4,2,indoor,1,3
00052025,"A prominent female protester in the foreground holding a bold ""STOP THE RACIAL PROFILING"" sign during a street march creates strong emotional resonance and a clear focal subject, boosting memorability despite the busy street scene behind her.",prominent_faces,4,4,4,1,outdoor,4,5
00015068,"A child blowing soap bubbles through a red wand with messy dripping soap is a novel, slightly gross/funny moment with a prominent face and clear focal subject, driving high memorability.",prominent_faces,5,4,2,3,indoor,1,4
00006456,"A person in provocative red ""CRANK"" shorts straddling a motorcycle from behind creates a striking, slightly risqué image with a clear focal subject and novelty that drives high memorability.",people_present,4,4,3,3,outdoor,3,4
00022155,"The moody, long-exposure night shot of a weathered, moss-covered pier remnant leading into calm water with a glowing amber sky and distant marina creates a striking, atmospheric scene with a clear focal subject and strong emotional tone.",none,4,4,3,4,outdoor,1,4
00043526,"A skateboarder mid-trick with dramatic high-contrast black-and-white lighting, a strong shadow on the wall, and a clear single focal subject creates a striking, dynamic, and memorable composition.",prominent_faces,5,4,3,1,indoor,2,4
00041797,"A wild horse walking along a sunlit beach with sparkling ocean waves is an unusual and visually striking scene — the combination of the animal in a natural coastal setting, strong backlighting, and visible hoof prints in the sand creates a memorable, emotionally evocative image.",none,4,4,2,2,outdoor,1,3
00017690,"A cross-stitch recreation of Banksy's iconic ""Flower Thrower"" combines two distinctive cultural elements — street art and needlecraft — creating an unusual, novel juxtaposition with a single clear focal subject and moderate emotional resonance around protest and peace.",people_present,5,5,2,2,unclear,1,4
00022524,"This is a striking upward-looking shot of Rotterdam's famous Cube Houses, creating a bold star-shaped negative space in the sky — a highly distinctive and geometrically unusual composition that is visually arresting and memorable.",none,4,5,3,3,outdoor,1,3
00024445,"A young woman lying in bed with a melancholic or pensive expression creates a strong emotional focal point; the moody, low-key lighting and intimate framing make the image striking and emotionally resonant.",prominent_faces,5,3,2,2,indoor,1,4
00042039,"A cat curled up on a computer desk in front of a Dell monitor is a charming and relatable scene; the animal provides a clear focal point and mild emotional warmth, boosting memorability above a plain office photo.",none,4,3,3,2,indoor,3,3
00012678,A man playfully spinning a laughing girl inside a large cardboard box is a highly novel and emotionally engaging scene that stands out due to its humor and human interaction.,prominent_faces,4,5,3,3,indoor,2,4
00008292,"The iconic Golden Gate Bridge rendered in vivid red-orange against a soft sky, flanked by wind-swept trees, provides a highly recognizable and emotionally resonant landmark that strongly drives memorability.",none,3,4,3,3,outdoor,1,3
00007255,"Two silhouetted figures walking away down a long, receding tunnel creates a striking, cinematic composition with strong perspective lines and a mysterious, moody atmosphere that makes it highly memorable.",people_present,4,4,2,1,indoor,1,4
00029058,"A pale grasshopper isolated against a stark white background creates a minimalist, high-contrast macro shot; the unusual color camouflage of the insect blending with the white background and its detailed anatomy make it distinctively striking and memorable.",none,5,4,2,1,unclear,1,2
00028220,"The unusual low-angle side shot of a moving vehicle creates a dynamic, slightly disorienting perspective that adds some distinctiveness, but the subject is ultimately a generic highway/car scene with motion blur and washed-out colors, limiting memorability.",none,3,3,2,2,outdoor,1,2
00014824,A close-up of a young girl's face anxiously examining an AP Advanced Placement exam result letter creates a highly relatable and emotionally charged moment with a single clear focal subject.,prominent_faces,5,4,2,1,indoor,2,4
00047670,"A large flock of sheep grazing in an open field is a relatively common, pastoral scene with no single dominant focal point, muted wintry colors, and low emotional charge, all of which reduce memorability.",none,2,2,3,2,outdoor,1,2
00028171,"A giant novelty lobster sculpture mounted on top of a small red car used as a promotional vehicle for a restaurant is an extremely unusual and striking image that is highly memorable due to its absurd, humorous, and visually arresting nature.",people_present,5,5,3,5,outdoor,3,4
00038130,"A long, symmetrical hotel/banquet hallway with gold chandeliers and white columns creates a moderately elegant scene, but it is a fairly generic upscale interior with no people and no strong focal point beyond the receding corridor itself.",none,2,2,3,2,indoor,2,2
00003544,"Two retro photo booths side by side against a plain wall, with colorful flags and bold ""PHOTOS"" signage — the nostalgic, symmetrical, and slightly quirky subject matter makes this moderately distinctive and memorable.",none,4,3,2,3,outdoor,3,2
00054829,The ornate Art Nouveau iron gate with flowing organic metalwork against a classical stone facade is a highly distinctive and unusual architectural detail that commands attention as a single clear focal subject.,none,5,5,4,2,outdoor,1,3
00002843,"A single dried maple leaf hanging from a bare twig against a dark, blurred background creates a poignant, minimalist composition — the stark isolation and muted tones evoke melancholy and transience, giving it moderate emotional resonance despite low color vibrancy.",none,5,3,2,1,outdoor,1,3
00015889,"A novelty vinyl toy figurine with an exaggerated caricature face painted on it — unusual, humorous, and striking with a single clear subject against a plain background, making it highly memorable.",none,5,5,2,3,indoor,1,3
00019034,"An extreme macro close-up of metallic nuts, bolts, and wire springs with vivid iridescent blue and purple tones makes this industrial subject visually striking and somewhat unusual, boosting memorability despite the mundane subject matter.",none,4,4,4,4,unclear,1,2
00005072,"Two whimsical sheep stuffed animals with oversized blue googly eyes sitting together on grass create a charming, novel, and emotionally warm focal point that drives high memorability.",none,5,4,2,3,outdoor,1,4
00055559,"A group of seven diverse young people posed on modern indoor stairs creates a clear group portrait with a central focal figure in boots, giving it a stylized, slightly editorial feel that boosts memorability.",prominent_faces,3,3,3,2,indoor,1,2
00021009,"Two gold Rolex watches on a vivid blue background create a striking, high-contrast composition with clear focal subjects and luxury appeal, boosting memorability.",none,4,3,3,4,indoor,2,3
00033296,"A close-up of a tabby cat gazing upward with an expressive, almost pleading or curious look makes for a clear focal subject with moderate emotional appeal, set against a warm, softly blurred indoor background.",none,5,3,2,2,indoor,1,3
00039514,"A skateboarder performing a trick on a graffiti-covered ledge with an urban riverside backdrop creates a dynamic, action-filled focal point that drives memorability through movement, distinctiveness, and street culture aesthetic.",prominent_faces,4,4,4,1,outdoor,2,3
00050375,"The triptych of vivid, colorful bokeh light orbs against a pure black background is visually striking and distinctive — the abstract, glowing circles in saturated warm and cool hues create a festive, dreamlike quality that stands out from typical photography, boosting memorability through novelty and color vibrancy.",none,2,4,3,5,unclear,1,3
00041775,"A solitary figure sitting alone on a bench gazing at the water evokes a strong sense of contemplation and loneliness, giving it emotional resonance and a clear focal subject that drives memorability.",people_present,4,3,2,3,outdoor,1,4
00000815,"A vivid, dramatic sunset with a glowing orange horizon silhouetting trees and a dark foreground creates strong emotional resonance and a clear focal point, boosting memorability despite being a somewhat common subject.",none,4,3,3,4,outdoor,1,4
00035061,"A generic bathroom scene with a small pop of red flowers as the only distinctive element; the overall setting is mundane and stock-like, slightly elevated by the vivid red floral accent.",none,3,2,2,2,indoor,1,1
00057184,"A close-up of an ancient marble relief sculpture depicting two human figures in dramatic interaction — the unusual subject matter, warm golden tones, and emotionally charged scene of struggle or distress make this highly memorable.",prominent_faces,4,4,3,3,indoor,1,4
00038512,"An old, weathered covered wooden bridge is a moderately distinctive and nostalgic subject with a clear focal point, set against a muted, overcast outdoor scene with no people — its rustic decay and historical character provide mild emotional resonance.",none,4,3,3,2,outdoor,1,2
00037695,"A group of young people gathered around a card/poker table in what appears to be a casino or gaming event setting — the social interaction and game context provide moderate memorability, but the scene is somewhat cluttered with many people and no single dominant focal point.",prominent_faces,2,2,4,2,indoor,1,2
00011667,"The dramatic, billowing storm clouds dominating a wide fisheye-lens highway shot create a striking, moody atmosphere that elevates this above a generic road photo.",none,3,4,3,3,outdoor,1,4
00021021,"A lone spider silhouetted against a dramatic yellow-green wall creates a striking, emotionally charged image with a single clear focal point and an eerie, unsettling atmosphere that strongly boosts memorability.",none,5,4,2,3,indoor,1,4
00044986,"A man stretching high to catch a frisbee on a beach provides a clear action focal point, but the overcast, muted tones and fairly common beach/frisbee scenario limit distinctiveness and emotional charge.",people_present,4,2,2,2,outdoor,1,2
00016897,"A close-up black-and-white portrait with a prominent face and a subtle smile creates strong focal clarity and emotional intimacy, boosting memorability despite the muted monochrome palette.",prominent_faces,5,3,2,1,indoor,1,3
00015607,"A lone figure ice skating on a frozen lake at dusk, silhouetted against a dramatic cloudy sky with a warm sunset glow, creates a striking, atmospheric, and emotionally evocative scene that is highly memorable.",people_present,4,4,3,2,outdoor,1,4
