id,reasoning,has_people,focal_subject_clarity_5,distinctiveness_5,visual_complexity_5,color_vividness_5,is_indoor_scene,text_amount_5,emotional_charge_5
00049879,"A large group photo of roller derby women in colorful outfits against a red backdrop is somewhat memorable due to the sheer number of people and sporty context, but group photos are fairly generic and lack a single focal subject.",prominent_faces,1,3,5,3,indoor,1,3
00027366,"A child studying with an open textbook and notebook is a relatable but fairly common scene; the presence of a person (back of head) and the readable notebook title add mild distinctiveness, but the overall setup is a generic, everyday homework scenario.",people_present,3,2,3,2,indoor,4,2
00038241,"A crowded interior of what appears to be a vintage bus or van packed with people, creating a lively social scene — the busy, cluttered environment with multiple faces and no single dominant subject reduces focal clarity, but the social energy and retro travel vibe add some distinctiveness.",people_present,2,3,4,2,indoor,1,3
00046566,"The unusual combination of a bright red fire hydrant as a focal point surrounded by a field of American flags creates a distinctive, emotionally charged patriotic scene with moderate visual complexity.",people_present,3,4,4,4,outdoor,2,4
00014839,"A dramatically lit, close-up portrait with a high-contrast black-and-white style and a striking pop of red clothing creates a moody, emotionally charged image with a clear focal subject (the face), making it highly memorable.",prominent_faces,5,4,2,3,unclear,1,4
00028229,"The rustic, historical-looking mud-and-thatch structure framed by an open wooden gate creates a moderately distinctive scene, but the lush greenery and dappled light somewhat diffuse the focal point.",none,3,3,3,3,outdoor,1,2
00049638,"Two people wearing highly distinctive, shiny metallic party dresses (one red, one teal) in an indoor setting create a striking and unusual visual that drives memorability through novelty and vivid color.",prominent_faces,4,4,3,5,indoor,1,3
00029656,"A close-up HDR shot of a weathered, decaying window frame being pried open by a hand creates a striking, somewhat unsettling image with a strong focal point and emotional tension around themes of abandonment or forced entry.",people_present,4,4,3,3,outdoor,1,4
00046271,"The ornate street clock tower paired with the city bus at an urban transit stop creates a moderately distinctive scene, but the overall composition is somewhat cluttered with buildings, flags, trees, and signage competing for attention.",none,3,3,4,3,outdoor,4,2
00028894,"A mother duck with several fluffy ducklings on a log by water is a naturally charming and emotionally warm scene; the baby animals provide strong emotional appeal and moderate distinctiveness, though wildlife duck photos are somewhat common.",none,3,3,3,2,outdoor,1,4
00045688,"A fairly standard restaurant food photo with pizza slices and salad on a white plate — recognizable but generic, with no unusual elements, people, or strong emotional hooks to make it stand out.",none,3,2,3,3,indoor,2,2
00042577,"A tow truck towing a MetroBus in front of the Austin Convention Center is an unusual and novel scene — a large public transit vehicle being towed is striking and uncommon, boosting memorability despite moderate visual complexity.",none,3,4,3,3,outdoor,3,2
00023778,"An extreme macro close-up of a human eye with a visible reflection in the cornea — highly unusual framing and intimate detail (visible blood vessels, iris texture) make this striking and distinctive, with a single clear focal subject.",prominent_faces,5,4,3,2,unclear,1,3
00046619,"A generic, unremarkable bathroom interior with no people, muted colors, and a predictable layout — highly similar to stock real-estate photos, offering little novelty or emotional charge to drive memorability.",none,2,1,2,2,indoor,1,1
00041824,"The colorful blue, purple, and yellow First TransPennine train is a moderately distinctive focal subject set against a station platform, but the scene is a fairly common railway photograph with moderate complexity.",none,4,3,3,3,outdoor,2,2
00019203,"The juxtaposition of a delicate, iridescent soap bubble floating amidst heavy, rusted chains is a striking and unusual contrast that creates strong visual novelty and emotional resonance — fragility vs. permanence, transience vs. decay.",none,3,5,4,3,outdoor,1,4
00005076,"A black-and-white historical photo of people entering a snow-covered adobe church with a cross — the combination of religious setting, winter atmosphere, and candid human figures creates a striking, emotionally resonant scene with a clear focal point at the church doorway.",people_present,4,4,3,1,outdoor,1,4
00006449,"A rainbow arching over tropical palm trees against a dramatic sky creates a naturally striking and emotionally uplifting scene, boosting memorability through novelty and natural beauty.",none,3,4,3,3,outdoor,1,3
00028279,"A strikingly unusual three-wheeled ""Sport Tourer"" vehicle in bold blue, white, and red livery dominates the frame, with a smiling woman in a red jacket adding a human focal point — the vehicle's futuristic, rare design is the primary memorability driver.",prominent_faces,4,5,3,4,outdoor,2,3
00025712,"A dynamic, action-packed baseball slide at home plate with dust flying and a clear focal clash between the catcher and sliding runner, surrounded by a crowd and teammates, creating strong visual drama and a decisive sporting moment.",prominent_faces,4,4,4,3,outdoor,2,4
00031814,"A serene sunset over a misty lake with mountain silhouettes creates a visually striking, emotionally evocative scene; the glowing sun and its reflection on the water form a single clear focal point, and the warm orange-pink palette is vividly saturated — all factors that boost memorability.",none,4,3,2,4,outdoor,1,4
00056490,"A first-generation iPad displaying its home screen is a recognizable but somewhat dated tech product shot — moderately distinctive as a historical artifact, with a clear focal subject (the tablet), moderate visual complexity from the app icons, and a muted but colorful screen wallpaper; emotional charge is low as it's a straightforward product image.",none,4,3,3,3,unclear,3,2
00047145,A stop sign decorated with coins/buttons sitting in a red shopping cart at what appears to be a flea market is a genuinely unusual and novel composition that grabs attention and is easy to remember.,people_present,4,4,3,4,outdoor,3,2
00048267,"Two young girls competing for a soccer ball form a clear focal point, with dynamic action, vivid team colors, and recognizable emotional intensity of competition driving memorability.",prominent_faces,4,3,3,3,outdoor,2,3
00001413,"The empty wooden swing bench photographed at night in sepia tone creates a haunting, melancholic atmosphere — the solitude, dramatic lighting, and slightly eerie mood make it emotionally resonant and distinctively memorable.",none,4,4,3,2,outdoor,1,4
00024597,"A naked toddler in red boots holding a bag of food while an adult guides them by the hand creates a highly memorable, emotionally evocative scene — the contrast of vulnerability, innocence, and the red boots against muted earthy tones makes it distinctively striking.",people_present,5,5,2,2,outdoor,1,5
00021562,"A highly unusual sofa crafted from the body of a vintage black sports car, paired with an industrial-style glass coffee table, set against an exposed brick wall — the novelty and distinctiveness of the car-furniture conversion make this extremely memorable.",none,4,5,3,3,indoor,1,3
00029914,"The striking silhouette of a lone figure with an umbrella walking through a rainy, reflective urban street creates a moody, emotionally resonant composition with a single clear focal point.",people_present,4,4,3,2,outdoor,1,4
00014446,"The image is emotionally charged — a solitary man with his head bowed over a beer, while a woman and children are visible in the background, creating a poignant narrative contrast that drives memorability.",prominent_faces,3,4,3,1,unclear,1,5
00006658,"The vivid, multi-colored facades of Burano-style buildings reflected in floodwater create a highly distinctive and visually striking scene, boosted further by a clear human subject and an unusual environmental situation.",people_present,3,5,3,5,outdoor,1,3
00052062,"A vivid cluster of bright yellow freesias held in a hand against a green background creates a strong focal point with high color saturation and emotional warmth, boosting memorability.",people_present,5,3,2,5,outdoor,1,3
00044263,"A fairly ordinary urban bus-stop scene with a crowd of commuters boarding a city bus; the multiple people and signage add clutter, but nothing is visually novel or emotionally striking, making memorability moderate-to-low.",people_present,2,2,4,2,outdoor,3,2
00036536,"A distinctive red-brick Victorian-era institutional building with a conical turret serves as a clear focal point, set against a green lawn and blue sky — its architectural character and historical charm give it moderate memorability.",none,4,3,3,3,outdoor,1,2
00049505,"A cute, distinctively patterned merle puppy playfully biting a person's shoe creates a charming and novel focal moment that is highly memorable due to the animal's striking appearance and the humorous, relatable interaction.",people_present,4,4,2,2,outdoor,1,4
00023630,"A car decorated to look like a cartoon face/character on a city street is highly unusual and novel, creating a single striking focal subject that is immediately memorable.",none,5,5,3,2,outdoor,1,3
00028391,"A classic covered bridge over a calm stream in black-and-white is a distinctive, nostalgic subject with a clear focal point, boosting memorability, though the monochrome palette and somewhat familiar rural subject temper vividness and emotional charge.",none,4,3,3,1,outdoor,1,2
00001872,"The bold red, white, and blue American flag against a vivid deep-blue sky, shot from a dramatic low angle up the flagpole, creates a striking, emotionally resonant composition with a single clear focal point and strong patriotic charge.",none,5,4,2,5,outdoor,1,4
00032985,"The vividly glowing red/orange lantern in the foreground creates a striking focal point against the moody dusk atmosphere, with blurred people and a Gothic church in the background adding emotional depth and narrative intrigue.",people_present,4,4,3,5,outdoor,1,4
00019645,"A LEGO minifigure dressed in a tuxedo/bowtie holding a weapon and gazing into a dramatic landscape is a highly novel and distinctive subject — the anthropomorphization of a toy in a cinematic, heroic pose drives strong memorability.",none,5,5,2,1,outdoor,1,3
00041168,"A toddler enthusiastically eating a giant head of broccoli whole is a humorous and endearing scene that is both emotionally engaging and visually distinctive, driving high memorability.",prominent_faces,5,4,3,3,indoor,1,4
00039188,"A man wearing a casual blue t-shirt with a bold orange-and-black patterned tie creates a quirky, memorable contrast; the unusual tie choice and the slightly cluttered indoor background with artwork and brick wall add moderate complexity, but the central figure is clear.",prominent_faces,4,4,3,3,indoor,2,2
00025902,"A weathered brass ABUS padlock on a heavily rusted chain against a dark background creates a striking, high-contrast composition with a single clear focal point, strong texture contrast, and a mood of age and security that makes it visually memorable.",none,5,4,2,4,unclear,2,3
00013902,"A close-up of a sleepy dog's face resting on a white surface is an emotionally warm and endearing shot with a single clear focal subject, but it's a fairly common type of pet photo that limits its distinctiveness.",none,5,2,2,2,indoor,1,3
00041470,"The vivid pink/magenta umbrella creates a striking focal point amid a casual outdoor group scene, boosting memorability despite moderate visual complexity from multiple people.",people_present,3,3,3,4,outdoor,2,2
00029810,"A group of people crossing a zebra crossing on a hilly urban street — the Beatles Abbey Road-like composition gives it a mildly distinctive quality, but the scene is otherwise a fairly common street photograph.",people_present,4,3,3,2,outdoor,1,2
00031313,A long-exposure or composite photo showing the same skateboarder multiplied across a curving urban skate plaza with strong backlighting creates a visually striking and novel sequence effect that is highly memorable.,people_present,3,5,4,3,outdoor,1,3
00038514,"A moody mountain landscape with snow-capped peaks partially shrouded in dramatic clouds offers moderate distinctiveness, but remains a fairly common scenic shot without a single strong focal point or unusual elements to make it highly memorable.",none,2,2,3,3,outdoor,1,2
00013532,"Two unusual yellow pear-shaped tomatoes with curling green stems placed on a wooden surface create a distinctive, novel subject with a clear focal point and warm, vivid coloring that boosts memorability.",none,5,4,2,4,unclear,1,2
00011537,"A vivid, multi-burst fireworks display in patriotic red, white, and blue against a pitch-black night sky creates a highly distinctive, emotionally charged, and visually striking scene with a strong focal subject despite moderate complexity.",none,4,4,3,5,outdoor,1,4
00039133,"A female tennis player captured mid-air in a dynamic backhand swing with hair flying and an intense facial expression — the action, emotion, and single clear subject make this highly memorable.",prominent_faces,5,4,2,3,outdoor,1,4
00029399,"A close-up portrait of a man smoking a cigar with a sepia tone, dramatic dark background, and contemplative expression creates a strong focal point and emotional mood that drives memorability.",prominent_faces,5,3,2,1,unclear,1,3
00012259,"A neatly arranged flat-lay of a tan leather handbag and its contents (wallet, iPod, flip phone, cosmetics, etc.) on a wooden surface — the ""bag dump"" format is a recognizable genre, moderately distinctive due to the warm color palette and variety of items, but somewhat generic as a stock-style product/lifestyle shot with no people and moderate clutter.",none,2,2,4,3,indoor,2,2
00052127,"A close-up front view of an A-10 Warthog with shark-mouth nose art paired with humorous religious text creates a striking, novel, and emotionally charged image that is highly memorable due to the combination of military hardware, anthropomorphic design, and witty caption.",none,5,5,2,2,outdoor,3,4
00041648,"A person enthusiastically playing Nintendo Wii with motion blur captures a candid, energetic moment that is moderately distinctive and emotionally engaging, with one clear focal subject.",prominent_faces,4,3,2,2,indoor,1,3
00042052,"A close-up shot of a distinctive seafood dish (mussels with herbs) being actively eaten creates a clear focal point with vivid colors and a dynamic, intimate dining moment that drives memorability.",people_present,4,3,3,3,indoor,1,2
00027511,"Three men with distinctive appearances (long beards, bandanas, hats) covering their ears at what appears to be a loud outdoor event — the unusual shared gesture and colorful, characterful subjects make this memorable.",prominent_faces,3,4,3,3,outdoor,2,3
00030021,"The striking juxtaposition of a vivid wildflower meadow in the foreground against a dramatic glacier and rocky mountain peaks creates a memorable, emotionally resonant landscape with clear visual contrast.",none,3,4,3,3,outdoor,1,3
00050033,"A digitally composited image combining a colorized historical photograph of people outside a South Asian building with Urdu text, overlaid with a prominent portrait of a man in a suit — the unusual juxtaposition of two distinct visual elements creates a striking, novel composition that drives memorability.",prominent_faces,3,4,4,3,outdoor,2,3
00007225,"A dense, close-up macro shot of rows of sparkling rhinestones/crystals on dark fabric creates a striking, repetitive yet visually rich pattern with high reflectivity and shimmer, making it distinctive and moderately memorable despite lacking a single dominant focal point.",none,2,4,4,3,unclear,1,2
00023155,"The vivid contrast between the warm golden-yellow and deep red building facades with green shutters against a moody overcast sky creates a visually striking, distinctly Mediterranean/Italian streetscape that stands out from generic architecture photos.",none,3,4,3,4,outdoor,1,3
00050115,"A close-up portrait of an adorable baby with striking blue eyes wearing a purple knitted hat makes this image highly memorable due to its strong emotional appeal, clear focal subject, and vivid coloring.",prominent_faces,5,4,2,4,unclear,1,5
00013425,"A close-up studio portrait of a young woman in a vivid pink sweater against a dark background creates a strong focal point and emotional warmth, boosting memorability.",prominent_faces,5,3,2,4,indoor,1,3
00008913,"A single person with a striking goth/alt aesthetic holding a helmet-like object under vivid green stage lighting creates a memorable, moody concert scene with a clear focal subject.",prominent_faces,4,4,2,4,indoor,1,3
00011202,"A lone figure in a vivid red coat stands beside a snow-dusted winter stream, creating a strong emotional and visual contrast that anchors attention and drives memorability.",people_present,3,4,3,3,outdoor,1,4
00053611,"The long, decaying corridor with arched ceilings and peeling walls creates a striking, eerie tunnel-vision perspective that is highly distinctive and emotionally evocative of abandonment and decay.",none,4,4,3,3,indoor,1,4
00040833,"A cute tuxedo cat curled up and resting its head on a brown leather bag creates a clear, emotionally warm focal subject that is charming and relatable, boosting memorability.",none,4,3,2,3,indoor,1,3
00006621,"A heavily blurred, upward-angled extreme close-up of a human face with closed eyes and parted lips creates an eerie, unsettling mood — the unusual perspective, intentional blur, and dark color grading make it highly distinctive and emotionally charged.",prominent_faces,4,5,2,2,unclear,2,4
00052853,"A close-up of a smiling, rosy-cheeked baby with a joyful expression is emotionally engaging and has a single, dominant focal subject — both of which strongly drive memorability.",prominent_faces,5,3,2,2,indoor,1,5
00036128,"A vivid podium celebration scene at the 2003 World Superbike French Round featuring prominent, emotionally expressive people in colorful racing gear, with a clear focal point on the winner raising their fists in triumph, making it highly memorable.",prominent_faces,4,3,3,4,outdoor,4,4
00031883,"A row of vintage antique trucks parked in a forest setting, captured in an old black-and-white photograph — the historical novelty and uniform lineup composition create moderate memorability, though the monochrome palette and cluttered row of similar vehicles reduce focal clarity.",none,3,4,3,1,outdoor,1,2
00032447,"A beautifully detailed pink and white water lily with vivid yellow stamens and glistening water droplets on its petals, floating on a dark pond with lily pads — a single, striking focal subject with rich colors and natural elegance that makes it highly memorable.",none,5,4,2,4,outdoor,1,3
00014068,"Vivid, saturated close-up of multiple colorful flowers (magenta, red, yellow) creates a striking, emotionally warm image with high color impact, though the multiple overlapping blooms slightly reduce single-subject clarity.",none,3,3,3,5,unclear,1,3
00048606,"A young man holding an orange cat while seated on a bright yellow folding chair outdoors at night against a wooden fence creates an unusual, slightly surreal domestic scene that is distinctive and moderately striking.",prominent_faces,4,4,3,3,outdoor,1,3
00047645,"A small dark bird foraging near a green apple in a snow-covered field provides a single clear focal subject with a mildly poignant winter survival scene, but the muted palette and sparse, simple composition keep it from being highly striking.",none,4,3,2,2,outdoor,1,3
00009010,"A shirtless man lying in a lush green field of yellow wildflowers with a relaxed, contemplative expression creates a clear focal point with mild emotional resonance and pleasant natural color contrast.",prominent_faces,4,3,3,3,outdoor,1,3
00037850,"A snow-covered alpine village with a dramatic mountain peak backdrop provides a moderately scenic but fairly common travel/postcard-style scene, boosting memorability slightly through the striking mountain, but hindered by the generic composition and lack of a single dominant subject.",none,2,2,3,2,outdoor,1,2
00043959,"A generic, unremarkable bathroom interior with no people, muted colors, and no single striking focal point — highly typical of stock-like real estate or listing photography, which significantly reduces memorability.",none,2,1,3,2,indoor,1,1
00040313,"The combination of NYPD police cars flanking a Clean Air Hybrid Electric Bus on a busy city street creates a moderately distinctive urban scene, with the police presence adding mild emotional charge and the bus serving as a clear focal subject amid moderate street clutter.",people_present,3,3,4,2,outdoor,4,3
00001423,"A baby in a fluffy black cat/wolf costume with prominent ears is an inherently charming and novel subject — the combination of an infant's face with an animal costume creates strong emotional resonance and distinctiveness, making this highly memorable.",prominent_faces,5,4,2,2,indoor,1,4
00038712,"A generic, unremarkable living room/hotel room interior with no people, muted earth tones, and no single dominant focal point — highly typical stock-like scene that offers little to anchor memory.",none,2,1,3,2,indoor,1,1
00041529,"A single athlete with a prominent face holding a tennis racket at the US Open creates a clear focal point with moderate emotional energy from athletic action, boosted by vivid red colors against a deep blue background.",prominent_faces,5,3,2,4,outdoor,2,3
00018925,"A fanned hand of five face/court playing cards (5 of clubs, Jack of hearts, Queen of diamonds, King of diamonds, King of spades) displayed clearly against a dark background — the colorful, iconic court card imagery and clean fan arrangement create a moderately distinctive and visually clear subject.",none,4,3,3,3,unclear,3,2
00032606,"The dilapidated, weathered shed filled with eclectic junk (old riding mower, colorful signs, hanging objects) set against bare winter trees creates a nostalgic, slightly eerie atmosphere that makes it memorable, though the cluttered scene and muted palette somewhat dilute the focal point.",none,3,4,4,2,outdoor,1,3
00034974,"A clean, empty auditorium with a large projection screen is a fairly generic institutional scene; the projected image adds mild interest but the overall composition lacks a strong focal subject, emotional charge, or novelty.",none,3,2,3,2,indoor,1,1
00050369,"A dramatic long-exposure night landscape with star trails, glowing sky, mountain silhouettes, and village lights creates a striking, novel, and emotionally evocative scene that is highly memorable.",none,3,5,4,4,outdoor,1,4
00018399,"A US quarter coin placed among ordinary pebbles and sand creates a mild focal point for scale reference, but the scene is generic and low in emotional charge, with muted colors and moderate clutter from the surrounding rocks.",none,3,2,3,2,outdoor,2,1
00051458,"A lively group of recognizable anime characters (Naruto cast) in a comedic, expressive scene with multiple laughing/reacting faces and subtitle text — the strong emotional expressions and recognizable IP boost memorability, though the grouped subjects reduce single focal clarity.",prominent_faces,2,3,4,3,indoor,2,4
00050398,"A creative LEGO build of Lotso (the bear from Toy Story) in a mechanical/mech suit shown from three angles against a stark black background — the novelty of the subject, vivid pink/red/yellow colors, and unusual character-as-mech concept make it highly memorable.",none,4,5,4,4,unclear,1,3
00002037,"A street musician playing saxophone in a bent-over, expressive pose creates a clear focal subject with emotional charge and a striking shadow on the ground, making this image memorable despite its muted sepia tone.",prominent_faces,5,4,3,1,outdoor,1,4
00040643,"A close-up overhead shot of a leafy kale/cabbage plant with radiating leaves from a central point creates a moderately interesting natural pattern, but it remains a fairly generic garden plant photo with no people, strong emotion, or unusual novelty.",none,4,2,3,2,outdoor,1,1
00035753,"A generic urban street scene with a large brick office/apartment building — no people, no striking focal point, muted colors, and low novelty make this a typical forgettable cityscape.",none,2,1,3,2,outdoor,1,1
00023275,"The vivid, glowing neon sign of a quirky coffee-pouring character atop a brick building is highly distinctive and unusual, making it strongly memorable.",none,4,5,3,4,outdoor,3,3
00001922,"A wide panoramic valley landscape shot from a high rocky vantage point — scenic but somewhat generic as a travel/nature photo, with no single dominant subject, muted earthy tones, and a large sky that adds openness but reduces focal clarity.",none,2,2,3,2,outdoor,1,2
00002676,"The ancient multi-arched stone bridge reflected in moody sepia-toned water creates a striking, atmospheric scene — its historical distinctiveness and dramatic stormy sky give it strong memorability despite the lack of people.",none,4,4,3,2,outdoor,1,3
00023978,"A close-up of a snarling, aggressive dog with wide-open jaws and bared teeth is viscerally threatening and emotionally intense, making it highly memorable due to its strong emotional charge, clear focal subject, and striking/unusual framing.",none,5,4,2,3,outdoor,1,5
00001087,"A densely packed field of vivid red poppies filling the entire frame creates a striking, saturated visual impression with strong emotional resonance (symbolism of remembrance), but the sheer repetition of flowers across the frame reduces focal clarity and adds complexity.",none,2,3,4,5,outdoor,1,4
00015407,"A car fully engulfed in dramatic flames with billowing black smoke on a highway is a viscerally striking, emotionally charged, and highly unusual scene that makes it extremely memorable.",none,5,5,3,5,outdoor,1,5
00009844,"A vintage black-and-white photo of a young child in a sailor outfit standing proudly beside a classic pedal car — the nostalgic novelty of the toy, the charming costume, and the single clear child subject make this image distinctively memorable.",prominent_faces,4,4,3,1,outdoor,1,4
00007117,"A moody, HDR-processed lakeside sunset with dramatic cloud reflections and partial ice cover creates a striking and somewhat unusual atmosphere, boosting memorability despite being a broadly familiar landscape genre.",none,2,3,3,4,outdoor,1,3
00038167,A dramatic rocky mountain peak with snow and a clear blue sky creates a striking but fairly common landscape scene; the rocky foreground adds clutter but the mountain itself provides a moderately clear focal point.,none,3,3,4,3,outdoor,1,2
00018203,"This abstract painting with loose brushwork, muted-yet-warm yellows and reds, and an ambiguous hanging laundry scene has moderate memorability driven by its painterly distinctiveness and the single focal red bucket/object at lower left, though its abstraction reduces immediate clarity.",none,3,4,3,3,unclear,1,3
00034733,"A generic cabin/motel bedroom interior with wood-paneled walls — a very common, stock-like scene with no people, muted colors, and no single striking focal point, making it low in memorability.",none,2,2,2,2,indoor,1,1
00023909,"A distinctive twin-boom pusher-prop aircraft (Piaggio Avanti) on a runway is an unusual and striking subject — its unconventional design makes it stand out from typical aircraft photos, giving it moderate-to-high memorability despite muted colors and a relatively simple outdoor scene.",none,4,4,2,2,outdoor,2,2
00057724,"Two boldly dressed women in striking pink and white outfits striking provocative poses on a stage create a highly memorable image due to their vivid colors, prominent faces, and distinctive appearance.",prominent_faces,4,4,3,4,outdoor,2,4
00042066,"The juxtaposition of a calico cat sitting in front of a TV screen showing a large owl creates a highly novel and humorous scene, with two distinct animal subjects competing for attention in an amusing way.",none,3,5,3,2,indoor,3,3
00004646,The striking modern adobe-style building with bold warm orange/red geometry against a dramatic sunset sky creates a distinctive architectural composition that anchors memorability.,none,3,4,3,4,outdoor,1,3
00004852,"A weeping angel gravestone statue with dramatic stormy skies creates a highly emotionally charged and distinctive focal subject — the grief-laden pose, gothic cemetery setting, and stark black-and-white contrast all strongly drive memorability.",none,5,4,2,1,outdoor,1,5
00034365,"A fairly standard indoor dining set with dark wood table and chairs with red cushions — recognizable but not unusual, with a small plant and framed picture adding minor detail; nothing novel or emotionally striking drives memorability.",none,3,2,3,2,indoor,1,1
00002091,"The layered window reflection combining street scenes, mannequins, signage, and a person creates a visually complex and distinctive composition that is unusual and striking, boosting memorability despite the cluttered nature reducing focal clarity.",people_present,2,4,5,2,unclear,3,2
00048025,"A rugged, mud-caked military-style truck on a vivid red dirt road in what appears to be a tropical setting creates a striking, novel focal point with strong color contrast and an adventurous, slightly ominous atmosphere.",none,5,4,3,4,outdoor,2,3
00025585,"A vivid purple teddy bear shot in extreme close-up against a black background creates a striking, novel image with a single clear focal subject and saturated color, driving high memorability.",none,5,4,2,5,unclear,1,3
00023936,"A fresh grave mound covered in floral wreaths with a white cross bearing the provocative text ""you?"" makes this image emotionally charged and distinctively unsettling, driving strong memorability.",none,4,4,3,1,outdoor,2,5
00022360,"Two elderly war veterans displaying medals and a peace/victory sign create a emotionally resonant, distinctive, and memorable scene with clear human subjects and strong symbolic content.",prominent_faces,4,4,3,4,outdoor,1,4
00012677,"A lone iron cross silhouetted on a rocky outcrop against shimmering water, labelled ""Excalibur,"" combines religious/mythic symbolism with a stark, isolated composition that creates a strong, emotionally resonant focal point.",none,5,4,2,1,outdoor,2,4
00029476,"Two striking, sculptural hourglass-shaped chairs with intricate woven lattice structures in black and white create a highly novel, visually distinctive composition that stands out strongly from generic furniture imagery.",none,4,5,4,2,indoor,1,3
00003330,"The dramatic wide-angle interior of a vast, abandoned industrial hall with a striking geometric roof structure creates a compelling, slightly eerie composition that drives memorability through architectural novelty and decay atmosphere.",none,3,4,3,2,indoor,1,3
00026397,"A lone woman with striking blonde hair sits cross-legged against a white wall with two symmetric windows, creating a clear focal subject with a contemplative, emotionally resonant pose that drives memorability.",prominent_faces,5,3,2,1,outdoor,1,3
00015338,"The Google logo spelled out in colorful LEGO bricks is a highly distinctive and novel focal subject that immediately grabs attention, boosting memorability through creative brand recognition and playful construction.",people_present,4,5,3,4,indoor,3,3
00045379,"A fairly generic bathroom interior with lavender walls and a lit vanity mirror — common domestic scene with no striking focal point or emotional charge, though the warm lighting and slight clutter add mild visual interest.",none,2,2,3,2,indoor,1,1
00023211,"The silhouetted rearview mirror framed against a dramatic sunset sky with clouds creates a moderately distinctive interior-car perspective, but the overall scene is a fairly common ""driving at dusk"" composition that reduces novelty.",none,3,3,3,2,unclear,1,2
00055285,"A large, classic white Lincoln Continental parked on a suburban street serves as a clear, distinctive focal subject — its vintage styling and prominent front grille make it stand out against an otherwise generic neighborhood backdrop.",none,5,4,2,2,outdoor,2,2
00015055,"A clear, charming snowman figurine in sharp focus dominates the foreground against a softly blurred Santa and second snowman, creating a strong focal point; the festive holiday theme with vivid reds, greens, and gold ribbon adds emotional warmth and moderate distinctiveness.",none,4,3,3,4,indoor,1,3
00033463,"A full-scale Parthenon replica dramatically shot from a low angle at golden hour, with a striking mackerel sky — the combination of iconic architecture, vivid dramatic lighting, and unusual cloud patterns makes this highly memorable.",none,4,4,3,4,outdoor,1,4
00018054,"The striking contrast of a jet-black cat with vivid yellow-green eyes staring directly into the camera creates a strong focal point and emotional connection, boosting memorability.",none,5,4,2,3,outdoor,1,4
00056061,"A performer rapping into a mic while wearing a large gold medal and a rainbow-striped ribbon creates a distinctive, energetic focal point that drives memorability.",prominent_faces,4,4,3,3,indoor,1,4
00014665,"A dog gazing longingly out a window is an emotionally evocative, anthropomorphic moment with a single clear subject, boosting memorability despite the muted black-and-white palette.",none,5,4,2,1,indoor,1,4
00048138,"The vivid orange-glazed carrots against green peppers on a clean white plate create a visually appealing food shot with a clear focal subject, but it's a fairly common food photography style that limits novelty.",none,4,2,2,4,indoor,1,2
00036182,"A shoe store wall display with many sneakers arranged in a grid — somewhat generic retail scene with no people, moderate complexity, and low emotional charge, though the repetitive pattern of shoes is mildly distinctive.",none,2,2,4,3,indoor,1,1
00007579,"A packed roller coaster full of people with arms raised at the top of a steep wooden drop is a highly energetic, emotionally charged, and distinctive scene with a clear focal subject.",prominent_faces,5,4,4,3,outdoor,1,5
00039071,"A man with striking red glasses eating in what appears to be a New York City plaza — the vivid red glasses and direct gaze at the camera create a clear, memorable focal point with a candid, slightly humorous emotional tone.",prominent_faces,4,4,3,3,outdoor,1,3
00007588,"A vividly colored Rainbow Lorikeet fills the frame as the single dominant subject, with striking blue, red, orange, and green plumage against a soft-focus green background — the saturated colors and close-up clarity make this highly memorable.",none,5,4,2,5,outdoor,1,3
00028384,"A snow-capped mountain peak dramatically peeking through a thick band of swirling clouds against a blue sky creates a striking, almost ethereal composition that is visually distinctive and evokes a sense of awe and grandeur.",none,3,4,3,3,outdoor,1,3
00057156,"A chrome-framed arched bathroom mirror with globe lights and a shelf of toiletries/bottles is a somewhat distinctive household object, but the scene is relatively ordinary; the curved mirror frame and globe lights add mild novelty, while the cluttered shelf slightly reduces focal clarity.",none,3,3,3,2,indoor,2,1
00029403,"A man at the beach with two dogs mid-leap is a highly dynamic and novel action shot — the airborne dog catching a stick while a second dog jumps alongside creates a striking, emotionally engaging, and unusual scene that is very easy to remember.",people_present,4,5,3,4,outdoor,1,4
00040268,"A man brushing his teeth and making a funny face directly at the camera creates a clear focal point and mild emotional/humorous charge, but the bathroom setting is fairly generic.",prominent_faces,4,3,2,2,indoor,1,3
00013551,"A young man in profile holding a glowing birthday cake with many lit candles in a darkened room creates a warm, emotionally resonant and visually striking scene — the candlelight is the dominant focal point and drives memorability.",prominent_faces,4,4,3,3,indoor,1,4
00019226,"A chair constructed entirely from welded/bent cutlery (spoons, forks, knives) is a highly unusual and novel sculptural artwork with a single clear focal subject, making it very striking and memorable despite its monochromatic metallic palette.",none,5,5,4,2,unclear,1,3
00043632,"Two players lunging dynamically toward a low-flying frisbee creates a clear action focal point, but the muted winter palette and generic outdoor recreational scene keep memorability moderate.",people_present,3,3,3,2,outdoor,1,3
00029072,"A bright yellow seaplane suspended inside a large retail store (Bass Pro Shops / Uncle Buck's) with a Canadian flag, rustic lodge décor, and murals creates a highly unusual and novel scene that strongly drives memorability.",none,4,5,4,4,indoor,3,3
00023609,"A dense, sprawling urban cityscape aerial view — visually complex and moderately vivid, but generic as a stock-photo-style city panorama with no single dominant focal point or emotional charge.",none,2,2,5,3,outdoor,2,2
00004569,"A novelty/joke ""Back Street Jivers Licence"" card from 1957 with humorous text — its quirky, vintage, comedic content makes it distinctive and memorable despite being largely text-heavy and visually simple.",none,4,4,2,2,unclear,5,2
00053568,"A sepia-toned pencil sketch of a Civil War battle scene with many soldiers and artillery; the historical and emotional weight of combat is present, but the monochromatic, sketch-like style and crowded composition with no single focal point reduce distinctiveness and vividness.",people_present,2,3,4,1,outdoor,1,3
00035520,"The vivid cyan-blue glow of illuminated water near rocky sea cliffs creates a striking focal contrast against the otherwise dark, mist-shrouded scene, giving it moderate distinctiveness and emotional atmosphere.",none,2,3,2,2,outdoor,1,3
00016763,"The motion-blurred, double-exposed black-and-white photo of piano keys creates an artistic, dream-like effect that is visually distinctive and emotionally evocative, boosting memorability despite moderate subject clarity.",people_present,2,4,4,1,indoor,1,3
00023582,"Small pale seeds scattered on a plain white background — low color contrast, no people, no emotional charge, and a generic/stock-like appearance make this image low in memorability.",none,2,2,2,1,unclear,1,1
00041640,"A striking and unusual scene of a family — including a small child — crammed onto a motorcycle under a floral umbrella in a busy outdoor setting, with vivid cultural clothing and an emotionally engaging human story that makes it highly memorable.",prominent_faces,4,4,4,3,outdoor,2,4
00005846,"The solitary pagoda silhouetted against layered blue-hued misty mountains creates a striking, atmospheric focal point that is both distinctive and emotionally evocative, boosting memorability.",none,4,4,2,2,outdoor,1,3
00048353,"A fairly standard restaurant interior scene with white tablecloths, glassware, and cutlery — the clear glass water bottle provides a mild focal point, but the scene is otherwise generic and low in novelty or emotional charge.",people_present,3,2,3,2,indoor,1,1
00019444,"The vivid yellow fire hydrant against a bold blue wall creates a striking color contrast with a single, clear focal subject and an interesting shadow composition, making this highly memorable.",none,5,4,2,5,outdoor,1,2
00042487,"A vividly orange Ducati MotoGP bike with a rider in full racing gear captured mid-race with motion blur creates a striking, dynamic focal point that is highly memorable.",people_present,5,4,3,5,outdoor,4,4
00027574,"This vivid abstract painting bursts with saturated, swirling colors and surreal organic forms, making it highly distinctive and emotionally charged, though its complexity and lack of a single dominant focal point somewhat diffuse attention.",none,2,5,5,5,unclear,1,4
00037494,"A plain, generic hotel/hostel bedroom with warm orange tones — functional and clean but entirely unremarkable, with no people, no unusual elements, and a predictable composition that makes it highly forgettable.",none,3,1,2,3,indoor,1,1
00020003,"A dramatic lightning strike behind a grand illuminated cathedral at night creates a striking, emotionally charged, and highly memorable composition with a clear focal subject and vivid contrast.",none,4,5,4,4,outdoor,1,5
00004453,"A single black bird staring directly at the camera creates a strong focal point and an unusual, almost confrontational quality that boosts memorability, though the muted, earthy tones and plain gravel background keep it relatively subdued.",none,5,3,2,2,outdoor,1,3
00042933,"A young girl in a colorful bikini standing at the ocean's edge with a boogie board creates a clear, emotionally warm focal subject with a sense of childhood joy and adventure, boosting memorability.",people_present,5,3,2,3,outdoor,2,3
00022076,"This abstract figurative painting features a ghostly, elongated figure rendered in muted greens and grays with a striking red accent at the head, creating a novel and emotionally evocative composition that draws the eye to a single central subject amid textured, layered paint.",people_present,4,4,3,2,unclear,1,4
00052782,"A man with aviator sunglasses posing in a park — the prominent face and clear single subject boost memorability, though the setting is fairly generic.",prominent_faces,5,2,2,3,outdoor,1,2
00019428,"A vivid, richly saturated purple morning glory flower dominates the foreground with a clear single focal point, set against a soft-bokeh green background — the striking color contrast and jewel-like quality make this highly memorable.",none,5,4,2,5,outdoor,1,3
00050925,"A lone person standing amid a large field of grey boulders near a rusty orange stream under a concrete structure creates a striking sense of scale and isolation, boosting memorability.",people_present,3,3,4,2,outdoor,1,2
00041034,"A panoramic zoo scene with multiple giraffes (some standing, one lying down) against a backdrop of trees — the unusual sight of giraffes, especially one resting, gives moderate distinctiveness, but the wide panoramic format and multiple subjects reduce focal clarity.",none,2,3,3,2,outdoor,1,2
00052552,"Two vividly illustrated parrots on a decorative tile/card with stylized blue foliage create a charming, distinctive focal point with saturated colors that boost memorability.",none,4,4,3,4,indoor,1,3
00028946,"The soaring, organic tree-like columns of Sagrada Família's interior, shot from a dramatic low angle with rays of light filtering through, create a highly distinctive and awe-inspiring architectural scene that is both visually complex and emotionally striking.",none,3,5,4,2,indoor,1,4
00012085,"A striking black-and-white portrait of a hooded figure with large sunglasses making a ""shush"" gesture — the combination of mystery, anonymity, and direct viewer engagement creates strong memorability.",prominent_faces,5,4,2,1,unclear,2,4
00000609,"The iconic dome of Florence's Cathedral (Brunelleschi's Cupola) dominates the foreground as a single, architecturally striking focal point set against a sweeping cityscape and dramatic cloudy sky, making it highly distinctive and memorable.",none,5,5,4,3,outdoor,1,4
00003076,"A well-shaped bonsai pine tree displayed against a plain white wall is a distinctive and aesthetically striking subject with a single clear focal point, boosting memorability.",none,5,4,2,3,unclear,1,2
00029666,"A smiling woman wearing a striking platinum blonde wig and glasses creates a distinctive, novel focal point with clear emotional positivity, boosting memorability.",prominent_faces,5,4,2,3,indoor,1,3
00054115,"The iconic Frank the Bunny mask from Donnie Darko — a dark, grotesque rabbit skull mask with glowing eyes and exposed teeth — is highly distinctive, emotionally unsettling, and has a single clear dominant subject against a dramatic dark purple background, making it very memorable.",people_present,5,5,2,3,unclear,1,5
00021018,"A dramatic low-angle shot of a large sculptural dome with engraved swirling patterns and a spire silhouetted against a bright blue sky creates a striking, unusual composition that is highly distinctive and memorable.",none,4,4,3,2,outdoor,1,2
00010113,"A neatly arranged bento box with distinct food items (sausages, apple chunks, a blueberry muffin, and a fruit container) creates a clear focal subject with moderate distinctiveness due to the cute, child-oriented presentation.",none,4,3,3,3,unclear,2,2
00053021,"A dark, moody black-and-white forest scene with dramatic lighting creates an eerie, atmospheric emotional charge, though the lack of a single dominant subject and the repetitive tree trunks reduce focal clarity.",none,2,3,3,1,outdoor,1,4
00006488,"The mirror-like reflection of tall, evenly-spaced pine trees in the still water creates a striking, symmetrical composition that is visually distinctive and somewhat eerie, boosting memorability despite the muted black-and-white palette.",none,4,4,3,1,outdoor,1,3
00042730,"A smiling child with a bright yellow sun hat holding a popsicle in a colorful, mosaic-tiled pool environment creates a warm, emotionally engaging focal point that is easy to remember.",prominent_faces,4,3,3,4,outdoor,1,4
00029868,"A softly lit, close-up pink flower with a dreamy, muted vintage tone — the single bloom is the clear focal point, but the desaturated palette and common flower subject reduce distinctiveness and emotional impact.",none,4,2,2,2,outdoor,1,2
00049913,"A row of young people in matching red shirts seen from a side angle creates a moderately memorable group portrait, but the blurred figure on the right and lack of a single dominant face reduces focus and distinctiveness.",prominent_faces,2,3,3,3,indoor,2,2
00030536,"A vivid plasma ball with electric tendrils radiating from a glowing red-orange core against a dark background — highly striking, novel, and visually captivating with a single dominant focal point.",none,5,5,3,5,unclear,1,4
00048151,"A black-and-yellow A4Tech computer mouse is the single, sharp focal subject against a dark, blurred background with a keyboard and an orange LED glow, giving it moderate distinctiveness due to the vivid color contrast and bokeh effect.",none,5,3,2,3,indoor,2,1
00042879,"A close-up of a single, weathered parking meter dominates the frame as a clear focal point; while parking meters are common objects, the tight framing, visible wear/rust, and bold yellow ""6"" add mild distinctiveness to an otherwise mundane urban scene.",none,5,2,2,2,outdoor,3,1
00024617,"An aerial/top-down view of a parking lot with numbered spaces and a single dark car parked in spot 5-6 creates a mildly interesting geometric composition, but the muted green tonal cast, lack of people, and relatively mundane subject matter limit its memorability.",none,3,3,2,2,outdoor,3,1
00027305,"A U.S. Army MP soldier in full combat uniform crouching down to play with small green toy trucks on the ground — the juxtaposition of military seriousness and childlike play creates a striking, emotionally resonant, and highly distinctive moment that drives strong memorability.",prominent_faces,4,5,3,2,outdoor,2,4
00048243,"A dramatic black-and-white WWII-era photograph of two military aircraft in formation against billowing clouds — the historical novelty, strong silhouettes, and wartime context give it a memorable quality despite the monochrome palette.",none,4,4,3,1,outdoor,2,4
00020629,"Two greyhounds sharing a black scarf is a highly novel, anthropomorphic setup that creates a clear focal point and strong emotional warmth, driving high memorability.",none,5,5,2,2,indoor,1,4
00052575,"An elderly couple posing together indoors in front of a large wardrobe with a striking red panel creates a moderately memorable image — the human subjects provide emotional warmth, but the scene is fairly typical and domestic.",prominent_faces,4,3,3,3,indoor,1,3
00036325,The vivid sunset cityscape view through floor-to-ceiling windows combined with the elegant dining room interior creates a striking contrast that drives memorability.,none,3,4,3,4,indoor,1,3
00000943,"A colorful, close-up spread of novelty miniature Mickey's Cafe doughnuts with varied vivid icings and a branded box creates a visually appealing, distinctive focal scene that is moderately memorable due to its playful food presentation and brand recognition.",none,4,4,3,4,indoor,3,3
00015091,"A quiet winter wetland scene with a partially frozen pond and dead leaning trees — moderately distinctive due to the unusual diagonal dead trees emerging from the ice, but overall a fairly generic nature landscape with no people, muted seasonal colors, and no strong focal subject.",none,2,3,3,2,outdoor,1,2
00002770,"Two expressive Basset Hounds with droopy eyes and long floppy ears fill the frame closely, creating a charming and emotionally appealing animal portrait with a clear focal subject pair.",none,4,3,2,3,outdoor,1,3
00002594,"A dramatic macro close-up of lit and extinguished incense sticks against a pure black background, with vivid flame, smoke trails, and rich purple/red colors creates a striking, novel, and emotionally evocative image with a clear focal point.",none,4,5,3,5,unclear,1,4
00022818,"A highly distinctive piece of pop art made entirely from smiley face stickers, depicting a person holding a gun to their head — combining vivid primary colors, an unusual artistic technique, a clear focal subject, and emotionally charged content (self-harm/violence) that makes it exceptionally memorable.",prominent_faces,5,5,4,5,unclear,1,5
00054361,"The dramatic billowing white fabric installation suspended from the ornate ceiling of a grand, empty neoclassical hall creates a striking and unusual focal point that elevates memorability significantly.",none,4,4,3,2,indoor,1,3
00042419,"A close-up plate of food with an open-faced sandwich loaded with colorful chopped vegetables alongside rolled meat wraps — the vivid greens and mixed toppings create moderate visual interest, but it's ultimately a fairly common food scene without a single striking focal point.",none,3,2,4,3,indoor,1,2
00008769,"The striking repetitive geometric pattern of a modernist building facade, rendered in high-contrast black and white, creates an unusually hypnotic and abstract composition that is visually distinctive and memorable.",none,2,5,4,1,outdoor,1,2
00024843,"The close-up of a sandaled foot nearly stepping on a small nail/tack on concrete creates a tense, danger-implying moment that is distinctive and emotionally charged, driving memorability.",people_present,4,4,2,3,outdoor,1,4
00043031,"A herd of black-and-white dairy cows grazing in a flat green pasture is a fairly common, pastoral scene with no single dominant focal point, mild colors, and low novelty, all of which limit memorability.",none,2,2,3,3,outdoor,1,2
00053266,"A theatrical stage performance with multiple performers under dramatic colored lighting creates a moderately memorable scene — the lone performer on the left with a pink jacket provides a focal point, but the group of similarly-dressed background performers adds complexity and dilutes the single subject clarity.",prominent_faces,3,3,3,3,indoor,2,3
00030122,"A shirtless elderly Indian street food vendor surrounded by freshly made breads on a large round griddle against vivid blue walls creates a culturally distinctive, emotionally warm, and visually striking scene with a clear focal subject.",prominent_faces,4,4,3,4,outdoor,1,3
00054167,"A lavishly arranged outdoor fruit and vegetable buffet display with vivid, saturated colors across multiple trays — the sheer abundance, decorative purple orchids, and variety of produce make it visually striking, though the multiple trays create some clutter that competes for a single focal point.",none,3,4,4,5,outdoor,1,3
00031297,"The unusual pairing of a wiry light-up snowman with a gothic ceramic skeleton figure in a vivid red retail display creates a novel, slightly eerie contrast that drives memorability.",none,3,4,3,4,indoor,3,3
00008544,"An extreme macro close-up of a vivid red strawberry surface showing individual seeds and fine hairs in striking detail — the unusual perspective and bold, saturated color make this highly distinctive and memorable.",none,5,4,2,5,unclear,1,2
00011356,"A shirtless person standing in a narrow indoor corridor bathed in strong red/orange light creates an unusual, emotionally charged scene with a clear focal subject and striking color treatment that boosts memorability.",people_present,4,4,3,5,indoor,1,4
00017466,"Two large tree trunks dominate the frame in a tight, close-up composition that creates a natural corridor — the vivid warm golden bark texture and the unusual vertical framing give this an above-average distinctiveness, though the subject is ultimately still trees in a park.",none,3,3,3,4,outdoor,1,2
00050429,The cat-shaped sandwiches are a highly novel and charming focal point that makes this bento box lunch stand out — creative food art with a clear subject drives strong memorability.,none,4,4,3,3,indoor,2,3
00041928,"A warm family moment at a ski resort with two adults and a child posing together in ski gear creates emotional resonance and a clear focal group, boosting memorability.",prominent_faces,4,3,3,3,outdoor,1,4
00043606,"A generic office/desk scene with a Sony laptop, mouse, and drink cup — very stock-like and low in novelty, with no people, muted colors, and a cluttered but familiar workspace setup that offers little to make it stand out in memory.",none,2,1,3,2,indoor,3,1
00027616,"A fairly generic urban skyline shot taken from a road at dusk, with no people, muted colors, and a moderately spread composition — memorable mainly for the tall central building but otherwise a common stock-like city scene.",none,3,2,3,2,outdoor,1,2
00051593,"A crowd of people marching across a city bridge with a red flag being carried stands out as a protest/demonstration scene, giving it moderate distinctiveness and emotional charge, though the large number of people and urban backdrop add complexity without a single dominant focal point.",people_present,2,3,4,2,outdoor,1,3
00055260,"A prominent human face and figure with high skin visibility create strong focal clarity and emotional charge, driving high memorability.",prominent_faces,5,3,2,2,indoor,1,4
00048228,"A close-up portrait of a dog with soulful eyes shot in black-and-white creates a single clear focal subject with emotional appeal, boosting memorability despite the monochrome palette.",none,5,3,2,1,indoor,1,4
00020375,"Vivid orange flowers blooming in a snow-dusted planter create a striking and unusual contrast of warmth vs. cold, giving the image a clear focal subject and high novelty that drive memorability.",none,4,4,3,5,outdoor,2,3
00057243,"A baby with a prominent, expressive face holding a cell phone is highly novel and emotionally engaging, making this image very memorable due to the unexpected contrast of an infant using adult technology.",prominent_faces,5,5,2,2,unclear,1,5
00051443,"A dark knitted garment mid-progress on a table alongside a coffee cup creates a modestly interesting domestic/craft scene, but it's a fairly generic, low-energy snapshot with no clear dominant subject and muted lighting.",people_present,2,2,3,2,indoor,2,2
00044585,"A young woman laughing while talking on a cell phone is a clear, emotionally warm focal subject set against a mildly busy outdoor background, making it moderately memorable due to the genuine smile and human presence.",prominent_faces,4,2,3,3,outdoor,1,3
00007150,"The dramatically deteriorated interior of a large abandoned building — with fire-scorched brick walls, boarded arched windows, dangling wires, and peeling paint — is visually striking and emotionally evocative, driving high memorability through its eerie, post-apocalyptic atmosphere and architectural grandeur in decay.",none,3,5,5,3,indoor,1,4
00018545,"The composition combines a red rose, open Bible, gold-rimmed teacup, and reading glasses on lace — a nostalgic, emotionally resonant still life with a clear romantic/spiritual mood that boosts memorability, though the heavy visible text and multi-element arrangement add clutter.",none,2,3,4,3,indoor,4,4
00020081,"Two iconic Disney mascot characters (Mickey and Minnie Mouse) in colorful Hawaiian outfits interacting face-to-face creates a highly memorable, emotionally warm, and distinctive scene with a clear focal subject.",none,4,4,3,4,outdoor,1,4
00006105,"A large, unusual cluster of numbered traffic lights (5–10) hanging from wires against a clear blue sky is visually striking and novel, making this highly memorable due to its distinctiveness and single clear focal subject.",none,4,5,4,3,outdoor,2,2
00034425,"A row of vivid yellow school buses parked in a lot beneath a large rusted billboard frame creates a striking and somewhat eerie industrial composition — the contrast between the iconic buses and the decaying signage gives it a distinctive, memorable quality.",none,3,4,4,4,outdoor,3,2
00021968,"A large wasp caught mid-flight in sharp close-up detail against a blurred railing background is a striking, unusual macro shot that commands immediate attention and evokes a visceral reaction.",none,5,5,3,4,outdoor,1,4
00020948,"A tennis player in dynamic action on a clay court with trophies prominently displayed in the background creates a clear narrative and focal point, boosting memorability.",people_present,4,3,3,3,outdoor,1,3
00013884,"A close-up black-and-white shot of a weathered, calloused hand resting on a worn leather work boot — the tactile detail and implied life story of hard labor give it strong emotional resonance and distinctiveness.",people_present,5,4,2,1,unclear,1,4
00015644,"Two parsnips on a plain white background — a clean, food-product-style shot with a single clear subject type, but the content is fairly generic and emotionally neutral, limiting memorability despite the crisp presentation.",none,5,2,1,2,unclear,1,1
00058683,"The striking centerpiece of a person wearing a white rabbit mask in a hot tub during winter creates a highly unusual and memorable scene — the contrast of the eerie mask, the snowy outdoor setting, and the relaxed social context is novel and emotionally charged.",prominent_faces,4,5,3,3,outdoor,1,4
00003823,"The striking combination of vivid red flowers framing a distorted water reflection of what appears to be the Sagrada Família creates a highly novel, painterly composition that is both visually distinctive and emotionally evocative.",none,3,5,3,4,outdoor,1,4
00014461,"The dramatic white wave splash against dark angular rocks with vivid blue ocean creates a striking, dynamic focal point that boosts memorability.",none,4,3,3,4,outdoor,1,3
00016784,"A woman posing confidently in front of a compact teardrop camper on a vast, cracked desert flat (likely a dry lake bed) creates a distinctive and memorable scene — the unusual setting, quirky small trailer, and strong shadows combine for a novel, clear focal composition.",prominent_faces,4,4,3,3,outdoor,1,2
00034813,"A towering glass skyscraper dominates the frame as a clear focal subject against a cloudy sky, flanked by older classical buildings — the striking contrast between architectural styles and the reflective glass facade creates a memorable, somewhat distinctive urban composition.",people_present,4,3,3,2,outdoor,1,2
00008321,"A face peering through the porthole of a vintage, rust-worn diving helmet is a striking and highly unusual composition that combines human presence with a rare, visually textured object, making it very memorable.",prominent_faces,5,5,3,4,unclear,1,3
00001677,"A baby pressing its hand against a train/vehicle window is an emotionally warm and endearing moment — the small hand and curious posture create a strong, singular focal point that is both distinctive and emotionally resonant.",people_present,5,4,2,2,indoor,1,4
00017090,"A striking close-up of vibrant monarch butterfly tattoos cascading down a person's bare back creates a memorable image through the combination of body art novelty, vivid orange colors, and an unusual subject presentation.",people_present,4,4,3,4,outdoor,1,3
00057755,"A small white hatchback racing car on a circuit is a moderately distinctive subject — the motion blur and racing context add some interest, but the plain white car on a grey track is relatively generic within motorsport imagery.",none,4,3,2,2,outdoor,2,2
00052478,"A dark Audi S3 is the single dominant subject captured dynamically on a race track, with a readable license plate and a sponsor board visible — the combination of motion, clear focal subject, and branded context gives it moderate memorability, though it's a fairly common car photography scenario.",none,5,3,2,2,outdoor,2,2
00058628,"A young woman in a distinctive outfit (yellow top, blue tutu skirt, white tights) poses confidently in a living room, making her the clear focal point with a mildly novel, costume-like appearance that boosts memorability.",prominent_faces,4,3,3,3,indoor,1,2
00056596,"A vividly colored, unusual violet/blue turaco bird with a striking red-and-yellow beak perched on a stump against a lush green background — its exotic appearance and bold color contrast make it highly memorable.",none,5,5,2,5,outdoor,2,3
00037311,"A fairly generic park gazebo/bandstand in a green outdoor setting — a recognizable but unremarkable subject with moderate clarity, muted natural colors, and little emotional or novelty impact.",none,4,2,3,2,outdoor,1,1
00044650,"A casual diner meal spread with multiple food items (bean soup, toast, fries, burger, soda) on a wooden table — fairly typical fast-food/diner scene with no single dominant focal point, muted colors, and low emotional charge, which all reduce memorability.",people_present,2,2,4,2,indoor,2,2
00012254,Two men lounging on a sofa placed directly in the middle of a street is a highly unusual and novel scene that creates strong memorability through its incongruous juxtaposition of domestic comfort and public road space.,prominent_faces,4,5,3,3,outdoor,1,3
00004875,"A miniature figurine scene depicting a market street with a vendor selling red candy apples to a child creates a highly distinctive and charming focal point; the tilt-shift depth of field, vivid red apples, and nostalgic narrative quality make this image stand out as novel and emotionally engaging.",people_present,4,5,3,3,outdoor,1,4
00034456,"An artist's studio with a painting on an easel as the dominant focal point, surrounded by framed artwork and a desk — moderately distinctive but somewhat generic as a ""creative workspace"" scene.",none,3,3,3,2,indoor,1,2
00000593,"The image is made memorable by the unusual, handcrafted patchwork quilt tote bag as the clear focal point — its intricate, colorful pattern of fabric squares is visually distinctive and novel, set against a person holding it up in a casual indoor setting.",people_present,4,4,4,3,indoor,1,2
00035192,"A fairly standard bathroom interior with a soaking tub as the main focal point, but the dark olive/gold walls add some distinctiveness; overall it's a generic real-estate-style photo with moderate complexity.",none,3,2,3,2,indoor,1,1
00019404,"A weathered, peeling white directional arrow painted on dark asphalt with a bold red curb accent creates a distinctive, graphic focal point that stands out despite the mundane urban setting.",none,4,3,2,3,outdoor,1,2
00022912,"A close-up, low-angle shot of piano keys bathed in moody green light creates a distinctive, atmospheric composition with a clear focal subject, boosting memorability through its artistic framing and color mood.",none,4,4,2,3,indoor,1,3
00017452,"A young woman balancing on railroad tracks while holding a teddy bear creates a charming, slightly whimsical scene with a clear focal subject and mild emotional warmth, boosting memorability.",prominent_faces,4,3,3,2,outdoor,2,3
00000016,"Two women in an intimate, candid camping pose — one resting her head on the other's lap — creates a clear emotional focal point and human connection that drives memorability.",prominent_faces,4,3,3,1,outdoor,2,4
00029924,"A dramatically vivid sunset with deep blue and orange tones, dark silhouetted skyline, and rays bursting through clouds creates a striking, emotionally resonant scene with a clear focal point at the horizon.",none,4,4,3,5,outdoor,1,4
00049916,"A wedding couple sharing an intimate moment in front of a grand historic venue creates a strong emotional charge and clear focal subject, both of which significantly drive memorability.",prominent_faces,4,3,3,2,outdoor,1,4
00002644,"A lone dolphin photographed underwater with dramatic sunrays creates a striking, emotionally warm image with a single clear subject against a vivid blue backdrop, boosting memorability.",none,5,4,2,4,outdoor,1,4
00035273,"A striking lavender field in full purple bloom with a clear central path leading the eye draws strong visual attention, boosted by vivid contrasting colors (purple, green, red poppies, blue sky) and the distinctive, somewhat romantic subject matter.",none,4,4,3,4,outdoor,1,3
00053000,"A multi-level shopping mall interior with decorative hanging orb lights and escalators creates a moderately interesting scene, but it remains a fairly generic commercial space with no single dominant focal point and modest emotional charge.",people_present,2,2,4,2,indoor,3,2
00012871,"A lone figure hunched over with head down in a dim, blurry black-and-white indoor setting conveys strong emotional weight (sadness/distress), making it highly memorable despite low color vividness and moderate blur.",people_present,4,3,2,1,indoor,1,4
00046511,"A solitary figure on a bench gazing at a scenic lake with snow-capped mountains creates a strong emotional narrative of contemplation and solitude, which drives memorability.",people_present,4,3,3,3,outdoor,1,4
00030254,"The dramatic high-contrast black-and-white silhouette of people walking toward glowing cathedral windows creates a striking, atmospheric focal point that is emotionally evocative and visually distinctive.",people_present,3,4,3,1,indoor,1,4
00043538,"A surfer caught mid-air performing a dramatic trick above a crashing wave, with a second person (photographer/observer) visible in the water below — the dynamic action, airborne body position, and dual-subject interaction create a striking, high-energy moment that is highly memorable.",prominent_faces,4,4,3,3,outdoor,1,4
00006694,"The colorful, whimsical carnival food stand with vivid pink and multicolored branding is a distinctive and eye-catching subject, but the abundance of text signs and moderate visual complexity slightly dilute its focal clarity.",none,4,3,3,4,outdoor,4,3
00029305,"A vivid purple orchid shot in extreme close-up against a bold yellow background creates a striking, high-contrast composition with a single clear focal subject and unusual color pairing that makes it highly memorable.",none,5,4,3,5,unclear,1,3
00015499,"A close-up of a glowing blue BMW instrument cluster with dual gauges is visually striking due to its vivid blue illumination and clear focal subject, but it's a relatively common automotive stock-style image that limits strong emotional charge or novelty.",none,4,3,3,4,indoor,3,2
00020384,"A dramatically lit girl leaning over a pool table in near-total darkness creates a striking, moody composition with a single clear focal point and strong emotional atmosphere.",prominent_faces,5,4,2,3,indoor,1,4
00051232,"A creative LEGO diorama of Dragon Knights with a dramatic dark sky backdrop, clear focal subjects, and vivid colors makes this image distinctive and memorable.",none,4,4,3,4,unclear,2,3
00058723,"A humorous, handwritten ""missing"" poster for a Lego shark stapled to a utility pole is a highly novel and witty concept that creates strong memorability through its absurdist humor and clear focal subject.",none,5,5,2,1,outdoor,3,4
00039647,"A striking vintage/antique bathroom scene featuring a woman in period dress surrounded by elaborate early plumbing fixtures — the historical novelty, the unusual circular shower apparatus, and the single prominent human figure make this highly memorable.",prominent_faces,3,5,4,1,indoor,1,3
00013921,"A tranquil seascape with green volcanic islands under a dramatic cloudy sky — scenic but fairly generic as a landscape photo, with no people or strong focal subject to anchor attention.",none,3,2,2,2,outdoor,1,2
00057004,"A vintage Kodak camera fills the frame with a clear focal subject, warm retro tones, and nostalgic emotional appeal, making it distinctive and memorable.",none,5,4,2,3,indoor,2,3
00035222,"A generic highway driving scene with no unusual elements — flat road, scattered vehicles, and a partly cloudy sky — making it highly forgettable and stock-like.",none,2,1,2,2,outdoor,1,1
00050310,"A close-up portrait of a young woman with a bindi and glasses fills the frame, providing a single clear focal point with a warm, genuine smile that creates emotional engagement.",prominent_faces,5,3,2,2,indoor,1,3
00047522,"The vivid red Estrella Damm beer delivery truck dominates the frame as a clear focal point, with its bold branding and beer bottle graphic making it visually striking against a muted urban backdrop.",people_present,4,3,3,3,outdoor,3,2
00040777,"An airline meal tray shot from above is a moderately recognizable but fairly generic scene; the cluttered arrangement of multiple small food items, packaging, and utensils reduces focal clarity and adds visual complexity, keeping memorability modest.",none,2,2,4,3,indoor,4,2
00056091,"A stylized book cover designed to look like a cassette tape is a novel, iconic object with strong nostalgic/emotional resonance and clear focal subject, boosting memorability significantly.",none,5,4,2,2,unclear,3,4
00037056,"An indoor hotel pool with two children playing in the shallow hot tub area provides a mild emotional anchor and a somewhat clear focal point, but the overall scene is a fairly generic hospitality interior with muted colors and moderate clutter from furniture and architectural elements.",people_present,3,2,3,2,indoor,1,2
00021650,"A dramatically lit giant light bulb held up against a moody, stormy blue-purple sky creates a striking and novel image with a single clear focal point, strong contrast, and symbolic emotional resonance around ideas of inspiration and power.",people_present,5,4,2,3,outdoor,2,4
00036989,"The tunnel-like curved architecture of the escalator creates a striking, unusual visual perspective that strongly draws the eye upward, making this scene distinctively memorable despite moderate crowd presence.",people_present,4,4,3,2,indoor,2,2
00050127,"A highly iridescent, rainbow-colored marine worm (likely a polychaete/bristle worm) against coral reef textures — the striking metallic sheen and unusual creature make this visually arresting and memorable.",none,4,5,3,5,outdoor,2,3
00044239,"Two zebras with bold black-and-white stripes form a distinctive, visually striking subject in a zoo enclosure; their high-contrast patterns and the clear foreground subject boost memorability.",none,4,3,3,2,outdoor,1,2
00005213,"A woman in a vivid teal coat standing alone by a river bridge creates a clear focal point with strong color contrast against the muted, wintry background, boosting memorability.",people_present,4,3,4,3,outdoor,1,3
00053380,"Two red vehicles (a Los Angeles Fire Dept. truck and an Arrowhead delivery truck) parked side by side in front of a glass-paneled building with palm trees — the unexpected pairing of a fire truck and a branded delivery truck creates mild novelty, but the scene is relatively generic and street-level.",none,3,3,3,3,outdoor,3,2
00017889,"A tight, dramatic close-up profile shot of a woman's face inside a car, with strong directional lighting and shallow depth of field — the prominent face and intimate framing create a striking, emotionally evocative image.",prominent_faces,5,4,2,3,unclear,1,4
00051493,"The eerie, fog-like wisps in a dark, abandoned concrete basement create an unsettling, almost supernatural atmosphere that drives memorability despite the low visual complexity.",none,3,4,2,1,indoor,1,4
00054076,"A fluffy, tongue-out Pomeranian puppy looking directly up at the camera on green grass is an emotionally appealing, clear focal subject that drives high memorability.",none,5,3,2,3,outdoor,1,4
00024918,"A quaint Mediterranean village square viewed from an elevated angle, featuring a distinctive teal/turquoise small car as the most eye-catching element, surrounded by rustic stone buildings and a palm tree — the unusual car color and charming old-world setting give it mild distinctiveness, but the overall scene is somewhat generic as a travel/street photo.",none,3,3,3,2,outdoor,1,2
00042774,"A dog curled up on a couch with blankets is a moderately memorable scene due to the endearing subject, but the muted colors, cluttered arrangement of blankets, and generic living room setting reduce its distinctiveness.",none,3,2,3,2,indoor,1,2
00026832,"A heavily customized VW New Beetle convertible with wood-panel sides, chrome wire wheels, and cream paint at an auto show is a striking, novel focal subject that drives strong memorability.",people_present,4,5,3,3,indoor,3,3
00021250,"The glowing, backlit blossoming tree against a dark sky in high-contrast black-and-white infrared style creates a striking, somewhat ethereal focal point that elevates memorability above a generic garden scene.",none,4,4,3,1,outdoor,1,3
00012179,"The intimate, moody candlelit scene with a framed photo of a woman, red rose, wine glass, and multiple candles creates a strongly emotional and romantic (or memorial) atmosphere with rich red tones and a clear narrative composition that makes it highly memorable.",prominent_faces,3,4,3,4,indoor,1,5
00050879,"A close-up of an adorable, grumpy-faced exotic shorthair kitten lying flat on a wooden floor — the unusual flat face, expressive eyes, and cute/comical expression make this highly distinctive and emotionally engaging with a single clear subject.",none,5,4,2,2,indoor,1,4
00051727,"A sepia-toned antique oval photograph of a lone deer/stag standing in a wooded forest scene — the historical photographic style and single clear animal subject give it moderate distinctiveness, but muted tones and aged appearance reduce vividness and emotional impact.",none,4,3,3,1,outdoor,1,2
00022540,A vivid red vintage/antique tour bus set against dramatic mountain scenery creates a highly distinctive and memorable image — the unusual vehicle combined with striking colors and a clear focal subject makes it stand out strongly.,people_present,5,5,3,5,outdoor,2,3
00033517,"This is a highly vivid, colorful Tibetan sand mandala with intricate geometric and symbolic patterns — its unusual subject matter, saturated colors, and cultural distinctiveness make it highly memorable.",none,4,5,4,5,unclear,1,3
00016563,"A pair of hands gripping a worn wooden ledge against a peeling turquoise door creates a striking, mysterious, and emotionally charged image — the implied hidden person and the contrast between vivid color and dark background make it highly memorable.",people_present,4,5,2,4,outdoor,1,4
00001939,"A close-up macro shot of a speaker tweeter against a honeycomb mesh grille — the circular, radially symmetric subject is clear and dominant, but the all-black, low-saturation palette and generic electronics subject reduce overall distinctiveness and emotional impact.",none,5,2,3,1,unclear,1,1
00026016,"A gold wedding band flanked by two novelty ""groom"" cufflinks on a red embroidered fabric creates a distinctive, emotionally resonant wedding-themed still life with a clear focal arrangement and moderate visual interest.",none,4,4,3,3,indoor,2,3
00050893,"The silhouetted pier at golden sunset with mirror-like wet sand reflections creates a striking, emotionally evocative scene with a clear focal subject and vivid warm light against a dramatic sky.",none,4,4,3,4,outdoor,1,4
00037612,"A large black batting cage net dominates the image on an open green field, with a small human figure providing scale — the unusual size contrast and sport-specific equipment give it moderate distinctiveness, but the muted colors and product-catalog style composition limit emotional impact.",people_present,4,3,2,2,outdoor,1,2
00032960,"The vivid red autumn maple leaves against a soft, reflective water background create a striking, emotionally resonant natural scene with a clear focal subject that stands out memorably.",none,4,4,3,5,outdoor,1,3
00044098,"The stop sign with humorous ""Hammer Time"" graffiti on it creates a distinctive and memorable focal point, combining a familiar everyday object with unexpected wit.",none,4,4,3,2,outdoor,4,2
00009221,"A vividly colored, fantastical painted bird with an unusually long red beak and green legs dominates the canvas as a single, striking focal subject — its novelty and expressive brushwork make it highly memorable.",none,5,5,2,4,unclear,1,3
00027587,"The windmill is a clear, iconic focal point against a vivid blue sky, with a selective color treatment that makes the scene visually striking and memorable despite the otherwise rural, somewhat generic setting.",none,5,4,2,3,outdoor,1,2
00056311,"A dramatic concert/stage scene with vivid green-yellow smoke, bright glowing light structure, and silhouetted crowd — the unusual lighting and fog create a striking, emotionally charged atmosphere that boosts memorability despite some visual clutter.",people_present,3,4,4,4,unclear,1,4
00000108,"A lone silhouetted figure against a dramatic arched industrial window in stark black-and-white creates a striking, cinematic composition with strong contrast and a clear focal point, driving high memorability.",people_present,4,4,3,1,indoor,1,4
00031236,Two smiling women on a stage — one speaking into a microphone — with Chinese text on a purple backdrop; the prominent faces and warm emotional moment drive memorability.,prominent_faces,4,3,3,3,indoor,4,3
00003864,"The iconic ""Facepalm"" demotivational poster featuring Captain Picard is a highly recognizable internet meme displayed in an office setting, giving it strong novelty and emotional (humorous) charge with a clear focal subject.",prominent_faces,4,4,2,2,indoor,3,4
00057494,"A striking panoramic night scene with vivid glowing city lights and their reflections on water, accented by rare noctilucent clouds — the combination of the unusual sky phenomenon, mirror-like reflections, and rich blue-gold color palette makes this highly distinctive and emotionally evocative.",none,2,5,3,5,outdoor,1,4
00032864,"A black-and-white aerial cityscape of what appears to be Gdańsk's historic old town, dominated by a large Gothic church tower — the single most memorable element — set against a dramatic cloudy sky, giving it a moody, timeless quality.",none,3,3,4,1,outdoor,1,3
00014645,"A composite/sequence shot of the same tennis player shown at multiple points during a serve motion creates a visually striking and unusual image, with bright matching uniforms (teal and yellow) providing vivid color and a clear athletic subject.",people_present,3,4,4,4,outdoor,1,3
00020966,"A silky long-exposure waterfall cascading over mossy rocks in a lush green forest is visually appealing but a fairly common nature photography subject, moderately memorable due to the flowing water effect but lacking a truly unique focal point or emotional charge.",none,3,2,4,3,outdoor,1,2
00008678,"The close-up of ringed hands holding an onion above a large knife creates an unusually dramatic, slightly ominous composition with a clear focal subject and strong artistic staging that makes it stand out.",people_present,4,4,2,3,indoor,1,3
00038739,"A stop sign with ""HAMMER TIME"" graffiti sticker is the clear focal subject, adding novelty and humor to an otherwise ordinary street scene, which significantly boosts memorability.",none,4,4,3,3,outdoor,3,3
00024912,"A well-organized, aesthetically pleasing desktop setup with a glowing iMac, a fish bowl with blue LED lighting, and warm desk tones creates a moderately distinctive and visually appealing scene, but it remains a fairly common ""battlestation"" photo type with no people or strong emotional content.",none,3,3,3,3,indoor,1,2
00037629,"The Marshall County Courthouse is a recognizable civic landmark with neoclassical architecture; the war memorial with a wreath and flag in the foreground adds emotional charge, but the overall scene is a fairly generic government building exterior shot with moderate complexity.",none,3,3,3,2,outdoor,2,3
00051465,"An abandoned, decaying house overgrown with vegetation creates a striking, eerie atmosphere that is emotionally evocative and visually distinctive, boosting memorability significantly.",none,4,4,4,2,outdoor,2,4
00058014,"A woman in a vivid red traditional costume appears to be floating/jumping high in the sky — the dramatic mid-air pose against a plain blue sky background creates a striking, unusual, and emotionally engaging image with a single clear focal point.",prominent_faces,5,5,2,4,outdoor,1,4
00030843,"A 360-degree panoramic HDR shot of a small-town brick streetscape creates a distinctive fisheye distortion and wide sweep, but the overcast mood, lack of people, and generic downtown architecture reduce emotional punch.",none,2,3,4,2,outdoor,2,2
00006430,"A sweeping coastal cliff landscape with dramatic golden light rays cutting across green fields creates a visually striking and atmospheric scene, boosting memorability through its painterly quality and mood.",none,3,4,3,3,outdoor,1,3
00000811,"The infrared photography technique renders the landscape in striking white and dark tones, making an otherwise ordinary rural scene highly distinctive and memorable, with the lone glowing white tree as a clear focal subject against a dark sky.",none,4,4,3,2,outdoor,1,3
00045224,"A herd of zebras spread across a wide African savanna — the striking black-and-white patterns are visually distinctive, but the wide-angle composition with many small subjects spread across the frame reduces focal clarity, and the muted golden-brown landscape keeps overall vividness moderate.",none,2,3,3,2,outdoor,1,3
00026611,"A tight black-and-white close-up portrait of a man with distinctive round wire-frame glasses and a goatee, with dramatic lighting and a brooding, introspective expression that creates strong emotional and visual impact.",prominent_faces,5,4,2,1,unclear,1,4
00043670,"The image features an unusual and visually distinctive food presentation — pigs-in-blankets (hot dogs wrapped in crescent dough) arranged on a blue plate alongside baked beans, cherry tomatoes, and baby carrots, creating a quirky, somewhat novel meal composition that draws the eye.",none,3,3,3,3,indoor,1,2
00026440,"A colorful zoo map with clearly labeled continental regions and animal icons; the ""African Veldt Building"" label and illustrated map style make it moderately distinctive, but heavy text and icon clutter reduce focal clarity.",none,2,3,4,3,unclear,4,2
00018817,"A close-up of a leather shoe sole with an embossed brand stamp (Goodyear Original) — it's a highly specific, clear focal subject but the content is mundane and generic, with moderate text and muted brown tones, limiting emotional charge and distinctiveness.",none,4,2,2,2,unclear,3,1
00040855,"A skateboarder performing a trick at the top edge of a concrete halfpipe creates a clear, dynamic focal point with an action-oriented, slightly thrilling quality that boosts memorability.",people_present,4,3,2,2,outdoor,1,3
00006018,"An empty, black-and-white garage is a highly generic, minimal scene with no people, no color, and no emotional charge, making it quite unmemorable despite its clean focal clarity.",none,3,2,1,1,outdoor,1,1
00040664,"A mother zebra with her young brown-striped foal in an open savanna setting — the rare, emotionally resonant pairing of parent and baby animal with striking contrasting patterns makes this highly memorable.",none,5,4,2,2,outdoor,1,4
00029513,"A vivid, dramatically lit sunset silhouetting a lone tree and bare branches against a fiery orange and stormy blue sky creates a strong emotional and visual impact, making this image highly memorable.",none,3,4,3,5,outdoor,1,4
00018839,"A dark star-field visualization with overlaid names and a date stamp — the novelty of names mapped onto stars gives it some distinctiveness, but the black background, scattered text, and lack of a single dominant focal point limit memorability.",none,2,3,3,1,outdoor,4,2
00027205,"The vintage ""New Oxford"" station sign in sepia tone is the clear focal point, lending historical distinctiveness, but the cluttered foreground with carts and lumber reduces overall memorability.",none,3,3,4,2,outdoor,2,2
00054956,"A bronze sculpture of a mother nursing an infant in a museum setting — the tender, emotionally resonant subject matter combined with the sculptural novelty and single clear focal point makes this highly memorable.",none,5,4,2,2,indoor,1,4
00036130,"A home arcade room with four classic arcade cabinets (Galaga/Ms. Pac-Man, Battlezone, Skill Crane, Kangaroo) against a vivid yellow wall is a nostalgic and distinctive setup that creates a clear focal subject group, boosting memorability.",none,4,4,4,3,indoor,3,3
00006348,"The evil eye (nazar) pendant is a culturally distinctive, symbolically rich object with strong concentric color contrast (deep blue, white, cyan, black), a single clear focal subject centered in frame, and a slightly eerie eye motif that carries mild emotional charge — all boosting memorability.",none,5,4,2,4,unclear,1,3
00041493,"A single skier in a vivid orange jacket stands as a clear focal point against a white snowy trail flanked by dark evergreen trees, but the overall scene is a fairly common cross-country skiing shot that limits its distinctiveness.",people_present,4,2,3,3,outdoor,1,2
00013212,"Two machined aluminum carburetor spacers on a plain dark surface — industrial/mechanical objects that are moderately distinctive due to their precise machining, but ultimately a generic product-style photo with no people, low emotional charge, and moderate visual complexity from the metallic geometry.",none,4,3,3,2,indoor,2,1
00010172,"A highly unusual novelty chair with legs shaped like human women's legs wearing high heels and cow-print upholstery — an extremely distinctive, surreal, and memorable object with a single clear focal subject against a plain white background.",none,5,5,2,2,unclear,1,4
00034137,"A fairly generic, symmetrically arranged hotel/living room interior with matching patterned chairs and soft pink tones — pleasant but unremarkable, with no people, no strong emotion, and a predictable composition that reduces memorability.",none,2,2,3,2,indoor,1,1
00037984,"A fairly generic small kitchen/dining area with wooden furniture and standard appliances — pleasant but unremarkable, with no strong focal point or emotional charge to make it stand out in memory.",none,2,2,3,2,indoor,1,1
00007422,"A large commercial aircraft photographed head-on with an unusually high number of engines (appears digitally manipulated to show ~14 engines), creating a striking and novel image that is highly memorable due to its surreal, unusual quality.",none,5,5,3,2,outdoor,1,3
00014364,"A tight close-up portrait with a prominent, expressive face filling the frame creates a strong focal point; the moody, high-contrast processing and direct gaze add emotional charge and distinctiveness.",prominent_faces,5,3,2,2,indoor,1,3
00045469,"A classic food photography shot of a pulled pork sandwich with chips on a white plate — appetizing and well-composed with a clear focal subject, but ultimately a fairly generic food blog-style image that lacks novelty or strong emotional charge.",none,4,2,3,3,indoor,1,2
00058087,"A person lounging in a high-rise room with a dramatic cityscape backdrop, shot in moody black-and-white — the contrast between the relaxed human subject and the expansive urban view creates a striking, cinematic composition that boosts memorability.",people_present,3,4,4,1,indoor,1,3
00002957,"An aerial bird's-eye view of a dense Italian city (likely Bologna) with terracotta rooftops creates a distinctive and unusual perspective that draws the eye, though the complexity of the roofscape slightly reduces focal clarity.",none,3,4,4,3,outdoor,1,2
00030131,"A close-up snake face staring directly into the camera is an unusual, striking subject with a clear focal point and mild emotional charge (reptile aversion/curiosity), boosting memorability significantly.",none,5,4,2,2,outdoor,1,3
00039387,"A mundane, stock-like food arrangement of everyday snack items (banana, almonds, wrapped bread/cheese) on a plain surface with a small watermark — generic composition with no strong focal point or emotional charge reduces memorability.",none,2,1,2,2,indoor,2,1
00043792,"The humorously vandalized stop sign (""PARE - FUMESE UNO"" with a cannabis leaf) is a distinctive, novel focal point that drives memorability in an otherwise generic rainy urban street scene.",people_present,3,4,3,2,outdoor,3,3
00036083,"A young child holding a vivid red umbrella standing atop a massive garbage dump creates a striking, emotionally powerful contrast between innocence and harsh poverty, making this image highly memorable.",prominent_faces,5,5,4,4,outdoor,1,5
00007207,"A pair of handmade fingerless knitted mittens with a distinctive colorful striped pattern at the wrists, worn on two hands against a plain white background — the crafted textile detail and unusual wrist decoration make this moderately distinctive and memorable.",people_present,4,3,3,3,indoor,1,2
00044601,"A single ripe red-green apple hanging on a branch is the clear focal subject, set against a lush green orchard background with fallen apples visible — a pleasant but fairly common nature/harvest scene that is moderately vivid but not particularly novel or emotionally charged.",none,4,2,3,3,outdoor,1,2
00017186,"The image is moderately memorable due to its unusual top-down perspective of a person lying on a couch with a laptop, with feet kicked up — a relatable but visually distinctive composition that creates a clear focal point between the person and the white laptop.",people_present,4,3,2,2,indoor,1,2
00043566,"A batter mid-swing is a clear, dynamic focal point, but the black-and-white palette, generic sports setting, and scoreboard signage keep it from being highly distinctive or emotionally charged.",people_present,4,2,3,1,outdoor,2,2
00019567,"A vintage red-and-white convertible car fitted with snowmobile skis and tracks is a highly novel, whimsical hybrid vehicle parked in a snowy lot with a ""FOR SALE"" sign, making it immediately striking and memorable.",none,5,5,3,4,outdoor,2,4
00058007,"A close-up of a striking rib-cage tattoo with an emotionally charged quote (""Do not be Afraid of Death, be Afraid of the Unlived Life"") on bare skin creates a strong focal point with personal and philosophical resonance, boosting memorability.",people_present,4,4,3,2,indoor,4,4
00028185,"A hand prominently holding a TV remote in the foreground, with a Coke can and a stack of DVDs including the Star Wars Trilogy in the background, creates a relatable but moderately distinctive ""movie night"" scene; the cool blue monochrome toning adds some visual interest, but the overall composition is fairly common.",people_present,4,2,3,2,indoor,3,2
00008717,"The motion-blurred crowd with colorful umbrellas in the rain creates a dreamy, dynamic composition that is visually distinctive and emotionally evocative, though the blur and multiple subjects reduce focal clarity.",people_present,2,4,4,3,outdoor,1,3
00030198,"The iconic double-helix spiral staircase shot from above creates a striking geometric pattern that is instantly distinctive and visually captivating, making this image highly memorable despite being black-and-white.",people_present,4,5,3,1,indoor,1,3
00023811,"Three people in matching pink tops and jeans shot from behind creates a visually repetitive, somewhat unusual composition — the partial/cropped bodies, bold magenta color, and symmetrical arrangement make it moderately distinctive and memorable.",people_present,3,3,2,4,outdoor,1,2
00029170,"A face obscured behind frosted/textured glass creates an eerie, mysterious, and novel effect — the distortion is visually striking and emotionally unsettling, driving high memorability.",prominent_faces,4,5,2,1,unclear,1,4
00045402,"A lone cyclist in a bold red-and-white jersey rides down a city street flanked by rows of parked motorcycles, creating a distinctive contrast between the solitary human-powered bike and the mass of motor vehicles, with a recognizable government-style building in the background adding context.",people_present,4,3,4,3,outdoor,1,2
00010670,"The motion-blurred ground beneath a skateboard with one sneaker creates a dynamic, first-person perspective that is somewhat novel and engaging, but the muted, washed-out tones and relatively common skateboarding subject limit its distinctiveness.",people_present,4,3,2,2,outdoor,1,2
00040041,"A brightly colored yellow-and-green racing motorcycle with a rider in matching gear on a racing circuit, alongside a marshal in orange — the vivid colors, action context, and clear focal subject on the bike make this moderately memorable.",people_present,4,3,3,4,outdoor,2,3
00004863,"A simple black-and-white wall clock with a clear focal subject and minimal clutter, but the generic, stock-like nature of the scene and lack of emotional content limit its memorability.",none,5,2,2,1,indoor,2,1
00034258,"A neatly organized garage storage wall — functional and tidy but generic in content; the orange shovel and backpack add small color pops, yet the scene lacks a single dominant focal point or strong emotional charge, making it a fairly forgettable home-improvement stock-like image.",none,2,2,3,2,indoor,1,1
00051359,"A cute baby with striking blue eyes and curly hair chewing on a copper pipe is both emotionally engaging and distinctively unusual, making this image highly memorable.",prominent_faces,5,4,2,2,indoor,2,4
00041738,"A severely burned and melted old CRT computer terminal is a highly unusual and striking subject — the combination of destruction, decay, and a recognizable everyday object creates strong novelty and emotional impact that makes this image very memorable.",none,5,5,3,2,indoor,1,4
00003055,"A glowing letter board displaying a witty philosophical pun (""Camus will do, but Sartre is Smartre"") is the sole focal point — the wordplay creates mild amusement/emotional charge, the backlit sign is visually distinctive, and the heavy text dominates the frame.",none,5,4,2,2,indoor,5,3
00051965,"Two photographers shooting each other in front of a vivid yellow Batman logo mural creates a highly memorable, novel, and visually striking composition with a clear dual focal point and strong pop-culture emotional resonance.",prominent_faces,4,5,3,4,outdoor,1,4
00022676,"The framed ""window"" view through ancient stone architecture creates a striking compositional device — a clear focal frame with a lone tree silhouetted against the sky and rocky cliffs, giving it a distinctive, painterly quality that boosts memorability.",none,4,4,3,2,outdoor,1,3
00042524,"A snowboarder in a vivid yellow jacket carving down a snowy slope is a clear focal subject against a bright blue sky, with a moderate number of background figures adding context without overwhelming the composition.",prominent_faces,4,3,3,4,outdoor,1,3
00037365,"An aerial view of a massive aircraft carrier filled with dozens of planes on deck, surrounded by deep blue ocean — a striking, unusual, and highly distinctive subject with strong visual impact.",none,4,5,4,3,outdoor,1,4
00019105,"A small stuffed teddy bear being ""posted"" into a bright red UK pillar box is a highly novel and charming scene — the unexpected juxtaposition of a toy in a mundane postal object creates strong emotional resonance and a single clear focal point.",none,5,5,2,4,outdoor,3,4
00044741,"A prominent human face in close-up with a large, vivid broccoli head creates a humorous, novel, and emotionally engaging scene with a single clear focal point.",prominent_faces,4,4,3,3,outdoor,1,3
00039386,Two giraffes standing together in a sparse African savanna landscape create a distinctive and memorable wildlife scene with clear focal subjects against a wide open background.,none,4,3,3,2,outdoor,1,2
00004264,"The dramatic black-and-white composition of jagged red rock formations (likely Sedona, AZ) against a stormy, cloud-filled sky creates a striking, moody landscape with strong tonal contrast and a clear focal subject.",none,4,4,3,1,outdoor,1,3
00037286,"The Dohány Street Synagogue's iconic twin onion-domed towers, ornate Moorish-Byzantine brick façade, and symmetrical grandeur make it a highly distinctive and visually striking architectural subject with strong focal clarity and moderate emotional resonance.",none,5,4,4,3,outdoor,1,3
00051148,"A triptych of the same convention/market scene repeated three times side by side creates an unusual, slightly disorienting composition; the dark-dressed woman is a recurring focal subject but the repetition and background clutter reduce clarity and add busyness.",people_present,2,3,4,3,indoor,2,2
00051312,"The Empire State Building serves as a clear iconic focal point rising above a dense, complex Manhattan skyline, which boosts memorability through distinctiveness and mild emotional resonance, though the sheer visual complexity of countless buildings slightly dilutes focus.",none,3,4,5,3,outdoor,1,3
00008025,"A lone seabird floating on dark, rippling water viewed from above creates a striking, slightly unusual aerial perspective with a clear focal subject and moody, dark tones that give it emotional weight.",none,5,3,2,2,outdoor,1,3
00022631,A serene twilight scene with a crescent moon and a bright star/planet against a beautifully gradient sky above a silhouetted treeline — the minimalist composition and atmospheric colors make it distinctive and memorable.,none,4,3,2,4,outdoor,1,3
00004366,"A heavily rusted, destroyed car carcass abandoned in a forest is an unusual and striking subject — the decay, twisted metal, and eerie setting give it novelty and a mild emotional charge, boosting memorability despite the moderately cluttered composition.",none,4,4,4,2,outdoor,1,3
00007248,"A young woman in a striking black satin halter gown is the clear focal point, with her mirror reflection adding mild novelty; the elegant formal dress and direct pose create moderate emotional and aesthetic interest.",prominent_faces,4,3,2,2,indoor,1,3
00051277,"A chipmunk standing upright and clutching a glass jar full of seeds is a charming, novel close-up that creates a single clear focal point with strong cute/emotional appeal, boosting memorability significantly.",none,5,4,3,3,indoor,2,4
00023011,Star Wars stormtrooper action figures staged in a humorous juggling/circus scene — the novelty and playfulness of the setup make it highly distinctive and memorable.,none,4,5,3,3,indoor,1,3
00054285,"Three young women with distinct punk/alternative aesthetics posed closely together under a vivid pink-magenta tinted light, with tattoos, expressive faces, and a decorative dark background — the unusual color cast and social/emotional energy make this memorable.",prominent_faces,4,4,3,4,indoor,2,4
00056851,"A bearded man in a colorful tartan kilt playing a violin/fiddle is a highly distinctive and novel subject that immediately draws the eye, boosting memorability significantly.",prominent_faces,4,5,3,3,indoor,1,3
00055516,"A costumed/made-up individual lying on gravel with wild blonde hair and theatrical makeup creates a striking, unusual focal point that is highly distinctive and emotionally provocative.",prominent_faces,4,5,3,3,outdoor,1,4
00024413,"A single glowing candle against a pitch-black background creates a strong, intimate focal point with warm amber tones and a quietly emotional atmosphere, but the subject itself is a common, familiar object.",none,5,2,1,3,unclear,1,3
00034554,"A generic, traditional dining room with a wooden table and chairs, chandelier, and china cabinet — a common, unremarkable interior scene with no strong focal point or emotional charge, which significantly reduces memorability.",none,3,1,3,2,indoor,1,1
00049904,"A semi-transparent Iranian flag overlaid on a sweeping cityscape at dusk creates a visually striking double-exposure effect that is unusual and politically/emotionally charged, boosting memorability significantly.",none,3,4,4,4,outdoor,2,4
00046951,"A single prominent face and action shot of a Yankees pitcher mid-throw creates a strong focal point; the dynamic athletic pose, sharp subject against a blurred crowd background, and recognizable uniform boost memorability.",prominent_faces,5,3,3,2,outdoor,2,3
00036458,"A somewhat mundane outdoor drainage ditch scene with a wooden fence — generic and low in novelty, no people, muted greenery tones, and no strong focal subject or emotional charge, all of which reduce memorability.",none,2,2,3,2,outdoor,1,2
00040149,"The vivid blue-and-yellow double-decker bus with a bold red rose graphic and clear destination text creates a striking, distinctive focal subject that dominates the frame, boosting memorability.",people_present,4,4,3,4,outdoor,4,2
00005073,"A dramatic silhouette of a Transformer toy striking a heroic pose against a glowing sun and vivid blue sky — the novelty of the subject, strong backlit contrast, and dynamic composition make this highly memorable.",none,5,5,2,4,outdoor,1,4
00034205,"The unusual upward-angled perspective of a fire escape with confetti or debris being thrown creates a novel, dynamic moment that boosts memorability above a generic urban building shot.",people_present,3,4,4,2,outdoor,1,3
00018743,"A notably large person reclining across two chairs at a beach, reading — the unusual posture and body size create a distinctive, memorable focal subject against the busy but secondary beach backdrop.",prominent_faces,4,4,3,2,outdoor,1,3
00007722,"A large, dense bunch of keys on a yellow-tinted surface is a recognizable but fairly common subject; the warm golden color cast is vivid and the cluster of keys is a clear focal point, but the overall scene is a generic everyday object with moderate complexity from overlapping keys.",none,4,2,3,4,unclear,1,1
00021882,"A rustic wooden outhouse with a classic crescent moon cutout, nestled in a dark forest setting — the unusual, nostalgic subject and moody atmosphere make it distinctive and memorable.",none,5,4,2,2,outdoor,2,3
00027045,"A heavily worn rubber mallet resting on a wooden beam is the single clear focal subject; its battered, paint-streaked surface and embedded penny add a touch of novelty, but the overall scene is a fairly common workshop tool shot with muted, dark tones and no people.",none,4,3,2,2,indoor,1,2
00044410,"A rugged-looking man in a distinctive motorcycle touring jacket stands as the clear focal subject, with an active outdoor scene of riders and stone arch architecture adding context and mild visual interest.",prominent_faces,4,3,3,2,outdoor,2,2
00053599,"A satellite image of a large hurricane/cyclone system captured in black and white from space — the swirling storm structure is visually striking and distinctive, serving as a clear focal point, though the monochrome palette and abstract overhead perspective reduce emotional charge somewhat.",none,4,4,3,1,outdoor,1,3
00020952,"A dramatic rocky island rising sharply from vivid blue ocean with a small white lighthouse perched on top creates a striking, unusual focal point that is highly memorable due to its novelty and natural grandeur.",none,5,4,2,4,outdoor,1,3
00041886,A man in a formal business suit riding a skateboard in a parking lot creates a striking and humorous juxtaposition that is highly novel and memorable.,prominent_faces,5,5,2,2,outdoor,1,3
00006628,"A tight macro close-up of a golden saxophone bell with warm, glowing tones creates a striking, almost abstract composition that is visually distinctive and has a clear focal subject.",none,4,4,2,3,unclear,1,3
00050445,"The dramatic Gothic cloister with strong light-and-shadow patterns and a lone human figure at the vanishing point creates a striking, memorable composition with clear architectural grandeur and emotional atmosphere.",people_present,4,4,4,2,indoor,1,3
00015346,Two young children playfully interacting on a front walkway with clear emotional energy and prominent faces/expressions drives memorability.,prominent_faces,4,3,3,2,outdoor,1,4
00020985,"A dynamic, emotionally engaging street scene of two or three people in an intimate/passionate dip-kiss pose on a road, which is visually striking, has a clear focal subject, and carries strong emotional charge.",prominent_faces,5,4,3,3,outdoor,1,4
00009837,"A charming scrapbook page featuring a young girl dressed as a fairy-tale princess with a magic wand at Disney, combining a clear emotional focal subject (the child in costume) with decorative elements, flowers, a frog illustration, and handwritten-style journaling text — the nostalgic, whimsical layout and costumed child drive memorability.",prominent_faces,3,4,4,3,unclear,4,4
00002072,"The iconic Bellagio fountains dramatically lit in the foreground, paired with the Paris Las Vegas Eiffel Tower replica glowing at dusk, creates a highly distinctive and emotionally evocative Las Vegas skyline scene with strong focal interest.",none,4,5,4,4,outdoor,1,4
00014862,"A novelty bobblehead figurine labeled ""TED"" with exaggerated features is the clear focal subject, accompanied by a blurry action figure and a stapler in the background, creating a quirky, memorable desktop scene.",none,4,4,3,3,indoor,2,2
00038068,"The grand, symmetrical foyer with receding arches, a crystal chandelier, and ornate furnishings creates a striking architectural composition, but it remains a somewhat generic ""elegant interior"" shot without a truly unique focal point or emotional subject.",none,3,3,3,2,indoor,1,2
00056625,"A vivid sunset over a calm lake with silhouetted trees creates a striking, emotionally evocative scene with a clear focal point (the glowing sun on the horizon), boosting memorability through warm saturated colors and a serene yet dramatic atmosphere.",none,4,3,2,4,outdoor,1,4
00014652,"The image features a repeating geometric pattern of concrete architectural fins/steps against a blue sky, with a small bird perched on the wall — the rhythmic structure is somewhat distinctive but the muted tones and lack of a single dominant focal point reduce memorability.",none,2,3,2,2,outdoor,1,2
00053609,"A dramatic sunset over water with a silhouetted dock creates a strong focal point and emotional resonance, boosted by vivid orange/red hues against a dark sky — classic but visually striking composition.",none,4,3,3,4,outdoor,1,4
00016029,"A triptych of a decorative white lace-like vase shown from multiple angles is moderately distinctive due to its delicate crafted appearance, but the soft/muted pastel palette, repeated composition, and lack of people or strong emotional content limit memorability.",none,3,3,3,2,indoor,1,2
00021993,"A spread of US dollar bills overlaid with multiple coins creates a moderately complex but recognizable ""money"" scene; the muted green-grey palette and familiar subject matter make it somewhat generic, though the scattered arrangement and coin variety add mild visual interest.",none,2,2,4,2,unclear,3,2
00054549,"Two smiling young women in matching red jackets sitting on a bench against a brick wall creates a warm, socially engaging scene with prominent faces that drives memorability.",prominent_faces,4,3,3,3,outdoor,1,3
00051901,"A long-exposure light painting photograph showing vibrant, swirling neon trails against a pitch-black background — highly novel, visually striking, and emotionally evocative, with a single dominant glowing figure as the focal subject.",people_present,4,5,4,5,outdoor,1,4
00047018,"A shirtless man sitting curled up in a paint-splattered bathtub in a distressed pose creates a striking, emotionally charged and unusual scene with a single clear focal subject, driving high memorability.",prominent_faces,5,5,3,1,indoor,1,5
00025389,"A calm, generic nature scene of a riverbank with a bare tree and boulder — pleasant but lacks a striking focal point, unusual elements, or emotional charge, making it relatively forgettable.",none,3,2,3,3,outdoor,1,2
00025234,"A dramatic digital concept art illustration of futuristic military naval vessels firing weapons on open water, with a large carrier in the background — the novelty of the sci-fi/military hardware design, vivid fire/rocket exhaust, and action-oriented composition make this highly memorable.",none,4,5,4,4,outdoor,1,4
00056059,"Two prominent, colorful, expressive young people in the foreground at what appears to be a Pride event, with vivid rainbow clothing and accessories creating strong visual identity and emotional resonance.",prominent_faces,4,4,3,5,outdoor,2,4
00045546,"A dirt bike rider doing a wheelie in a desert landscape creates a clear focal subject with action and mild excitement, boosting memorability above average.",people_present,4,3,3,2,outdoor,1,3
00050795,"A vivid macro shot of a ruffled pink flower stigma against a warm orange background creates a striking, unusual, and emotionally pleasing image with a single clear focal subject and highly saturated colors.",none,5,4,2,5,unclear,1,3
00002739,"A couple kissing in a crowd is an emotionally charged, romantically intimate moment that draws the eye immediately — the motion blur of the background further isolates them as the clear focal subject, boosting memorability.",prominent_faces,4,3,3,2,unclear,1,4
00012629,"The dramatic god rays breaking through storm clouds onto a lone lighthouse silhouetted on a coastal peninsula is a visually striking, emotionally evocative composition that creates a strong single focal point and high memorability.",none,4,4,3,1,outdoor,1,4
00006983,"Two people racing in a numbered speedboat (037) with a dramatic water spray creates a dynamic, action-packed scene with clear focal subject and moderate novelty.",people_present,4,3,3,2,outdoor,2,3
00036334,"Two smiling people wearing sunglasses at a casino poker table in the foreground create a clear focal point with social/emotional warmth, boosting memorability despite the moderately busy background.",prominent_faces,4,3,3,3,indoor,1,3
00025717,A quiet nighttime outdoor path between residential buildings with bare winter trees and street lights — atmospheric but generic urban scenery with no standout focal subject or emotional charge.,none,2,2,3,2,outdoor,1,2
00028021,"The vivid neon lights of the cinema marquee combined with the illuminated night fountains create a striking, atmospheric nighttime scene with strong visual appeal and novelty.",none,3,4,4,4,outdoor,3,3
00042654,"The tall brick clock tower shot from a dramatic low angle against a vivid deep blue sky creates a striking, memorable composition with a single clear focal point and strong geometric perspective.",none,5,4,2,4,outdoor,1,2
00023442,"A lone silhouetted figure standing on a reflective beach at a vivid orange sunset creates a powerful, emotionally resonant focal point with high distinctiveness and strong color saturation.",people_present,5,4,2,5,outdoor,1,5
00006138,"A young woman with a bold expression making a ""rock on"" hand gesture, visible tattoos, and a cast — the combination of a prominent face, strong emotional expression, and distinctive personal style makes this highly memorable.",prominent_faces,5,4,2,2,indoor,1,4
00035790,"A lone lighthouse perched on dark rocky coastal cliffs at dusk, with a soft pastel sunset sky and calm water, creates a moderately distinctive and emotionally evocative scene with a clear focal subject.",none,4,3,3,2,outdoor,1,3
00021879,"The high-speed capture of milk splashing into a vivid blue bowl against a pure black background creates a striking, dynamic focal point that is visually unusual and memorable.",none,5,4,2,4,unclear,1,2
00050477,"A striking macro photograph of a sundew (Drosera) carnivorous plant with vivid red tentacles tipped with glistening droplets against a bright green background — highly unusual, visually arresting, and biologically fascinating, driving strong memorability.",none,5,5,3,5,unclear,1,4
00007954,"Two military dog tags on a ball chain laid on a plain white fabric background — the engraved text and recognizable military object provide a clear focal subject with moderate emotional/cultural charge, but the monochrome palette and simple composition limit vividness.",none,4,3,2,1,indoor,3,3
00029259,A young child interacting closely with a small black-and-white goat in a dusty outdoor setting creates an emotionally resonant and distinctively candid scene that draws strong attention and is easy to remember.,prominent_faces,4,4,2,2,outdoor,1,4
00010696,"Two silhouetted figures walking on a vast, misty beach create a moody, atmospheric scene with a clear focal subject and mild emotional resonance of solitude and contemplation.",people_present,4,3,3,2,outdoor,1,3
00022726,"The vivid green tiled wall covered in repetitively handwritten red ""420"" graffiti creates a striking, unusual, and somewhat humorous/subversive image with high color contrast and a single clear conceptual subject, making it quite memorable.",none,4,4,3,5,indoor,5,3
00041764,"A vintage black-and-white group photo of a girls' tennis team posing in front of a brick wall — the retro era, multiple prominent faces, and sports context give it moderate memorability, but the generic team-photo format and monochrome palette limit distinctiveness.",prominent_faces,3,2,3,1,outdoor,1,2
00033907,"A moderately memorable retail/merchandise booth scene featuring two young women working at a Tour de France official shop; the foreground woman's smile and direct engagement provide a mild focal point, but the cluttered merchandise display and signage reduce clarity.",prominent_faces,3,3,4,3,indoor,3,2
00040234,"The vivid red clock tower on a university campus paired with a bicycle, set against brilliant autumn foliage and a deep blue sky, creates a distinctive, colorful, and clear focal composition that is highly memorable.",none,4,4,3,5,outdoor,2,3
00020206,"A wide, open green field under a dramatic cloudy sky with a small, somewhat distinctive tower structure at the left — the vast, serene landscape is pleasant but fairly generic, slightly elevated by the lone architectural element.",none,2,2,2,4,outdoor,1,2
00020457,"A pleasant but generic pastoral farmland scene with rolling green fields, hay bales, and a distant farmhouse — typical rural landscape with no unusual or striking focal element, which limits memorability.",none,2,2,3,3,outdoor,1,2
00039199,"A close-up food shot of a glossy, sauce-covered dish (likely braised cauliflower/noodles with broccoli) on a white plate — the warm amber glaze and vivid green broccoli create a strong focal point, and the unusual presentation of a sauce-drenched whole vegetable mound gives it moderate distinctiveness above a typical food photo.",none,4,3,3,4,indoor,1,2
00005232,"A lone silhouetted figure running against a dramatic, stormy sky creates a striking, cinematic composition with strong emotional tension and clear focal contrast.",people_present,4,4,3,2,outdoor,1,4
00015354,"A dramatically gnarled dead tree shot in infrared photography creates a striking, otherworldly focal point against a surreal white foliage and dark sky backdrop, combining strong distinctiveness with emotional resonance.",none,5,5,3,2,outdoor,1,4
00047193,"Two female tennis players on an outdoor court mid-match create a clear sporting action scene, but it's a fairly common sports photo without strong novelty or emotional charge.",people_present,3,2,3,3,outdoor,1,2
00017351,"A dramatic, high-action scene of a large aircraft engulfed in vivid orange flames being doused by a red fire truck on an airport tarmac — the striking contrast of fire, water spray, and emergency response makes this highly memorable and emotionally charged.",none,4,5,3,5,outdoor,1,5
00057239,"The close-up shot of heavily dirty/blackened soles of feet is unusual and viscerally striking, creating strong memorability through novelty and mild disgust response.",people_present,5,4,2,3,indoor,1,4
00024488,"The dramatic low-angle worm's-eye view of a person walking away on a boardwalk creates a striking, unusual perspective that dominates the composition, making it distinctively memorable against the vivid blue sky.",people_present,4,4,2,4,outdoor,1,3
00004350,"An abandoned armchair dumped on a urban pavement outside a rundown terraced house is a mildly unusual, slightly melancholy scene that gives it a modest emotional charge and some distinctiveness, but the overall composition is fairly cluttered and the setting is a generic UK street.",none,3,3,3,2,outdoor,1,2
00021263,"The motion blur effect from a fast-moving car on a winding, tree-lined road creates a dynamic, tunnel-like perspective that is moderately distinctive and visually engaging, though the overall scene is fairly common as a road/driving shot.",none,3,3,3,4,outdoor,1,2
00022468,"A single young man with a clear, direct gaze poses against a wooden wall — the prominent face and uncluttered composition create a strong focal point, though the overall setting is a fairly common portrait style.",prominent_faces,5,2,2,2,indoor,2,2
00014536,"A motion-blurred child screaming with mouth wide open creates a striking, emotionally intense, and visually unusual image that is highly memorable due to the strong emotional expression and distinctive motion blur effect.",prominent_faces,4,4,3,2,indoor,1,5
00015067,"A close-up black-and-white photo of a sleeping cat with a clear, centered focal subject and soft emotional warmth, but muted tones and a fairly common subject matter limit its distinctiveness.",none,5,2,2,1,unclear,1,3
00055744,"A striking close-up of a snake's face with a sharply detailed eye and scale texture creates a single, dominant focal point with high emotional charge due to the reptile's unsettling gaze and association with danger.",none,5,4,2,2,unclear,1,4
00031953,"A close-up portrait of a wet otter looking directly into the camera creates a strong focal point, an endearing emotional connection, and a novel/charming subject that is highly memorable.",none,5,4,2,2,unclear,1,4
00014743,"The repeating pattern of uniquely shaped windows (semicircular arches combined with rectangular panes) on a brick facade is architecturally distinctive and visually striking, but the highly symmetrical, repetitive grid and absence of people or emotional content keep it more cerebral than emotionally charged.",none,2,4,4,3,outdoor,1,2
00031753,"Two dogs interacting in a playful/mounting pose creates a distinctive, amusing, and somewhat unexpected scene with clear focal subjects against a simple outdoor background.",none,4,4,3,3,outdoor,1,3
00031600,"The wide-angle fisheye perspective of a typical office scene is made memorable by the prominent middle-finger gesture directed at the camera, creating a strong emotional and humorous focal point.",prominent_faces,3,4,4,2,indoor,1,4
00028702,"A chef displaying intricate fruit carvings in a professional kitchen creates a memorable image due to the unusual and skillful food art as the focal subject, combined with a human presence and vivid colors from the carved fruits and flowers.",prominent_faces,3,4,3,3,indoor,2,3
00040534,"Two women preparing ski equipment in a snowy forest setting — the prominent faces and active outdoor winter scene provide moderate memorability, though the composition is somewhat generic and divided between two subjects.",prominent_faces,3,2,3,2,outdoor,1,2
00029703,"A close-up of a person licking batter off a mixer beater creates a highly memorable image due to the intimate, playful action, the prominent face/tongue, and the unusual extreme close-up angle that gives it novelty and emotional warmth.",prominent_faces,5,4,2,3,indoor,1,4
00058284,"A product shot of a baby food blender (Dexbaby) surrounded by colorful, vivid fruits and vegetables — the clear focal subject is the blender, but the abundant produce creates moderate complexity; the bright, saturated colors and product-context novelty give it mild distinctiveness above a generic stock photo.",none,3,2,3,4,unclear,2,2
00042621,"A modern red-and-silver train approaching on a curved track, framed by lush green hills and a distinctive white church steeple in the background, creates a striking and memorable composition with a clear focal subject and picturesque European setting.",none,4,4,3,3,outdoor,1,2
00029254,"A single named boat (""Canopus"") docked at a calm reflective marina with scenic mountain backdrop creates a moderately distinctive focal point, though the overall composition is a fairly common travel/landscape scene.",none,4,3,3,3,outdoor,2,2
00020072,"The vivid pink, magenta, and white crocheted blanket with a bold concentric square pattern forms a single clear focal point with striking color saturation, making it moderately memorable as a craft object, though it is a relatively common handmade item type.",none,5,3,3,4,indoor,1,2
00016635,"A close-up of vivid purple/pink wildflowers emerging from sparse ground with a beautifully blurred bokeh background creates a single, clear, emotionally uplifting focal point that is both distinctive and visually appealing.",none,5,4,2,4,outdoor,1,3
00036483,"A striking painted portrait of a dark-skinned figure is the dominant focal point on the left, while an accordion-style book of landscape paintings fans out in the background, creating an interesting and novel artistic display that draws the eye.",none,3,4,3,3,indoor,1,3
00022038,"A fluffy white puppy holding a soccer ball toy against a red carpet with bookshelves behind — the cute, novel subject with clear focal point and strong emotional appeal (cute animal) drives high memorability.",none,5,4,3,3,indoor,1,4
00025708,"A close-up of a child's face being painted with an orange pumpkin stamp creates a distinctive, emotionally warm and novel scene with a single clear focal subject — the child's expressive face — making it highly memorable.",prominent_faces,5,4,2,3,unclear,1,4
00037361,"A fairly generic kitchen counter scene with a stove, microwave, and utensils — stock-like in composition with no people or striking focal subject, which limits memorability.",none,2,2,3,3,indoor,1,1
00004286,"A cluster of directional signs pointing to NYC landmarks (Statue of Liberty, Ellis Island, Castle Clinton, etc.) against a warm-lit brick building at dusk — the layered signpost is a recognizable urban landmark scene, moderately distinctive due to the iconic destinations listed, but somewhat cluttered with heavy text and competing arrows that reduce focal clarity.",none,3,3,4,3,outdoor,5,2
00003096,"The dramatic low-angle close-up of chess pieces in high-contrast black and white creates a striking, almost cinematic composition that elevates an everyday subject into something visually compelling and memorable.",none,4,4,3,1,indoor,2,2
00009262,"A dramatic close-up macro shot of a vivid red-orange poppy petal backlit against a warm bokeh background creates a striking, almost abstract composition with strong color saturation and a clear focal subject.",none,4,4,2,5,outdoor,1,3
00022378,"A large sculpture of a cow/bull head made entirely of colorful jelly beans is a highly novel and striking subject — the unusual material, vivid multicolor texture, and sheer scale make it immediately memorable.",none,5,5,4,5,indoor,1,3
00022920,"A large grid of identical dark screws arranged in a precise diagonal pattern on a vivid yellow surface creates a visually striking, repetitive texture that is unusual and aesthetically compelling, driving memorability through pattern novelty and color contrast.",none,3,4,4,4,unclear,1,2
00033173,"A handmade crochet amigurumi doll with a distinctive face and teal outfit, posed against a bold orange and grey floral background, creating a striking and novel composition with a single clear subject.",none,5,4,3,4,indoor,1,3
00001896,"A dramatic, high-contrast close-up of a single eye partially lit by a slash of blue-white light against total darkness — the striking composition, moody atmosphere, and intense gaze make this highly memorable.",prominent_faces,5,5,2,2,unclear,1,5
00026382,"A young girl with a serious/unsettling expression holding a crocheted doll, shot in sepia tone outdoors — the eerie emotional tone, prominent face, and unusual mood make this highly memorable.",prominent_faces,5,4,2,1,outdoor,1,4
00049328,"A silhouetted person performing a dramatic backbend amid trees creates a striking, unusual composition with strong emotional and aesthetic impact.",people_present,4,4,3,2,outdoor,1,4
00047477,"A weathered, red fire hydrant shot from close-up against plain concrete; the aged paint, graffiti, and unusual top-down angle give it modest distinctiveness, but the single clear subject and vivid red color aid memorability.",none,5,3,2,4,outdoor,2,2
00016683,"A snow-covered urban rail yard with converging tracks leading toward a golden-lit city skyline creates a striking, somewhat unusual composition that combines industrial infrastructure with a dramatic winter cityscape and warm sunset light.",none,3,4,4,3,outdoor,1,3
00045479,"The ""PARE"" stop sign (Spanish-language) in the foreground of a colorful cobblestone street in what appears to be Old San Juan creates a distinctive, culturally specific focal point that anchors the image and boosts memorability.",people_present,3,4,4,3,outdoor,2,2
00004900,"The dramatic black-and-white composition of a lone silhouetted figure framed by a dark tunnel arch opening to a bright misty landscape creates a striking, emotionally evocative image with strong focal clarity and a sense of mystery or journey.",people_present,5,4,3,1,outdoor,1,4
00028193,"The stark black-and-white image of a dark drainage pipe opening embedded in an old stone wall is visually arresting and somewhat ominous, with the circular void as a strong focal point that evokes unease.",none,4,4,3,1,outdoor,1,3
00018395,A single broken yellow pill resting on a scratched metallic surface is an unusual and somewhat unsettling close-up subject that creates a strong focal point and mild emotional charge related to medication/drug use.,none,5,4,2,3,unclear,2,3
00001693,"A warm, intimate black-and-white domestic scene of a mother playing piano with young children on her lap creates clear emotional resonance and a single focal subject, boosting memorability despite muted tones and moderate complexity.",prominent_faces,4,3,3,1,indoor,1,4
00042969,"A packed baseball stadium with a batter mid-swing provides a recognizable but fairly generic sports-action scene; the massive crowd adds complexity and the sponsor banners add text, but there is no single strikingly novel element to make it highly memorable.",people_present,3,2,5,3,outdoor,3,3
00029723,"The unusual pairing of a crescent moon and a bird silhouette against a clean, gradient blue sky creates a poetic, minimalist composition that is memorable for its simplicity and the rare juxtaposition of two subjects in a vast, uncluttered space.",none,3,4,1,3,outdoor,1,3
00042934,"A youth baseball batter at the plate viewed through a chain-link fence is a common, somewhat generic sports scene with moderate visual interest; the fence adds clutter and reduces focal clarity, while the subdued outdoor lighting keeps colors muted.",people_present,3,2,3,2,outdoor,2,2
00049453,"Two cowboys on horseback herding a large group of horses down a dusty trail is a vivid, action-filled, and somewhat unusual scene that creates a strong focal narrative and moderate emotional charge tied to cultural/historical imagery.",people_present,4,4,4,3,outdoor,1,3
00005138,"A dramatic silhouette of a person with arms outstretched inside a glowing circular tunnel creates a powerful, emotionally resonant composition with a single unmistakable focal point and striking contrast between darkness and golden light.",people_present,5,5,3,4,indoor,2,5
00034905,"A generic urban street scene with no single dominant focal point, muted colours, and a solitary pedestrian — typical stock-like city photography that lacks novelty or strong emotional charge.",people_present,2,2,3,2,outdoor,3,1
00013346,"The minimalist composition of a dark ribbed dome against a vivid flat blue sky creates a striking, unusual image with a single clear focal point and strong graphic quality.",none,4,4,2,3,outdoor,1,2
00028897,"A single vintage military aircraft (TS363) in flight dominates the frame against a patchwork aerial landscape, making it a distinctive and clear focal subject; the black-and-white format mutes color vividness but the unusual aircraft design and aerial perspective boost memorability.",none,5,4,2,1,outdoor,2,3
00034038,"A rotisserie oven with multiple golden-brown roasting chickens on spits is a moderately distinctive food image — the warm golden colors and recognizable cooking context give it a clear focal subject, though it's not highly unusual or emotionally charged.",none,4,3,3,3,indoor,1,2
00020870,"A close-up of a young woman with long wavy hair performing at a microphone under warm stage lighting creates a strong focal point and emotional intimacy, boosting memorability.",prominent_faces,5,3,2,3,indoor,1,4
00016324,"A charming lineup of five colorful rubber bath toys (blue duck, two green frogs, yellow duck, and a costumed duck) perched on a pool edge with vivid blue water behind them — the novelty of the varied characters and their playful arrangement makes this distinctly memorable.",none,4,4,3,4,outdoor,1,3
00034999,"The rusted, graffiti-covered industrial gasworks structures (likely Seattle's Gas Works Park) are highly distinctive and unusual landmarks against a clear blue sky, with a single dominant focal tower giving a strong focal point and a sense of industrial decay that evokes emotional resonance.",people_present,4,5,4,3,outdoor,1,3
00007144,"A couple kissing in the blurred background while a positive pregnancy test is held sharply in the foreground creates a highly emotionally charged, narratively clear, and distinctive composition that is very easy to remember.",prominent_faces,5,4,2,2,indoor,1,5
00032947,"This striking digital artwork features a vivid blue swirling vortex with a single clear focal center point, unusual abstract composition with colorful streaks, making it highly distinctive and memorable.",none,5,4,3,4,unclear,1,3
00018628,"A close-up black-and-white shot of a hand poised over a cue ball on a pool table creates a strong focal point with an intimate, action-anticipating tension that drives memorability.",people_present,4,3,2,1,indoor,1,2
00056806,"A strikingly colorful male Mandarin duck with vivid multi-hued plumage stands as a single clear focal subject, making it highly distinctive and visually memorable.",none,5,5,2,5,outdoor,1,3
00043070,"A vintage black-and-white photo of a young shirtless man proudly posing with a tall surfboard on the beach — the clear single subject, nostalgic quality, and personal emotional resonance drive memorability.",prominent_faces,4,3,2,1,outdoor,1,3
00056849,"A man sleeping on cardboard on the street is emotionally charged and socially striking, with a clear focal subject against a simple stone wall background, making it highly memorable.",people_present,5,4,2,3,outdoor,1,5
00025420,"The image shows a close-up of a glass curtain-wall building facade in vivid teal/cyan tones with a geometric grid pattern; while the color is striking, the subject is a repetitive architectural texture with no people, no clear focal point, and low emotional charge, making it moderately distinctive but not highly memorable.",none,2,3,2,4,outdoor,1,2
00000201,"The first-person perspective of a mountain bike being ridden through or over rushing water is a novel, action-packed POV shot that creates a strong sense of immersion and mild danger, making it distinctly memorable.",none,3,4,3,2,outdoor,1,3
00007242,"A dramatic noir-style confrontation scene with one man pointing a gun at another silhouetted figure — the strong chiaroscuro lighting, implied threat, and cinematic composition make this highly memorable.",prominent_faces,4,5,2,1,indoor,1,5
00051853,"A close-up of delicate pinkish-white wildflowers (likely Joe-Pye weed or milkweed) with a softly blurred natural green background creates a clear focal subject and gentle aesthetic appeal, moderately memorable due to its macro nature photography style.",none,4,3,2,3,outdoor,1,2
00046126,"The vivid orange juice paired with a glazed donut on a yellow-rimmed plate creates a moderately memorable food still life, with the bold orange color as the main driver of memorability, though the overall scene is fairly common.",none,4,2,2,4,indoor,1,2
00002169,"The CN Tower as a dominant, recognizable landmark rising above the Toronto skyline, combined with the dramatic sepia-toned sky and sweeping railway lines leading into the city, creates a striking and memorable composition with a clear focal point.",none,4,4,3,2,outdoor,1,3
00011080,"A striking Homeland Security patrol boat on a trailer with four Mercury 225 outboard engines is a highly distinctive and unusual subject — the combination of official branding, quad engines, and outdoor airshow/expo setting makes it memorable and novel.",none,5,4,3,3,outdoor,3,3
00035900,"The bright yellow towels/pillows on white beds create a strong focal contrast in an otherwise plain dormitory/train sleeper setting, making the scene moderately memorable despite its generic interior nature.",none,3,3,3,3,indoor,1,2
00011714,"A handmade clay robot figurine viewed from the back is an unusual and novel subject with a single clear focal point, set against a warm yellow background — its quirky, handcrafted quality boosts distinctiveness and memorability.",none,5,4,2,2,indoor,1,2
00044408,"The close-up of hands skillfully dicing bright orange carrots on a wooden cutting board creates a clear focal point with vivid color contrast, making it moderately memorable despite being a fairly common cooking scene.",people_present,4,2,2,4,indoor,1,2
00013855,"A person holding a flashlight and peering through a dark vehicle window creates an eerie, voyeuristic scene that is distinctively unusual and emotionally charged.",prominent_faces,4,4,3,2,indoor,1,4
00054926,"A smiling child proudly displaying mud-covered hands directly at the camera creates a highly memorable image through its prominent face, strong emotional warmth, novelty of the muddy detail, and clear singular focal point.",prominent_faces,5,4,2,2,outdoor,1,4
00033705,"The unusually bent and leaning cacti against a weathered wall create a quirky, somewhat humorous scene that stands out as novel and distinctive, boosting memorability.",none,3,4,2,2,outdoor,1,2
00012016,"A striking, fairy-tale-like scene of children in medieval/fantasy costumes following a cloaked figure into a misty forest, highly distinctive and emotionally evocative, with a clear narrative focal point.",people_present,4,5,4,2,outdoor,1,4
00051301,"The dramatic sea cliffs topped with a distinctive ancient tower (O'Brien's Tower at the Cliffs of Moher) create a striking, memorable composition with a clear focal subject set against a vast ocean backdrop.",none,4,4,3,2,outdoor,1,3
00033561,"A vivid nighttime city skyline (likely NYC) reflected in water creates a striking, emotionally resonant scene with high color vividness from neon and building lights, though the broad panoramic composition lacks a single dominant focal point amid the complex cityscape.",none,2,3,4,4,outdoor,1,3
00058028,"The contrast between casual sneakers and elegant heels against a shimmering silver tinsel backdrop creates a visually interesting and emotionally suggestive scene, hinting at a couple and their contrasting styles.",people_present,4,4,3,3,indoor,2,3
00056691,"Vivid purple and yellow Cattleya orchids form a clear, beautiful focal point against green foliage; the emotional charge is boosted by the ""Happy Mother's Day"" dedication text, making this a personally meaningful and visually striking floral image.",none,4,3,3,5,outdoor,2,4
00030341,"A clear, prominent face of a woman in a colorful sari with a stethoscope creates a distinctive, emotionally engaging focal point that strongly drives memorability.",prominent_faces,5,4,2,4,outdoor,1,3
00005346,"A couple kissing on a subway platform while a motion-blurred train rushes past creates a striking contrast between intimate stillness and dynamic movement, making this image highly memorable.",prominent_faces,4,4,3,3,indoor,1,4
00019676,"A dramatic low-angle black-and-white shot of a carnival/fairground ride against a bold cloudy sky creates a striking, unusual composition with strong contrast and a clear focal subject that stands out memorably.",people_present,4,4,3,2,outdoor,1,3
00008093,"A young woman lying on lush green grass holding a magnifying glass up to her eye — an unusual, whimsical pose surrounded by scattered flower petals — creates a strong, novel focal point with clear emotional and aesthetic appeal.",prominent_faces,5,5,3,4,outdoor,1,4
00036222,"A conventional, well-staged dining room photo with neutral tones and standard furniture — typical real-estate/interior photography that is generic and low in novelty, with no people or strong emotional content to boost memorability.",none,3,2,3,2,indoor,2,1
00035679,A desert oasis — lush palm trees and a calm reflective lagoon set against towering sand dunes — is a genuinely rare and visually striking juxtaposition that strongly drives memorability.,none,3,4,3,2,outdoor,1,3
00048601,"Two players in a dynamic nighttime ultimate frisbee moment — prominent faces mid-action, vivid jersey contrast, and athletic competition create strong memorability.",prominent_faces,4,3,3,3,outdoor,2,3
00036636,"A charming, rustic open-sided barn or lavoir adorned with hanging flower baskets, set within a lush, overgrown garden — the combination of the historic structure and floral decoration gives it moderate distinctiveness, but the dense greenery creates visual complexity and competes with the focal subject.",none,3,3,4,3,outdoor,1,2
00053166,"A group of five young men in formal/semi-formal attire posing at what appears to be the GMA Dove Awards red carpet event — prominent faces, a recognizable event backdrop, and moderately distinctive styling boost memorability.",prominent_faces,3,3,3,2,indoor,3,2
00053465,"A lone figure standing arms-wide on a foggy night road with receding street lights creates a dramatically striking, emotionally charged silhouette that is highly memorable due to its cinematic composition and strong single focal point.",people_present,5,5,2,1,outdoor,1,5
00028326,"A massive, unusual hay-laden parade float from the ""Tres Tombs"" festival dominates the scene with people in traditional dress — the novelty of the enormous straw cart in an urban street setting makes it striking and memorable.",people_present,4,4,4,2,outdoor,2,3
00014254,"A young woman with a prominent face lies on the floor looking upward, creating an unusual top-down perspective with dramatic shadows that makes the image striking and memorable.",prominent_faces,5,4,2,3,indoor,1,3
00026059,"A tight close-up portrait of a tabby cat with striking, vivid green eyes staring directly at the camera creates a strong focal point and emotional connection, boosting memorability.",none,5,3,2,3,indoor,1,3
00000745,"The image is highly distinctive due to the voyeuristic peephole/fisheye lens framing of an ornate historical building, creating a striking circular vignette effect that is unusual and immediately eye-catching, boosting memorability significantly.",none,4,5,3,3,outdoor,1,3
00053059,"A vibrant wedding portrait of a couple in elaborate traditional Indonesian Muslim attire with rich red and gold colors, prominent faces, and clear emotional significance — all strong drivers of memorability.",prominent_faces,5,4,3,5,outdoor,3,4
00026386,"A lone sailboat emerging from dense fog over choppy water creates a moody, atmospheric scene with a single clear focal point and an eerie, isolating emotional quality that makes it memorable despite muted tones.",none,4,4,2,1,outdoor,1,3
00054749,"Two young people photographing in an urban street scene with dramatic smoke/fire in the background creates a striking contrast between casual tourist behavior and an emergency situation, making this highly memorable.",prominent_faces,3,4,4,3,outdoor,1,4
00039651,A giraffe looking directly at the camera with several oxpecker birds perched on its neck creates an unusually charming and novel wildlife composition that is highly memorable.,none,5,5,2,2,outdoor,1,4
00047736,"A vividly colored woodpecker (red crown, yellow-green body) clinging to a lichen-covered tree trunk provides a single clear focal subject with distinctive markings, boosting memorability despite a moderately complex natural background.",none,4,4,3,3,outdoor,1,2
00015805,"This is a close-up macro shot of peeling tree bark, revealing rich layered textures in warm reds, oranges, and olive greens — the unusual perspective and striking color gradients make it visually distinctive and somewhat abstract, boosting memorability despite the lack of people or strong emotional narrative.",none,3,4,3,4,unclear,1,2
00043406,"A busy train station scene with multiple tracks and two London Underground trains is moderately memorable due to the distinctive red tube trains and the organized rail infrastructure, but the overcast, muted palette and complex scene with no single dominant focal point reduce its overall memorability.",people_present,2,3,4,2,outdoor,2,2
00055236,"A striking and emotionally charged scene showing a woman in a bathtub fully clothed while another woman looks down nearby, set in a gritty bathroom — the unusual and potentially distressing narrative makes this highly memorable.",prominent_faces,3,5,3,2,indoor,1,5
00053608,"A vivid rainbow cutting diagonally across a dramatic grey sky is a naturally striking and emotionally uplifting subject with a clear focal point, boosting memorability despite the relatively simple composition.",none,4,3,2,3,outdoor,1,3
00036871,"A fairly generic exterior building facade with wooden-framed windows and a small potted conifer — pleasant but unremarkable, with no people, no strong emotion, and a moderately clean composition centred on the windows.",none,3,2,3,2,outdoor,1,1
00049799,"A group of costumed women at what appears to be a convention, with two dramatically posed/lying on the floor, creating an unusual and striking tableau that is highly distinctive and emotionally engaging.",prominent_faces,3,4,4,3,indoor,1,4
00021114,"A silhouetted figure with the glowing sun perfectly aligned beside their head against a dramatic sunset sky creates a striking, emotionally resonant composition with a single clear focal point.",people_present,5,4,2,4,outdoor,1,4
00056996,"A young woman in an all-black outfit poses against a plain beige background forming a heart shape with her hands above her head, paired with a romantic quote — the clear single subject, emotional gesture, and minimalist backdrop make it memorable.",prominent_faces,5,3,2,2,indoor,3,4
00055252,"Three quirky, character-rich Uglydoll plush toys arranged on a vivid red polka-dot background make this image distinctive and memorable due to their unusual monster designs and the striking color contrast.",none,4,4,3,4,indoor,1,3
00033717,"A man wearing a space helmet against a star-filled black background is a novel, striking, and immediately clear focal subject that combines humor and fantasy, making it highly memorable.",prominent_faces,5,5,2,3,unclear,1,3
00049332,"A provocatively dressed woman in a revealing white outfit dominates the frame as a clear focal subject on what appears to be a stage, with an audience behind her — the combination of a prominent human figure, striking attire, and suggestive pose creates high memorability.",prominent_faces,5,4,3,3,outdoor,2,4
00057178,"A dark cat sitting prominently in front of a Whole Foods paper bag with shoes nearby — the cat is a clear focal subject and adds mild charm/novelty, but the overall scene is a fairly common domestic snapshot.",none,4,3,2,2,indoor,2,2
00053080,"A sharp, close-up portrait of a wildcat with a beautifully blurred green background creates a single dominant subject with striking eye detail, making it highly memorable despite being a relatively common subject type.",none,5,3,2,2,outdoor,1,3
00047239,"A lively outdoor kite festival with many people and numerous colorful kites filling the sky creates a moderately distinctive and emotionally positive scene, but the large crowd and many kites create visual clutter with no single dominant focal point.",people_present,2,3,4,3,outdoor,1,3
00023174,"The weathered barn against a dramatically purple/violet sky creates an atmospheric, slightly eerie rural scene with a clear focal subject and moody color palette that elevates it above a generic barn photo.",none,4,3,2,3,outdoor,1,3
00056927,"A tree-trimming/removal crew working outdoors with a service truck creates a moderately distinctive scene; the freshly cut tree stump and active workers provide a clear focal point, but the cluttered outdoor environment with multiple elements reduces clarity.",people_present,3,3,4,2,outdoor,2,2
00000426,"A motion-blurred green train passing alongside another train on parallel tracks — a somewhat generic transportation scene with no people, muted colors, and moderate complexity, but the motion blur and dual-train composition add mild visual interest.",none,3,2,3,2,outdoor,1,2
00031117,"A close-up abstract shot of an animal's fur/back against a pale sky is visually ambiguous and mildly novel — the extreme crop makes it almost landscape-like, which is distinctive, but the muted tones and lack of a clear, immediately recognizable subject temper memorability.",none,2,4,2,1,outdoor,1,2
00019160,"A sleek modern yellow-and-silver tram gliding along a grass-lined track is the single dominant subject; the vivid yellow against silver and green grass gives moderate color pop, but the scene is a fairly common transit photograph, limiting distinctiveness.",none,4,3,3,3,outdoor,1,2
00043967,Two cast-iron skillets filled with cooked food (broccoli/chicken and scrambled eggs/mushrooms) on a red table — a relatable but unremarkable home-cooking scene with moderate visual interest but no strong focal point or emotional charge.,none,3,2,3,3,indoor,1,2
00035081,"The iconic Gooderham (Flatiron) Building's distinctive wedge shape and red brick with green turret creates a striking, unusual focal point against the modern Toronto skyline, driving high memorability.",none,4,4,3,3,outdoor,1,2
00015662,A striking devil mask held up against a Gothic church creates a highly unusual and emotionally provocative juxtaposition that makes this image very memorable.,people_present,4,5,3,4,outdoor,1,5
00019862,"The large, bold, high-contrast signage with a racially offensive slur in vivid red and yellow letters makes this image highly distinctive and emotionally charged, virtually guaranteeing memorability.",none,5,5,3,5,outdoor,4,5
00021191,"A dramatic black-and-white cemetery scene with a striking sun flare bursting through trees and a large, curved gravestone monument in the foreground creating strong contrast and an eerie, emotionally charged atmosphere that makes it highly memorable.",none,3,4,3,1,outdoor,1,4
00009173,"Two women on roller skates on a street — one in a helmet posing while the other photographs her — is an unusual, action-filled scene with a clear focal subject and moderate novelty that drives memorability.",prominent_faces,4,4,3,2,outdoor,2,3
00005237,"A military jet aircraft displayed prominently in a hangar provides a clear, distinctive focal subject with moderate visual interest, though the muted yellow-grey color scheme and industrial setting reduce vivid impact.",none,4,3,3,2,indoor,2,2
00023495,"A striking artistic portrait of a young woman in profile with bold contrasting colors — cool blue background against warm orange floral hair accessory and dramatic red blush — creating a highly memorable, emotionally evocative image with a single clear focal subject.",prominent_faces,5,4,2,4,indoor,1,4
00000925,"A dog photographed upside-down with striking blue eyes and a raised paw creates a novel, playful, and emotionally engaging image with a single clear subject against a softly blurred outdoor background.",none,5,5,2,3,outdoor,1,4
00041429,"A lone airplane silhouetted against a dramatic backlit sunset on an airport tarmac creates a striking, mood-driven composition with a single clear focal point and atmospheric emotional resonance.",none,4,3,2,2,outdoor,1,3
00028713,"A taxidermied coyote mounted on a rock against a plain purple-blue background creates a striking, somewhat uncanny focal subject — the preserved animal with its alert gaze is unusual and mildly emotionally provocative.",none,5,4,2,4,indoor,1,3
00011137,"The striking lens flare from the bright sun creates a dramatic vertical light streak that serves as a distinctive focal point in an otherwise generic rural landscape, boosting memorability above a typical countryside shot.",none,3,3,2,2,outdoor,1,2
00004910,"A lone person sitting on subway/transit stairs, viewed from behind, creates a striking and somewhat melancholic focal point — the solitary figure, bold teal shirt, and vivid red column against the urban grime make this emotionally resonant and visually distinctive.",people_present,4,4,3,4,outdoor,1,4
00048948,"The rustic, traditional stilt hut with a thatched roof set against lush greenery is a distinctive and moderately novel subject that serves as a clear focal point, boosting memorability despite muted colors and no people.",none,4,4,3,2,outdoor,1,2
00033724,"A vivid, sweeping aerial view of a winding turquoise river through a golden-green valley with mountains — the striking color contrast and dramatic serpentine river make this highly memorable.",none,4,4,3,5,outdoor,1,3
00024292,"A charming, handmade finger puppet of a fuzzy brown dog/creature held up against a softly blurred indoor background — the single clear whimsical subject, warm colors, and playful crafted character give it strong novelty and mild emotional warmth.",people_present,5,4,2,3,indoor,1,3
00024500,"The vivid tri-color bell peppers (red, yellow, green) cut open against a dark background create a striking, colorful composition with moderate novelty, though the subject matter itself is fairly common in food photography.",none,4,3,3,4,indoor,1,2
00007614,"A vivid yellow moth/butterfly resting on a bright green leaf creates a striking, high-contrast natural macro shot with a single clear focal subject and unusual color combination that makes it highly memorable.",none,5,4,2,5,outdoor,1,2
00023837,"A picturesque coastal village nestled between dramatic mountains and calm water creates a striking, postcard-worthy scene with moderate distinctiveness — beautiful but not entirely unusual as a travel photograph.",none,3,3,4,3,outdoor,1,3
00009827,"A single ceramic teapot as the clear focal subject, set against a warm bokeh light background, creates an intimate and aesthetically pleasing scene that is moderately distinctive and emotionally warm.",none,5,3,2,4,indoor,1,3
00024494,"A young woman in a colorful, whimsical costume dancing joyfully on a green hill against a vivid blue sky — the clear single subject, dynamic pose, bright saturated colors, and emotional expressiveness all drive high memorability.",prominent_faces,5,4,2,5,outdoor,1,4
00052371,"A bold, high-contrast tribal wolf graphic with a clear single subject and aggressive, sharp styling makes it visually striking and emotionally charged despite its simple two-tone palette.",none,5,4,3,1,unclear,1,4
00007793,"A solitary figure silhouetted in a dramatic stone window frame overlooking a vast landscape creates a striking, emotionally resonant composition with a single clear focal point and strong narrative quality.",prominent_faces,5,5,3,3,unclear,1,4
00007841,"A modern blue-and-white tram (number 2014, route 12) on a grassy urban track is a moderately distinctive but fairly common transit scene; the tram itself is the clear focal subject, but the overall image feels somewhat generic/stock-like for a public-transport photograph.",none,4,2,3,3,outdoor,2,2
00011589,"A lone person sitting on a bench in a visibly dejected, lonely posture with a prominent face creates strong emotional resonance and a clear focal subject, driving memorability.",prominent_faces,4,3,2,2,outdoor,1,4
00046699,"A small silver shuttle bus dominates the frame as a clear focal subject on an urban street, but the overall scene is fairly generic and stock-like (city bus in traffic), which tempers distinctiveness despite the readable destination board and side advertisement text.",people_present,4,2,3,2,outdoor,4,2
00057881,"A praying mantis photographed at ground level with a dramatic low-angle perspective makes it the undisputed focal subject, and the unusual viewpoint of an insect face-on against a blurred industrial background gives it strong novelty and distinctiveness.",none,5,5,2,3,outdoor,1,3
00048762,"A pack of wild boars running down a snowy road is an unusual and dynamic scene that drives strong memorability through novelty, animal movement, and a clear directional focal subject group.",none,4,5,3,2,outdoor,1,4
00052414,"This is a digitally painted portrait of ""Grumpy Cat,"" a famous internet meme cat, rendered with vivid warm golden background and a single, emotionally expressive subject — the combination of cultural recognition, strong focal point, and humorous emotional charge makes it highly memorable.",none,5,5,2,4,unclear,2,4
00025100,"The image is a dark, abstract, blurry composition with faint green/teal light streaks against a near-black background — it lacks a clear subject or context, making it both low in memorability due to ambiguity but slightly distinctive for its mysterious, ethereal quality.",none,1,3,2,1,unclear,1,2
00045511,"Two trains passing in a scenic landscape with vineyards in the foreground and dramatic mountains in the background creates a moderately memorable travel/transportation scene, boosted by the vivid orange accents on the train and lush green foreground.",none,3,3,3,3,outdoor,1,2
00050533,"A striking young woman with closed eyes holds an elaborate bouquet of curled paper/cardboard forms — an unusual, artistic subject with a clear focal point, warm tones, and a dreamy, emotionally evocative quality that makes it highly memorable.",prominent_faces,5,5,3,3,outdoor,1,4
00035281,"A generic hotel room scene with a patterned bedspread and standard furnishings — highly stock-like and unremarkable, with no people, no strong focal point, and low emotional charge, all of which reduce memorability.",none,2,1,3,2,indoor,1,1
00036251,"The ancient mud-brick kasbah (likely Aït Benhaddou, Morocco) is a highly distinctive and visually striking subject — its monolithic earthen architecture rising against a pale sky is unusual and novel, boosting memorability despite moderate visual complexity and low emotional charge.",none,4,4,3,2,outdoor,1,2
00041160,"A boy mid-air jumping high above a small post while holding a tennis racket, with a dog watching below — the levitation-like, physically striking action combined with the unexpected pairing of boy, racket, and dog makes this highly distinctive and memorable.",prominent_faces,4,5,3,3,outdoor,1,4
00014287,"A close-up of a weathered vintage red car's front grille and headlights against a dark background — the aged patina, chrome details, and dramatic lighting make this a visually striking and nostalgic image with a single clear focal subject.",none,5,4,3,3,unclear,2,3
00009130,"The dramatic perspective of a long, dark corridor with warm-lit stone walls creates a striking tunnel-vision effect that is visually arresting and atmospherically tense, boosting memorability through strong composition and emotional mood.",none,4,4,3,3,indoor,1,4
00019978,"A pair of worn work gloves resting on an NYCTA subway track signal device is an unusual and specific detail — the juxtaposition of discarded human gear on industrial transit equipment creates a striking, novel focal point that boosts memorability.",none,4,4,3,2,outdoor,2,2
00027313,"A gleefully messy baby sitting in a high chair, covered in food and grinning widely while holding a yogurt container — the prominent expressive face, relatable humor, and chaotic mess make this highly memorable.",prominent_faces,5,4,3,2,indoor,2,4
00045933,"A woman with a prominent face serving or cutting a pizza/flatbread dish creates a clear focal subject and mild emotional warmth, boosted by the shallow depth of field that draws the eye; however, the dim, muted tones and relatively common dining scene limit distinctiveness.",prominent_faces,4,2,2,2,indoor,1,2
00031974,A young woman with striking blue eyes gazes directly at the camera while her reflection appears in an ornate gold-framed mirror — the dual-image composition and intense direct eye contact make this highly memorable.,prominent_faces,4,4,3,3,indoor,2,4
00043740,"A close-up action shot of a baseball batter mid-swing with a clear focal subject, dynamic composition, and strong human presence — all factors that boost memorability, though the black-and-white palette reduces color vividness.",prominent_faces,4,3,3,1,outdoor,2,3
00006058,"The unusual combination of a Hello Kitty gumball machine filled with Kewpie doll heads surrounded by standing Kewpie figures creates a striking, slightly surreal and whimsical scene that is highly novel and memorable.",none,4,5,3,2,indoor,1,3
00027988,"A cozy indoor tabletop arrangement with yellow sunflowers, a lit candle, a brass 'Pocket Change' dish, and a Real Simple magazine creates a warm but fairly generic lifestyle vignette — the multiple competing elements reduce focal clarity, though the warm candlelight and vivid flowers add some emotional warmth.",none,2,2,3,3,indoor,3,2
00039666,"A worn red fire hydrant on a cluttered urban sidewalk provides a moderately clear focal point, but the busy, gritty background of fences, debris, and foliage reduces overall memorability.",none,3,3,4,3,outdoor,1,2
00043091,"A moderately busy Mediterranean harbor scene with many boats and a cityscape backdrop — somewhat generic as a travel/tourism photo, with no single dominant subject and moderate visual complexity, limiting its memorability.",none,2,2,4,2,outdoor,2,2
00010834,"The striking juxtaposition of a person's face against a vivid red wall alongside a surreal, wide icy/watery blue landscape creates a highly distinctive, emotionally charged, and memorable composite image.",prominent_faces,2,5,3,5,unclear,1,4
00003070,"A single lotus bud rising above a broad green leaf creates a clear, elegant focal point with a serene, nature-symbolic quality that drives memorability through its simplicity and gentle color contrast.",none,5,3,2,3,outdoor,1,3
00003138,"A close-up of a weathered, broken tree stump with a natural formation resembling a skull or animal face, shot against a near-black background — the pareidolia effect and dramatic high-contrast lighting make it striking and memorable.",none,4,4,3,2,unclear,1,3
00035246,"The vast cracked desert playa stretching to distant mountains under a warm sunset sky is a visually striking and unusual landscape — the intricate geometric crack patterns dominate the frame and create a powerful, otherworldly texture that makes this image stand out from generic outdoor scenes.",none,3,4,4,3,outdoor,2,3
00047358,"A single athlete caught mid-leap reaching for a frisbee creates a clear, dynamic focal point with an action-freeze moment that is inherently memorable, though the black-and-white palette and suburban background reduce vividness and distinctiveness.",people_present,4,3,3,1,outdoor,1,3
00008604,"A large, bold Norfolk Southern locomotive numbered 2610 dominates the frame with strong contrast between its dark body and bright gold detailing, making it a distinctive and visually striking focal subject.",none,5,3,3,3,outdoor,3,2
00042410,"A sepia-toned small regional airport scene with a private jet as the focal subject, but the muted monochrome palette, generic airport setting, and moderate clutter from buildings, vehicles, and light poles reduce distinctiveness and memorability.",none,3,2,3,1,outdoor,2,1
00020999,"A glossy black sculptural object with an unusual, organic multi-limbed form against a plain white background creates a striking, novel focal point with high distinctiveness and clarity.",none,5,4,2,2,unclear,1,2
00035596,"A couple posing in front of the iconic Adler Planetarium in Chicago creates a clear focal point with recognizable architecture and human subjects, boosting memorability through the combination of prominent faces, a distinctive landmark dome, and colorful event banners.",prominent_faces,4,3,3,3,outdoor,3,3
00037084,"This is a formal, ornate interior room (likely the White House Red Room) with striking red/coral drapery, a chandelier, and an elaborate patterned rug, making it visually distinctive and memorable due to its grandeur and symmetry.",none,3,4,4,4,indoor,1,2
00052888,"Vivid, whimsical street-art mural covering an entire building wall with surreal cartoon monsters and eyes creates a highly distinctive, novel, and emotionally engaging scene that is easy to remember.",none,3,5,4,3,outdoor,1,4
00008888,"The close-up shot of a BMW alloy wheel and front bumper creates a clear, distinctive focal point with strong contrast in black and white, making it visually striking and moderately memorable as automotive detail photography.",none,5,3,3,1,outdoor,1,2
00005921,"A visibly pregnant woman standing in profile against a stone structure is a clear, emotionally resonant focal subject that drives memorability through both human presence and the distinctive life-stage context.",prominent_faces,4,3,3,2,outdoor,1,4
00024634,"A close-up, intimate fine-art style black-and-white/sepia photograph of a woman's torso with a hand and jewelry; the personal, bodily subject matter and artistic composition create strong memorability through intimacy and emotional resonance.",people_present,5,4,2,1,unclear,1,4
00041274,"A dynamic outdoor safari scene featuring multiple zebras (two appearing to fight/play in the foreground) alongside a giraffe, creating an unusual and memorable combination of large exotic animals in a naturalistic enclosure setting.",none,3,4,4,2,outdoor,1,3
00005143,"A flooded residential neighborhood with murky brown water encroaching on a house is emotionally charged due to the disaster context, but the scene lacks a single dominant focal point and is somewhat generic in composition, limiting peak memorability.",none,2,3,3,2,outdoor,1,4
00001243,"Ancient rock art/petroglyphs with white and orange-red painted figures on a stone surface — historically distinctive and unusual, but the abstract, fragmented figures and muted stone background limit strong emotional charge or a single dominant focal point.",none,2,4,3,2,outdoor,1,3
00042429,"The boldly styled modern train (332010) with its striking yellow, red, and white livery fills the frame as a clear focal subject inside a grand arched station, making it visually distinctive and memorable.",people_present,4,4,3,4,indoor,2,2
00016923,"A screenshot of a 3D virtual world (Second Life) showing geometric objects including a vivid yellow glowing sphere, making it moderately distinctive, but the UI chrome, text overlays, and generic virtual landscape reduce overall memorability.",none,3,3,3,3,unclear,3,2
00041355,"A busy airport check-in scene with many people and luggage; while people are present, the scene is a generic, cluttered travel scenario with no single striking focal point, reducing memorability despite the colorful artwork on the wall.",people_present,2,2,4,3,indoor,3,2
00036299,"A fairly generic indoor gym volleyball practice scene with multiple players and no single dominant focal point, which reduces memorability despite moderate action.",people_present,2,2,3,2,indoor,1,2
00025861,A carved wooden crucifix with a detailed sculptural face of Christ is a distinctive and somewhat emotionally charged religious artifact — the novelty of the carved style and the close-up framing of the face make it stand out.,prominent_faces,4,4,2,2,indoor,1,4
00038324,"A generic, dimly lit hotel room with a bed and lamp — a stock-like, unremarkable scene with no people and low novelty, which significantly reduces memorability.",none,3,1,2,2,indoor,1,1
00047009,"A moderately busy indoor conference/meeting scene with multiple people using phones and laptops — somewhat generic and cluttered, with no single dominant focal point, reducing memorability.",people_present,2,2,3,2,indoor,1,2
00002316,"The image shows a striking tunnel-like view down the bellows of an old camera toward a circular lens element — a highly unusual, symmetrical, and abstract composition that creates a strong focal point and a compelling sense of depth, making it visually novel and memorable.",none,5,5,3,1,unclear,1,2
00007249,"A mirrored/reflected image of a smiling woman inside a tanning bed creates a striking, novel symmetrical composition with vivid blue-cyan lighting and colorful jewelry at the center, making it highly distinctive and memorable.",prominent_faces,3,5,4,4,indoor,1,3
00049761,"A striking tropical paradise scene featuring vivid turquoise water and thatched overwater bungalows against lush green palms and blue sky — the exotic, idyllic setting and saturated colors make it highly memorable.",none,3,4,3,5,outdoor,1,4
00000917,"The dramatic natural rock arch (Mesa Arch, Canyonlands) framing a vast canyon vista creates a striking, iconic composition with a clear focal subject, vivid warm orange tones, and a sense of awe-inspiring scale that strongly drives memorability.",none,5,5,3,4,outdoor,1,4
00048662,"A person in striking zombie makeup with fake blood, holding a teddy bear — the contrast between horror and innocence creates a highly memorable, emotionally charged image with a clear focal subject.",prominent_faces,5,5,2,2,indoor,1,5
00010619,"A close-up of a dark drink in a glass with a spoon resting in it on a yellow surface — a simple, moderately intimate scene with warm tones, but fairly generic as a beverage photo.",none,4,2,2,3,indoor,1,2
00045174,"A person with distinctive dreadlocks is clearly focused on soldering a green circuit board at a cluttered electronics workbench, providing a clear human focal point engaged in a skilled, hands-on task that draws attention.",prominent_faces,4,3,4,3,indoor,2,2
00044212,"A lone giraffe standing tall against a backdrop of African savanna trees makes for a clear, iconic focal subject with natural distinctiveness, driving strong memorability.",none,5,4,3,2,outdoor,1,3
00033828,"A classic open-road perspective shot leading toward snow-capped mountains under a vivid blue sky — visually clean and appealing but a well-worn compositional trope, limiting distinctiveness despite strong color and a clear vanishing-point focal subject.",none,4,2,2,4,outdoor,1,3
00001227,"A black-and-white close-up of a snow-covered tree stump with interesting texture contrast between dark bark and white snow creates a moderately distinctive composition, but the monochromatic palette and common winter subject keep it from being highly memorable.",none,4,3,2,1,outdoor,1,2
00027435,"The vivid yellow plastic crate washed ashore on a dramatic black volcanic rock beach creates a striking contrast and serves as a clear focal point, boosting memorability through novelty and an emotional undercurrent of ocean pollution.",none,4,4,3,3,outdoor,1,3
00048380,"A small propeller plane against a plain blue sky is a fairly generic aviation shot with a clear subject but low novelty, muted colors, and no emotional charge.",none,4,2,2,2,outdoor,1,1
00007322,"A close-up of a young man sleeping with his arms crossed under his face is an intimate, quiet moment — the prominent face and emotional vulnerability drive memorability.",prominent_faces,5,3,2,2,indoor,1,3
00043411,"A man shot from behind on a busy city street — the back-of-head perspective is mildly distinctive but the overall scene is a fairly generic urban street shot with moderate clutter, signage, and no prominent faces, limiting memorability.",people_present,3,2,4,2,outdoor,4,2
00014866,"A young woman with a prominently visible face and midriff poses dramatically against a ranch fence post under a moody, stormy sky, creating a striking and emotionally engaging portrait with a single clear subject.",prominent_faces,5,4,3,3,outdoor,1,4
00045001,"A elegantly arranged tasting table with Dalva Vintage 2000 Porto bottles, chocolates, and grapes creates a moderately distinctive scene, but the dominant text sign (""Hot + Spicy"") and multiple competing elements reduce focal clarity and memorability.",none,2,3,4,2,indoor,3,2
00047241,"A close-up shot of a single veggie pizza slice with vivid, colorful toppings (black olives, broccoli, melted cheese, red sauce) on a white plate — food photography with a clear focal subject and appetizing colors drives moderate-to-high memorability.",none,5,3,3,4,indoor,1,2
00042653,"A man with a prominent, expressive face looks directly at the camera while holding a half-eaten hot dog, creating a strong focal point and mild humorous/relatable emotional charge that boosts memorability.",prominent_faces,4,3,3,2,indoor,1,3
00007272,"The long, dark corridor of an abandoned building creates a striking vanishing-point perspective with atmospheric decay, graffiti, and debris — emotionally evocative and visually distinctive, though the monochrome palette and cluttered floor reduce some vividness.",none,3,4,4,1,indoor,2,4
00015851,"A woman in a bikini sunbathing next to a van is a moderately distinctive, human-centered scene with a clear focal subject and mild emotional charge from the candid, relaxed pose.",prominent_faces,4,3,3,3,outdoor,2,3
00058512,"A group of young women making exaggerated, silly facial expressions while taking a selfie at a sports event — the prominent faces, strong emotional expressiveness, and comedic novelty make this highly memorable.",prominent_faces,4,4,3,3,indoor,1,4
00055747,"A lone bare tree dramatically lit against a dark night sky with snow on the ground creates a striking, moody composition with a single clear focal point and strong emotional atmosphere.",none,5,4,3,2,outdoor,1,4
00037309,"The glass-topped table with colorful flower petals/candies on a decorative plate and a wine bottle holder is somewhat distinctive, but the overall kitchen scene is fairly generic; the reflective table surface adds mild visual interest.",none,3,3,3,3,indoor,1,2
00031640,"The dramatically textured, undulating storm clouds dominate the frame and create a striking, unusual sky that serves as the primary focal point, making this image memorable despite the otherwise generic industrial landscape below.",none,3,4,4,2,outdoor,1,4
00009486,A lone bicycle leaned against a brick wall is a clear but common urban scene; the muted sepia-toned palette and lack of people or unusual elements keep memorability moderate.,none,4,2,2,1,outdoor,1,2
00008037,"A single small bird perched on a bare twig with its beak open mid-song, cleanly isolated against a smooth dark-green bokeh background — the clear focal subject and the lively singing pose give it a gentle emotional charm, boosting memorability above a generic bird photo.",none,5,3,2,2,outdoor,1,2
00048371,"A smiling woman in a fast-food restaurant holding food with children nearby creates a warm, emotionally engaging focal point, boosted by prominent faces and a candid social moment.",prominent_faces,3,3,3,3,indoor,3,3
00017271,"The St. Johns Bridge tower in mint green against a vivid deep blue sky creates a striking, architecturally distinctive image with a single clear focal point and high color contrast, boosting memorability.",none,5,4,3,4,outdoor,1,3
00040169,"Two vividly dressed skiers (orange and green) on a mountain peak with a dramatic starburst sun and a sea of clouds below — the striking color contrast, high-altitude perspective, and social interaction create a memorable, emotionally engaging scene.",people_present,4,4,3,5,outdoor,1,4
00012120,"A close-up black-and-white macro shot of hardware items (drill bit, screws, washers) with a dominant spiral drill bit as the focal subject; the monochrome palette and shallow depth of field give it moderate distinctiveness, but the mundane subject matter limits emotional charge.",none,4,3,3,1,indoor,1,1
00058503,"A close-up of a fork and knife resting on a vivid pink/magenta houndstooth napkin — the bold, saturated textile pattern and tight macro framing create a clear focal subject, but the scene is ultimately a common restaurant table setting, limiting distinctiveness.",none,4,3,2,4,indoor,2,2
00025218,"Three used firework tubes planted in snow create a moderately distinctive scene — the contrast of colorful branded packaging against white snow, combined with the post-celebration context, gives it modest novelty and emotional resonance, though the cluttered multi-subject arrangement and heavy label text reduce clarity.",none,3,3,3,4,outdoor,4,3
00051537,"A drummer performing on stage with a striking grid of red and green stage lights behind him creates a visually compelling, high-contrast scene with a clear focal subject and vivid colors that boost memorability.",people_present,4,4,4,5,indoor,1,4
00054429,"This is a grand, ornate medieval great hall (likely Hampton Court Palace) with elaborate Gothic wooden ceiling, stained glass windows, tapestries, and animal trophy mounts — a striking and unusual architectural interior that is highly distinctive and memorable.",people_present,3,5,5,3,indoor,1,3
00034697,"A fairly generic airport tarmac scene with ground vehicles and a bright green aircraft providing mild interest, but overall it's a common stock-like setting with no strong focal point or emotional charge.",people_present,2,2,4,2,outdoor,2,1
00021671,"A close-up, dramatically lit black-and-white portrait of a young woman with intense eye contact and a pop of vivid pink skull graphic creates a striking, edgy composition with high distinctiveness and emotional pull.",prominent_faces,4,4,2,3,unclear,1,4
00015726,"A close-up of a Nikon camera lens pointed directly at the viewer creates a striking, mirror-like composition with a clear focal subject; the lens reflection and warm tones add novelty and moderate emotional engagement.",people_present,5,4,2,3,indoor,2,3
00044845,"A row of multiple white toilets displayed in a warehouse/storage setting is mildly unusual and memorable due to the novelty of seeing several toilets grouped together outside a bathroom context, but the scene is relatively cluttered and emotionally neutral.",none,2,3,3,2,indoor,1,2
00043912,"Three horse riders galloping across a green pastoral field with sheep in the background creates a lively, action-oriented outdoor scene with a clear focal subject (the leading rider and horse), moderate distinctiveness, and mild emotional engagement from the movement and animals.",people_present,3,3,3,3,outdoor,1,3
00004894,The warm golden lighting illuminating ancient stone arches with faded frescoes creates a highly atmospheric and visually striking scene that is both architecturally distinctive and emotionally evocative.,none,3,4,3,4,indoor,1,4
00037191,A well-decorated but fairly typical interior living/dining room scene with warm tones and traditional furnishings — pleasant but not striking or novel enough to stand out strongly in memory.,none,2,2,4,2,indoor,1,2
00056818,"The unusual indigenous/folk art sculpture featuring a sun-face mask surrounded by carved fish, hands, and an arrow is highly distinctive and novel, with a single clear focal subject against a simple teal wall backdrop, making it very memorable.",none,5,5,3,3,indoor,1,3
00030465,"A towering stack of heavily overstuffed black notebooks/journals bulging with colorful papers creates a visually striking and somewhat humorous image of obsessive accumulation, giving it moderate distinctiveness and a clear focal subject.",none,5,4,3,2,indoor,1,2
00028790,"Two men sharing a laugh over a formal dining table with champagne creates a warm, socially engaging scene with prominent faces that drives memorability.",prominent_faces,3,3,3,2,indoor,1,3
00018983,"The abandoned, decaying interior with layered doorways, peeling yellow walls, and colorful tile borders creates a haunting, atmospheric scene with strong emotional resonance and a distinctive focal corridor effect.",none,4,4,3,3,indoor,1,4
00026444,"The striking composition of a person stepping over a wet sign reflected in a puddle on brick pavement creates an unusual, visually compelling moment that drives memorability.",people_present,4,4,3,3,outdoor,2,2
00010962,"Two young children playing in beach sand with colorful buckets creates a warm, emotionally resonant scene with clear subjects and nostalgic childhood appeal.",prominent_faces,4,3,2,3,outdoor,1,4
00010725,"The striking visual of a distant aircraft with four vivid contrails seen from another plane's wing tip creates an unusual, novel aerial perspective that drives strong memorability.",none,4,4,2,2,outdoor,1,3
00026792,"A single vivid magenta clematis flower stands out as a clear focal point against a dense backdrop of lush green foliage, making it moderately memorable due to the strong color contrast and the striking bloom.",none,4,3,4,4,outdoor,1,2
00037481,"A modern building lobby with a long corridor of receding ceiling lights and glass walls creates a striking perspective, but the scene is somewhat generic as a corporate interior with no strongly unusual element; a lone pedestrian adds mild human interest but no prominent face.",people_present,2,3,3,2,indoor,1,2
00025707,"Two young female soccer players, both wearing #13, competing for the ball in an action-packed moment under night lighting — the dynamic pose, contrasting red vs. white uniforms, and shared jersey number create a visually engaging and moderately distinctive sports moment.",prominent_faces,4,3,3,3,outdoor,2,3
00051166,"A pair of close-up photos of an adorable baby with a hair bow, showing clear facial expressions — the prominent, emotionally engaging faces of a young child make this highly memorable despite the soft, muted pastel palette.",prominent_faces,5,3,2,2,indoor,1,4
00000355,"A family group of three (adult man, adult woman, young girl) sitting on wooden chairs outdoors on a daisy-filled lawn with trees behind — a warm, relatable social scene that carries mild emotional resonance, but is fairly generic in composition and setting.",prominent_faces,3,2,3,2,outdoor,1,3
00009815,"A striking double-exposure pinhole photograph combining driftwood logs on a shoreline with ghostly bare trees overlaid on the sky creates a highly distinctive, surreal, and visually novel image that boosts memorability significantly.",none,3,5,4,3,outdoor,1,3
00007440,"A striking figure in a glossy black latex costume with a clear dominant subject, strong contrast in black-and-white, and an unusual/bold outfit creates high distinctiveness and emotional charge that drive memorability.",prominent_faces,5,5,3,1,indoor,1,4
00043246,"A woman in a cowboy hat sits behind a table cluttered with multiple old flip phones, a toy gun, a Motorola device, keys, and a tequila bottle — the unusual combination of objects and the quirky character create a distinctive, memorable scene.",prominent_faces,2,4,4,3,indoor,2,3
00016236,"The close-up macro shot of a dark green skateboard wheel creates a strong, clear focal subject with an unusual perspective, boosting memorability through distinctiveness and clarity.",none,5,4,2,2,outdoor,2,2
00011192,"Two hands with ink-drawn faces on fingers holding a small sprig of grass — a playful, novel, and charming concept that creates a clear focal subject and stands out as distinctively creative.",people_present,4,5,2,2,outdoor,1,3
00019958,"A vivid pink flower floating on a luminous green water surface creates a striking color contrast and a poetic, emotionally resonant focal point that makes this image memorable.",none,4,4,2,4,outdoor,1,3
00028714,"A nude woman photographed from two angles (front reflection in mirror, back directly) with prominent back tattoos; the dual-perspective composition, nudity, and striking tattoo artwork make this highly distinctive and emotionally charged.",prominent_faces,4,4,3,1,indoor,1,4
00046120,"A woman in a green jacket is the clearest focal subject, but the unusual arched tent/shelter setting with hanging lamps and cluttered supplies adds novelty and moderate complexity, boosting memorability above a typical indoor scene.",prominent_faces,3,4,4,2,indoor,2,2
00028793,"A vivid red golf ball against a bright green putting green creates a strong color contrast with a single, clear focal subject, making it visually striking and easy to remember despite being a relatively simple composition.",none,5,3,2,5,outdoor,1,2
00032199,"A vivid rainbow arching down to a dirt path leading to the water creates a clear, emotionally evocative focal point against a dramatic cloudy sky, boosting memorability.",none,4,4,2,3,outdoor,1,4
00003519,"Two bare silhouetted trees framed against a vivid, richly colored sunset over water create a striking, emotionally evocative composition with a clear focal point and high color saturation.",none,4,4,2,5,outdoor,1,4
00011406,"A girl reaching up toward a seagull in flight creates a charming, emotionally engaging interaction between human and bird, with a clear dual focal point against a simple sky background — the novelty and human-animal connection drive memorability.",prominent_faces,4,4,2,2,outdoor,1,3
00055247,"A mundane indoor bulletin board covered in multiple posted notices and text-heavy flyers; the only mildly distinctive element is a small rainbow drawing and a stick figure, but overall this is a generic, cluttered, low-emotion scene that is hard to memorize.",none,2,2,4,2,indoor,5,1
00031729,"A snow-covered bicycle route sign (number 24) with vivid red and blue colors creates a distinctive, novel image with a single clear focal point and mild emotional charm from the wintry scene.",none,5,4,2,4,outdoor,2,2
00051200,"The cat's dramatic shadow on the warm orange wall creates a striking, novel visual effect that makes this image highly memorable — the shadow resembles a monster or demon, adding both distinctiveness and emotional intrigue.",none,5,5,2,4,indoor,1,4
00036635,"The Egyptian Theatre with its distinctive Art Deco facade and Sundance Film Festival signage provides a recognizable, culturally significant focal point, boosted by the crowd and event atmosphere, though moderate visual clutter from barriers, people, and signage somewhat dilutes focus.",people_present,4,4,3,2,outdoor,4,3
00026248,"The large, curved brutalist stadium exterior is architecturally distinctive and fills most of the frame, but the scene is somewhat generic as a stock-like sports venue exterior with no people or strong emotional content.",none,4,3,3,2,outdoor,1,2
00009533,"A vivid macro shot of an iridescent fly caught mid-flight above a richly saturated autumn-orange leaf creates a striking, unusual composition with a single clear focal subject and eye-catching color contrast.",none,4,5,2,5,outdoor,1,3
00058592,"A tiny, fluffy white kitten with an innocent wide-eyed expression paired with a darkly humorous threatening caption creates a strong contrast that makes this image highly memorable — the juxtaposition of cuteness and absurd menace drives both emotional charge and distinctiveness.",none,5,4,2,2,indoor,3,4
00028365,"A narrow jungle stream cutting through flat volcanic rock with lush tropical vegetation creates a moderately distinctive natural scene, but its generic travel-photo quality and lack of a strong focal subject or emotional charge limit memorability.",none,3,3,4,2,outdoor,1,2
00047820,"A shirtless surfer riding a wave provides a clear focal subject mid-action, which is dynamic and engaging, but surfing imagery is fairly common/stock-like, moderately boosting memorability without being highly novel.",people_present,4,2,3,2,outdoor,1,3
00045010,"A pizza being prepared by a cook in a casual restaurant setting — the unfinished pizza is a clear focal point, but the scene is relatively ordinary and the composition is slightly cluttered with partial figures on both sides.",people_present,3,2,3,2,indoor,1,2
00009920,"A smiling child hugging a fluffy white dog creates a warm, emotionally resonant moment with two clear and appealing subjects — the prominent faces and joyful interaction make this highly memorable.",prominent_faces,5,3,2,3,outdoor,1,4
00017697,"A stunning macro photograph of a honeybee on lavender, backlit to highlight fine body hairs and wing details — the extreme close-up creates a single, striking focal point with vivid warm amber tones against a soft dark background, making it highly memorable.",none,5,4,3,4,outdoor,1,3
00058420,"A dramatic Halloween night scene packed with dozens of glowing jack-o'-lanterns and a scarecrow figure creates a vivid, emotionally festive, and highly distinctive display that is very easy to remember.",none,3,5,5,5,outdoor,2,4
00030113,"A close-up portrait of a middle-aged Asian man with distinctive round glasses and silver hair provides a strong, singular focal point with a clear, expressive face that drives memorability.",prominent_faces,5,3,2,2,indoor,1,3
00050871,"A casual candid beach photo of two people in the foreground with a swimmer in the background; the close-up of the two figures gives a clear focal point, but the overall scene is a fairly generic beach snapshot with moderate emotional charge from the personal, candid nature.",prominent_faces,3,2,2,3,outdoor,2,2
00054141,"A narrow, bustling Italian village street (likely Cinque Terre) packed with colorful buildings, boats on the ground, crowds, and balconies creates a highly distinctive and visually rich scene that is memorable for its novelty and unique atmosphere.",people_present,2,5,5,4,outdoor,1,3
00049230,"A lone swan gliding on calm water is a classically elegant subject with a clear focal point, but the black-and-white treatment and familiar nature scene keep it from being truly novel or emotionally charged.",none,5,3,2,1,outdoor,1,2
00037461,"A generic, dimly-lit hotel room with no people and standard furnishings — highly stock-like and unremarkable, reducing memorability significantly.",none,2,1,3,2,indoor,1,1
00049510,"A clear action moment at home plate — batter mid-swing, catcher, and umpire all in frame — gives this a single dramatic focal point typical of sports photography, but the chain-link fence overlay, stadium signage clutter, and muted night-game lighting temper its overall memorability.",people_present,3,3,4,2,outdoor,4,3
00004868,"A young blonde woman peeking out from behind a large cello, framed by staircase railings in a sepia-toned image — the unusual framing and intimate human-instrument composition create a striking, memorable portrait.",prominent_faces,4,4,3,1,indoor,1,3
00046278,"A vintage green electric locomotive photographed at night in a train station creates a striking, atmospheric scene — the dramatic lighting, unusual retro train design, and moody nighttime setting make this highly memorable.",none,4,4,3,3,outdoor,2,3
00004541,"A vintage sci-fi pulp book cover featuring a giant robot carrying a woman in a pink dress — a highly distinctive, nostalgic, and emotionally charged composition with a single clear focal subject that is both novel and visually striking.",people_present,5,5,3,3,outdoor,3,4
00001148,"A handcrafted crochet bag covered in distinctive circular motifs in muted earth tones sits on a wooden surface — the unusual patchwork-circle textile pattern and handmade craft quality make it moderately distinctive, with one clear focal subject against a plain background.",none,5,4,3,2,indoor,1,2
00034531,The black-and-white striped canopy/sail dramatically suspended from the vaulted ceiling is a highly distinctive and unexpected focal point that elevates memorability above a typical interior shot.,none,3,4,3,2,indoor,1,2
00043284,"A close-up food shot of broccoli with creamy dressing on a white plate — moderately vivid greens and an unusual purple/dark broccoli variety add some distinctiveness, but it remains a fairly generic food photo with no people or strong emotional charge.",none,3,3,3,3,indoor,1,2
00003517,A visually striking grid of 15 vignette-style photos of a greenhouse/conservatory interior with cacti and desert plants creates an unusual mosaic composition that is distinctively novel and moderately complex.,none,2,4,4,3,indoor,1,2
00031557,"A dramatically silhouetted human figure against a vivid acid-green wall with a bold shadow creates a striking, moody, and highly distinctive composition that is likely to be very memorable.",people_present,5,5,2,4,indoor,1,4
00019802,"A bright red biplane costume/prop being paddled down turbulent rapids by two people in black is highly unusual and novel, making it very memorable.",people_present,4,5,3,4,outdoor,2,4
00055738,"Two elaborately costumed parade performers — one in a massive purple hoop dress with red balloons towering overhead, the other in a bright blue costume with a novelty hat — create a highly distinctive, visually striking scene that is strongly memorable.",prominent_faces,3,5,4,4,outdoor,2,4
00019903,"The dramatic worm's-eye view of multiple skyscrapers converging toward a pale sky creates a striking, novel perspective that is visually distinctive and somewhat unsettling, boosting memorability through its unusual angle and towering architectural forms.",none,3,4,4,2,outdoor,1,3
00031870,"The ancient Bagan temple complex at golden-hour/dusk with layers of misty pagodas receding into the horizon creates a visually striking, emotionally evocative, and highly distinctive scene that is rare and memorable.",none,3,5,4,3,outdoor,1,4
00029398,"A man sitting alone on a wooden bench outside a vividly colored storefront creates a moderately memorable scene — the striking pink/orange/magenta walls provide vivid color contrast, and the relaxed, contemplative pose of the lone figure gives mild emotional resonance, though the overall composition is a fairly common street-life scene.",people_present,4,3,3,4,outdoor,2,2
00010118,"A vivid, close-up macro shot of an orange lily with sharp stamen detail against a soft blurred background creates a striking, memorable image with a single dominant subject and saturated warm colors.",none,5,3,2,5,unclear,1,3
00039801,"A colorful farmers market display of multicolored carrots, garlic, and kale creates a visually appealing and somewhat distinctive scene, but it's a fairly common market stall photo with no single dominant focal point and moderate complexity.",none,2,3,4,4,outdoor,2,2
00038507,"A classic open desert road stretching to the horizon is a familiar, somewhat generic composition, but the vivid red rock landscape and strong leading lines of the yellow center stripe give it moderate distinctiveness and a clear focal point.",none,4,3,2,4,outdoor,1,2
00014136,The bold black-and-white checkered pavement paired with curving tram tracks creates a visually striking and unusual geometric pattern that serves as a strong focal point and drives memorability.,people_present,3,4,3,1,outdoor,1,2
00004287,"The double-exposure photographic effect layering two architectural scenes creates a striking, unusual visual that boosts distinctiveness and memorability despite the muted, overcast palette and absence of people.",none,2,4,3,2,outdoor,1,2
00053053,"A pair of hands holding an ornate vintage oval frame containing an old photograph of a child creates a layered, emotionally evocative scene with a clear focal subject and strong nostalgic/melancholic charge.",people_present,5,4,3,1,unclear,1,4
00051926,"A candid group conversation scene with four people in a generic hotel/conference room setting; moderately memorable due to human presence and social interaction, but undermined by a cluttered background and no single dominant focal point.",people_present,2,2,3,2,indoor,1,2
00052325,"A quirky handmade rag doll with exaggerated button eyes and red yarn hair, centered against a bright pink floral fabric — its novelty and whimsical character make it highly memorable.",none,5,4,3,5,unclear,2,3
00000129,"A close-up macro shot of birch tree bark layers reveals a subtle but distinctive texture pattern; the peeling bark and lenticel details are moderately novel, but the muted earth tones and abstract nature reduce emotional charge and focal clarity.",none,3,3,2,2,unclear,1,2
00040056,"The Pinocchio figurine is a distinctive and recognizable character that anchors the scene, but the black-and-white photo, multiple small objects, and cluttered shelf arrangement dilute the focal clarity and emotional impact.",none,3,3,3,1,indoor,1,2
00054346,"A highly detailed and unusual LEGO diorama depicting a fantastical battle scene with a giant black spider/creature, white army figures, red flame/crystal elements, and flying dragon-like creatures — the novelty and creative construction make it striking and memorable.",none,3,5,4,3,unclear,1,3
00027391,"The unusually long, serpentine modular sofa with a distinctive worm-like or caterpillar form is highly novel and striking, making it memorable due to its unusual shape and the side-by-side dual-view presentation.",none,4,5,3,2,unclear,1,2
00026904,"A close-up of a metallic T-bar wrench/key with a red handle on a wooden surface — the unusual shape and tight macro framing give it moderate distinctiveness, but it remains a fairly mundane tool photo with limited emotional charge.",none,4,3,2,2,indoor,1,1
00003613,"A dramatic cumulonimbus cloud formation with strong contrast between bright white billowing clouds and dark storm clouds against a deep blue sky creates a visually striking, emotionally charged sky scene.",none,4,3,3,3,outdoor,1,3
00012451,"The unusual and striking focal point of a camera dumped inside a mesh wastebasket under a desk creates a memorable, slightly humorous or ironic scene that stands out from a typical office desk photo.",none,4,4,4,2,indoor,2,3
00057982,"A vivid white-yellow butterfly perched on striking red-orange flowers against a softly blurred green background creates a clear focal subject with strong color contrast, making this image highly memorable.",none,5,4,2,4,outdoor,1,3
00043631,"The orange scissors against the dark black mesh fabric create a strong color contrast and a single clear focal point, making this craft/sewing scene moderately memorable despite its everyday subject matter.",none,4,3,3,3,indoor,1,2
00041458,"A beach wedding or event setup with flowing white drapes, a decorative birdcage, hanging beaded strings, a parasol, and folding chairs creates a moderately distinctive and atmospheric outdoor scene, but the black-and-white palette and multiple competing elements reduce clarity of a single dominant focal point.",none,2,3,4,1,outdoor,1,3
00044071,"A moody black-and-white coastal landscape with grazing sheep in the foreground and dramatic cliffs/sea in the background; the sheep add a focal point but the scene is somewhat generic as a pastoral coastal view, with muted tones and modest emotional charge.",none,3,3,3,1,outdoor,1,2
00013701,"The dramatic interplay of light and shadow on the historic cobblestone alley, with a lone silhouetted figure walking away, creates a moody and atmospheric scene that draws the eye and evokes a sense of solitude and timelessness.",people_present,3,4,3,2,outdoor,1,3
00037250,"The tunnel's dramatic vanishing-point perspective with glowing lights receding into the distance creates a striking, somewhat unusual industrial scene that draws the eye, boosting memorability despite the lack of people or strong emotional content.",none,3,3,4,2,indoor,1,2
00018688,"A vivid, fiery sunset reflected on a calm lake with a silhouetted swing bench and bare trees creates a striking, emotionally resonant scene with strong color saturation and a clear focal composition.",none,3,4,3,5,outdoor,1,4
00043679,"A clearly dominant elderly man grilling hot dogs at a backyard BBQ party — the warm, social, nostalgic scene with a strong focal subject and vivid food colors drives memorability.",prominent_faces,4,3,3,3,outdoor,1,3
00056034,"Three young people posing together at what appears to be an O2-branded event/red carpet, with prominent faces and a clear group pose that creates a memorable focal point.",prominent_faces,4,3,3,2,indoor,3,2
00012314,"A soap bubble in the foreground creates a striking lens-like distortion of a Gothic cathedral cityscape, making this a highly unusual and novel composition that draws immediate attention to the magnified/reflected church spires as the focal subject.",none,4,5,4,3,outdoor,1,3
00042354,"A baby elephant beside its mother in an African savanna is an emotionally warm and novel scene — the stark size contrast and the baby's raised trunk create a clear, heartwarming focal point that drives high memorability.",none,4,4,3,2,outdoor,1,4
00038424,"A baseball dugout bench with a padded green safety fence in the foreground is a moderately specific but not highly unusual subject; the scene is functional and lacks strong emotional or novelty cues, though the padded railing adds a slight distinctive element.",none,3,2,3,3,outdoor,1,1
00020619,"A glowing full moon dramatically breaking through dark, swirling clouds against a pitch-black night sky creates a striking, moody focal point with strong contrast and an ethereal atmosphere.",none,4,4,3,2,outdoor,1,4
00058732,"A scenic rural landscape with a rusty farm gate as a moderately clear focal point, vivid HDR-enhanced colors, and a sweeping mountain backdrop — memorable for its color treatment but somewhat generic as a countryside scene.",none,3,2,3,4,outdoor,1,2
00032153,"A gleaming custom hot rod with an exposed, highly polished engine dominates the frame — the unusual combination of vintage bodywork and chrome mechanical detail makes it visually striking and distinctive.",none,4,5,4,3,outdoor,1,3
00048134,A person holding a small live bat with its wing spread is an unusual and novel subject that creates strong memorability through its rarity and the intimate close-up of an unexpected animal interaction.,people_present,4,5,3,2,unclear,1,4
00025235,"A striking, unusual 3D scientific/artistic visualization of a disc with a vivid golden eye-shaped form at its center surrounded by blue wave-like patterns — highly distinctive, novel, and visually compelling with a single clear focal point.",none,5,5,3,4,unclear,1,3
00049735,"A striking woman in a dark velvet cape holding a wicker basket in a moody, foggy outdoor scene evokes a fairytale narrative (Little Red Riding Hood), giving it strong distinctiveness and emotional charge with a single clear focal subject.",prominent_faces,5,4,3,2,outdoor,1,4
00035218,"A wide, flat, overcast beach scene with no people and only a tiny indistinct object on the sand — it's a generic, muted, low-contrast coastal landscape with no clear focal subject, making it low in distinctiveness and memorability.",none,1,2,2,2,outdoor,1,2
00030102,"The dramatic vanishing-point perspective of a grand, arched Victorian train station platform in black and white creates strong visual impact through geometric depth and contrast between light and shadow.",none,4,4,3,1,indoor,1,3
00039913,"A lone cyclist on a quiet urban street corner with a one-way sign and colorful orange awnings provides a moderately distinctive street scene, but it remains a fairly generic city snapshot with moderate complexity and low emotional charge.",people_present,3,2,3,3,outdoor,2,2
00010011,"A vivid close-up macro shot of a purple morning glory flower with a soft pink center creates a single, clear focal point with striking color and an intimate, almost abstract quality that boosts memorability.",none,5,3,2,4,outdoor,1,3
00056017,"Two attractive, smiling women posing together at what appears to be a trade show booth create a warm, socially engaging image with prominent faces and clear focal subjects, boosting memorability.",prominent_faces,4,3,2,2,indoor,2,3
00000798,"A man speaking at a branded Yahoo! ""Be a Better Planet"" podium in Times Square, surrounded by distinctive green-wrapped yellow taxis — the branded event setup in an iconic location with a clear focal subject creates moderate-to-high memorability.",prominent_faces,3,4,4,4,outdoor,4,2
00054258,"A close-up portrait of a person's face in profile, wearing a distinctive Chanel logo earring and a white knit hat — the prominent face combined with the recognizable luxury brand detail creates a strong focal point and moderate distinctiveness.",prominent_faces,5,3,2,2,unclear,2,2
00039414,"A wide pastoral scene with a large herd of black-and-white dairy cows spread across a flat green field under a vivid blue sky — visually pleasant but ultimately a generic farm landscape with no single focal point, no people, and low novelty.",none,2,2,3,4,outdoor,1,2
00057842,"A close-up selfie of a smiling man with a beard taken from a low angle indoors creates a clear focal point (the face) with emotional warmth, boosting memorability.",prominent_faces,5,3,2,4,indoor,1,3
00003819,"Two shirtless men in an unusual indoor setting with bright green walls, bicycles, and a boxing pose create a distinctive and somewhat striking scene that stands out from generic imagery.",people_present,3,4,4,3,indoor,2,3
00010607,"A single person caught mid-stride in a dramatic, windswept moment — hair flying, umbrella blown inside-out, briefcase swinging — creates a striking, story-rich focal point that is highly distinctive and emotionally engaging despite the monochrome palette.",prominent_faces,4,5,3,1,outdoor,1,4
00039168,"Two men playing Wii in a cluttered office setting — the motion blur on the background figure adds some interest, but the overall scene is fairly generic and busy with desk items, reducing memorability.",people_present,3,2,4,2,indoor,2,2
00018174,A highly unusual metal sculpture of an animal (likely a bear or big cat) constructed from perforated steel strapping bands — the novelty of the subject matter and its striking craftsmanship make it very memorable.,none,5,5,4,2,indoor,1,3
00027694,"The dramatic black-and-white sky with striking cloud formations and high contrast lighting creates a moody, atmospheric scene that is visually distinctive, though the lack of a single focal subject and the abstract, all-sky composition somewhat reduces immediate memorability.",none,2,4,4,2,outdoor,1,4
00031957,"The vivid, deep red peeling paint on a weathered wooden surface creates a moderately memorable texture study — the striking color and aged decay give it some distinctiveness, but the lack of a clear focal subject or people limits its memorability.",none,2,3,3,4,unclear,1,2
00011808,"A dramatic nighttime shot of a uniquely shaped, colorfully lit architectural structure with vivid green, red, and blue uplighting against a near-total black sky creates a striking, novel focal point that is highly memorable.",none,4,4,2,4,outdoor,1,3
00053561,"A cluster of bikes on a city sidewalk is a fairly common urban scene, but the vivid green bicycle and bright yellow-green ""25% off"" sign create a modest focal anchor amid moderate street clutter.",people_present,3,2,4,3,outdoor,3,2
00031940,"A lone silhouetted tree against a warm, glowing sunset sky creates a striking, emotionally resonant focal point that is visually iconic and memorable.",none,5,4,2,4,outdoor,1,4
00010353,"A dramatically lit sunset sky with vivid orange and gold clouds, airplane contrails cutting through the scene, and a dark silhouetted treeline — the striking color, unusual cloud formations, and contrail patterns make this highly memorable.",none,3,4,4,5,outdoor,1,4
00000279,"A dramatic macro close-up of an ant nestled inside a vivid yellow flower creates a striking, novel composition with strong contrast between the dark insect and bright petals, making it highly memorable.",none,5,4,2,5,outdoor,1,3
00009958,"A close-up black-and-white macro shot of a woven/braided texture with dramatic light and shadow stripes — the repetitive pattern is moderately interesting but lacks a strong focal subject or emotional content, keeping memorability modest.",none,2,3,3,1,unclear,1,1
00035481,"A golden-lit tree reflected in a calm pond under a dramatic stormy sky creates a striking focal point, but the scene is a fairly common rural landscape composition that limits its distinctiveness.",none,4,3,3,4,outdoor,1,3
00054325,"A dramatic sunrise/sunset above the clouds viewed from a high vantage point, with silhouetted figures watching — the combination of a blazing sun, god-ray light beams, a sea of clouds, and human silhouettes creates a striking, emotionally resonant, and distinctively memorable image.",people_present,4,4,3,4,outdoor,1,5
00032119,"A scenic but relatively generic mountain lake landscape with no people or unusual elements; the wide valley composition lacks a single dominant focal point, which limits memorability despite the moody atmosphere.",none,2,3,3,2,outdoor,1,2
00046972,"The striking combination of a vintage steam locomotive (No. 25) in warm golden light alongside dramatic human silhouette shadows cast on a wall creates a highly novel, emotionally evocative, and visually distinctive composition that is very likely to be remembered.",none,4,5,3,4,outdoor,2,4
00002088,"A child's face illuminated by candlelight while gazing at a small aquarium creates a tender, intimate, and visually striking moment — the warm glow against deep darkness, the curious expression, and the unusual combination of elements make this highly memorable.",prominent_faces,4,4,3,3,indoor,1,4
00025913,"A purple Game Boy Advance with a glowing outline effect against a black background, paired with a red game cartridge — the stylized presentation and nostalgic subject matter make this visually distinctive and emotionally resonant for anyone familiar with retro gaming.",none,4,4,2,3,unclear,2,3
00052904,"A smiling person with a large snake draped around their neck is a novel, slightly daring scenario that creates a clear focal point and mild emotional charge, boosting memorability above an average outdoor portrait.",prominent_faces,4,4,2,2,outdoor,1,3
00053555,"A close-up portrait of a weathered man exhaling smoke creates a striking, emotionally charged image with a single dominant subject and dramatic visual texture from the swirling smoke.",prominent_faces,4,4,3,2,outdoor,1,4
00011762,"The image features a striking green metal bridge railing receding into the distance with strong perspective lines and repetitive geometric shadows, creating a visually distinctive and moderately complex composition with no people and muted but consistent color.",none,4,3,3,3,outdoor,1,2
00002520,"A close-up black-and-white portrait of an ornately dressed porcelain doll with large curly hair and realistic glass eyes creates an uncanny, slightly eerie focal subject that is both distinctive and emotionally unsettling.",prominent_faces,5,4,3,1,indoor,1,4
00021334,"The eerie black-and-white ruins of an overgrown, crumbling stone building against a dramatic sky create a strong atmospheric and emotional impression, boosting memorability through novelty and mood.",none,4,4,3,1,outdoor,1,4
00037081,"A generic, quiet European city street scene with no prominent focal subject, muted colors, and low emotional charge — typical stock-like urban photography that is unlikely to stand out in memory.",none,2,2,3,2,outdoor,2,1
00049905,"A wide, calm river scene framed by trees with a tiny sailboat as the only focal point — the scene is pleasant but fairly generic, with muted colors and low emotional charge, reducing overall memorability.",none,2,2,3,2,outdoor,1,2
00007970,"A bald man's face is composited against a dramatic, glowing sky full of clouds, creating a surreal and striking portrait that is visually distinctive and emotionally intense.",prominent_faces,5,4,3,2,unclear,1,4
00021525,"An extreme macro shot of what appears to be small crystalline or seed-like structures bathed in a warm golden-yellow glow; the abstract, unidentifiable subject and unusual perspective add novelty, but the heavy blur, lack of a single clear focal point, and low contrast reduce memorability.",none,2,3,3,2,unclear,1,1
00050277,"The Natural History Museum's striking Romanesque-Gothic façade with twin towers is a distinctive, iconic architectural subject set against a vivid blue sky, giving it a clear focal point and moderate memorability boost.",none,4,4,3,3,outdoor,1,2
00007486,"A woman with a distinctive headband holding a baby creates a warm, emotionally engaging scene with two clear subjects — the prominent faces and the mother-child bond drive memorability.",prominent_faces,4,3,3,3,indoor,1,4
00050136,"A shiny brown Fiat 500 is the clear dominant subject at a car show, with a warm metallic color and a distinctive retro-modern design that draws the eye, though the auto-show setting is fairly generic.",none,4,3,3,3,indoor,2,2
00026749,"A pair of striking blue eyes peering through a shimmering golden veil creates an intensely intimate, mysterious, and emotionally charged focal point that is highly distinctive and memorable.",prominent_faces,5,5,2,4,unclear,1,4
00026742,"A girl sitting on a large stone sphere in the foreground provides a clear focal point, while the highly unusual backdrop of a white car elevated on scaffolding in front of a grand building adds strong novelty and distinctiveness, making this image highly memorable.",prominent_faces,4,5,4,3,outdoor,2,3
00050218,"A disaster scene showing people amid rubble from collapsed buildings evokes strong emotional responses — the human subjects in distress, combined with the dramatic destruction in the background, make this image highly memorable.",prominent_faces,3,4,4,2,outdoor,1,5
00045151,"A historic four-poster canopy bed with ornate fringe drapery in a period room creates a distinctive, stately focal point that is unusual and memorable, boosted by the portrait painting visible in the background.",none,4,4,3,2,indoor,1,2
00045500,"A large, appetizing slice of white cake with raspberry drizzle and whipped cream on a white plate is the clear focal subject, set against a dark restaurant table — the indulgent dessert presentation and warm colors make it moderately memorable.",none,4,3,3,3,indoor,2,2
00000055,"A dramatic, fiery sunset over water with intensely saturated oranges and reds filling the sky creates a visually striking and emotionally evocative scene, though the lack of a single focal subject and the broad, expansive composition somewhat diffuse memorability.",none,2,4,3,5,outdoor,1,4
00004064,"A dramatically lit, sepia-toned close-up of an ornate fantasy sword gripped by a gloved hand creates a striking, cinematic focal point with strong emotional and narrative resonance.",people_present,5,4,3,2,indoor,1,4
00044819,"A group of people in matching pink shirts playing or watching tennis on an outdoor court — mildly distinctive due to the coordinated pink outfits, but overall a fairly generic outdoor sports scene with moderate clutter and no single dominant focal subject.",people_present,2,3,3,3,outdoor,1,2
00023542,A pigeon standing indoors on a hardwood floor is a genuinely novel and distinctive subject — birds inside living rooms are unexpected — and the single bird with colored leg bands is a clear focal point against a moderately complex but recognizable domestic background.,none,5,4,3,2,indoor,2,2
00026100,"A tight macro shot of a mechanical gear/pinion with a spring assembly in black and white — the single dominant subject is crisp and centered, but the monochrome palette and industrial subject matter keep it from being highly emotionally charged or visually vivid.",none,5,3,2,1,unclear,1,1
00048520,"A parking/ticket machine is a fairly generic, mundane subject with moderate text and low emotional charge, but the bright blue panel provides some color vividness against the silver body; the machine is the clear focal subject, though it's a common, stock-like object.",none,4,2,3,3,outdoor,4,1
00008155,"A humorous internet meme featuring a colonial-era statue holding up a glowing orb with bold overlaid text — the novelty of the subject, comedic emotional charge, and single clear focal point (the statue's face and hand) all drive high memorability.",prominent_faces,4,4,3,2,indoor,4,4
00000592,"The dramatic low-angle black-and-white shot of two dark skyscrapers converging against a stark white sky creates a striking geometric composition that is visually distinctive and somewhat unsettling, boosting memorability through its bold contrast and unusual perspective.",none,4,4,2,1,outdoor,1,3
00013873,"The striking combination of a tall communications tower silhouetted against a vivid green-and-white fireworks display at night creates a highly memorable, emotionally charged scene with a clear focal dynamic between the tower and bursting fireworks.",none,3,4,3,4,outdoor,1,4
00040025,"The strong green monochrome tint gives this train station scene an unusual, eerie quality that boosts distinctiveness, though the overall composition is somewhat cluttered with columns, tracks, and background figures reducing focal clarity.",people_present,3,3,4,2,indoor,2,2
00034472,"The image combines a busy highway traffic scene with an elevated metro/rail train passing overhead, creating an interesting dual-layer composition, but the scene is overall a fairly generic urban traffic view with moderate complexity.",none,2,3,4,2,outdoor,2,2
00032369,"The striking mirror-like reflection of clouds on the calm lake surface creates a visually elegant and somewhat distinctive composition, but the black-and-white treatment, lack of human subjects, and relatively common nature scene theme moderate its memorability.",none,3,3,3,1,outdoor,1,2
00016204,"A colorful woven scarf with fringes resting on a plain white surface forms a clear focal subject; the multi-colored patchwork pattern (greens, purples, yellows) provides moderate vividness and some distinctiveness, but the scene is otherwise unremarkable and emotionally neutral.",none,5,3,2,3,indoor,1,2
00043626,"A typical, well-furnished living room with a fireplace — a fairly generic interior scene with no people, no strong focal point, and muted warm tones that reduce memorability.",none,2,2,3,2,indoor,1,2
00026864,"A clean black-and-white macro shot of multiple dice with a shallow depth of field and one die mid-air creates a moderately distinctive and visually engaging composition, but the subject matter is fairly common and lacks strong emotional charge.",none,3,3,2,1,unclear,1,2
00001241,"A close-up macro shot of a DAT (Digital Audio Tape) cassette corner with a transparent plastic lid reveals fine surface details and textures, but the subject is a fairly generic consumer electronics object with muted monochromatic tones and low emotional charge, keeping memorability moderate.",none,4,3,2,1,unclear,2,1
00006583,"A dramatically lit Buddha statue bathed in vivid red/orange light against a pure black background creates a striking, otherworldly image with a single clear focal point and strong emotional resonance tied to spirituality and mystery.",none,5,4,2,5,unclear,1,4
00020886,"A lone, colourful food/ice-cream van sitting in an otherwise vast, empty car park creates a striking contrast of scale and isolation that drives memorability.",none,4,3,2,3,outdoor,1,2
00018881,"This vivid abstract painting bursts with saturated warm colors, swirling dynamic forms, and eye-like motifs that create a striking, novel composition — all of which strongly drive memorability.",none,2,5,5,5,unclear,1,4
00005638,"A stylized digital artwork of a child's silhouette holding a balloon beside a tree under a glowing moon against a vivid green starry sky — the dreamlike, emotional atmosphere and striking silhouette composition make it highly memorable.",people_present,4,5,3,4,outdoor,1,4
00001252,"The ""tiny planet"" 360° projection technique creates a highly unusual and visually striking spherical cityscape that is immediately distinctive and novel, driving strong memorability.",people_present,4,5,4,3,outdoor,1,3
00023869,"Vivid, rainbow-colored translucent ice or glass shards with a bright light burst at the center create a visually striking and unusual abstract macro image that is highly memorable due to its color saturation and novelty.",none,2,4,4,5,unclear,1,3
00004004,"A highly ornate marble cenotaph/sarcophagus in what appears to be a Mughal mausoleum (likely Humayun's Tomb or similar) creates a striking, culturally distinctive focal point with strong emotional resonance tied to death, history, and grandeur.",none,5,5,3,2,indoor,1,4
00044660,"A young child actively surfing a wave with dynamic water spray creates a clear, emotionally engaging focal subject that is both distinctive and action-packed, boosting memorability.",prominent_faces,4,3,3,2,outdoor,1,3
00005755,"A close-up of a pirate skull figurine/decoration wearing a tricorn hat with crossbones is a striking, unusual, and slightly eerie subject that dominates the frame, making it highly memorable.",none,5,4,2,3,unclear,2,3
00036739,"A crowded indoor poker/card game room with many people and tables — the scene is busy and generic, with no single dominant focal point, muted lighting, and low emotional distinctiveness, all of which reduce memorability.",people_present,1,2,4,2,indoor,2,2
00036284,"Cows grazing in a pastoral autumn hillside scene — the colorful fall foliage adds vibrancy, but the subject matter is fairly common and the three cows spread across the frame slightly diffuse the focal point.",none,3,2,3,4,outdoor,1,2
00002174,"A close-up macro shot of a snail on a rough stone path creates a single, striking focal point with rich textures and vivid natural colors, making it visually memorable and somewhat novel as a subject.",none,5,4,2,4,outdoor,1,2
00033849,"A tall glass skyscraper (likely One Canada Square, Canary Wharf) dominates the frame against a clear blue sky, with a modern metallic sculpture in the foreground adding mild visual interest, but the overall composition is a fairly generic urban/architectural shot with no people and limited emotional charge.",none,4,3,3,3,outdoor,1,2
00003331,"A woman lying flat on the floor peering out from under a bed with a vivid pink/purple patterned fabric overhead creates a novel, slightly unsettling scene with a clear human face as the focal point, driving high memorability.",prominent_faces,4,4,3,4,indoor,1,4
00031202,"A classic Nintendo Game Boy with a Super Mario Bros. game on screen is a highly recognizable, nostalgic object with a single clear focal point, vivid pink buttons against a white body, and strong emotional resonance for many viewers.",none,5,4,2,2,unclear,2,4
00049018,"A tall, slender waterfall cascading down a mossy rock face surrounded by dense green forest provides a clear focal subject and moderate visual appeal, but the scene is a fairly common nature/landscape type, limiting its distinctiveness.",none,4,3,3,3,outdoor,1,3
00008598,"A miniature FDNY emergency vehicle (three-wheeled micro-truck) is a highly unusual and novel subject that immediately draws the eye, boosting memorability through distinctiveness and a clear focal point.",none,5,5,3,3,outdoor,2,2
00005247,"The unusual juxtaposition of a Jesus figurine appearing to command a pig toy toward a river — likely a reference to the biblical story of the Gadarene swine — creates a striking, humorous, and novel scene that is highly memorable.",none,4,5,3,3,outdoor,1,4
00039196,A peaceful pastoral scene with grazing sheep and a glowing backlit tree creates a serene but fairly generic countryside image; the lone tree serves as a focal point but the overall scene is a common rural landscape type.,none,3,2,3,3,outdoor,1,2
00029926,"A close-up, motion-blurred shot of a bicycle wheel tire against a wooden surface with warm bokeh light in the background creates an unusual, dynamic perspective that is visually striking and distinctive.",none,4,4,2,3,unclear,1,2
00010912,"A woman holding vivid yellow balloons that partially obscure her face creates a striking, novel focal point; the diptych layout and balloon-as-face-covering is unusual and emotionally engaging.",people_present,4,4,3,4,outdoor,3,3
00009097,"The iconic McDonald's Golden Arches sign shot from below against a clear blue sky creates a bold, high-contrast composition with a single unmistakable focal point and vivid red/gold colors, making it instantly recognizable and visually striking.",none,5,3,2,5,outdoor,1,2
00044205,"A fairly typical, cluttered home kitchen with yellow cabinets and multiple competing elements (plant, stool, stove, fridge, counter), making it a fairly generic interior scene with no single dominant focal point or strong emotional content.",none,2,2,4,2,indoor,1,1
00040401,"A clear focal subject — a youth batter mid-stance in a Giants uniform — dominates the frame against a moderately busy background of spectators and a chain-link fence, giving it a solid sports-action memorability boost.",prominent_faces,4,3,3,2,outdoor,2,3
00039089,"The vivid red fire hydrant and pipe infrastructure emerging from an overgrown, wild plant bed creates an unusual and striking contrast between industrial hardware and nature, giving this image a distinctive, memorable quality.",none,3,4,4,4,outdoor,1,2
00046671,"A fairly typical urban street-corner scene with a stop sign and street name signs as the focal point; trees, parked cars, and a distant pedestrian add clutter, making this a moderately generic but clear street-sign composition.",people_present,3,2,3,2,outdoor,3,1
00042814,"Two women closely examining a piece of paper on an outdoor tennis court creates a clear social focal point; the scene is moderately memorable due to the human interaction and candid moment, though the overall setting is fairly generic.",prominent_faces,4,2,3,3,outdoor,1,2
00056725,"A man playing a grand piano in what appears to be a public indoor space with a Marshall amp nearby — the clear focal subject and musical performance context give it moderate memorability, though the scene is fairly common.",people_present,4,3,3,2,indoor,2,3
00042590,"Two black-and-white cows grazing in a moody, dark-backgrounded field — the striking purple/violet color treatment on the cows' markings makes this highly distinctive and unusual, boosting memorability significantly above a standard farm scene.",none,4,5,2,3,outdoor,1,3
00012366,The dramatic sunset with vivid orange and blue gradients silhouetting rugged mountain ridgelines and striking power-line towers creates a moderately memorable image driven by bold color contrast and an unusual industrial-vs-nature composition.,none,3,3,3,4,outdoor,1,3
00016226,"A frost-covered bare tree glowing in warm golden sunset light against a snowy winter landscape creates a striking, painterly focal point that is emotionally evocative and visually distinctive.",none,4,4,3,3,outdoor,1,3
00048843,"The vivid autumn foliage with stunning warm colors, a calm reflective pond, and a single park bench create a picturesque, emotionally evocative scene with a clear focal composition that is highly memorable.",none,3,4,3,5,outdoor,1,4
00037195,"The old water tower with its red-and-white striped tank rising above a row of classic Victorian-era brick rowhouses creates a distinctive urban landmark scene that draws the eye, though the overall composition is somewhat cluttered with multiple architectural elements competing for attention.",none,3,4,3,3,outdoor,1,2
00040577,"A brightly colored yellow Chessie System miniature train with people watching in an outdoor park setting creates a memorable scene — the vivid yellow train is a clear focal point, and the mix of adults and a young child adds human interest and warmth.",prominent_faces,3,4,4,4,outdoor,3,3
00013161,"A lone bird silhouetted on the edge of an ancient stone wall against a vast sea and sky creates a minimalist, quietly evocative composition that is memorable for its stark simplicity and poetic solitude.",none,4,3,2,2,outdoor,1,3
00042385,Two giraffes standing closely together against a large rock formation creates a striking and somewhat unusual composition — their overlapping necks and bodies form a visually distinctive silhouette that is novel and memorable.,none,4,4,3,3,outdoor,1,3
00038627,"A fairly generic, tidy kitchen interior with a central island and pendant lights — pleasant but unremarkable, lacking novelty, people, or strong emotional content, which keeps memorability low.",none,3,2,3,2,indoor,1,1
00020972,"A partially obscured, dirt-streaked face peering through dense foliage with wide, intense eyes creates a highly striking and emotionally charged image — the combination of fear, concealment, and human vulnerability makes it extremely memorable.",prominent_faces,4,5,4,2,outdoor,1,5
00053727,"A lone figure silhouetted at the end of a tunnel creates a strong focal point with dramatic lighting and a slightly eerie, atmospheric emotional charge that boosts memorability.",people_present,4,3,2,2,indoor,1,3
00042188,"Two elderly people cooking in a kitchen is a fairly ordinary domestic scene, but the pair of people with medals/lanyards and the large griddle with food add mild distinctiveness; overall it's a common, somewhat cluttered candid snapshot.",people_present,2,2,3,2,indoor,2,2
00026484,"The vivid yellow Hummer H1 isolated against a desaturated black-and-white background creates a striking, novel selective-color effect that draws immediate attention and makes the image highly distinctive and memorable.",none,4,4,3,4,indoor,1,3
00034211,"A dated, somewhat charming vintage bathroom with a double pedestal sink and decorative tiles — mildly distinctive due to the old-fashioned style, but ultimately a generic interior scene with no people, moderate clutter, and low emotional charge.",none,3,3,3,2,indoor,1,1
00042140,"A lone giraffe standing tall in the African savanna forms a clear, striking focal point — its unusual height, distinctive patterning, and natural habitat make it a memorable and moderately distinctive wildlife shot.",none,5,3,2,3,outdoor,1,3
00008576,"The dense cluster of old TV antennas silhouetted against a pale sky creates a striking, somewhat unusual geometric pattern, but the lack of a single focal point and muted, desaturated tones reduce memorability somewhat.",none,2,3,4,1,outdoor,1,2
00014476,"A lone bare tree dramatically lit by vivid orange artificial light at night, with striking light trails streaking across the frame — the unusual color palette, long-exposure effect, and single strong focal subject make this highly memorable.",none,5,5,3,5,outdoor,1,4
00050380,"A creative LEGO scene featuring a red brick arch, a miniature figure, white columns, and a green decorative tree — the novelty of the LEGO construction and the vivid red arch create a striking, memorable focal point.",none,4,4,3,4,unclear,1,2
00036598,"A generic hotel lobby interior with no people, muted colors, and no single striking focal point — typical corporate/hospitality stock imagery that blends into memory easily.",none,2,2,3,2,indoor,1,1
00015158,"The silhouetted historic tower (Maiden's Tower, Istanbul) dramatically set against a glowing sunset over the Bosphorus creates a striking, emotionally evocative scene with a single clear focal subject and atmospheric moodiness that makes it highly memorable.",none,4,4,3,3,outdoor,1,4
00030154,"A close-up macro shot of yellow-green flowers with a distinctive reddish berry/bud as the focal point creates mild novelty, but the overall scene is a fairly common nature macro with limited emotional charge.",none,3,3,3,3,outdoor,1,2
00052855,Two young women dancing in a nightclub with vivid streaking red and green laser/light trails create a visually striking and energetic scene that boosts memorability through emotional charge and distinctive lighting effects.,prominent_faces,3,4,4,5,indoor,1,4
00006781,"An extreme macro close-up of a vivid iridescent green ant head fills the frame — the unusual subject, striking metallic coloration, and unsettling level of detail make this highly memorable.",none,5,5,3,4,unclear,1,4
00004050,"The low-angle, ground-level perspective of a person's bare legs amid fallen fruit under a tree creates an unusual, artistic composition that is both distinctive and slightly mysterious, boosting memorability despite the monochromatic palette.",people_present,3,4,3,1,outdoor,1,3
00043465,"A close-up, beautifully decorated cake with vivid red raspberries and pastel-colored candy eggs on creamy frosting creates a clear, appetizing focal point with strong visual appeal and mild emotional warmth.",none,4,3,3,4,indoor,1,3
00052034,"A single glowing lantern or lamp shade with a vivid orange-red-yellow gradient against a pure black background creates a striking, high-contrast focal point that is both simple and visually arresting.",none,5,4,1,5,unclear,1,3
00012934,"A man in a Shriner's fez riding a tiny novelty car in a parade is a highly distinctive and amusing scene — the miniature vehicle, the waving gesture, the crowd backdrop, and the unique cultural context all combine to make this image very memorable.",prominent_faces,4,5,3,3,outdoor,2,3
00039612,"A rainy outdoor market scene with people sheltering under umbrellas creates a vivid, emotionally resonant moment — the combination of heavy rain, a couple sharing a white umbrella as the central focal point, and surrounding market stalls gives the image moderate distinctiveness and emotional warmth despite the moody lighting.",people_present,3,3,4,3,outdoor,1,3
00029191,"A nighttime cemetery scene with glowing gravestones, bare trees, and a dimly lit church backdrop creates an eerie, atmospheric image that is emotionally charged and visually distinctive, driving strong memorability.",none,3,4,3,2,outdoor,1,4
00010901,"A fairly generic urban street parking scene with multiple cars and city buildings — no strong focal point, low emotional charge, and stock-like composition reduce memorability.",none,2,2,4,2,outdoor,3,1
00024060,"A classic Mamiya medium-format film camera with a detached lens on a plain white background — a clear, distinctive subject with moderate novelty for non-photographers, but the clean isolated product-shot style and visible brand text keep it somewhat stock-like.",none,4,3,2,2,indoor,2,2
00038083,"This striking corridor of elaborately tiled Islamic mausoleums (likely Shah-i-Zinda, Samarkand) creates a dramatic vanishing-point perspective lined with vivid turquoise and blue tilework, making it highly distinctive and memorable.",people_present,4,5,4,4,outdoor,1,3
00025645,"A striking close-up of layered bracket fungi growing on a tree trunk, bathed in warm reddish-brown tones with dramatic lighting — the unusual subject and vivid natural textures make it highly memorable.",none,4,4,3,4,outdoor,1,2
00038526,"An empty jury box in a courtroom is a recognizable but fairly generic institutional setting with no people, muted colors, and no strong focal point beyond the rows of identical grey chairs — limiting memorability.",none,2,2,3,1,indoor,1,2
00012234,"An extreme close-up of animal fur with a striking ridge/whorl pattern in warm amber and orange tones — the unusual macro perspective and rich color make it moderately distinctive, though the lack of a recognizable subject or faces reduces emotional charge.",none,3,4,2,4,unclear,1,2
00057259,"A vivid, classic red Chrysler convertible parked in a handicap space is a distinctive and eye-catching focal subject that drives memorability through its nostalgic appeal and bold color.",none,5,4,3,4,outdoor,2,3
00010494,"Two prominent runners in the foreground with visible bib numbers and team uniforms create a clear focal point, while the competitive racing context and strained facial expressions add emotional charge and distinctiveness.",prominent_faces,4,3,3,3,outdoor,3,3
00041588,A room under renovation with exposed wooden ceiling beams and a distinctive red wood-burning stove as the focal point; the construction context adds mild novelty but the overall scene is somewhat generic and cluttered with materials.,none,3,3,3,2,indoor,1,2
00013217,"A striking macro close-up of a leaf's vein structure rendered in cool blue-grey tones creates an unusual, almost abstract texture that is visually novel and distinctive, though its lack of human presence and neutral subject matter limit emotional charge.",none,3,4,4,2,unclear,1,2
00058347,"A young woman casually playing an electric guitar while seated in a kitchen chair with her feet up on a table creates a relaxed, slightly quirky domestic scene — the combination of a guitar in a kitchen setting with a casual pose gives it mild distinctiveness and a clear focal subject.",prominent_faces,4,3,3,2,indoor,2,2
00048562,"Two cats of contrasting colors (white and black) gazing out an old window together creates a charming, emotionally warm scene with a clear dual focal point and nostalgic indoor setting.",none,4,3,3,3,indoor,2,3
00032258,"A vibrant, colorful close-up pile of mixed radishes (red, white, and purple) creates a visually striking and somewhat unusual market display that draws attention through rich color contrast and organic texture.",none,4,3,4,5,indoor,1,2
00044971,"A clear human moment — one man fixing another's tie — creates a strong focal subject with emotional resonance (formality, camaraderie), boosted by prominent faces and an intimate interaction, though the black-and-white palette and blurred background reduce color vividness.",prominent_faces,4,3,3,1,indoor,2,3
00034986,"The striking repetition of ornate twisted and decorated columns in a medieval cloister creates a strong architectural rhythm and visual novelty that drives memorability, though the scene lacks a dominant human subject.",people_present,3,4,4,2,outdoor,1,2
00013284,"A dramatic sunset sky with vivid golden and blue tones, dark silhouetted clouds with rays of light breaking through — emotionally evocative and visually striking, though sunsets are a somewhat common photographic subject.",none,3,3,3,4,outdoor,1,4
00027168,The striking juxtaposition of the ornate green copper-domed Flatiron-style building against the iconic Transamerica Pyramid in San Francisco creates a visually distinctive and memorable architectural contrast with vivid colors and a clear focal subject.,none,4,4,3,4,outdoor,1,2
00034095,"A dramatic coastal scene with vivid golden sand, foamy surf, and striking dark cliffs framing a secluded beach — the unusual warm lighting and intimate cove composition make it visually distinctive and memorable.",none,3,4,3,4,outdoor,1,3
00026699,"The vivid starburst sunlight reflection in a car side mirror, combined with the iconic ""OBJECTS IN MIRROR ARE CLOSER THAN THEY APPEAR"" text, creates a striking and somewhat surreal composition that is both visually distinctive and contextually thought-provoking.",none,4,4,2,5,outdoor,3,3
00000286,"A vintage dark-green bicycle with tan-walled tires and a front rack sits alone on asphalt — the single, well-lit subject is clear and moderately distinctive, but the overall scene is a fairly common product/street shot with limited emotional charge.",none,5,3,3,2,outdoor,1,2
00044939,"A small bird perched on a weathered wooden bench creates a clear, somewhat charming focal point, but the overall scene is fairly ordinary and muted in color, keeping memorability moderate.",none,4,3,2,2,outdoor,2,2
00037215,"The iconic Gothic façade of Bath Abbey rising behind a classical colonnaded entrance creates a distinctive and visually striking architectural scene, boosted further by the presence of people and moderate emotional resonance of a historic landmark.",people_present,3,4,4,2,outdoor,2,3
00046461,"A group of four stylishly dressed young women walking confidently together on a sunny street forms a clear, socially engaging focal cluster with prominent faces and varied outfits that boost memorability.",prominent_faces,4,3,3,3,outdoor,1,3
00008110,"A vivid, glittery purple Mardi Gras mask with colorful feathers and scattered beads forms a single striking focal point with high novelty, saturated colors, and festive emotional charge, all driving strong memorability.",none,4,4,3,5,unclear,1,3
00030906,"A dead mouse placed inside a white bread sandwich with green leaves, held open by a human hand — this bizarre, grotesque, and highly unusual subject matter makes it extremely memorable due to its novelty and emotional (disgust) charge.",people_present,5,5,2,2,unclear,1,5
00051979,"The close-up shot of industrial disc harrow blades with their distinctive scalloped metallic edges against red farm equipment creates a striking, unusual perspective of heavy machinery that most people rarely see up close, boosting memorability through novelty and strong focal subject.",none,4,4,3,3,outdoor,1,2
00045364,"A man's face in close profile facing a tiny kitten across a plastic water bottle creates a charming, novel, and emotionally warm interaction that is highly memorable.",prominent_faces,4,4,3,3,indoor,2,4
00020022,"A single yellow traffic light showing green against a clean blue sky is a moderately distinctive low-angle shot; the uncluttered composition and vivid sky-yellow contrast give it a clear focal point, but the subject itself is an everyday object, limiting strong memorability.",none,4,3,2,4,outdoor,1,2
00000147,"Two young men with distinctive emo/alternative styles photographed in a close-up, with prominent faces and expressive looks that create strong focal subjects and emotional engagement.",prominent_faces,4,3,2,2,outdoor,1,3
00034182,"A rustic log cabin with a distinctive shiny metal roof set against a clear blue sky is moderately memorable due to its warm wood tones contrasting with the cool metallic roof, but remains a fairly typical architectural/landscape shot without strong novelty or emotional charge.",none,4,3,3,3,outdoor,1,2
00029603,"The vivid red-orange background contrasted with a delicate yellow leaf garland arranged in a circular shape creates a visually striking, minimalist composition that is both novel and aesthetically memorable.",none,4,4,2,5,unclear,1,2
00054529,"A prominent close-up of a long-haired, bearded man intensely playing a Fender guitar on stage creates a strong focal point with emotional charge from the performer's absorbed expression.",prominent_faces,5,3,2,2,indoor,2,3
00053615,"A clothing store display with multiple mannequins dressed in fashionable outfits creates a moderately memorable scene, but it's a fairly generic retail environment that reduces distinctiveness despite the human-like figures providing some focal interest.",none,3,2,3,2,indoor,1,2
00034908,"A fairly generic arid landscape with scattered trees and a hill under a blue sky — pleasant but not particularly novel or emotionally striking, with no single dominant focal point.",none,2,2,3,3,outdoor,1,2
00027267,"A lone figure sitting contemplatively on a tiled rooftop, shot in high-contrast black-and-white from a dramatic low angle — the unusual vantage point, solitary mood, and striking composition make this highly memorable.",prominent_faces,4,4,3,1,outdoor,1,4
00032570,"A stark black-and-white indoor scene featuring a single illuminated white cube/pillar structure in an otherwise dark, empty space — the dramatic lighting contrast and isolated geometric subject create a haunting, slightly eerie atmosphere that boosts memorability.",none,4,4,2,1,indoor,1,3
00048242,"A 9/11 memorial monument with ""We Remember"" inscription, American flags, and red/white/blue floral wreaths creates strong emotional resonance and a clear focal subject, boosting memorability significantly.",none,4,4,3,3,outdoor,3,4
00037423,"The striking visual of traditional bamboo scaffolding covering an entire multi-story white building facade is unusual and novel, giving it strong distinctiveness, though the lack of people and moderate complexity keep emotional charge moderate.",none,4,4,4,3,outdoor,2,2
00047357,"A fairly generic urban street scene with a white work van, brick building, and storefronts — lack of unusual elements or emotional content keeps memorability low, though the van's signage provides a minor focal point.",none,2,2,3,2,outdoor,3,1
00007506,"A joyful, real-life scene of children meeting iconic Disney characters (Tigger and Winnie the Pooh) alongside Alice in Wonderland creates strong emotional resonance and novelty, with the bright orange Tigger costume serving as a vivid focal point.",prominent_faces,3,4,4,4,outdoor,1,4
00033860,"A calm lakeside scene featuring the Central Park Boathouse viewed from a boat's bow — recognizable but not highly novel, with muted winter colors and no strong focal subject or emotional charge.",people_present,2,2,3,2,outdoor,1,2
00008959,"The decaying antique wooden wagon with rusty iron-rimmed wheels is a distinctive, nostalgic subject set against a clean green field, giving it a clear focal point and mild emotional resonance tied to history and decay.",none,4,4,3,3,outdoor,1,3
00055166,"The vivid red and pink artificial/decorative roses against rich green foliage create a striking, jewel-toned close-up that is visually distinctive and emotionally appealing, with the bold red bloom serving as a clear focal point.",none,4,4,3,5,unclear,1,3
00034978,The unusual combination of modified sports cars with hoods open displayed inside an office workspace creates a genuinely novel and striking scene that drives memorability.,people_present,2,4,4,2,indoor,1,3
00048072,"A busy urban street scene with multiple people in the foreground, none with clearly dominant prominence — the cluttered composition and generic city setting reduce memorability, though the woman taking a photo adds mild interest.",people_present,2,2,4,2,outdoor,2,2
00017512,"A dramatic nighttime cityscape with warm golden reflections on calm water and a visible moon creates a striking, emotionally evocative scene with moderate complexity.",none,3,4,3,4,outdoor,1,4
00046840,"A young toddler sitting in a high chair at a colorful red-tableclothed table creates a warm, emotionally engaging domestic scene with a clear focal subject, boosted by the novelty of a teddy bear in a baby seat and vivid pink patterned pillows in the background.",prominent_faces,3,3,4,4,indoor,2,4
00035822,"A neatly staged hotel/bedroom scene with a clear focal point (the bed), but the overall composition is generic and stock-like with neutral tones, reducing distinctiveness and emotional impact.",none,4,2,2,2,indoor,1,1
00046712,"A social gathering scene with multiple people at a wine tasting event — the presence of prominent faces and social interaction adds emotional charge, but the cluttered foreground of bottles and the multiple subjects reduce focal clarity and make the scene feel somewhat generic as a social/professional event photo.",prominent_faces,2,2,4,2,indoor,1,2
00024899,"A black-and-white crowd scene with multiple faces and children visible, featuring a mix of prominent faces and a busy, somewhat cluttered composition — the children's expressions amid the crowd provide emotional engagement and partial focal interest, but the density of people reduces a single clear focal point.",prominent_faces,2,3,4,1,outdoor,1,3
00045900,"A dynamic baseball game scene with a clear focal point of the batter and catcher, vivid colors and action (bat mid-swing), and recognizable human subjects make this moderately memorable, though sports scenes are fairly common.",prominent_faces,4,3,3,3,outdoor,1,3
00041578,"A person wearing a helmet on a motorbike in a narrow, warmly-lit Asian street market at night creates a distinctive, atmospheric scene with a clear focal subject and cultural novelty.",people_present,4,4,4,3,outdoor,3,3
00005522,"A macro close-up of a creamy yellow magnolia flower with intricate golden stamens fills the frame — the single striking subject, warm color contrast at the center, and intimate botanical detail make this visually memorable.",none,5,4,3,3,outdoor,1,3
00045437,"A woman sitting on a vintage motorcycle with a sidecar in a residential street makes for a distinctive, nostalgic scene with a clear focal subject and mild emotional warmth from the period charm.",prominent_faces,4,4,3,1,outdoor,2,3
00050062,"A pleasant but fairly generic Mediterranean coastal landscape with sandy dunes, turquoise water, rocks, and mountains in the background — beautiful but stock-photo-like with no single dominant focal point or unusual elements to drive strong memorability.",none,2,2,3,3,outdoor,1,2
00001012,"Two dolls with exaggerated, distinctive features (oversized lips, big eyes on the Bratz doll; nerdy puppet-like figure) create a novel and somewhat surreal pairing that is visually striking and easy to remember.",none,4,4,2,4,indoor,2,3
00053077,"A pleasant but fairly generic balcony ocean view — the kind of stock-like vacation photo that lacks a strong focal subject, prominent faces, or unusual elements to make it stand out in memory.",none,2,2,3,3,outdoor,1,2
00045025,"A zoo enclosure with multiple animal species (zebras, rhinos, wildebeest) grazing together in a naturalistic setting — the zebra's bold stripes provide a clear focal point and the multi-species grouping adds distinctiveness, but the wide open landscape and overcast muted tones reduce overall impact.",none,3,3,3,2,outdoor,1,2
00019986,"A fried egg sitting on the center line of a road is a highly unusual and surreal juxtaposition that creates a strong, memorable focal point with vivid yellow color contrast against the asphalt.",none,5,5,2,4,outdoor,1,3
00027129,"The dramatic converging road lines create a strong vanishing-point perspective that is visually striking and geometric, boosting memorability despite the monochrome palette and relatively generic urban street scene.",none,4,3,3,1,outdoor,1,2
00024890,"A single golden key resting on dramatic deep-red satin fabric creates a moody, symbolic composition with clear focal point and emotional intrigue, boosting memorability.",none,4,4,2,2,indoor,1,3
00037061,"An empty, generic airport check-in counter (American Eagle) with no people, muted colors, and a standard layout — highly forgettable due to its mundane, stock-photo-like quality and lack of a compelling focal subject.",none,2,1,3,2,indoor,3,1
00027320,"The highly unusual driftwood/root chair is a striking, novel focal point that makes this image memorable — its organic, sculptural form is distinctly different from typical furniture photography.",none,4,5,3,2,indoor,1,3
00016769,"This is the Holocaust Memorial in Berlin — a vast field of grey concrete stelae stretching to the horizon, creating a striking, solemn, and emotionally charged geometric landscape that is highly distinctive and memorable.",none,2,5,4,2,outdoor,1,5
00048522,"A skateboarder caught mid-trick on the lip of a skate bowl creates a dynamic, action-packed focal point; the dramatic low angle, high contrast black-and-white treatment, and the athlete's contorted silhouette against a cloudy sky boost distinctiveness and emotional charge.",people_present,4,4,3,1,outdoor,1,4
00003510,"A close-up macro shot of wooden chess pieces creates a clear focal point (the central pawn) with warm, vivid wood tones and interesting shallow depth of field, making it moderately distinctive and visually engaging.",none,4,3,3,3,indoor,1,2
00030028,"Two white egrets caught mid-action (appearing to fight or interact dynamically) while a grey heron watches in the background — the striking motion, wing spread, and water splashing create a novel, action-packed wildlife moment that drives high memorability.",none,4,4,3,2,outdoor,2,4
00000306,"A young woman in a quirky, stylized outfit holds a small pink toy pony up to her lips as if kissing it — the novelty of the pose and prop combined with the moody, vignette-lit studio aesthetic makes this distinctly memorable.",prominent_faces,5,4,3,2,indoor,2,3
00035210,"An empty airport baggage claim hall with numbered carousels — a familiar, generic travel scene with no people, muted colors, and no single dramatic focal point, all of which reduce memorability.",none,2,2,3,2,indoor,3,1
00047149,"A classic baseball action shot with a clear narrative moment — pitcher delivering, batter swinging, catcher and umpire in position — but it's a fairly generic sports scene viewed from a distance, limiting distinctiveness and emotional punch.",people_present,3,2,3,3,outdoor,1,2
00012250,"Two quirky, handcrafted clay jack-o'-lantern figurines with expressive faces and twig stems sitting on stone — the novelty of their anthropomorphic expressions and unusual pear-like shapes makes them highly distinctive and memorable.",none,5,5,2,3,outdoor,1,4
00048175,"Two elephants walking through sparse African bush in natural light create a moderately memorable wildlife scene, but the cluttered vegetation and side/rear angle reduce focal clarity and distinctiveness compared to a dramatic close-up portrait.",none,3,3,4,2,outdoor,1,3
00031483,"A person seen from behind pulling their own hair upward creates an unusual, candid moment with artistic black-and-white photography, framed pictures on the wall adding context — the quirky pose and intimate domestic scene drive memorability.",people_present,4,4,2,1,indoor,1,3
00002115,"A lone silhouetted figure of a woman standing waist-deep in water beneath a pier structure, shot in moody monochrome — the strong single focal subject, atmospheric emotional charge, and striking compositional framing make this highly memorable.",prominent_faces,5,4,2,1,outdoor,2,4
00026597,"An extreme close-up macro shot of glossy, caramelized food (likely a fruit cobbler or candied fruit) fills the entire frame with rich amber and gold tones; the unusual intimate scale and vivid warm colors make it striking, though the lack of a single pinpoint subject and abstract quality add moderate complexity.",none,2,4,3,5,unclear,1,2
00017957,"Soft-focus lavender flowers in warm golden light create a gentle, aesthetically pleasing composition with a clear floral subject, but the scene is fairly common as a nature/garden shot, keeping memorability moderate.",none,3,3,3,3,outdoor,1,3
00009201,"A highly unusual and surreal scene of an Epson printer apparently ""printing out"" real food packaging and grocery items — this absurdist, conceptually novel juxtaposition of everyday objects in an impossible scenario is visually striking and highly memorable.",none,3,5,4,3,indoor,4,3
00024668,"A single seagull captured mid-flight facing the camera with wings spread and webbed feet dangling creates a clear, novel focal point against a plain grey sky, boosting memorability.",none,5,4,2,2,outdoor,1,2
00021801,"White dogwood blossoms dramatically lit against a near-black background create a strong, elegant contrast that makes the single flowering branch a clear and memorable focal point.",none,5,3,2,2,outdoor,1,3
00025951,"This dark, surrealist painting features grotesque skeletal/alien figures in an unsettling composition — the unusual subject matter, strong emotional charge (horror/unease), and vivid contrast against the dark background make it highly memorable.",people_present,4,5,3,3,unclear,1,5
00042678,"A group of wild African elephants, including a young calf with a curled trunk in the foreground, in a natural savanna setting — the close-up of the calf's face and the herd dynamic create a clear focal subject with moderate emotional warmth and distinctiveness.",none,4,3,3,2,outdoor,1,3
00029477,"An outdoor scene of a woman playing a Roland FP-4 keyboard while a man stands beside her, likely at a wedding event — the human subjects, emotional context, and clear focal activity make it moderately memorable, though the composition is fairly conventional.",prominent_faces,4,3,3,2,outdoor,2,3
00011874,"An aged, weathered shingle house against a stark deep-blue sky creates a moody, slightly eerie scene with a clear focal subject and moderate emotional resonance suggestive of abandonment.",none,4,3,2,2,outdoor,1,3
00016163,"The image features a striking low-angle shot of a woman's legs in dark stockings and fur-trimmed heels on what appears to be a fashion runway, with a blurred crowd in the background — the unusual perspective and fashion context make it distinctive and memorable.",people_present,4,4,3,2,indoor,1,3
00052597,A tender black-and-white close-up of a toddler kissing a pregnant belly creates a highly emotionally resonant and distinctive image with a single clear focal subject and strong human connection.,prominent_faces,5,4,2,1,indoor,1,5
00008283,"A close-up shot of an open bilingual dictionary is fairly generic and text-heavy, with no people or striking subject — the shallow depth of field adds mild visual interest but overall it's a stock-like scene with low emotional charge.",none,3,2,3,2,indoor,5,1
00058165,A painterly outdoor harvest scene with a lone child as the clear focal subject in blue against golden wheat fields; the impressionist style and nostalgic rural atmosphere give it moderate distinctiveness and emotional warmth.,people_present,4,3,3,3,outdoor,1,3
00055842,"Two smiling, expressive young people sharing a fun moment in a classroom setting — prominent faces with clear emotional engagement and a slightly novel focal element (a gold medal/coin being held up) boost memorability.",prominent_faces,4,3,3,2,indoor,1,4
00001317,A striking extreme close-up macro shot of a chrome can opener's mechanical gears and components rendered in black and white — the unusual perspective and gleaming metallic detail make it visually distinctive and memorable.,none,4,4,4,2,unclear,1,2
00020560,"Two smiling people posing together at a convention with a celebrity name sign visible — the prominent faces and emotional positivity drive memorability, though the generic convention backdrop is common.",prominent_faces,4,3,2,2,indoor,3,3
00037434,"The dramatic, sculpted rock formation of the Badlands dominates the frame as a clear focal subject, with striking geological texture and deep shadows that create visual interest, though the muted earth tones and familiar landscape photography style temper its distinctiveness.",none,4,3,3,2,outdoor,1,2
00054537,"The colorful decorative trays (green, blue, orange/yellow) with fruit and flower motifs alongside a large clock face create a moderately distinctive, vibrant still-life scene typical of a flea market or antique sale, with decent color vividness but no single dominant focal point.",none,2,3,3,4,unclear,2,2
00011880,"Two young children sitting on a couch, one holding a humorous handwritten sign reading ""Brother 4 Sale $1"" — the comedic novelty of the sign combined with the cute kids creates a highly memorable, emotionally engaging image.",prominent_faces,4,5,2,2,indoor,3,4
00022801,"A striking aerial view of a vivid orange-to-blue sunset horizon taken from an airplane window, with the dark silhouette of the wing as a dramatic foreground element — the unusual perspective and emotionally resonant color gradient make this highly memorable.",none,3,4,2,4,outdoor,1,4
00038482,"A pleasant but generic forest stream scene with mossy rocks and flowing water — attractive yet fairly common in nature photography, with no single dominant focal point and moderate visual complexity from the rocky, rushing water and dense greenery.",none,2,2,3,3,outdoor,1,2
00005453,A female athlete in athletic wear holding a pole vault pole is a moderately distinctive sports subject with a clear focal point; the black-and-white treatment mutes color impact but the prominent face and athletic physique add emotional and visual interest.,prominent_faces,4,3,2,1,outdoor,1,3
00041312,"The image is a side-by-side duplicate of a soccer match action shot, featuring two players in a physical contest for the ball — a fairly common sports photography scene, but the dynamic action and physical contact add some memorability, slightly offset by the repetitive side-by-side layout and the nighttime outdoor setting.",people_present,3,2,3,2,outdoor,2,3
00021604,"The vivid pink background combined with the close-up of a guitar headstock and the bold, stylized text overlay creates a striking, design-forward image that is moderately memorable due to its color contrast and novelty, though the text-heavy overlay reduces pure visual impact.",none,3,4,3,4,unclear,4,3
00001062,"A black-and-white aerial view above the clouds creates a somewhat ethereal and unusual perspective, but the monochromatic palette and lack of a single focal subject reduce its overall memorability.",none,2,3,3,1,outdoor,1,2
00003407,"A bird's nest containing a dried orange slice, placed on a decorative plate with silver spoons against a dreamy beach/sky backdrop — this surreal, unusual combination of natural and domestic objects creates a striking, novel composition that is highly memorable.",none,5,5,3,3,outdoor,1,3
00009520,"A full-grown adult crammed into a tiny children's ride-on toy car while wearing a superhero costume is highly novel and humorous, making this image very memorable.",prominent_faces,5,5,3,4,outdoor,1,4
00051720,"This is a vibrant Tibetan thangka painting of Guru Rinpoche (Padmasambhava) with intensely saturated colors, a single dominant divine figure, and rich symbolic detail — the striking religious iconography and jewel-like palette make it highly memorable.",prominent_faces,5,5,4,5,unclear,1,4
00029849,A striking black-and-white double-exposure or mirror reflection composition showing two women — one holding a camera — creates a visually novel and emotionally engaging scene with prominent faces as the focal point.,prominent_faces,3,4,4,1,unclear,1,3
00021584,"A young child in a vivid red dress walking alone on a sunlit dock with blue water behind her creates a strong focal point, emotional warmth, and color contrast that make this image highly memorable.",prominent_faces,5,4,2,5,outdoor,1,4
00012516,"A person taking a mirror selfie with a classic Leica M9 camera prominently centered creates a single clear focal point; the direct gaze and camera-to-face composition add mild novelty and personal engagement, boosting memorability.",prominent_faces,5,3,2,2,indoor,2,2
00003754,"A weathered stone wall with red graffiti spray paint and dark scorch/paint marks creates an unusual, slightly unsettling urban decay scene that stands out due to its texture contrast and symbolic markings.",none,3,3,4,2,outdoor,1,3
00024789,"An extreme close-up portrait of an orangutan's face fills the frame — the deeply expressive, human-like eyes create strong emotional resonance and a single unmistakable focal point, making this image highly memorable.",none,5,4,2,3,unclear,1,4
00015291,"A single pomegranate hanging on a branch with green leaves against a plain white background creates a clear focal point with vivid red-orange coloring, making it moderately memorable due to its natural simplicity and color contrast.",none,5,3,2,4,unclear,1,2
00030889,"The dramatic rays of sunlight breaking through dark storm clouds create a striking, emotionally evocative sky scene with strong contrast and a clear focal point at the light source, boosting memorability.",none,4,4,3,3,outdoor,1,4
00001122,"A street musician playing guitar stands against a bold, geometric mural (radiating blue fan pattern with vivid magenta/red/black stripes), creating a striking contrast between the human subject and the eye-catching, colorful backdrop that strongly drives memorability.",people_present,4,4,4,5,outdoor,1,3
00031601,"A hunter in a vivid orange safety vest walking with a wet black dog through an autumn forest creates a moderately memorable scene — the bold orange vest provides a strong focal anchor and color pop against the earthy tones, though the overall composition is a fairly common outdoor/hunting scenario.",people_present,3,3,3,4,outdoor,1,2
00051581,"A moody black-and-white foggy winter landscape with bare trees and a frozen river creates a haunting, atmospheric scene that is emotionally evocative and visually distinctive, driving memorability despite the lack of a single dominant subject.",none,2,4,3,1,outdoor,1,4
00040466,"The highly unusual sight of a Space Shuttle piggyback-mounted on a Boeing 747 carrier aircraft, escorted by a chase plane, is a rare and iconic image that drives strong memorability despite the muted sky tones and distant subjects.",none,4,5,2,2,outdoor,1,4
00006481,"The upward-angled shot of elegant white calla lilies against a pale sky creates a striking, sculptural composition with clear floral subjects and a graceful, serene aesthetic that makes it moderately memorable.",none,4,3,2,2,outdoor,1,2
00036193,"A hot tub with a wooden deck surround inside a screened enclosure is a moderately distinctive domestic scene — the bubbling water and unique octagonal wooden frame give it some novelty, but it remains a fairly generic residential feature without people or strong emotional triggers.",none,4,3,2,2,indoor,1,2
00012994,"A large building engulfed in fire with a massive dark smoke plume is a dramatic, emotionally charged, and visually striking scene that is highly memorable due to the novelty and danger of the event.",none,4,5,3,2,outdoor,2,5
00012714,"A basset hound's enormous, droopy face fills the frame from a worm's-eye view on the floor — the unusually close, low-angle perspective and comically oversized nose/ears make this highly distinctive and emotionally endearing, driving strong memorability.",none,5,5,2,3,indoor,1,4
00010324,"The upward-looking (worm's-eye) perspective of dramatic black silhouetted tree branches radiating outward against a bright backlit sky is an unusual and striking composition that draws the eye strongly upward, giving it good distinctiveness and focal clarity despite the intricate branching complexity.",none,4,4,4,1,outdoor,1,3
00015167,"A young girl with an intense, direct gaze holding a red flower in a pink dress against a blue wall creates a strong emotional and focal impact, making this image highly memorable.",prominent_faces,5,4,2,3,indoor,1,5
00021609,"A nighttime street food stall with dramatic teal/green lighting, a vendor partially visible, and an array of food ingredients laid out — the moody atmospheric lighting and cultural specificity make it moderately distinctive and memorable.",people_present,2,4,4,3,unclear,1,3
00048756,"A close-up of a sleeping puppy with its paw and nose prominently displayed alongside a chew treat creates an undeniably cute, emotionally warm, and novel composition that is highly memorable.",none,4,4,2,2,indoor,2,4
00021070,"A bold, stylized pop-art stencil portrait of a face on an orange background — the graphic simplicity, limited color palette, and striking artistic style make it visually distinctive and memorable.",prominent_faces,5,4,2,3,unclear,1,3
00004574,"A close-up black-and-white portrait of a shirtless man lying down with a melancholic or tired expression creates strong emotional resonance and a single dominant focal subject, driving high memorability.",prominent_faces,5,3,2,1,indoor,1,4
00043319,"A plain, generic bathroom interior with no people, muted colors, and a standard layout — typical stock-like scene with no strong focal point or emotional charge, making it low in memorability.",none,2,2,3,2,indoor,1,1
00054162,"A wedding or formal outdoor event on a mountain terrace with multiple well-dressed guests creates moderate memorability — the social gathering setting is somewhat distinctive due to the scenic alpine backdrop, but the scene is cluttered with many people and no single dominant focal point.",people_present,2,3,4,2,outdoor,1,3
00047981,A young boy playfully holding two Wii remotes up to his head like antennae/glasses creates a humorous and novel scene with a clear focal subject and emotional warmth.,prominent_faces,5,4,2,2,indoor,1,4
00043171,"The American-flag-grille Pierce fire truck front-on is a distinctive, patriotic focal point that dominates the frame and carries mild emotional charge, boosting memorability.",people_present,4,4,3,4,outdoor,2,3
00032659,"A child's smiling face fills the frame as the dominant subject, creating strong emotional resonance and a clear focal point that drives high memorability.",prominent_faces,5,3,2,2,outdoor,1,4
00040820,"A group of children and an adult sitting on grass, with some appearing to smoke or hold lighters — the unusual and emotionally charged subject matter (children with lighters/cigarettes) makes this highly distinctive and memorable.",prominent_faces,3,5,3,2,outdoor,1,5
00034037,"A fairly generic home-office furniture showroom shot with a traditional wooden L-shaped desk and leather chair — stock-like staging with no people, moderate complexity, and low emotional charge reduces memorability.",none,3,2,3,2,indoor,1,1
00009151,"A large TV screen mounted on a wall displaying text-heavy ""I love"" statements; the dominant feature is readable text on a dark background, which reduces visual memorability despite the mild novelty of the social-media-style content display.",none,3,2,3,2,indoor,5,2
00017513,"A serene black-and-white marina scene with a small dock leading into calm reflective water flanked by sailboats and trees — the strong leading line of the dock creates a clear focal point, but the monochrome palette and relatively generic waterscape reduce distinctiveness and emotional charge.",none,3,3,3,1,outdoor,1,2
00025405,"A single brown cow standing in a green pasture next to a fence — moderately clear subject but the scene is fairly generic and stock-like, which limits memorability.",none,4,2,2,3,outdoor,1,2
00036682,"A formal indoor setting resembling a courtroom or hearing room with two people — a judge/official at a large desk and another person at a podium — gives it some context-specific distinctiveness, but the scene is somewhat generic and low-energy in composition.",people_present,2,2,3,2,indoor,1,2
00016691,"Two dogs dressed as Star Wars characters (Princess Leia and Darth Vader) is a highly novel and emotionally engaging scene that combines animal cuteness with iconic pop culture costumes, making it extremely memorable.",none,5,5,2,3,indoor,1,4
00051339,A striking Norwegian stave church with intricate dark wooden architecture set against a vivid deep blue sky creates a highly distinctive and memorable image with a single clear focal subject.,none,5,5,3,4,outdoor,2,3
00019873,"A close-up of sliced cooked meat on a white plate against a black background — the clear single subject and high contrast setting aid memorability, but the subject matter is fairly generic food photography with muted, warm tones.",none,5,2,2,2,indoor,1,2
00025193,"Vivid, multi-layered graffiti covering an entire wall with bold colors and a central ""LIFE IS REAL"" speech bubble with smiley face creates a visually complex but moderately distinctive urban street art scene — the layered tags reduce focal clarity but the bright colors and expressive content boost memorability.",none,2,4,5,5,outdoor,4,3
00057154,"A vividly painted demonic skull mask with ram horns against a stark black background — highly unusual, macabre, and striking, with a single clear focal subject and intense colors that make it extremely memorable.",none,5,5,4,5,unclear,1,5
00031271,"A moody, atmospheric forest lane with ivy-covered trees creates a somewhat distinctive and evocative scene, but it remains a fairly generic ""mysterious path"" composition that limits its memorability.",none,3,3,3,2,outdoor,1,3
00048816,"A child dressed in a detailed homemade Dalek costume from Doctor Who, standing on cobblestones — the novelty and specificity of this subject makes it highly distinctive and memorable.",people_present,5,5,3,2,outdoor,1,4
00058359,"A fairly generic parking-lot scene dominated by a grey Mercury Grand Marquis sedan in front of a diner, with a couple of people and other cars in the background — competent but unremarkable composition that limits memorability.",people_present,4,2,3,2,outdoor,2,1
00011980,Two people dressed in striking Victorian/steampunk-style black costumes posing together against a vivid red backdrop — the unusual attire and bold color contrast make this highly memorable.,prominent_faces,5,4,3,4,indoor,1,3
00052312,"A LEGO minifigure wielding glowing red crossed lightsabers against a dark background is a novel, visually striking scene with a single clear subject and strong dramatic/emotional lighting that makes it highly memorable.",none,5,4,2,4,unclear,1,4
00046247,"The elegant wood-paneled interior of a vintage train lounge car is a distinctive and somewhat novel setting that most people rarely encounter, giving it moderate memorability despite the lack of people or strong emotional charge.",none,2,4,3,3,indoor,1,2
00050400,"A close-up of a happy, tongue-out dog filling the car frame creates a charming, emotionally warm focal point that is highly memorable due to its clear subject, personality, and relatable setting.",none,5,3,2,3,indoor,1,4
00001083,"A close-up portrait of a Golden Retriever with soulful, expressive eyes gazing directly at the camera creates strong emotional connection and a single clear focal point, boosting memorability.",none,5,3,2,1,indoor,1,4
00047735,"A historic clock tower with a bell and Roman numeral face rising above a stone wall, partially framed by a lush tree — moderately distinctive architecture but a fairly common travel/landmark composition.",none,3,3,3,2,outdoor,1,2
00030389,"A young man with arms raised triumphantly in a narrow European alley creates a moderately memorable image due to the expressive pose and the framing provided by the corridor-like street, though the muted, near-monochrome palette and relatively common ""arms raised"" trope reduce peak distinctiveness.",people_present,4,3,3,2,outdoor,1,3
00046156,"Two smiling men with glasses sharing cocktails at a small round table in a cozy indoor setting — the prominent, expressive faces and social bonding moment create emotional resonance and a clear focal point that drives memorability.",prominent_faces,4,3,3,3,indoor,1,3
00019137,"The striking and highly unusual installation of hundreds of identical white mugs arranged in a grid on the ground in front of a grand fountain (likely Trafalgar Square) creates a surreal, novel scene that is immediately eye-catching and memorable.",people_present,3,5,4,3,outdoor,1,3
00053357,"The striking black sand beach with dramatic rock formations, crashing waves, and layered cliffs creates a visually distinctive coastal scene with a clear focal subject, boosting memorability above a generic beach photo.",none,3,4,3,3,outdoor,1,3
00010538,"A person gazing out a rain-covered window creates a melancholic, introspective mood; the strong contrast between the rain-drenched glass and the hooded figure makes for a distinctive, emotionally resonant focal point.",prominent_faces,4,4,3,3,indoor,1,4
00023473,"A diver in a black and blue wetsuit with blue fins is caught mid-step jumping off a white boat, creating a dynamic and distinctive action moment that draws the eye clearly to one focal subject.",prominent_faces,4,4,3,3,outdoor,1,3
00052028,"A large, strikingly beautiful tree in full pink bloom dominates the frame as a clear focal subject against a rural outdoor backdrop, with vivid floral color boosting memorability despite modest scene complexity.",none,4,4,3,4,outdoor,2,3
00040829,"A snowboarder in a vivid red jacket performing a trick on a snowy ramp is a clear focal subject with action and novelty, boosting memorability despite moderate crowd complexity in the background.",people_present,4,3,3,3,outdoor,1,3
00046862,"A woman holding a vivid pink polka-dot umbrella on a rainy cobblestone street beside historic stone buildings creates a clear focal point with a distinctive, emotionally resonant detail that boosts memorability.",prominent_faces,4,3,3,2,outdoor,1,2
00035275,"A plain outdoor shed with a blue door is a fairly generic rural/suburban scene with no people, moderate simplicity, and low emotional charge, making it unlikely to be highly memorable.",none,4,2,2,2,outdoor,1,1
00008982,"A highly novel and whimsical pumpkin sculpture shaped like a kangaroo with a joey in its pouch, set against a fall harvest backdrop — the unusual, creative subject matter and clear focal point make this highly memorable.",none,5,5,3,4,outdoor,1,3
00037542,"A busy but generic airport/transit hall scene with multiple people carrying backpacks; the lack of a single dominant subject and the everyday setting reduce memorability, though the large backpacks and Japanese signage add mild distinctiveness.",people_present,2,2,4,2,indoor,3,2
00037460,"The illuminated wall niches alongside the wooden staircase create a distinctive architectural feature that draws the eye, making this interior scene more memorable than a typical staircase photo.",none,3,4,3,2,indoor,1,2
00033318,"A sink splattered with vivid red blood-like liquid creates a striking, unsettling scene with strong emotional charge and high distinctiveness — the red dominates the frame against dark, gritty surroundings, making it highly memorable.",none,4,5,3,5,indoor,1,5
00048423,"The striking overhead/bird's-eye perspective of a woman cooking with a recipe book is an unusual and distinctive composition that creates a strong focal dynamic, boosted by the warm, moody tones and intimate domestic scene.",people_present,3,4,4,2,indoor,2,3
00020546,"A vivid outdoor street food scene in Southeast Asia with a prominent female vendor cooking in the foreground, exotic foods, and bright colors — the cultural novelty and clear focal subject drive memorability.",prominent_faces,4,4,4,4,outdoor,1,3
00044207,"A busy outdoor street market scene in Southeast Asia with multiple people, white canopy tents, umbrellas, and signage creates moderate visual interest, but the cluttered composition and lack of a single dominant focal point reduce memorability.",people_present,2,3,4,3,outdoor,3,2
00035537,"A mundane bathroom toilet scene with a small humorous ""OOPS!"" card on the tank, which adds a slight novelty element, but overall the scene is generic, low-contrast, and lacks strong emotional or visual impact.",none,3,2,2,1,indoor,2,2
00024967,"A glass decanter/vase with a shiny reflective surface sits on a patterned fabric tablecloth — the reflective glass and the patterned background add some visual interest, but the subject is fairly common and the dim lighting reduces vividness and clarity.",none,3,2,3,2,indoor,1,1
00053313,"The elegantly set round dining table with a lush white floral centerpiece, warm fireplace, and refined interior creates a visually cohesive and emotionally warm scene with a clear focal point.",none,4,3,4,3,indoor,1,3
00043932,"A cluttered, generic home office/desk setup from the early 2000s with a CRT monitor, books, and assorted items — very stock-like and unremarkable, with no clear single focal point and low emotional charge.",none,2,2,4,2,indoor,3,1
00000756,"A person curled in a fetal position on a floor covered in a dark liquid (oil/ink) creates a deeply striking and emotionally charged scene — the combination of an unusual, unsettling subject, high contrast black-and-white tones, a single clear focal point, and strong emotional resonance (anguish, despair) drives very high memorability.",people_present,5,5,2,1,indoor,1,5
00043922,Two brown-and-white cows in a green pasture with a sweeping valley and mountain backdrop — a pleasant but fairly generic rural farm scene with no unusual elements to make it stand out.,none,3,2,3,3,outdoor,1,2
00044191,"A cluttered workshop/office desk with two laptops, cables, papers, and diagrams on the wall — it's a fairly generic ""messy desk"" scene with no people, moderate complexity, and low emotional charge, which limits memorability despite some distinctive details like the iMac box and whiteboard sketches.",none,2,2,4,2,indoor,3,1
00008701,"A woman with wind-blown red-highlighted hair and a grey flat cap gazing at the ocean creates a clear focal subject with a dynamic, emotionally evocative mood — the windswept hair and seaside backdrop make it visually distinctive and memorable.",prominent_faces,5,4,2,4,outdoor,1,3
00057057,"A close-up of a smiling woman with sunglasses in a vivid pink top dominates the frame, creating a clear focal point and strong emotional warmth; the bright color and prominent face make this highly memorable.",prominent_faces,5,3,2,4,outdoor,1,3
00020044,"A close-up shot of an overloaded, cheese-dripping burger on a paper tray creates a visually striking food image — the melted cheese overflow and giant sesame bun make it distinctive and appetizing, boosting memorability.",none,5,4,3,4,outdoor,1,3
00047402,"The image shows the rear view of a bay horse in a forest, which is an unusual and slightly humorous perspective — the backside-on angle is distinctive and novel, making it more memorable than a standard horse portrait.",none,4,4,3,2,outdoor,1,2
00037880,"The large bay window dramatically framing a marina view from a cozy living room creates a striking contrast between interior comfort and the expansive outdoor scene, making this image stand out as memorable.",none,4,3,3,3,indoor,1,2
00017831,"A long-exposure coastal scene at dramatic sunset with silhouetted palms, misty blue water, and moody storm clouds creates a visually striking and emotionally evocative image that stands out from generic beach photos.",none,2,4,4,4,outdoor,1,4
00043057,"A person sleeping in a hotel bed with a bedside table featuring a phone and business card in the foreground creates a relatable but somewhat generic scene; the shallow depth of field and low-light ambiance add mild visual interest, but the composition is unremarkable and the subject is partially obscured.",people_present,2,2,2,2,indoor,2,2
00034034,"A vivid tropical island scene with striking turquoise water framed by palm trees and lush vegetation — moderately memorable due to its beautiful colors, but somewhat generic as a travel/paradise stock photo without a single dominant focal point or human presence.",none,2,2,3,4,outdoor,1,2
00023942,"Three children swimming and splashing in a dark lake, with dynamic water spray catching sunlight — the lively, joyful activity and dramatic contrast between the dark water and bright splash create a moderately memorable candid scene.",prominent_faces,3,3,3,2,outdoor,1,3
00033091,"A single green leaf clinging to a bare branch against a soft blurred background creates a striking, emotionally resonant image of solitude and the transition between seasons, with a clear focal subject and poetic simplicity.",none,5,4,2,2,outdoor,1,4
00012825,"A large, glowing full moon rising against a pitch-black night sky with a dark tree silhouette creates a striking, cinematic focal point that is visually dramatic and emotionally evocative.",none,5,4,2,3,outdoor,1,4
00049316,"The unusual juxtaposition of a shoe about to step on or near a large pine cone creates a mildly distinctive focal point, though the overall scene is fairly simple and low in emotional charge.",people_present,3,3,2,2,outdoor,1,2
00053158,"A tree trunk with mushroom fungi arranged to resemble a human face is highly novel and whimsical, creating a strong single focal point and emotional reaction of surprise/amusement that drives memorability.",none,5,5,2,3,outdoor,1,4
00040862,"A child riding a bike on a suburban path with a kite flying in the background adds a touch of novelty and childhood charm, but the overall scene is fairly generic and low in visual intensity.",people_present,3,3,3,2,outdoor,1,2
00018196,"The dramatic sepia-toned lake reflection at dusk with striking contrail streaks across the sky creates a moody, atmospheric scene with a clear focal point at the glowing horizon — the mirrored sky-water composition and dark silhouetted treelines give it a distinctive, almost painterly quality that elevates memorability.",none,3,4,3,2,outdoor,1,4
00020756,The elegant etched wine glass paired with a yellow flower against a stark black background creates a striking still-life composition with clear focal subjects and warm golden tones that enhance memorability.,none,4,4,2,3,indoor,1,2
00017233,"The mirror-like reflection of sailboat masts in the calm marina water at dusk creates a visually striking and somewhat distinctive composition, but the scene is a relatively common marina shot that lacks a single dominant focal point.",none,2,3,4,2,outdoor,1,2
00003350,"Two people sitting at what appears to be a conference or convention, both wearing delegate badges — a fairly common, generic social/event scene with no strong novelty or emotional charge, though the prominent faces and clear subjects provide moderate memorability.",prominent_faces,3,2,3,2,indoor,2,2
00053642,"A digitally composited, fantastical small tree blooming with flowers amid a rocky desert landscape under a vivid blue sunburst sky — the surreal, otherworldly aesthetic and single striking focal subject make this highly memorable.",none,5,5,3,5,outdoor,2,3
00008745,"Four white geese walking together in a sandy outdoor area create a moderately memorable scene — they are a clear focal subject, but the content is fairly common and lacks strong emotional charge or novelty.",none,4,2,2,3,outdoor,1,2
00017347,"Two boys mid-air jumping into a lake together creates a dynamic, joyful action shot with clear subjects and a lively sense of motion and fun.",people_present,4,4,2,2,outdoor,1,4
00028283,"Three hikers silhouetted against a dramatic, towering cloudscape on a rocky summit creates a striking sense of scale and adventure that drives memorability.",people_present,3,4,3,2,outdoor,1,4
00002128,"A stark black-and-white close-up of a dried, bare umbelliferous plant against a softly blurred outdoor background creates a melancholic, minimalist composition with a single clear focal subject and quiet emotional resonance.",none,5,3,2,1,outdoor,1,3
00011862,"A vintage wooden fruit/cider press sitting on a deck is an unusual, specific object that serves as a clear focal point, boosting memorability through its novelty and distinctiveness against a soft green outdoor background.",none,5,4,2,2,outdoor,1,2
00046013,"A vintage Polaroid-style street clock mounted on a building bracket, shot from a low angle against an urban backdrop — the nostalgic aesthetic and single clear subject boost memorability, though the muted sepia tones and somewhat generic subject temper it.",none,4,3,3,1,outdoor,2,2
00006256,"The striking composition of colorful autumn leaves (red and yellow) floating on water that mirrors bare tree branches creates an unusual, poetic visual that is highly distinctive and memorable.",none,3,4,3,3,outdoor,1,3
00033054,"A long-exposure upward-looking shot of star trails swirling above vividly orange-lit autumn trees against a deep blue night sky — this combination of dramatic star movement, warm artificial light on foliage, and unusual perspective makes it visually striking and highly memorable.",none,3,5,4,5,outdoor,1,4
00025952,"A group of children and an adult playing in a lush green field with a large tree — the leading girl creates a focal point, but the scene is a fairly common outdoor family/childhood moment that doesn't stand out as unusual.",people_present,3,2,3,3,outdoor,1,3
00009093,"This abstract painting with swirling warm oranges and cool greys has a moody, atmospheric quality that is visually distinctive, but the lack of a clear focal subject and the blended, textured composition make it moderately complex without a single dominant anchor point.",none,2,3,3,3,unclear,1,3
00058360,"A vintage black-and-white photo of three smiling people in swimwear (a lifeguard flanked by two women) posing on a dock creates a nostalgic, emotionally warm, and visually distinctive image with clear subjects and prominent faces.",prominent_faces,4,4,2,1,outdoor,2,3
00027604,"Two young children with visible faces gazing out a window with a pointing gesture creates a strong emotional and narrative moment, boosting memorability through human faces, curiosity, and a clear shared focal action.",prominent_faces,4,3,2,2,indoor,1,4
00020204,"A person photographing themselves in a mirror with a bookshelf backdrop creates a mildly novel self-portrait setup, but the muted tones, moderate clutter from the books, and lack of strong emotional content keep memorability moderate.",people_present,3,3,3,2,indoor,2,2
00048796,"The abandoned ""TIPOGRAFIA"" building with its crumbling stone facade and a single open window acting as a frame-within-a-frame creates a striking, somewhat melancholic focal point that boosts memorability through architectural decay and novelty.",none,4,4,3,2,outdoor,3,3
00056761,"A well-preserved, symmetrical historic colonial-style wooden house set in a green lawn with autumn trees — visually clean with one clear subject, but ultimately a generic architectural/landscape scene with little novelty or emotional charge.",none,4,2,2,3,outdoor,1,2
00057173,"A dramatic bull-riding rodeo scene with a clearly dominant subject (rider on bucking bull), vivid action, and strong emotional charge from the dangerous sport make this highly memorable.",prominent_faces,5,4,3,3,indoor,2,4
00015696,A colorful floral-patterned plate filled with varied fried foods and a dipping sauce with chili peppers creates a visually striking and somewhat unusual composition that boosts memorability through vivid colors and food novelty.,none,3,4,4,5,unclear,1,2
00053360,A highly novel and distinctive concept — a menu printed directly onto an edible cracker/flatbread served on a white plate — makes this image memorable despite the dim lighting and heavy text overlay.,none,4,5,3,2,indoor,5,3
00041318,"The man with a bold blue-and-white umbrella in the rain creates a clear focal subject against a grey urban backdrop, giving moderate distinctiveness and emotional resonance tied to inclement weather.",people_present,3,3,3,2,outdoor,2,2
00029412,"A highly unusual novelty chair built from a red drum with drumstick armrests makes this a striking, one-of-a-kind object against a plain white background, giving it a single clear focal point and strong distinctiveness.",none,5,5,2,4,unclear,1,3
00036755,"A bleached animal skull and antlers lying on tundra vegetation create a striking, somewhat eerie focal subject against a wide open landscape, driving memorability through novelty and mild emotional charge (mortality/desolation).",none,4,4,3,2,outdoor,1,3
00053307,"The vivid, flame-like red-orange celosia flowers filling the frame create a striking, colorful display that is visually distinctive and emotionally warm, boosting memorability despite moderate clutter from the many blooms.",none,3,4,4,5,outdoor,1,3
00035831,"A generic, quiet garden scene with a wooden gate and fence — no people, no striking subject, muted greens, and low emotional charge make it forgettable and stock-like.",none,2,2,3,2,outdoor,1,1
00022949,"A chubby orange tabby cat photographed from below with a fisheye lens, appearing to ""stand"" upright with one paw raised — the unusual perspective and humorous pose make this highly distinctive and memorable.",none,5,5,2,2,indoor,1,4
00001828,"A dramatic extreme close-up of a single eye with bold red and black face paint creates a highly striking, emotionally intense image with one unmistakable focal point and vivid contrasting colors.",prominent_faces,5,5,2,4,unclear,1,5
00053419,"The unusual camera-aperture tattoo on a foot creates a single clear focal point with novelty, making this image distinctly memorable despite its monochrome palette.",people_present,4,4,2,1,unclear,1,3
00020689,"A smiling man with a prominent face holding a fishing rod against a soft green outdoor background — the clear focal subject, expressive face, and vivid red shirt make this moderately memorable.",prominent_faces,5,2,2,4,outdoor,2,3
00042819,Two sheep roaming freely on a suburban grass verge next to parked cars is an unexpected and novel juxtaposition that strongly drives memorability.,none,4,5,3,2,outdoor,1,3
00001988,"Stacked upturned chairs in a dimly lit attic/storage space against a rustic brick wall creates a somewhat unusual, atmospheric composition with a single clear focal subject and moody lighting that aids memorability.",none,4,3,3,3,indoor,2,2
00000545,"A close-up stack of vividly colored ceramic mugs (coral, teal, green, blue) with a heart-shaped handle as the focal point creates a charming, distinctive composition that is visually engaging and emotionally warm.",none,4,4,2,4,indoor,1,3
00051506,"A single grey cat with striking yellow eyes walking directly toward the camera creates a strong focal point and an intense, slightly menacing expression that boosts memorability.",none,5,3,2,3,outdoor,1,3
00040298,"The moody twilight scene with sailboats perfectly mirrored on a glassy, deep-blue water creates a hauntingly atmospheric and visually striking image, but the multiple boats of similar size and the monochromatic blue palette slightly reduce the single focal point clarity while boosting emotional and aesthetic impact.",none,2,4,3,3,outdoor,1,4
00004147,"A young woman with vivid orange-blonde hair and bold makeup singing passionately into a microphone — the striking hair color, expressive emotion, and unusual carrot-like microphone grip create a highly distinctive and memorable image.",prominent_faces,5,5,2,4,unclear,2,4
00037444,"A dramatically lit ship docked at night under a moody, storm-threatening purple sky with green glowing lights reflecting on water — the striking color contrast and atmospheric conditions make this highly memorable.",people_present,4,4,3,5,outdoor,2,4
00008770,"A Banksy-style stencil graffiti of a child holding a sign reading ""Grown-ups are Obsolete"" on a brick wall — the combination of a provocative political message, a distinctive art style, and the irony of a child delivering the statement makes this highly memorable.",people_present,5,5,2,1,outdoor,3,4
00031926,"The dominant element is a text-heavy warning sign on a chain-link fence, which is a fairly generic scene with no people and low emotional novelty, but the bold orange text and ironic context (photographing a ""no photography"" sign) add a small distinctiveness boost.",none,4,3,3,2,outdoor,5,2
00007264,"The iconic Droste Cocoa tin with its famous recursive ""Droste effect"" nurse illustration is highly distinctive and culturally recognizable, with a vivid red background and a clear focal subject (the nurse), making it very memorable.",prominent_faces,4,5,3,4,unclear,3,2
00044754,"A man actively playing Wii with arms outstretched in a cozy winter living room creates a dynamic, relatable scene with a clear focal subject and mild emotional warmth, boosting memorability moderately.",people_present,4,3,3,2,indoor,2,3
00034942,"A lone man sitting on a bench contemplating a large, atmospheric painting in a museum creates a striking and emotionally resonant composition — the juxtaposition of the solitary viewer and the mysterious, dreamlike artwork drives high memorability.",people_present,5,4,3,3,indoor,1,4
00056801,"The large, quirky blue monster costume/plushie dominates the frame as an unusual and novel focal subject at what appears to be a convention, making it highly distinctive and memorable.",people_present,4,5,3,2,indoor,2,3
00025538,"A close-up portrait of a young woman with a warm smile and direct gaze against a vivid teal background creates strong memorability through a prominent face, clear focal subject, and vibrant complementary colors.",prominent_faces,5,3,2,4,unclear,1,3
00041504,"A plain, empty bathroom interior with no people, muted neutral tones, and a generic layout — highly forgettable stock-like scene with no strong focal point or emotional charge.",none,2,1,2,1,indoor,1,1
00020829,A lone young woman in a knit hat gazing pensively out a rainy window creates a clear focal subject with strong emotional resonance — the contemplative mood and moody black-and-white aesthetic drive memorability.,prominent_faces,4,3,2,1,indoor,2,4
00005983,"The tilt-shift photography effect makes a real fire truck and firefighters look like miniature toys, which is a visually novel and striking technique that strongly boosts memorability.",people_present,3,4,4,4,outdoor,1,3
00009427,"A dense field of vivid crimson clover blooms (Trifolium incarnatum) against bright green foliage creates a striking, colorful scene, but the repetitive pattern of many similar flowers across the frame reduces focal clarity and adds moderate complexity.",none,2,3,4,4,outdoor,1,2
00030259,"A dark beetle perched atop a vivid yellow flower creates a strong focal point with high color contrast, making this macro nature shot distinctively memorable.",none,4,4,3,4,outdoor,1,2
00047200,"The NASA hangar in the background is a distinctive and recognizable landmark that anchors the scene, but the overall image is somewhat cluttered with airport vehicles, tarmac, and multiple competing elements, moderately reducing memorability.",none,2,3,4,2,outdoor,3,2
00054146,"A bride in a dramatic white ruffled gown posing dynamically on a tropical beach pier with a vivid turquoise sea and blue sky creates a highly memorable image through the combination of emotional occasion, striking color contrast, and a single clear focal subject.",prominent_faces,5,4,3,5,outdoor,1,4
00010893,"A vivid, isolated beam of orange-red light blazing across a pure black background creates a striking, dramatic focal point with high contrast and a sci-fi/laser-like novelty that makes it highly memorable.",none,5,4,2,5,unclear,1,3
00053602,"A young woman with a prominent, smiling face is the clear focal point, sitting on dark steps in a white dress — faces and emotional expression strongly drive memorability.",prominent_faces,5,3,2,2,outdoor,1,3
00001021,"A large Doberman/Rottweiler-type dog standing alertly in the foreground watching a distant person and car on a green field creates a clear focal subject with mild narrative tension, boosting memorability above a generic park scene.",people_present,4,3,3,3,outdoor,1,3
00036087,"A cluster of floating wooden docks arranged in a grid pattern on calm water is moderately distinctive due to the geometric layout, but the muted colors, lack of people, and generic outdoor setting limit its memorability.",none,3,3,3,2,outdoor,1,1
00051944,"A rare and striking image of a black wolf swimming with its head just above the water surface, creating a perfect reflection — the unusual subject matter and serene, mirror-like water make this highly memorable.",none,5,5,2,2,outdoor,1,4
00047520,"A smashed, wood-paneled CRT television sitting on dead grass with a brick nearby is an unusual and somewhat viscerally satisfying scene of destruction, giving it strong distinctiveness and moderate emotional charge.",none,4,4,3,2,outdoor,1,3
00032178,"A towering, elaborately decorated multi-tiered cake with vivid polka dots, colorful butterflies, and festive decorations makes for a highly distinctive and memorable focal subject against a neutral background.",none,5,5,4,5,indoor,1,3
00005243,"The grand, richly-toned fountain in Trafalgar Square dominates the foreground as a single clear focal point, set against a dramatic blue sky with clouds and iconic London architecture, making it visually striking and memorable.",none,5,4,3,4,outdoor,1,3
00018252,"A fairly generic train station platform scene with green trains on both sides, limited novelty, one distant person, and some visible text on the platform edge — typical transit infrastructure that lacks a strong focal point or emotional charge.",people_present,2,2,3,2,outdoor,3,1
00019612,"A close-up macro shot of plain black textured fabric fills the entire frame; it is highly repetitive and generic with no clear focal subject, no people, minimal color, and low emotional charge, making it quite forgettable.",none,1,2,2,1,unclear,1,1
00042964,"A vividly colored rainbow lorikeet perched in a green tree serves as a clear, striking focal point — its multi-colored plumage (blue head, red-orange chest, yellow, green body) makes it highly distinctive and memorable against the leafy background.",none,4,4,3,4,outdoor,1,3
00040508,"A miniature bakery display case filled with tiny, colorful, highly detailed pastries and cakes next to a tiny snow-flocked Christmas tree — the novelty of the miniature/dollhouse scale and the intricate food craftsmanship make this distinctively striking and memorable.",none,4,5,4,4,indoor,2,3
00035103,"A generic office storage room with rows of filing cabinets and archive boxes — highly common, institutional setting with no clear focal point, muted colors, no people, and low emotional charge, all of which reduce memorability.",none,2,1,3,1,indoor,1,1
00026109,"A striking macro close-up of a plant stem junction (likely bamboo or cactus) showing vivid green segments contrasting with cracked, golden-brown bark — the unusual texture and tight framing create a novel, visually distinctive subject against a pure black background.",none,5,4,3,4,unclear,1,2
00037780,"The vast cracked dry lakebed creates a striking, somewhat eerie landscape with a strong repeating texture pattern that fills the frame, giving it moderate distinctiveness, but the lack of a single focal subject and muted earthy tones reduce memorability.",none,2,3,3,2,outdoor,1,3
00013774,"A close-up, intimate black-and-white shot of two people kissing creates strong emotional charge and a single clear focal point, making it highly memorable despite the monochrome palette reducing color vividness.",prominent_faces,5,3,2,1,outdoor,2,4
00007830,"Colorful miniature decorated cookies/biscuits with pink and white frosting swirls spilling from a bag create a visually appealing, somewhat novel food scene with a clear focal subject and vivid accent colors.",none,4,3,3,3,indoor,1,2
00049174,"A striking woman with face paint and wet hair holding a branch in a lush jungle setting creates a strong, memorable image through its distinctive subject, emotional mystique, and cultural/cinematic novelty.",prominent_faces,4,4,3,3,outdoor,1,4
00024000,"The perfect mirror reflection of the green mountain in the still lake creates a striking, symmetrical composition that elevates this landscape above a generic mountain shot, making it distinctly memorable.",none,4,4,2,2,outdoor,1,3
00032782,"A woman wearing a creative dress made entirely of printed photographs is a highly novel and striking concept with a clear focal subject, making this image very memorable.",prominent_faces,5,5,3,2,indoor,1,4
00051685,"A ski slope scene with a group of skiers in colorful jackets creating a line down the hill, with a resort building in the background — somewhat typical winter sports imagery but the dynamic group formation and long shadows add mild visual interest.",people_present,3,2,3,2,outdoor,1,2
00005295,"A vibrant cluster of pink, purple, and red daisy-like flowers with bright yellow centers fills the frame, creating a visually appealing but relatively common floral scene that is boosted in memorability by its vivid color contrast.",none,3,3,4,4,outdoor,1,3
00026872,"A flooded residential yard with a house partially submerged and debris scattered in the foreground creates a striking, emotionally charged disaster scene that is distinctive and memorable.",none,3,4,3,2,outdoor,1,4
00017075,"A single confident man in sunglasses with arms crossed against a vivid blue wall with dramatic lens flare creates a striking, cinematic portrait with strong focal clarity and color saturation.",prominent_faces,4,3,2,4,outdoor,2,3
00048804,"A partially nude woman sitting on a bed illuminated by blue light from a window creates a moody, emotionally charged, and visually distinctive scene with a single clear focal subject.",prominent_faces,4,4,3,3,indoor,1,4
00054544,"The image of a decaying, abandoned grand hall with an arched ceiling, chandeliers, and dramatic wide-angle perspective is visually striking and emotionally evocative, driving high memorability through its eerie atmosphere and architectural distinctiveness.",none,4,5,3,2,indoor,1,4
00052637,"A man playing acoustic guitar and singing into a microphone in a dimly lit indoor venue — a relatable, common performance scene that lacks strong novelty, though the clear focal subject and mild emotional charge from live music performance provide moderate memorability.",prominent_faces,4,2,2,1,indoor,1,2
00027675,"A fairly generic tech/desk scene with Apple products (MacBook, iWork box, Mac OS X box) on a table — recognizable but unremarkable; the iWork box provides a small splash of yellow but overall the image is muted and stock-like with no people and moderate clutter.",none,2,2,3,2,indoor,3,1
00002550,"A person performing an impressive inline skating jump/trick in mid-air in front of a classical building with sculptural reliefs — the dynamic action pose, clear single subject, and athletic feat make this highly memorable.",prominent_faces,5,4,3,2,outdoor,1,4
00047621,"A ram/goat with striking large curved horns grazing through a wire fence is an unusual and distinctive subject that creates a clear focal point, boosting memorability.",none,4,4,3,2,outdoor,1,2
00002795,"Colorful plastic whistles on braided cords are visually striking due to their vivid primary colors (blue, red, green, pink) against a clean white background, creating a clear, symmetrical focal point with moderate novelty.",none,4,3,3,5,unclear,2,2
00028846,"A vivid orange held up against a clear blue sky with a blurred photographer in the background creates a striking, novel composition with a single sharp focal subject and pleasing color contrast, boosting memorability.",people_present,5,4,2,4,outdoor,1,2
00029062,"A fairly generic office scene of a person working at a computer — common, low novelty, with moderate clutter from desk items and a text-heavy monitor screen, making it unlikely to stand out in memory.",people_present,3,2,3,2,indoor,4,2
00053470,"A close-up of an elegantly plated fine-dining dish on a white rectangular plate with multiple distinct components, rich brown sauce, and a pink medium-rare meat slice creates a visually appealing and somewhat distinctive food presentation that draws the eye.",none,3,4,3,3,indoor,1,2
00039087,"A plain bathroom scene with a toilet, plunger, and wall-mounted dispenser — a very generic, utilitarian indoor setting with no people, muted colors, and little to distinguish it from countless similar images.",none,3,2,2,1,indoor,1,1
00056902,"A stylized Blythe doll illustration with striking teal hair and oversized eyes forms a single, clear focal point; the unusual doll aesthetic and vivid colors make it distinctive and memorable.",none,5,4,2,4,unclear,2,2
00046232,"A tiny black kitten sitting inside a Louis Vuitton handbag is a highly distinctive and charming combination — the novelty of the subject pairing, the kitten's direct eye contact, and the recognizable luxury brand pattern all drive strong memorability.",none,5,5,2,3,indoor,2,4
00041261,"A traditional English afternoon tea spread with ornate china, finger sandwiches, and tea bags creates a moderately distinctive scene, but the cluttered table layout and low-light indoor setting reduce focal clarity and overall memorability.",people_present,2,3,4,2,indoor,2,2
00043480,"Two military officers in distinct uniforms shaking hands in a formal ceremony setting creates a clear focal point with emotional/ceremonial significance, boosted by medals, regalia, and a lineup of onlookers in the background.",prominent_faces,4,3,3,3,indoor,2,3
00029670,"A close-up of a sizzling steak on a flaming grill with dramatic fire and smoke creates a viscerally appealing, sensory-rich image with a single clear subject and warm, vivid tones that make it highly memorable.",none,5,3,3,4,unclear,1,3
00004452,"Two hands adorned with intricate henna/mehndi designs against a decorative pink floral background — the detailed, culturally rich body art is visually striking and moderately distinctive, making it quite memorable.",people_present,4,4,4,3,unclear,1,3
00057888,"A sepia-toned outdoor scene of old wooden bleachers/benches near a chain-link fence — mundane and generic subject matter with no people, muted tones, and moderate clutter from overlapping benches, making it low in distinctiveness and emotional charge.",none,3,2,3,1,outdoor,1,2
00008271,"An overgrown, moss-covered stone tomb or grave slab with faded floral offerings surrounded by lush greenery and old headstones creates a hauntingly atmospheric and emotionally charged scene that is both distinctive and slightly melancholic.",none,3,4,4,3,outdoor,1,4
00028638,The layered indoor-outdoor composition — dark foreground with antique lanterns on a windowsill framing a sunlit historic streetscape with a lone figure walking past — creates a compelling sense of depth and nostalgia that drives memorability.,people_present,3,4,3,2,indoor,1,3
00008535,"The dramatically low upward angle shot of a person leaping or swinging over the camera, framed by vivid yellow-green trees against a bright sky, creates a striking and unusual perspective that strongly drives memorability.",people_present,4,5,3,4,outdoor,1,3
00022876,"A person in a full Easter bunny costume holding a large banner with a vulgar Spanish phrase, standing on a canal bridge in what appears to be Amsterdam — the combination of absurd costume, provocative text, and recognizable European canal setting makes this highly distinctive and emotionally charged.",people_present,4,5,3,3,outdoor,3,4
00001967,"Two coffee cups in the foreground framing a moody beach sunset creates a compelling juxtaposition of intimate everyday life against a dramatic natural backdrop, boosting memorability through emotional warmth and scene novelty.",none,3,4,3,2,outdoor,1,4
00004489,"A man doing a handstand upside-down inside a dramatically ruined, partially open building is a highly unusual and striking image — the inverted figure, decayed environment, and acrobatic feat combine to make this very memorable.",people_present,4,5,4,3,indoor,1,4
00025873,"A striking, unusual doll/puppet face with vivid red hat and teal heart marking on a clean striped background — the novelty of the subject and its eerie emotional expression make it highly memorable.",none,4,5,3,4,indoor,1,4
00023847,"Three people standing at the base of outdoor steps in a fairly generic urban/public setting; the mildly unusual element is the central figure in a bright red cap and jeans standing between two older, more formally dressed individuals, creating a subtle social contrast that provides modest distinctiveness.",people_present,2,2,3,2,outdoor,1,2
00034397,"A compact boat galley/kitchen interior is moderately novel (kitchen on a boat), but the scene is relatively cluttered with appliances and lacks a single dramatic focal point, keeping memorability moderate.",none,2,3,4,2,indoor,1,2
00049038,"A close-up of a person's face with a playful tongue-out expression near a foam/bubble-covered object creates a distinctive, novel composition with a clear focal subject and moderate emotional charge.",prominent_faces,4,4,2,2,indoor,1,3
00019390,"A roller derby player holding a ""BAD!!"" sign while sitting on a penalty bench next to a referee is a highly distinctive, novel, and humorous scene with a clear focal point and emotional charge.",prominent_faces,4,5,3,3,indoor,3,4
00026437,"Three men posing on a wooden deck at sunset with pine trees behind them — a fairly common casual group photo that lacks a single dominant focal point or unusual element, though the warm backlit sunset glow adds mild emotional warmth.",prominent_faces,3,2,3,3,outdoor,1,2
00017881,"The bold, repeating vertical stripes of the modernist building facade create a striking geometric pattern in high-contrast black and white, giving it a distinctive, almost hypnotic quality that drives memorability.",none,4,4,3,1,outdoor,1,2
00018422,"The vivid orange-golden sunset silhouetting docks, a pier, and a boat reflected on calm water creates a striking, emotionally resonant composition with a strong atmospheric mood that drives memorability.",none,3,4,3,5,outdoor,1,4
00040739,"A military-style rigid inflatable boat with people aboard and a US flag cuts through calm open ocean, creating a vivid white wake — the boat and its occupants form a clear focal subject against a simple, expansive blue sea background, boosting memorability through action and context.",people_present,5,3,2,3,outdoor,1,3
00039068,"Two mergansers dramatically taking off from water with vivid splashing creates a dynamic, action-packed scene with strong motion and natural energy that drives memorability.",none,3,4,4,3,outdoor,1,3
00021603,"Vivid, richly saturated close-up of colorful peppers with water droplets; the red pepper provides a clear focal point against the warm orange and yellow background, making the image visually striking and appealing.",none,4,3,3,5,unclear,1,2
00058059,"A prominent face with direct eye contact holding a politically charged protest sign creates a strong focal point with high emotional resonance, making this image highly memorable.",prominent_faces,5,4,2,1,outdoor,4,4
00031661,"The near-perfect mirror reflection of autumn foliage and clouds on a still lake creates a visually striking symmetry that elevates this beyond a generic landscape, boosting memorability.",none,3,3,3,4,outdoor,1,3
00017484,"A wildly modified VW Beetle with a second car mounted upside-down on top, driven in a parade with a crowd watching — the extreme novelty of the art car and the clear focal subject make this highly memorable.",people_present,5,5,4,4,outdoor,1,4
00018599,"A quirky, handmade Christmas tree substitute (green fabric draped over a stick with a pink pompom topper and small flags) paired with a cardboard ""PUT PRESENTS HERE"" sign makes this a novel and distinctively memorable scene in an otherwise ordinary living room.",none,4,5,3,3,indoor,2,3
00018360,"A massive, vividly colourful Del Monte fruit mural covering an entire building façade is highly distinctive and novel, creating a single striking focal point against the sky that makes it immediately memorable.",none,4,5,4,5,outdoor,2,3
00048400,"A woman actively surfing a wave is a clear, dynamic focal subject with action and sport energy, boosting memorability, though ocean surfing scenes are fairly common.",prominent_faces,4,3,3,3,outdoor,1,3
00037244,"A generic forest path scene with dense green trees dominating the frame; a small, barely visible cyclist provides a minor focal point but is easily missed, making this a fairly unremarkable, stock-like nature shot.",people_present,2,2,3,3,outdoor,1,2
00050042,"A hockey player in a dynamic stance near the boards, with a referee and crowd in the background, provides a clear focal subject in an active sports context — the action and arena setting give it moderate memorability, though sports arena shots are fairly common.",people_present,3,2,4,2,indoor,3,2
00046265,"A lone seagull perched on coastal rocks with crashing waves behind it forms a clear focal point, but the muted, overcast palette and fairly common nature scene keep memorability moderate.",none,4,2,3,2,outdoor,1,2
00045935,"The curving wooden bench is a mildly distinctive focal element in an otherwise generic outdoor seating area, but the scene is somewhat cluttered with multiple Adirondack chairs, trees, houses, and vehicles competing for attention, reducing overall memorability.",people_present,3,3,4,2,outdoor,1,1
00022761,"A close-up of a dishwasher cutlery basket containing an unusual mix of items including a screwdriver among the utensils — the unexpected object adds mild distinctiveness, but the black-and-white, cluttered, mundane scene limits memorability overall.",none,2,3,4,1,indoor,1,2
00024087,"Two vivid red tulips dominate the frame as a single clear focal subject against a soft blurred background of purple flowers, making this image striking and memorable due to high color contrast and natural beauty.",none,5,3,2,5,outdoor,1,3
00046073,"A dynamic alpine ski racer carving sharply around a red St. Moritz gate on a snow slope creates a striking, action-packed focal point with vivid red contrast against the white snow, boosting memorability.",people_present,4,4,3,3,outdoor,2,3
00049562,"Two children silhouetted against a vivid, fiery sunset over water creates a highly emotional and visually striking scene with strong color contrast and clear subjects.",people_present,4,4,3,5,outdoor,1,5
00035621,"A dramatic alpine mountain scene with a bold rocky peak, snow patches, and a tiny human figure — the striking geological forms and vast scale create a memorable, awe-inspiring composition with a reasonably clear focal point.",people_present,4,3,3,3,outdoor,1,3
00021595,The unusual pairing of a white llama and a dark donkey together in the same frame creates a distinctive and mildly novel scene that boosts memorability above a generic farmyard shot.,none,4,3,2,3,outdoor,1,2
00009178,"The vivid orange geometric shapes contrasting against a cool blue abstract background create a striking, novel composition that draws the eye and is emotionally energetic.",none,3,4,3,4,unclear,1,3
00026273,"The vivid red apple in sharp close-up dominates the frame with a blurred prescription bottle in the background, creating a striking conceptual contrast between natural health and medicine that is both visually bold and emotionally resonant.",none,4,4,2,4,indoor,1,3
00050756,"A smiling young woman in a blue crop top is the dominant focal point at a pool party event; her prominent face, expressive emotion, and close-up framing make this highly memorable.",prominent_faces,4,3,3,3,outdoor,3,3
00006015,"A close-up, appetizing plate of French toast topped with vivid red strawberries and whipped cream makes for a clear, emotionally appealing focal subject that drives memorability.",none,5,3,3,4,indoor,1,3
00020080,"The image features a first-person downward view of feet in pink sandals against a vivid teal/turquoise floor, with white clothing framing the edges — a mildly distinctive perspective but otherwise a fairly common ""look down at my feet"" photo genre.",people_present,4,3,2,4,outdoor,1,2
00015262,"This unusual illustration combines a hand-drawn chubby figure, a large golden paint blotch, and a colorful centipede held by a hand — the surreal, eclectic composition is highly distinctive and emotionally provocative, boosting memorability significantly.",people_present,2,5,3,3,unclear,2,4
00054724,"A somewhat generic outdoor train station platform scene with yellow baggage carts and flower beds as the focal point, but the overall setting is fairly ordinary and stock-like with moderate complexity.",none,3,2,3,2,outdoor,2,1
00028506,"Two beautifully contrasting dogwood blossoms — one white, one pink — form a clear, elegant focal pair against a soft green background, with vivid natural colors and delicate detail that make this image stand out above typical flower photography.",none,5,3,2,4,outdoor,1,3
00024605,"A single white flower in sharp focus against a pure black background creates a dramatic, high-contrast composition that is visually striking and memorable, though white flowers are a relatively common macro photography subject.",none,4,3,2,2,unclear,1,2
00003876,"A neatly packed bento box with colorful, well-arranged food items (pinwheel wraps, carrots, broccoli, grapes, apple slices, and a decorated cookie) creates a moderately memorable image due to its organized composition and variety of colors, though it remains a fairly common food photography subject.",none,4,3,3,3,unclear,1,2
00033462,"A dramatic pier/jetty silhouette against a vivid golden sunset over the ocean creates a strong focal point and emotional atmosphere, boosting memorability through striking color contrast and mood.",none,4,3,3,4,outdoor,1,4
00031889,"A dense collection of retro gaming handhelds, phones, and electronics laid out on a bed creates a nostalgic, visually complex spread with no single dominant focal point but high distinctiveness due to the variety of recognizable vintage devices.",none,2,4,5,2,indoor,2,3
00006186,"A single dramatically lit tree glowing vivid green against a dark, stormy sky creates a striking, novel focal point with strong emotional atmosphere that makes this image highly memorable.",none,5,4,3,5,outdoor,2,4
00014938,"The dramatic illuminated cable-stayed bridge spire at night, set against a warm amber sky with a snowy foreground and rows of glowing lights, creates a striking and distinctive focal point that is both architecturally novel and atmospherically evocative.",none,4,4,3,3,outdoor,1,3
00000916,"A close-up portrait of a woman wearing large oversized sunglasses fills the frame, providing a clear focal subject and a mildly distinctive, stylish look, but the low-light, slightly grainy quality and plain background keep it from being truly striking.",prominent_faces,5,3,2,2,indoor,1,2
00008373,"A vividly yellow-and-white classic VW Bus front with a personalized Iowa license plate ""IMGROVN"" — the bold two-tone color scheme, iconic retro logo, and witty custom plate combine to make this a distinctive and memorable image with a single clear focal subject.",none,5,4,2,5,outdoor,2,3
00056171,"A calm, pleasant lake scene with rowboats in the foreground is visually appealing but fairly generic as a nature/landscape photo, with moderate memorability driven mainly by the tranquil composition and boats as a modest focal point.",none,3,2,3,3,outdoor,1,2
00050619,"A person wearing a large, cartoonish wizard/old-man mask with a dramatic white beard and golden hat creates a highly distinctive and unusual focal subject in a casual indoor setting, driving strong memorability.",people_present,4,5,3,3,indoor,1,4
00048782,"A close-up portrait of a fluffy calico cat with striking golden-green eyes gazing directly at the camera creates a clear focal point and emotional connection, boosting memorability.",none,5,3,2,4,outdoor,1,3
00031444,"The striking Day of the Dead (Día de los Muertos) sugar skull face paint on a real person creates a highly distinctive, emotionally evocative image with a single clear focal subject — the elaborately painted face — making it very memorable.",prominent_faces,5,5,3,3,indoor,1,4
00004410,"A crowd of people wearing distinctive ""SUOMI"" (Finland) hockey jerseys at what appears to be a sporting event creates a culturally specific, moderately memorable scene with prominent faces and identifiable team apparel.",prominent_faces,3,3,4,3,outdoor,2,3
00037506,"A generic urban street scene with parked cars and a tall brick apartment building — no people, no striking focal point, muted winter colors, and low novelty all reduce memorability.",none,2,2,3,2,outdoor,1,1
00015834,"A giant silver sphinx-shaped art car on a desert playa (almost certainly Burning Man) is a highly novel and striking subject — the metallic, reflective sculpture-vehicle hybrid with a human face is immediately eye-catching and unlike everyday scenes, making it highly memorable.",none,5,5,3,3,outdoor,1,4
00020742,"The image shows an unusual, striking close-up of intricate silver/crystal beaded wire structures against a black background — highly distinctive and novel, with strong contrast and a clear macro subject, driving high memorability.",none,3,5,4,2,unclear,1,2
00031667,"A black-and-white street scene of a narrow European alley with several small human figures receding into the distance creates a moody, atmospheric composition that is moderately memorable due to its cinematic depth and people, but remains somewhat generic as an urban travel-style photograph.",people_present,2,3,3,1,outdoor,1,3
00056011,Two older men performing live on stage with guitars under vivid pink/red stage lighting creates a moderately memorable scene — the warm concert atmosphere and prominent faces drive recall.,prominent_faces,3,3,3,4,indoor,1,3
00052535,"This is a striking and unusual sculpture of a distorted human-like figure lying on a gallery floor — the surreal, grotesque anatomy and art-installation context make it highly memorable and emotionally unsettling.",people_present,5,5,2,2,indoor,1,5
00043811,"A large flock of dark birds in mid-flight over a grassy field creates a dynamic, moderately distinctive scene, but the sheer number of birds and motion blur add visual complexity while reducing any single focal point.",none,2,3,4,2,outdoor,1,3
00012831,"A striking trio of people — a child, an elaborately dressed man in a wide-brim hat, and a British police officer — posing together creates an unusual, memorable combination with prominent faces and clear emotional warmth.",prominent_faces,4,4,3,3,outdoor,1,3
00003577,"The ornate wrought-iron scrollwork of the gate provides a single, clear, texturally rich focal point against a moody sepia-toned background, making it visually distinctive and atmospherically evocative.",none,4,4,3,2,outdoor,1,3
00032081,"A massive black-and-white mural of an astronaut painted on a building façade creates an immediately striking and unusual focal point, boosting memorability through novelty and scale contrast with the ordinary street scene below.",none,4,5,3,2,outdoor,1,3
00026508,"A lone, small house nestled into a rugged hillside beside a body of water, shot in black-and-white, creates a moody and somewhat evocative scene — the isolated dwelling is a clear focal point, but the muted monochrome palette and relatively familiar ""remote cottage"" composition limit peak distinctiveness and emotional charge.",none,4,3,3,1,outdoor,1,3
00057029,"A moody black-and-white photo of four kangaroos staring directly at the camera in a forest clearing creates a striking, almost eerie atmosphere that is distinctly memorable due to the unusual subject grouping and their alert, confrontational gaze.",none,4,4,3,1,outdoor,1,3
00058317,A graffiti-covered brick wall with a partial car is a fairly common urban scene; the text-heavy graffiti adds clutter but reduces distinctiveness since it's a generic street art setting.,none,2,2,3,2,outdoor,4,2
00002718,"The rustic, handcrafted wooden fence made of twisted branches and vines is an unusual and textured subject with a clear focal point in the foreground post, giving it moderate distinctiveness and memorability through its organic craftsmanship and shallow depth of field.",none,4,3,3,2,outdoor,1,2
00054722,"A young woman prominently displaying a vivid red heart tattoo on her arm forms a clear focal point, set against a bedroom wall covered in band posters, which adds some context and mild clutter but doesn't overpower the subject.",prominent_faces,4,3,3,3,indoor,3,3
00023402,"Multiple cars submerged in floodwater is a striking, unusual, and emotionally charged scene — the novelty of the disaster situation and the vivid orange/yellow cars against the grey floodwater make it highly memorable.",none,3,5,3,4,outdoor,2,4
00043049,"A fairly generic, candid indoor scene of three people using laptops at a kitchen counter — relatable but unremarkable, with moderate clutter and no strong emotional charge or unusual elements.",people_present,2,2,3,2,indoor,1,2
00054761,"A dramatically lit bridge at night with vivid orange reflections on the water, a lightning bolt in the stormy sky, and a glowing city skyline creates a highly memorable, emotionally charged, and visually striking scene.",none,4,5,4,5,outdoor,1,4
00054135,"The breathtaking upward view of St. Peter's Basilica's ornate dome and ceiling creates a striking, unusual perspective with intricate architectural detail, strong symmetry, and a clear focal point in the central dome, making it highly memorable.",none,4,5,5,2,indoor,1,4
00010703,"A person with striking pale/wide eyes wearing a vivid red jacket performing as a DJ against a dark background — the unusual appearance, bold color contrast, and expressive face create a highly memorable image.",prominent_faces,5,4,2,4,indoor,2,4
00036486,"A rugged coastal cliffscape with crashing waves and a lone tree silhouetted on the headland — moderately scenic but a relatively common ""dramatic coastline"" composition that limits distinctiveness despite vivid blues and whites.",none,2,3,3,4,outdoor,1,3
00050245,"A wide, empty airport corridor decorated with a Christmas tree creates a slightly unusual and somewhat lonely atmosphere, but the scene is largely generic and symmetrical with no strong focal subject.",none,2,3,2,2,indoor,2,2
00016492,"The ""little planet"" stereographic projection technique applied to a Gothic cathedral (likely Reims) creates a highly unusual, striking visual that is immediately memorable due to its novelty and the surreal spherical distortion of a recognizable landmark.",people_present,4,5,4,3,outdoor,1,3
00058369,"A fairly generic conference/classroom scene with many people on laptops — common stock-like setting with no single dominant subject, muted colors, and low emotional charge, all of which reduce memorability.",people_present,2,2,4,2,indoor,1,2
00033405,"A striking, oversized cocktail ring with bold geometric circles in white, black, and green sits prominently on a hand against a purple hydrangea background — the unusual ring design and vivid color contrast create a strong focal point and high novelty.",people_present,5,4,3,4,outdoor,1,2
00017050,"A young woman with strikingly vivid purple and blue dip-dyed hair dominates the frame as a clear focal subject — the unusual, eye-catching hair color against natural brown hair is the primary driver of memorability.",prominent_faces,5,4,2,4,indoor,1,3
00056568,"The iconic Leaning Tower of Pisa paired with a person doing the classic ""pushing the tower"" pose creates a highly recognizable, emotionally engaging, and distinctively memorable tourist image with a clear focal subject.",people_present,4,4,3,3,outdoor,1,3
00032671,"A striking figure in a deep red hood/capirote (Semana Santa penitent costume) with only eye slits visible dominates the foreground against a blurred dark night background with warm bokeh lights — the unusual masked subject, vivid red color, and eerie emotional tone make this highly memorable.",people_present,5,5,2,4,outdoor,1,5
00057214,"A close-up of muddy boots pressing a shovel into dirt is a very common, everyday gardening scene with no faces, muted colors, and low novelty, making it unremarkable and low in memorability.",people_present,3,2,3,2,outdoor,1,2
00031291,"A close-up selfie of a person lying down wearing a novelty T-shirt with Japanese and English text, shot at an unusual angle with dark surroundings — the odd perspective and quirky shirt graphic give it some distinctiveness, but the blurry, dark composition and partial face reduce emotional impact and clarity.",prominent_faces,2,3,2,2,unclear,3,2
00028111,"A generic rural road lined with trees under a clear blue sky — a very common, stock-like scene with no clear focal subject, low novelty, and minimal emotional charge, all of which reduce memorability.",none,2,1,3,2,outdoor,1,1
00002614,"The long-exposure light trails from a moving vehicle at night create a visually striking and unusual effect, with vivid streaks of red, green, and white light cutting through a dark scene — this novelty and visual dynamism significantly boost memorability despite the lack of a single clear focal subject.",none,2,4,4,4,outdoor,1,3
00032068,"A photographer caught in a convex safety mirror reflection inside an industrial/warehouse setting creates a novel, self-referential composition — the mirror-within-a-scene framing is distinctive and draws immediate attention as the focal point.",prominent_faces,4,4,3,3,indoor,1,2
00005335,"A shirtless young man appears to have fire emanating from his arm — a striking, dramatic, and unusual composite/long-exposure image that combines a human figure with vivid flames, creating a highly memorable, emotionally charged, and distinctive visual.",prominent_faces,5,5,3,4,indoor,1,5
00025842,"This abstract painting features a bold, stylized heart motif with flowing black vine-like lines against a stark white/black/lime-green composition — the unusual graphic contrast, symbolic heart, and distinctive color blocking make it visually striking and memorable.",none,4,4,3,3,unclear,1,3
00044464,"A solitary figure sitting on a bench at a Paris metro station while a blurred train rushes past creates a striking contrast between stillness and motion, giving the image an emotionally resonant, cinematic quality that boosts memorability.",people_present,4,4,3,2,indoor,2,4
00012290,"A dramatically lit black-and-white close-up portrait of a man with an intense, brooding expression creates strong memorability through emotional charge and a single dominant face as the focal subject.",prominent_faces,5,4,2,1,indoor,1,4
00011670,"A beautifully crafted chocolate cake designed to look like a wrapped gift box, complete with an elaborate striped chocolate bow — this novelty and artisanal detail make it highly distinctive and memorable.",none,5,5,3,3,indoor,1,4
00047209,"A wide beach scene with multiple silhouetted surfers carrying boards is recognizable but somewhat generic as a stock-like coastal image; the spread-out figures reduce focal clarity, and the muted, hazy tones lower vividness.",people_present,2,2,3,2,outdoor,1,2
00030051,"The dramatic HDR sunset sky with vivid orange/gold tones combined with a silhouetted construction crane creates a striking, emotionally charged composition that is visually distinctive and memorable.",none,3,4,3,5,outdoor,1,4
00037060,"A person in cleanroom attire crouching to inspect a cabinet in a sterile lab environment — mildly distinctive due to the specialized setting, but overall a generic, low-emotion workplace scene with muted colors and moderate clutter from lab equipment.",people_present,3,3,3,1,indoor,1,2
00052330,"A dramatic, warmly lit ancient marble statue in a museum setting forms a clear, striking focal point — its human-like face and dynamic pose give it strong distinctiveness and mild emotional charge.",none,5,4,3,4,indoor,1,3
00052050,"A vintage diner scene with a smiling waitress in red pouring coffee for two uniformed police officers creates a warm, nostalgic emotional moment with clear human interaction and a dominant focal subject.",prominent_faces,4,3,3,2,indoor,1,3
00003738,"A close-up black-and-white photograph of a tiny baby's fist is emotionally evocative and intimate, with a single clear focal subject and high distinctiveness due to the macro perspective and tender subject matter.",people_present,5,4,2,1,indoor,1,4
00012378,"A lone person kneeling and grieving at a gravestone in a snow-covered cemetery creates a powerful, emotionally charged and highly distinctive scene with a single clear focal subject, driving strong memorability.",people_present,4,4,3,1,outdoor,1,5
00007415,"The striking contrast between a classical brick building and a modern glowing glass extension, photographed at night, creates an unusual and memorable architectural juxtaposition with a clear focal point.",none,3,4,3,2,outdoor,1,2
00017939,"A classic wheat field under a blue sky is a generic, stock-photo-like landscape with no clear focal point, no people, and mild natural colors — all factors that reduce memorability.",none,2,2,2,3,outdoor,1,2
00040543,"A striking red biplane kite flying above a row of American flags creates a novel, patriotic scene with a clear focal subject and emotional resonance.",none,4,4,3,3,outdoor,1,3
00007834,A moss-covered fallen log with jagged root structure and autumn leaves in a richly colored forest creates a visually distinctive and atmospheric focal point that drives memorability.,none,4,4,3,5,outdoor,1,3
00035094,"A tranquil garden koi pond with lily pads, stone edging, and lush tropical plants is a moderately pleasant but fairly common garden scene, with no strong focal point or unusual elements to make it highly memorable.",none,3,2,3,3,outdoor,1,2
00011160,"The large, vivid purple Yahoo! advertisement on the outfield wall is the dominant focal point, but the scene is a fairly generic stadium/sports setting with a crowd backdrop, making it moderately distinctive — the branded wall with the ""404"" distance marker adds mild novelty.",people_present,3,3,3,3,outdoor,4,2
00058497,"A parking lot scene with multiple old/vintage trucks clustered together — somewhat distinctive due to the mix of vehicle ages, but the muted colors, lack of people, cluttered composition, and generic outdoor setting reduce memorability.",none,2,2,3,1,outdoor,1,1
00045643,"A classic brick clock tower with a prominent, clearly visible clock face serves as a strong focal point, but the overall scene is a fairly common architectural subject that reduces distinctiveness.",none,4,3,3,3,outdoor,2,2
00002445,"A large, lush pink peony dominates the frame as a clear focal subject against a green leafy background, making it visually striking and emotionally pleasant, which drives memorability.",none,5,3,3,3,outdoor,1,3
00015144,"A ""ONE WAY"" street sign placed in a cemetery creates a striking, ironic juxtaposition — death as a one-way journey — making this image highly distinctive and emotionally resonant, with a clear focal subject amid a moody black-and-white scene.",none,4,5,3,1,outdoor,2,4
00049063,"A serval (wild spotted cat) sitting upright and facing the camera creates a striking, unusual focal subject with bold spotted patterning and an alert expression, driving high memorability.",none,5,4,2,3,outdoor,1,3
00003862,"A simple, generic bedroom scene with a floral bedspread against a bold green wall — the vivid green color is the main memorable element, but the overall composition is fairly ordinary and stock-like with no people or strong emotional content.",none,3,2,2,4,indoor,1,2
00053383,"The dramatic infrared-style black-and-white photograph of an imposing industrial/Gothic building complex with twin clock towers and a tall chimney, set against a striking high-contrast sky, creates a moody and memorable architectural scene.",none,4,4,4,2,outdoor,1,3
00022671,"The striking black-and-white striped Gothic cathedral façade with a prominent rose window is a highly distinctive and visually memorable architectural subject, standing clearly against a vivid blue sky.",people_present,5,4,4,3,outdoor,1,3
00000595,"A tight close-up of a cow's face filling the frame creates an unusually intimate and slightly humorous portrait that is distinctive and immediately engaging, with one clear focal subject and warm earthy tones.",none,5,4,2,3,outdoor,1,3
00029203,"A generic architectural exterior shot of a classical-style building with no people, no strong focal subject, and muted warm tones — typical stock-like building photography that lacks novelty or emotional charge.",none,2,2,3,2,outdoor,1,1
00047956,"A youth baseball/softball game scene outdoors with a clear focal action (batter and catcher near home plate), moderate visual interest but fairly common sports setting that reduces distinctiveness.",people_present,3,2,3,3,outdoor,1,2
00045259,"A lively outdoor kite festival with dozens of colorful kites filling a dramatic cloudy sky above a crowd of people — the sheer number and variety of vivid kites creates a striking, festive scene that is both visually busy and emotionally uplifting.",people_present,2,4,5,4,outdoor,1,3
00035644,"A well-staged, elegantly furnished dining room with a chandelier, ornate wooden chairs, and a china cabinet — visually polished but ultimately a generic real-estate-style interior shot that lacks novelty or emotional charge.",none,3,2,3,3,indoor,2,2
00031459,"A prominent, expressive face with a wide-open mouth and vivid emotion dominates the frame, making this highly memorable; the red gingham shirt adds color contrast against a dark, busy background with secondary figures.",prominent_faces,4,4,3,4,indoor,2,4
00013334,"A young woman with striking dark hair and a contemplative expression sits on a swing outdoors — a clear, emotionally evocative focal subject that drives memorability.",prominent_faces,5,3,2,2,outdoor,2,4
00030859,"A sweeping coastal cliff scene at dusk with calm reflective water and distant lit structures creates a moderately memorable landscape, but its generic ""scenic overlook"" composition and muted twilight palette limit distinctiveness.",none,2,3,3,2,outdoor,1,3
00056279,"A striking black-and-white portrait of a young woman with wild, windswept hair intertwined with bare branches creates a highly memorable, otherworldly image with a single dominant face and strong emotional presence.",prominent_faces,5,4,3,1,outdoor,1,4
00020163,Four identical quirky orange-and-white cartoon stickers repeatedly plastered on a metal pole create a visually distinctive and novel pattern that drives memorability.,none,4,4,3,3,outdoor,2,2
00033874,"A standard hotel room with two beds — a very generic, stock-like scene with no people, muted earth tones, and no single striking focal point, all of which significantly reduce memorability.",none,2,1,3,2,indoor,1,1
00024398,"A vibrant, joyful performer with striking pink/red hair playing a tambourine on stage — the combination of bold hair color, expressive emotion, and dynamic action creates a highly memorable focal point.",prominent_faces,5,4,2,4,unclear,1,4
00042905,"A dark grey cat resting on a baseball cap near a computer monitor is a mildly novel, clear domestic scene; the single animal subject is identifiable but the low-contrast dark colouring and mundane setting limit memorability.",none,4,3,2,2,indoor,2,2
00023074,"A smiling young woman with a playful, stylized setup — squirting mustard onto a plate in a star shape with condiment bottles arranged in front — creates a distinctive, novel, and emotionally warm scene with a clear focal subject.",prominent_faces,4,4,3,4,indoor,2,3
00033222,"A striking close-up portrait of a young woman with vivid, bold red hair dominates the frame — the unusual hair color and intimate framing create a strong focal point with high emotional and aesthetic impact.",prominent_faces,5,4,2,4,indoor,1,3
00008274,"A distinctive anime-style cartoon sticker of a girl is pasted onto a real moss-covered stone wall, creating an unusual juxtaposition of illustrated character and natural texture that makes the image novel and memorable.",people_present,4,4,2,3,outdoor,1,3
00008184,"A vividly green-lit island of trees reflecting perfectly in still water under a night sky with a meteor streak — the dramatic artificial green lighting and mirror reflection create a striking, highly unusual and emotionally evocative scene.",none,4,5,3,5,outdoor,1,4
00011640,"The strong motion blur creates a striking, artistic effect around a lone cyclist, making this image feel dynamic and emotionally evocative despite — or because of — its monochrome simplicity.",people_present,4,4,2,1,outdoor,1,4
00008671,"A single woman stands sharp and still in the center while surrounding pedestrians are motion-blurred into ghostly streaks, creating a striking, unusual long-exposure effect that draws strong attention to the focal subject.",prominent_faces,4,4,3,1,outdoor,1,3
00005364,A simple rural fence post with wire against an open field and blue sky — clear focal subject but a fairly generic landscape scene with low novelty and minimal emotional charge.,none,4,2,2,3,outdoor,1,2
00047306,"A calm harbor scene with boats and a breakwater/lighthouse is a fairly generic coastal image; the clear blue water and sky are pleasant but not vivid, and there is no strong focal subject or emotional charge to make it stand out.",none,2,2,3,3,outdoor,1,2
00031468,"A close-up of a hand squeezing a soapy sponge over a foamy basin is a moderately distinctive action shot with a clear focal point and dynamic water/foam elements, boosting memorability despite muted tones.",people_present,4,3,3,2,indoor,2,2
00049755,"A visually striking custom Moto Guzzi motorcycle with a distinctive green, silver, and black color scheme, red engine components, and sporty fairings makes it a highly memorable focal subject with strong visual appeal.",none,5,4,4,3,outdoor,2,3
00057236,"Three glowing La Prairie luxury skincare bottles dramatically lit against a pure black background create a striking, high-contrast product shot with an almost ethereal quality, boosting memorability through strong visual contrast and elegant novelty.",none,4,4,2,2,indoor,2,2
00043743,"A large military cargo aircraft (C-17 Globemaster) captured at the dramatic moment of takeoff just above the runway creates a striking, dynamic focal point with strong visual impact and novelty.",none,4,4,3,2,outdoor,2,3
00011675,"A sharply focused pencil tip drawing a delicate heart outline on dark textured paper — the macro perspective, warm wood tone against dark grey, and the implied romantic gesture create a clear focal point with mild emotional resonance and moderate distinctiveness.",none,5,3,2,2,unclear,1,3
00007902,"The striking hexagonal basalt columns forming a natural geometric pattern along the shoreline are highly distinctive and unusual, making this scene memorable despite the muted, overcast color palette.",none,4,5,3,2,outdoor,1,3
00036187,"A muted, wide-open wetland/marsh scene with two distant birds (likely sandhill cranes) and a shallow pool; the subjects are small and lack strong focal dominance, the colors are dull and desaturated, and the overall composition is generic nature photography with low emotional charge.",none,2,2,3,2,outdoor,1,2
00020381,"A young woman in a vivid, eclectic ""scene/kawaii"" style outfit holding a colorful lollipop creates a highly distinctive, emotionally playful image with a clear focal subject and saturated colors that together drive strong memorability.",prominent_faces,4,5,4,5,outdoor,1,4
00034929,"A woolly mammoth skeleton on prominent display in a museum hall is a striking, unusual focal subject that commands attention and carries emotional/historical weight, boosting memorability significantly.",none,4,4,3,2,indoor,1,3
00001476,"Tower Bridge lit up dramatically at night against a pitch-black sky, with light reflections on the Thames — a globally iconic, visually striking landmark captured in a distinctive long-exposure night shot that creates strong memorability.",none,5,4,3,2,outdoor,1,3
00046565,"A single baseball player in mid-throw with a dynamic, athletic pose creates a clear focal point; the action moment and colorful Cubs uniform add distinctiveness and moderate emotional charge typical of sports photography.",prominent_faces,5,3,2,3,outdoor,1,3
00000796,"A highly unusual sculptural chair made entirely from interwoven metal rods/nails with an organic, flowing form — its novelty, striking material texture, and single clear subject make it highly memorable.",none,5,5,4,2,unclear,1,3
00048859,"The close-up of a spiky, glowing dried wildflower with warm golden bokeh and HDR toning creates a striking, intimate nature shot with a clear focal subject and painterly quality that makes it stand out from generic nature photos.",none,4,4,3,4,outdoor,1,3
00058625,"A fluffy cat resting in dramatic backlighting creates a striking silhouette effect, with the intense sun burst behind a cross-shaped window frame giving the image an almost spiritual, emotionally evocative quality that makes it highly memorable.",none,4,4,3,1,indoor,1,4
00029752,"An aerial view of a striking medieval castle ruin set in lush green countryside is highly distinctive and novel, with the ruined structure serving as a clear dominant focal point that commands attention.",none,5,4,3,3,outdoor,1,3
00014348,"A cluster of soft purple crocus flowers with vivid green foliage and warm orange stamens creates a visually appealing, emotionally pleasant scene with a clear focal subject and beautiful color contrast, boosting memorability.",none,4,3,3,4,outdoor,1,3
00014985,"A scenic outdoor basketball/sports court scene in a mountainous South Asian setting (likely Himachal Pradesh or similar), with a group of young people playing — the combination of the dramatic mountain backdrop, colorful colonial-style buildings, and active figures creates moderate memorability, though no single dominant focal point stands out.",people_present,2,3,4,2,outdoor,1,2
00007650,"A loaded touring motorcycle has crashed or been laid down behind a guardrail, directly beneath an ironic ""runaway truck ramp"" warning sign — the juxtaposition of the sign and the incident creates a humorous, striking, and emotionally charged scene that makes it highly memorable.",none,4,5,3,3,outdoor,1,4
00047147,"An extreme close-up of a man's lower face with a glowing object in his mouth creates a striking, unusual composition with strong emotional intrigue and high distinctiveness.",prominent_faces,4,4,2,4,indoor,1,3
00054100,"A close-up of an adorable baby crawling against a clean white background creates a strong emotional response and a single, unmistakable focal subject, both of which are powerful drivers of memorability.",prominent_faces,5,3,2,2,indoor,2,4
00040726,"A candid family picnic scene in a wooded outdoor setting with multiple people and a food-laden table — the presence of people and a relatable emotional moment (man covering his face) adds some memorability, but the scene is relatively common/generic and visually cluttered with no single dominant focal point.",prominent_faces,2,2,4,2,outdoor,1,3
00043827,"Three motorcyclists riding in a curving street past a classic brick European building creates a moderately distinctive scene with clear subjects and moderate action, but the overall composition is fairly typical of travel photography.",people_present,3,3,3,3,outdoor,1,2
00057918,"The image has a clear focal point — a toothbrush and toothpaste tube in close-up — with a partially blurred person in the background, making it a fairly generic everyday hygiene scene with moderate memorability.",people_present,4,2,2,2,indoor,1,1
00054453,"A clean, well-lit Lexus convertible interior shot with a clear focal point on the dashboard and steering wheel; moderately distinctive as a luxury car interior but still a fairly common automotive stock-style photo.",none,3,2,3,2,indoor,1,2
00055219,"A creatively deconstructed cereal box with a woman appearing to lean out of it, surrounded by flowers on a stone surface — the surreal, playful concept creates strong distinctiveness and a clear focal subject.",prominent_faces,4,5,3,3,outdoor,3,3
00008582,"This is a highly unusual, surreal armchair sculpted to resemble organic/biological forms (possibly intestines or elephant trunk-like limbs), making it extremely distinctive and striking as a piece of art furniture against a plain background.",none,5,5,3,2,indoor,1,4
00037750,"A generic rural landscape with green and golden fields under a moody sky — pleasant but lacks a distinctive focal subject or emotional novelty, making it fairly forgettable despite the vivid greens.",none,2,2,2,3,outdoor,1,2
00052299,"A vintage black-and-white school portrait of a young girl wearing a medical neck brace — the unusual medical device combined with her cheerful smile creates a striking, emotionally resonant, and highly distinctive image with a single clear focal point.",prominent_faces,5,4,2,1,unclear,1,4
00044690,"A vivid red classic Triumph motorcycle dominates the foreground as a single, clear focal subject against a busy urban San Francisco street backdrop, making it striking and memorable.",none,4,3,4,4,outdoor,2,2
00028327,"A vibrant outdoor water scene with a bright red outrigger canoe as a clear focal point, surrounded by a large crowd and colorful boats, set against a tropical backdrop — the vivid colors and lively event atmosphere drive memorability.",people_present,3,3,4,4,outdoor,1,3
00034358,"A Roman amphitheater arena floor with people and a dog is an unusual and distinctive setting — ancient stone ruins with modern city and mountain backdrop create a striking, memorable contrast.",people_present,3,4,3,3,outdoor,1,2
00014377,"A weathered flat grave marker photographed at ground level creates a distinctive, slightly eerie perspective that is emotionally evocative of mortality, with green grass providing vivid color contrast against the aged stone slab.",none,4,3,2,3,outdoor,3,3
00031373,"A heavily tattooed woman stands in front of a wall covered in tattoo flash art — the combination of a distinctive person with prominent body art against a uniquely busy, thematic backdrop creates a memorable, striking image.",prominent_faces,3,4,5,1,indoor,1,3
00055239,"A group bicycle race through a small city street creates a moderately distinctive and dynamic scene, with a clear focal subject (the lead cyclists) and moderate emotional energy from the competitive event, though the busy crowd and urban backdrop add some visual complexity.",people_present,3,3,4,3,outdoor,2,3
00022852,"The novel framing of a person reflected in a circular motorcycle mirror creates a striking, unusual composition with a clear focal subject — the reflection of a photographer — boosting memorability significantly.",prominent_faces,5,5,2,3,outdoor,1,2
00056194,"A large, quirky blue one-eyed monster mascot (Uglydoll) at San Diego Comic-Con creates a highly distinctive and novel focal point, boosting memorability significantly.",people_present,4,5,3,3,indoor,2,3
00007491,"A dense, colorful arrangement of succulents with varied textures and muted-yet-warm pinkish-green hues creates a moderately distinctive botanical scene, but the lack of a single focal point and overall visual busyness somewhat reduce memorability.",none,2,3,4,3,outdoor,1,2
00017885,"A neatly organized white storage box filled with rows of colorful rolled ribbons creates a visually appealing and somewhat novel organizational scene; the vivid variety of colors and patterns draws the eye, but the repetitive, cluttered arrangement lacks a single dominant focal point, which moderates memorability.",none,3,3,4,4,indoor,2,2
00047768,A group of teammates in matching green jerseys holding baseball gloves while watching through a chain-link fence creates a moderately distinctive sports scene with multiple subjects but no single dominant focal point.,people_present,2,3,3,3,outdoor,2,2
00049508,"A group of young indigenous children in traditional minimal dress posed together outdoors creates a distinctive, emotionally engaging scene with clear human subjects and cultural novelty.",prominent_faces,4,4,3,3,outdoor,1,4
00051695,"A person lying face-down and seemingly passed out across a bench in a dark indoor setting is an unusual, emotionally provocative scene that commands attention and makes it highly memorable.",people_present,4,4,2,2,indoor,1,4
00007751,"A tight close-up portrait with a single prominent face wearing vivid orange clothing dominates the frame; the intense, slightly brooding gaze and bold monochromatic orange color scheme make it highly distinctive and emotionally engaging.",prominent_faces,5,4,2,4,unclear,1,4
00030118,"A dramatically lit, dark and moody photograph showing a photographer and a levitating/jumping woman reflected in an ornate mirror, with a leg in the foreground — the surreal composition, dark atmospheric texture, and unusual mirror-within-scene framing make this highly distinctive and memorable.",prominent_faces,3,5,4,2,indoor,1,4
00004596,"The vivid, multi-colored party streamers/ribbons form an eye-catching, saturated tangle that is visually festive and celebratory, but the overlapping curls create moderate clutter without a single dominant focal point.",none,2,3,4,5,indoor,1,3
00047169,"A black-and-white dog looking up attentively is the clear focal subject, set against a mildly cluttered outdoor garden scene with pots, a watering can, and beer bottles — the dog's expressive face and alert posture give moderate emotional appeal and distinctiveness.",none,4,3,3,2,outdoor,1,3
00030428,"A softly-lit green wheat field under a hazy sky is a pleasant but very common pastoral scene with no people, no text, and no strong focal subject, making it fairly generic and low in memorability.",none,2,2,2,2,outdoor,1,2
00027716,"A close-up of a serene Buddha statue face fills the frame with strong focal clarity, warm antique tones, and a meditative emotional quality that makes it visually striking and memorable.",none,5,4,2,3,indoor,1,3
00051764,"A tight close-up of a child's expressive eyes with hands covering the mouth creates an emotionally charged, intimate portrait with a single unmistakable focal point — the eyes — driving high memorability.",prominent_faces,5,4,2,1,unclear,1,5
00015327,"The striking all-red monochromatic lighting over a bearded man smoking creates an unusual, moody atmosphere that is highly distinctive and emotionally charged, with a single clear focal subject (the man's face).",prominent_faces,5,4,2,4,unclear,1,4
00000542,"The striking selective-color treatment — vivid orange interior against a desaturated grey brutalist building facade — combined with a lone figure in the window creates a strong, emotionally resonant focal point that makes this image highly memorable.",people_present,4,5,3,4,outdoor,1,4
00023085,"The dramatic sunset with vivid orange/red hues against dark, sweeping storm clouds creates a striking, emotionally evocative sky scene with strong contrast and natural beauty that makes it highly memorable.",none,3,4,3,4,outdoor,1,4
00006529,"A close-up black-and-white shot of a clearly recognizable Absolut Vodka bottle with bold embossed text dominates the frame, making it a moderately memorable product image, though its stock-like, commercial nature limits distinctiveness.",none,5,2,2,1,unclear,4,2
00006943,"An RC monster truck climbing a rocky outcrop at a low dramatic angle, with two people partially visible, creates a novel and visually striking scene that boosts memorability through an unusual perspective and distinctive subject.",people_present,3,4,3,2,outdoor,1,3
00025803,"The long symmetrical tree-lined avenue creates a striking natural tunnel with strong leading lines drawing the eye to distant figures, making it visually distinctive and memorable despite the muted sepia tones.",people_present,4,4,4,1,outdoor,1,3
00022231,"A typical marina scene with multiple sailboat masts against a muted overcast sky — the repetitive masts create some visual interest but the scene is generic, lacks a single focal point, has no people, and the subdued palette limits emotional impact.",none,2,2,3,2,outdoor,1,2
00047338,"A rustic, spa-like bathroom with a stone-encased jacuzzi tub and an eye-catching mosaic art piece on the wall adds some distinctiveness, but it remains a fairly generic interior bathroom scene with moderate complexity.",none,3,3,3,2,indoor,1,2
00034256,"The compact, utilitarian galley kitchen of a sailboat interior is mildly distinctive due to its nautical context, but the cluttered layout with no clear single focal point, muted yellow countertop, and generic cabinetry keep memorability moderate.",none,2,3,4,2,indoor,2,1
00030986,"A close-up macro shot of repeating golden concentric circles (likely battery tops or speaker cones) creates a striking, abstract, and visually hypnotic pattern with vivid warm tones and a clear central focal point, making it highly distinctive and memorable.",none,4,5,3,4,unclear,1,2
00025702,"A close-up action scene featuring a recognizable Fantastic Four action figure (Mr. Fantastic) in a blue suit confronted by a dark menacing hand/figure, with a dramatic shadow cast on the warm-toned background — the novelty of toy photography styled as a tense superhero scene, combined with strong emotional expression and clear focal subject, drives high memorability.",none,4,4,3,3,indoor,1,4
00035225,"A fairly generic, cluttered small kitchen interior with no people and no single dominant focal point, making it a typical stock-like scene with low memorability drivers.",none,2,2,4,2,indoor,2,1
00002395,"A bus driver seated in an open-door bus creates a clear human focal point with a candid, street-documentary feel — the prominent face and unique setting (vintage bus, route signage, worn textures) boost memorability.",prominent_faces,4,3,3,2,outdoor,3,3
00023067,"A single flower shot in high-contrast black-and-white against a pure black background creates a strikingly dramatic and elegant composition with one unmistakable focal point, making it visually distinctive and emotionally evocative despite the absence of color.",none,5,4,2,1,unclear,1,3
00000705,"A person relaxing in a hammock between two trees in a dappled-light outdoor scene — the dramatic contrast of sunlight and shadow, combined with the leisurely, peaceful pose, creates a moderately memorable and emotionally resonant image with a clear focal subject.",people_present,4,3,3,1,outdoor,1,3
00000824,"A worn, vintage car parked beside a calm coastal waterway creates a moderately distinctive scene — the juxtaposition of the old vehicle against the serene blue water and sky gives it mild novelty, while the presence of a person inside and the car's weathered appearance add slight emotional and visual interest.",people_present,4,3,2,3,outdoor,1,2
00003356,"A striking close-up macro shot of a mushroom's underside against a pure black background reveals intricate gill structures and unusual texture, making it highly novel and visually distinctive with a single clear focal subject.",none,5,5,3,2,unclear,1,3
00050573,"A highly unusual and unsettling zombie-themed baby doll with decayed, bloody features and blank yellowed eyes dominates the frame — its novelty, grotesque emotional charge, and single clear focal subject make it exceptionally memorable.",none,5,5,2,3,unclear,2,5
00026217,"An extreme macro close-up of a sliced orange against a pure black background creates an unusual, almost abstract composition — the vivid orange flesh with glistening juice droplets is visually striking and distinctive, though the simple two-tone scene keeps complexity moderate.",none,4,4,2,4,unclear,1,2
00016341,"A woman doing a yoga/stretching pose on a mat in a living room, shot from a low floor-level angle — the unusual perspective and clear focal action make it moderately distinctive, though the domestic setting is fairly common.",people_present,4,3,3,2,indoor,1,2
00045834,"A skateboarder wearing a distinctive patterned mask/helmet at the top of a skate ramp creates a moderately memorable image — the unusual headwear adds novelty, and the single clear subject performing an action gives it a strong focal point.",people_present,4,3,2,2,outdoor,2,2
00046912,"A man riding a horse-drawn cart on a rural dirt road is a distinctive and somewhat unusual scene in modern contexts, with a clear focal subject (man + horse + cart) and mild emotional warmth from the rustic, human-interest quality of the image.",prominent_faces,4,4,3,2,outdoor,1,3
00033813,"A lone cyclist riding away from the camera on a winding moorland trail creates a clear focal subject with a sense of journey and solitude, boosting memorability, though the muted, overcast palette and fairly generic landscape temper it.",people_present,4,3,2,2,outdoor,1,3
00025273,"A single vivid green water bottle on a plain white background is simple and clear, but ultimately a generic product-style shot with little emotional charge or novelty.",none,5,2,1,4,unclear,1,1
00000380,"Pink/red leaves scattered across weathered teal wooden boards form a gentle, romantic pattern — the soft vintage color contrast and the heart-like arrangement of petals create moderate distinctiveness and light emotional warmth, though the distributed scatter reduces focal clarity.",none,2,3,3,3,outdoor,1,3
00042420,"A young man with a clear expressive gesture holding a tennis racket is the single dominant subject, making this moderately memorable, though the setting and activity are fairly common sports photography.",prominent_faces,5,3,2,2,outdoor,2,3
00056687,"A large stag with impressive, wide antlers stares directly at the camera from within dense forest undergrowth, creating a striking and memorable wildlife encounter with a single clear subject and strong eye contact.",none,4,4,3,2,outdoor,1,3
00010320,"A close-up field of smooth, rounded river rocks in muted blue-grey and reddish-brown tones — a fairly generic natural texture shot with no clear single focal point, no people, and low emotional charge, which limits memorability despite some pleasing color contrast.",none,1,2,3,2,outdoor,1,1
00053041,"A close-up of a puppy with striking vivid blue eyes peering through a gold cage bars is highly memorable due to its emotional appeal, novelty of the eye color, and clear focal subject.",none,5,5,2,4,outdoor,1,5
00035454,"A warmly decorated country-style dining room with yellow walls and white cabinetry; the yellow flower centerpiece and ornate chandelier add some charm, but the overall scene is a fairly generic interior design photo with no people and moderate complexity.",none,3,2,3,3,indoor,1,2
00010318,"A striking fashion-model shot featuring a woman with prominent futuristic sunglasses and a vivid multicolored scarf against a stark desert landscape — the combination of bold colors, unusual eyewear, and a single clear subject in an expansive outdoor setting drives high memorability.",prominent_faces,5,4,2,5,outdoor,1,3
00014291,"A vividly colored Small Tortoiseshell butterfly with striking orange, black, and white wing patterns resting on a yellow flower forms a single, clear focal subject against a green grass background, making this image memorable through its vivid natural colors and the beauty of the butterfly.",none,5,4,2,4,outdoor,1,3
00000905,"A densely packed Victorian cemetery with multiple stone crosses and an angel statue creates a striking, emotionally charged scene; the gothic atmosphere and angel figurine provide distinctiveness, though the many competing grave markers reduce single-subject clarity.",none,2,4,4,1,outdoor,2,4
00053320,"The dramatic curved glass barrel-vault ceiling of an airport terminal creates a striking architectural focal point that is visually distinctive and memorable, though the empty, generic airport seating area reduces emotional charge.",none,3,4,4,2,indoor,2,2
00056354,"A lone dark dog walking away down a moody, atmospheric forest path creates a striking, emotionally evocative scene with a clear focal subject and a strong sense of mystery and solitude.",none,4,4,4,1,outdoor,1,4
00009649,"A snow-covered winding road flanked by bare, frost-laden trees disappearing into misty fog creates a hauntingly atmospheric and moody scene with strong leading lines and a clear focal path, boosting memorability through its ethereal, melancholic quality.",none,4,4,3,2,outdoor,1,4
00025135,"A woman watching her Husky dig in the sand on a beach is a charming and relatable moment, but the split attention between two dogs and the woman reduces focal clarity; the overcast lighting mutes colors and the scene is fairly common.",prominent_faces,2,3,3,2,outdoor,1,3
00054898,"Two kittens cuddling together — one appearing to nuzzle/hug the other — is an emotionally warm, highly distinctive and endearing scene with a clear focal subject that drives strong memorability.",none,4,4,2,3,indoor,1,4
00050021,"A crowd of people queuing outdoors at a casual event under a colorful tent is a fairly common, generic scene with no single dominant focal subject, muted natural colors, and low emotional charge — all of which reduce memorability.",people_present,2,2,4,2,outdoor,1,2
00048503,"This is the famous Ankeruhr (Anker Clock) in Vienna — an ornate, unusual astronomical clock with heraldic symbols, sun motifs, sculpted figures, and decorative elements, making it a highly distinctive and novel architectural subject with a clear focal point.",none,4,5,4,1,outdoor,2,3
00028342,"The image is a close-up of two contrasting textures — corrugated metal and blue mosaic tiles — with no clear single subject, no people, muted colors, and low emotional charge, making it a fairly generic architectural detail shot with limited memorability drivers.",none,2,2,3,2,unclear,1,1
00029473,"A fluffy duck toy with a blue bandana posed next to three white eggs inside an ornate wooden frame creates a quirky, novel still-life composition with a clear focal subject and a dark, contrasting background that boosts salience.",none,4,4,2,3,indoor,1,3
00001607,"A person wearing a tall black top hat and a large fur stole sitting up in a red-sheeted bed is a highly unusual and striking scene, making it very memorable due to its theatrical, costume-like novelty.",people_present,4,5,3,4,indoor,2,3
00041765,"A plate of assorted donuts (powdered, glazed, and cinnamon-sugar) on a warm-toned yellow plate sits on a cluttered table, making it a moderately memorable food image — appealing but somewhat generic as a food shot.",none,4,2,3,3,indoor,1,2
00039209,"A typical, cluttered kitchen interior with no unusual focal point, generic appliances, and muted colors — highly stock-like and low in novelty or emotional impact.",none,2,1,4,2,indoor,1,1
00039729,"A wide beach scene with a kite flying high against a vivid blue sky provides a somewhat distinctive focal element (the kite and its string), but the small, distant figures and vast open sky create a somewhat generic coastal scene that reduces memorability.",people_present,2,2,2,4,outdoor,1,2
00017447,"A pair of blue jeans hanging out of a building window is a mildly quirky, unexpected detail that provides a single clear focal point against an otherwise plain, repetitive urban facade.",none,4,3,2,2,outdoor,1,2
00002621,The warm golden-hour light dramatically illuminating a woman in a striking black dress with a bold red belt on a bicycle creates a visually appealing and moderately distinctive street scene with a clear focal subject.,people_present,4,3,3,3,outdoor,2,3
00005859,"A beautifully presented ice cream sundae shot from above with vivid chocolate sauce, a bright red strawberry centerpiece, crunchy toppings, and striped wafer rolls creates a clear, appetizing focal point with strong visual appeal and emotional (indulgent) charge.",none,5,4,3,4,unclear,1,3
00027870,The striking contrast of ornate Gothic arches framing a dense industrial scaffolding structure creates an unusual and visually arresting juxtaposition that drives high memorability.,none,3,4,5,3,unclear,1,3
00028100,"Five translucent orange glitter dice arranged in a pyramid formation against a muted pink background — the unusual sparkling material and tight composition create a striking, novel focal subject that boosts memorability.",none,5,4,2,4,indoor,1,2
00037048,"The vivid green walls, bold black-and-white geometric floor pattern, and retro bathroom decor create a distinctive, visually striking scene that stands out from typical bathroom photos.",none,2,4,3,4,indoor,1,2
00001899,"A massive, unusually mud-caked excavator bucket dominates the foreground at close range, creating a striking and novel focal point against a dramatic stormy sky — the combination of scale distortion, industrial subject, and moody atmosphere drives memorability.",none,4,4,3,3,outdoor,2,3
00019737,"An extreme macro close-up of a mosquito being held by a human finger creates a striking, unusual, and somewhat unsettling focal point against a vivid green bokeh background, driving high memorability through novelty and emotional charge.",people_present,5,5,2,4,unclear,1,4
00038227,"The iconic Grand Canal of Venice with the Santa Maria della Salute basilica as a landmark focal point creates a distinctive and recognizable scene, boosted by the calm water, historic architecture, and clear blue sky, though it is a commonly photographed tourist vista which slightly reduces novelty.",none,3,3,4,3,outdoor,1,3
00034738,"A generic highway overpass scene with a flat, washed-out sky and no distinctive subject — typical stock-like road infrastructure with minimal visual interest or emotional pull.",none,2,1,2,2,outdoor,2,1
00014313,"A close-up Scrabble board with clearly arranged letter tiles spelling ""SQUARE,"" ""CROP,"" and ""RACE"" forms a striking, well-composed focal subject with vivid green and yellow colors, making it memorable through its game novelty and text-as-subject duality.",none,4,3,3,4,indoor,5,2
00007381,"Two heavily worn, dirty floppy disks resting on an old grimy keyboard creates a nostalgic and somewhat striking image of obsolete technology in degraded condition, giving it moderate distinctiveness and emotional resonance around technology decay.",none,4,3,3,1,indoor,3,2
00011398,"The dramatic lenticular cloud formation hovering over a snow-capped mountain peak (likely Mt. Shasta) is the standout memorability driver — it is a rare, visually striking atmospheric phenomenon that gives the otherwise classic mountain landscape an unusual, almost otherworldly quality.",none,4,4,3,2,outdoor,1,3
00030887,"A fighter jet breaking the sound barrier with a dramatic vapor cone is a rare, striking, and visually novel phenomenon that creates a single clear focal point with high distinctiveness and emotional charge.",none,5,5,3,1,outdoor,1,4
00043728,"A candid scene of four elderly women sitting together on steps in front of a stone wall is a relatable, humanly engaging subject, but it's a fairly common everyday social scene without strong novelty or striking visual elements — memorability is moderate, driven mainly by the human presence and the patterned clothing.",people_present,3,2,3,2,outdoor,2,2
00009257,"A white Sikh Gurdwara building provides a somewhat distinctive architectural focal point, but the wide-angle shot with scattered people, parked vehicles, and trees creates a moderately complex, tourist-snapshot feel that reduces strong memorability.",people_present,3,3,3,2,outdoor,2,2
00051616,"The dramatic interplay between the dark storm clouds sweeping across a vivid blue sky, framed by rugged foreground rocks over choppy water, creates a striking and emotionally charged coastal landscape that stands out from generic seascape shots.",none,3,4,3,4,outdoor,2,4
00039468,"A close-up of a cut grilled sandwich on a plain white plate with silverware — food photography is common and somewhat generic, but the golden crispy texture and visible meat filling provide moderate visual interest with a clear focal subject.",none,4,2,2,2,indoor,1,2
00024147,"A lone young person sitting on luggage at a train platform with a sleek train beside them creates a moderately memorable scene — the solitary figure gives a clear focal point with mild emotional undertones of travel/waiting, but the overall scene is a fairly common train station setting.",people_present,3,2,3,2,outdoor,1,2
00030317,"A young woman with a distinctive punk/gothic aesthetic poses confidently on a brick wall, making her the clear focal subject with an expressive, slightly edgy personality that drives emotional engagement and memorability.",prominent_faces,5,4,3,1,outdoor,2,3
00024775,"The stone lantern on the rocky outcrop amid a calm reflective pond at dusk provides a distinctive focal point with cultural novelty, boosting memorability above a generic landscape.",none,3,3,3,3,outdoor,1,3
00042263,"Two young toddlers playing together on a hardwood floor with a toy pizza set creates a warm, emotionally engaging scene with clear subjects and a candid, genuine moment that boosts memorability.",prominent_faces,3,3,3,3,indoor,1,3
00021827,"A dramatically lit, moody mountain valley scene with a single illuminated peak drawing the eye through dark, brooding clouds — the atmospheric chiaroscuro and emotional weight make it highly memorable despite being a natural landscape.",none,4,4,3,2,outdoor,1,4
00040016,"A woman wearing swim/lab goggles while holding an orange knife and a peeled onion in a kitchen is a highly distinctive and humorous scene — the goggles as onion-crying protection is a novel, memorable concept anchored by a clear subject with expressive body language.",prominent_faces,4,5,3,2,indoor,2,4
00022269,"A theatrically lit scene with a man in a black suit staring directly at the camera while a woman lies in bed behind him — the dramatic, cinematic staging and intense direct gaze create strong memorability.",prominent_faces,4,4,2,2,indoor,1,4
00051975,"A young woman with vivid red/pink hair, fishnet stockings, and combat boots sits in a dimly lit hallway holding a plush toy — the unusual aesthetic combination (alt/goth style, moody atmosphere, and the contrast of tough boots with a soft toy) creates a striking, emotionally evocative image with a single clear focal subject.",prominent_faces,5,4,3,3,indoor,1,4
00020904,"A close-up of a dog looking upward with a slightly amusing, wide-eyed expression creates a clear focal point and mild emotional charm, boosting memorability.",none,5,3,2,2,indoor,1,3
00036814,"A warm, well-stocked bakery interior with a person partially visible and abundant bread displays creates a moderately memorable scene, but it's a fairly generic retail/bakery setting without a single dominant focal point.",people_present,2,2,4,3,indoor,2,2
00025779,"A close-up of a micrometer inserted into a specialized clamp/fixture on a wooden surface — an unusual and specific tool combination that creates a clear focal subject, boosting memorability through distinctiveness despite the muted tones.",none,4,4,3,2,indoor,2,1
00042870,"A dynamic harness racing scene with multiple horse-and-sulky teams rounding a dusty track, viewed from the grandstand — the action, dust, and competitive sport setting make it moderately distinctive and memorable.",people_present,3,3,4,2,outdoor,2,3
00018713,"A rare white tiger with mouth open roaring, framed by vivid yellow flowers in the foreground against a lush green background — the unusual subject combined with strong color contrast and emotional charge makes this highly memorable.",none,4,5,3,4,outdoor,1,4
00008774,"A tight close-up portrait of a juvenile bald eagle fills the frame with a single, striking and unusual subject — the sharp beak, intense eye, and detailed feather texture make this highly distinctive and emotionally compelling against a clean sky backdrop.",none,5,4,2,3,outdoor,1,4
00038274,"A generic, quiet Parisian street scene with no single dominant focal point, muted autumn colors, and no people — highly stock-photo-like and low in novelty, which significantly reduces memorability.",none,2,2,3,2,outdoor,1,1
00036411,"A classic red barn with a large flock of chickens on the ground and birds flying/perched on the roof creates a mildly distinctive rural scene, but the composition is somewhat cluttered and the subjects (people, birds, barn) compete for attention.",people_present,2,3,4,3,outdoor,1,2
00009496,"A lone boat silhouetted against a vivid golden sunset with a strong sun reflection path on calm water creates a romantically charged, visually iconic scene with a clear focal composition, boosting memorability.",none,4,3,2,4,outdoor,1,4
00056709,"A prominent, attractive woman with a striking fur-trimmed leather jacket and bold eye makeup forms a single clear focal point against a plain studio background, making this a highly memorable portrait-style image.",prominent_faces,5,4,2,2,indoor,2,3
00023590,"The glowing street lamp silhouetted against a vivid teal-to-amber twilight sky, with converging power lines creating strong leading lines, gives this scene a distinctive and atmospheric quality that drives memorability.",none,3,4,3,4,outdoor,1,3
00002840,"A close-up of a young person with traditional face paint and a stone bead necklace creates a striking, culturally distinctive portrait with strong emotional intimacy and a single clear focal subject.",prominent_faces,5,5,2,3,outdoor,1,4
00002471,"The vivid combination of bright yellow star-shaped flowers alongside a striking red-edged green succulent creates an unusual, visually distinctive macro shot with strong color contrast that drives memorability.",none,4,4,3,5,outdoor,1,3
00006357,"An abandoned, partially stripped old sedan (missing a rear wheel) sitting on a muddy lot with overgrown shrubs behind it — the missing wheel and derelict state give it a mildly striking, story-telling quality that lifts memorability above a generic car photo.",none,4,3,2,2,outdoor,1,2
00000737,"The striking, distorted reflection of a classical building across the glass facade of a modern skyscraper creates a highly distinctive and visually unusual composition that drives memorability.",none,3,4,4,4,outdoor,1,2
00043648,"A vintage black-and-white photo of a single man in a hat sitting in a small rowboat on calm water — the clear focal subject and nostalgic/historical quality give it moderate memorability, though the muted monochrome tones and somewhat generic composition temper distinctiveness.",people_present,4,3,2,1,outdoor,2,2
00058085,"A cleanly cross-sectioned apple on a pure white background creates a single, striking focal point with vivid yellow-green coloration and an interesting heart-like shape, making it moderately distinctive and easy to remember.",none,5,3,2,4,unclear,1,2
00037205,"A generic, cluttered small office with wooden paneling — no people, no striking focal point, muted colors, and a busy layout of everyday objects that makes it forgettable stock-like content.",none,2,2,4,2,indoor,2,1
00030795,The striking gesture of a child raising their arm toward clergy at a church altar creates a clear emotional focal point that makes this image memorable amid an otherwise formal religious ceremony.,prominent_faces,4,4,3,1,indoor,1,4
00035756,"A fairly generic small restaurant/canteen scene with multiple people and scattered furniture — nothing striking or unusual to anchor memory, though the people add mild human interest.",people_present,2,2,4,2,indoor,2,2
00044385,"A fairly generic office desk scene with an Apple iMac, keyboard, phone, scissors, and Japanese magazines — the clutter and lack of a single dramatic focal point reduce memorability, though the colorful magazine cover and Asian text add mild distinctiveness.",none,2,2,4,3,indoor,4,2
00012803,"A girl's smiling face photographed upside-down in the foreground creates a striking, unusual perspective that dominates the frame, making this image highly distinctive and emotionally engaging despite the cluttered background with workers.",prominent_faces,4,5,3,1,outdoor,1,4
00054267,"A man playing a soprano saxophone on stage is a clear, emotionally engaging focal subject set against a dark, moody background with stage lighting — the performance context and instrument create moderate distinctiveness and emotional charge.",prominent_faces,4,3,2,3,indoor,1,3
00002576,"The dramatic, towering coastal cliffs with vivid orange and brown striations against a blue sky create a striking and unusual natural scene, boosting memorability through distinctiveness and strong focal subject.",none,4,4,3,3,outdoor,1,3
00052211,"Two vividly colored NASCAR race cars (numbers 24 and 09) competing closely on a track creates a dynamic, action-oriented scene with clear focal subjects and high color saturation, boosting memorability.",none,4,3,3,4,outdoor,3,3
00035477,"The warm, golden-lit spa/jacuzzi interior with a distinctive thatched dome ceiling and circular stone tub creates a striking, exotic atmosphere that is visually cohesive and memorable due to its unique architecture and ambient lighting.",none,4,4,3,3,indoor,1,3
00006354,"A striking piece of street art showing a face with vivid orange hair painted on a worn stone surface — the unusual subject placement, bold color contrast, and novelty of the stencil art make it highly memorable.",prominent_faces,4,4,2,3,outdoor,1,3
00023042,"The giant novelty donut sculpture on the rooftop of Randy's Donuts is an iconic, highly distinctive landmark that immediately grabs attention and makes this image extremely memorable.",people_present,5,5,3,3,outdoor,3,3
00040381,"A white zebu cow staring directly into the camera at close range creates a strong, unusual focal point with an almost confrontational intimacy that makes it memorable.",none,5,4,2,2,outdoor,1,3
00042511,"A baseball batter caught mid-swing at the moment of contact with the ball creates a dynamic, action-frozen moment with a clear focal subject, making it moderately memorable despite being a fairly common sports photography genre.",people_present,4,3,3,3,outdoor,1,3
00039546,"A young man wearing a ""DRUG FREE"" hoodie holds a hot dog and smirks at the camera — the ironic/humorous combination of the shirt slogan and food item creates a distinctly memorable focal point with mild emotional/comedic charge.",prominent_faces,4,4,3,2,outdoor,3,3
00023363,"A highly distinctive T-800 Terminator endoskeleton figure photographed dramatically against a pure black background — the iconic skull-like robotic face is the single dominant focal point, lending strong novelty, emotional charge (menace/fear), and striking visual identity that make this image highly memorable.",none,5,5,3,2,unclear,1,4
00005145,"A single vivid pink poppy in sharp focus against a softly blurred, colorful wildflower meadow creates a striking focal point with strong color contrast and natural beauty that makes it highly memorable.",none,5,3,3,4,outdoor,1,3
00052712,"A wedding decoration scene with a clear focal point — white draped fabric tied with vivid pink/red roses — set against a clean outdoor background, creating a moderately memorable image through emotional wedding context and color contrast, though somewhat generic as a stock-style event photo.",none,4,2,2,3,outdoor,2,3
00057055,"Two elderly people sitting on a patterned rug playing a board game (likely Connect Four) creates a warm, emotionally resonant scene, but the motion blur, cluttered background, and lack of a single dominant focal point reduce overall memorability.",people_present,2,3,4,3,indoor,2,3
00035510,"A generic, softly-lit residential hallway with floral arrangements — pleasant but unremarkable, with no single dominant focal point and low novelty, limiting memorability.",none,2,2,3,2,indoor,1,2
00053122,"A lone person standing on a snow-covered street at night, dramatically lit by warm orange street lamps against a dark, wintry backdrop — the atmospheric lighting and solitary figure create a striking, emotionally evocative scene that stands out from generic winter photos.",prominent_faces,4,4,3,3,outdoor,1,4
00042473,"A cute toddler in a bright yellow hat playing with a blue bucket on the beach creates a strong, emotionally warm focal point with vivid colors and a distinctive, charming subject that drives high memorability.",prominent_faces,4,3,3,4,outdoor,1,4
00041442,"A clear baseball game scene with a batter at the plate, catcher, and umpire — recognizable and moderately interesting but a fairly common sports photo with no unusual or strongly emotional elements.",people_present,3,2,3,3,outdoor,1,2
00054203,"A smiling man working on a colorful geometric mural, peeling tape — the combination of a prominent face, vivid multi-colored wall art, and the action of creation makes this distinctive and moderately memorable.",prominent_faces,3,4,4,4,indoor,1,3
00022907,"Two smiling young women posing closely together, shown twice side-by-side — the prominent faces, vivid yellow clothing, red sunglasses, and mirrored/diptych layout add distinctiveness and emotional warmth that boost memorability.",prominent_faces,3,3,3,4,indoor,1,3
00002802,"The vivid neon green and orange color treatment of water droplets on glass creates a highly striking, psychedelic abstract image that is unusual and visually arresting, driving strong memorability.",none,2,5,4,5,unclear,1,3
00057647,"A display tray of small decorative ceramic/shell objects on a patterned rug with people standing nearby — the novelty of the unusual collection of objects on a flat display board gives it mild distinctiveness, but the cluttered arrangement of many similar small items reduces clarity of a single focal subject.",people_present,2,3,4,2,indoor,1,2
00012658,"The iconic Cloud Gate (""The Bean"") sculpture in Chicago is a highly distinctive, novel subject with a striking mirror-like surface reflecting the city skyline and cloudy sky, making it immediately memorable as a clear focal point against an urban backdrop.",people_present,5,5,3,2,outdoor,1,3
00032295,"A man with a beard gesturing mid-conversation at a table is a fairly common social scene, but the prominent face and expressive gesture create a clear focal point that aids memorability.",prominent_faces,4,2,3,2,indoor,1,2
00038740,"The large, sky-blue billboard with a flying dove and bold Spanish religious text (""DIOS ES MAS GRANDE QUE TU PROBLEMA"") dominates the frame and serves as a clear focal point, boosted by its emotionally resonant religious message and the contrast against the busy urban street scene below.",people_present,4,4,4,3,outdoor,4,4
00057618,"The long-exposure black-and-white photograph of a forest floor covered in fallen leaves, with dramatically motion-blurred tree trunks creating ethereal vertical streaks, is visually distinctive and dreamlike, boosting memorability through its unusual aesthetic and moody atmosphere.",none,2,4,4,1,outdoor,1,3
00044415,"A young man taking a photo with a camera is the clear focal subject, set in a somewhat cluttered transit/public space with glass and signage; the scene is moderately distinctive due to the candid, self-referential photography action but overall feels like a common travel snapshot.",prominent_faces,4,2,3,2,unclear,2,2
00013836,"Two smiling soldiers in formal dress uniforms holding drinks create a warm, socially engaging scene with prominent faces and a clear focal subject, boosting memorability through human connection and emotional positivity.",prominent_faces,4,3,3,2,indoor,2,3
00001263,"A lone bare tree silhouetted against a dramatically vivid pink-red-purple sunset sky creates a single striking focal point with strong emotional resonance and high color saturation, making it highly memorable.",none,5,4,2,5,outdoor,1,4
00009142,A vivid macro flower photograph presented as a creative mosaic/grid collage with scattered tile fragments — the unusual fragmented layout combined with the bold red and yellow colors and striking close-up subject makes it distinctive and memorable.,none,3,4,4,5,unclear,1,3
00038148,"A well-decorated Victorian/antique parlor room with ornate carved wooden furniture and a tufted sofa — moderately distinctive due to the period style, but ultimately a generic interior scene with no single dominant focal point and moderate clutter from books, rugs, lamps, and artwork.",none,2,3,4,2,indoor,2,2
00003019,"Three nearly identical black puppies posed together create a cute, emotionally engaging, and relatively distinctive subject with a clear focal point, boosting memorability.",people_present,4,3,3,2,outdoor,1,4
00029255,"An owl butterfly with striking eye-spot markings rests on a tree trunk — the dramatic false-eye pattern is visually novel and commands immediate attention, making this image highly memorable.",none,5,4,3,2,outdoor,1,3
00036163,"A cluttered convenience/candy store interior with a Cheerwine branded refrigerator as the most prominent element, but the scene is busy with signage, decorations, and merchandise, reducing clear focal dominance and overall distinctiveness.",none,2,2,4,2,indoor,4,2
00002853,"A plasma ball wearing headphones with a person leaning in close is a highly novel and quirky scene with a single clear focal point, vivid glowing colors, and an emotionally playful quality that makes it very memorable.",people_present,5,5,2,4,indoor,1,4
00044530,"A young child with an expressive face eating an oversized hot dog on a park bench is a charming, emotionally engaging scene with a clear focal subject and novelty in the size contrast between child and food.",prominent_faces,4,4,3,3,outdoor,1,4
00010864,"A moody, fog-drenched night scene of a pedestrian bridge alongside a busy road with striking motion-blurred vehicle light trails, creating a dramatic and atmospheric image that stands out from generic urban photography.",none,2,4,4,3,outdoor,2,3
00041562,"A close-up slice of cheesecake with vivid red berry drizzle creates a strong focal subject and appetizing emotional appeal, boosting memorability.",none,4,3,2,3,indoor,1,3
00009838,"The Six Flags New Orleans sign reading ""CLOSED FOR STORM"" is a striking and emotionally resonant image — it likely references Hurricane Katrina's devastating closure of the park, giving it strong novelty, historical weight, and emotional charge that drive memorability.",none,5,5,2,3,outdoor,3,5
00039614,"The selective color treatment (black-and-white photo with vivid colored food signs) creates a visually distinctive and novel effect, with the unusual ""Frog Legs – Totally Fried"" signage adding memorability through quirky food fair context.",people_present,2,4,4,3,outdoor,4,2
00048849,"The vivid stained glass rose window serves as a striking focal point above the ornate golden altar, set within a beautiful church interior — the combination of religious grandeur, colorful glass, and symmetrical composition makes this highly memorable.",none,4,4,4,4,indoor,2,3
00001475,"Two men posed with a small fishing boat on a river, with a dramatic industrial backdrop of smoking factory stacks — the contrast between leisure and heavy industry creates a striking, memorable composition with clear human subjects.",prominent_faces,3,4,3,2,outdoor,1,3
00054560,"A cute, cartoonish anthropomorphized apple saying mean things — the comedic irony of ""Rotten Apple"" combined with a simple, bold red character and humorous text makes this highly distinctive and emotionally engaging.",none,5,4,2,3,unclear,3,4
00041939,"A single person playing tennis on an outdoor court is a fairly common, generic sports scene with moderate clarity of subject but low novelty and emotional charge.",people_present,3,2,3,2,outdoor,1,2
00053811,"A strikingly vivid, exotic Paradise Tanager bird with brilliant turquoise, green, and deep blue plumage fills the frame as the single clear focal point against a softly blurred green background, making it highly distinctive and visually arresting.",none,5,5,2,5,unclear,1,3
00035408,"A moderately modern building with a distinctive curved white facade stands as the focal subject against a vivid blue sky with clouds, but the scene is fairly generic architecture photography with no people or strong emotional content.",none,3,2,3,3,outdoor,1,1
00041249,A USAF military transport aircraft (C-17) shot from directly below in flight against a clear blue sky — the unusual low-angle perspective and clear single subject make it distinctive and memorable.,none,5,4,3,2,outdoor,2,3
00027080,"A striking close-up portrait of a tabby cat with intense green eyes staring directly at the camera creates a strong, memorable focal point with an almost human-like stern expression.",none,5,4,2,3,unclear,1,3
00015647,"A romantic couple kissing at golden-hour sunset in an open field creates a strong emotional focal point with warm, vivid colors and an intimate, universally resonant moment that drives high memorability.",people_present,5,3,2,4,outdoor,1,5
00051002,"A red kite in dramatic mid-flight against a soft bokeh landscape background creates a single, striking focal subject with vivid warm plumage and strong dynamic energy, all of which drive high memorability.",none,5,4,2,4,outdoor,1,4
00053903,"A highly disturbing horror-styled scene of a blood-covered figure slumped over a bathtub with blood splattered across white tiles — the extreme emotional charge, striking contrast of red blood against white, and single clear subject make this exceptionally memorable.",people_present,5,5,3,4,indoor,1,5
00006384,"The stark black-and-white image of an aged, brutalist building facade with dramatic ivy creeping up the side creates a moody, somewhat eerie atmosphere, but remains a fairly generic architectural shot with moderate distinctiveness due to the contrast between the cold concrete and organic vines.",none,2,3,3,1,outdoor,1,3
00016971,"A man holds up a Nokia phone displaying a selfie of himself and a woman, creating a striking ""photo within a photo"" composition — the camera screen is the sharp focal point while the real subjects are blurred in the background, making this a novel and memorable image.",prominent_faces,4,4,3,2,indoor,2,3
00009174,Two young women with prominent faces in matching yellow lifeguard outfits create a clear focal point with strong social/emotional appeal and a mildly distinctive visual pairing.,prominent_faces,4,3,2,3,indoor,2,3
00001625,A uniquely designed illuminated table with glowing blue LED dots scattered across its surface in a dark room — the novelty of the object and the striking contrast between the glowing blue lights and the dark background make this highly memorable.,none,5,4,3,4,indoor,1,2
00027023,"A striking Renault concept car with dramatic gull-wing doors open at what appears to be an auto show — the unusual, futuristic design makes it highly distinctive and memorable as a single clear focal subject.",people_present,4,5,3,3,indoor,2,3
00024569,A tranquil lakeside dock scene with a forested hill backdrop — pleasant but fairly generic nature/travel photography with no strong focal subject or emotional drama.,none,2,2,3,2,outdoor,1,2
00037574,"A busy pottery shop interior with shelves packed full of ceramic jugs and vessels, a cluttered display table, bright red tulips as color accents, and a smiling child partially visible — the combination of novelty (handcraft setting), emotional warmth, and vivid floral pops drives memorability despite the visual clutter.",prominent_faces,2,4,5,3,indoor,1,3
00000754,An extreme close-up macro shot of a closed eye with long lashes in black and white — the intimate detail and unusual perspective make it visually striking and memorable despite minimal color.,prominent_faces,5,4,2,1,unclear,1,3
00031809,"This striking pop-art/street-art canvas painting of a stylized female figure with bold red, orange, yellow, and black graphic lines against a dark background is highly distinctive and unusual, with a single clear focal subject and vivid colors that make it very memorable.",prominent_faces,5,5,3,4,outdoor,1,4
00058713,"A dramatic full moon breaking through dark, swirling storm clouds with silhouetted palm fronds creates a striking, moody composition with a single clear focal point and strong atmospheric emotional charge.",none,5,4,3,3,outdoor,1,4
00007862,"A classic movie ""THE END"" title card overlaid on an embracing couple in a filing-room scene creates an iconic, emotionally resonant, and distinctively retro image with a single clear focal point.",people_present,4,4,3,3,indoor,3,4
00035423,"A recognizable city skyline (likely Dallas) with the distinctive green-glass Fountain Place pyramid as a landmark anchor — moderately memorable due to its iconic architectural shapes, but ultimately a somewhat generic cityscape aerial shot lacking strong emotional charge or a single dominant focal subject.",none,2,3,4,3,outdoor,2,2
00022684,"A charming rural scene with children riding horses in front of a stone church creates a culturally distinctive and emotionally warm image, boosted by the clear focal subject of the white horse and rider, but slightly reduced by the moderate scene complexity and muted overcast colors.",prominent_faces,3,4,3,2,outdoor,1,3
00004115,"A single, striking jet-black horse photographed face-on against a soft green background creates a strong focal point with high contrast, making it visually memorable and emotionally engaging.",none,5,4,2,3,outdoor,1,3
00030217,"A lone figure standing still on a subway platform while a train blurs dramatically past creates a striking contrast between stillness and motion, making this image highly memorable.",prominent_faces,5,4,3,2,indoor,1,3
00000139,"A scenic mountain valley landscape with trees in the foreground — visually pleasant but a relatively generic nature/travel scene with no single dominant focal point, no people, and moderate complexity, which limits its distinctiveness and memorability.",none,2,2,3,3,outdoor,1,2
00018785,"A highly unusual disc/oval-shaped USAF aircraft flying over desert terrain is the dominant focal point — its bizarre, UFO-like form is genuinely novel and immediately striking, driving strong memorability.",none,5,5,2,2,outdoor,2,3
00039853,"A colorful fresh salad bowl with vivid reds, greens, and yellows is the clear focal subject on a patterned teal tablecloth, with rustic chopsticks and a branded drink glass adding mild interest, but the overall scene is a fairly common food photography setup.",none,4,3,3,4,outdoor,2,2
00035535,"A person peeking out of a hand-built igloo in a snowy Arctic-like setting is a novel and distinctive focal subject that drives memorability, with colorful tents and figures in the background adding mild context without cluttering the main subject.",prominent_faces,4,4,3,3,outdoor,1,3
00043322,"A vivid pink bus with a clear destination display is the dominant focal subject, and the unusual pink color makes it distinctive against the typical urban street scene, boosting memorability.",people_present,4,3,3,3,outdoor,3,2
00035014,"A woman walking a labyrinth pattern inlaid in a wooden floor of a large hall is a moderately distinctive and contemplative scene, with a clear focal subject but low emotional intensity and muted colors.",prominent_faces,4,3,3,2,indoor,1,2
00035844,"A branded pizza kiosk (""Mike and Lou's"") inside a grocery store is a moderately distinctive retail scene with a clear focal subject, but it's a fairly generic commercial interior render with moderate complexity and low emotional charge.",none,4,3,3,3,indoor,4,2
00024710,"A weathered elderly man with a flat cap stares directly into the camera with an intense, haunting expression — the prominent face, dramatic lighting, and emotional weight of the subject make this image highly memorable.",prominent_faces,4,4,3,1,unclear,1,4
00025966,"A finger/thumb dipped into a round container viewed through a circular lens or lid creates an unusual, macro close-up composition in black and white, making it visually distinctive and novel despite its simple subject matter.",people_present,4,4,2,1,unclear,1,2
00003196,A person wakeboarding through a flooded indoor parking garage is an extremely novel and unexpected juxtaposition that creates a highly memorable image — the combination of a familiar mundane space with an extreme sport action shot is striking and unusual.,prominent_faces,4,5,3,2,indoor,1,4
00040867,"A cluttered desk scene with many objects competing for attention — lamp, clock, mug, watch, binders, magazines — resulting in no single dominant focal point, making it a fairly generic and unmemorable workspace snapshot.",none,2,2,4,2,indoor,3,1
00042866,"The dramatic action of chocolate ganache being poured onto a white-frosted cake creates a strong focal point with high visual contrast, making this image distinctively memorable.",none,4,3,3,2,indoor,1,2
00033721,"A dynamic action shot of a batter mid-swing at a baseball game, with a baserunner in the background — the athletic motion, number jersey, and American flag create a memorable, energetic sports moment.",people_present,4,3,3,3,outdoor,2,3
00056526,"A herd of pronghorn antelope moving through a snow-covered sagebrush landscape creates a moderately distinctive wildlife scene, but the animals are spread across the frame without a single dominant focal point, and the muted winter palette reduces vividness.",none,2,3,3,2,outdoor,1,2
00047647,"A covered cattle shelter with a prominent white zebu cow in the foreground tied to a trough gives a clear focal subject, but the overall scene is a fairly typical rural farm setting with moderate complexity, limiting its distinctiveness.",none,3,2,3,3,outdoor,1,2
00019372,"The striking curved wooden shelving unit under construction is a novel and distinctive focal point, elevated by the presence of two workers actively building it, which adds human context and a sense of ongoing craftsmanship.",people_present,4,4,3,2,indoor,1,2
00013969,"An extreme macro close-up of embossed lettering on a golden coin surface — the vivid saturated gold, unusual perspective, and clear abstract texture create a striking and novel image that is highly memorable despite (or because of) its abstract nature.",none,4,5,3,5,unclear,3,2
00025553,"A person wearing a vivid red outfit and a fox mask running in an open field, with a second figure partially hidden behind a bush — the surreal, theatrical combination of costume, dynamic pose, and mysterious narrative creates a highly memorable and emotionally striking image.",prominent_faces,4,5,3,4,outdoor,1,4
00007279,"A young boy in a sharp black shirt and houndstooth tie leaning against a wall creates a striking, portrait-style image with a single clear subject and an unexpectedly mature, moody aesthetic that makes it highly memorable.",prominent_faces,5,4,2,2,unclear,1,4
00028420,"A dramatic silhouette of a person photographing a large tank full of vivid orange jellyfish against a deep blue background creates a striking, emotionally engaging, and highly memorable composition with a clear narrative and visual contrast.",people_present,4,5,3,4,indoor,1,4
00057953,"A young woman in elaborate princess-like styling — tiara, bold pink makeup, colorful beaded bracelets, yellow outfit — photographed from above in a dramatically lit, artistic composition, making it highly distinctive and emotionally evocative.",prominent_faces,4,5,4,4,unclear,1,4
00024018,"A single golden-brown dried leaf resting on a perforated metal surface creates a striking contrast between organic and industrial textures, with a clear focal subject and unusual compositional pairing that boosts memorability.",none,5,4,2,2,unclear,1,2
00051442,"A vibrant pink cosmos flower dominates the center frame of a colorful birthday card, surrounded by festive illustrated elements (balloons, candles, hearts, gifts), making it emotionally warm and visually busy but with a clear focal subject.",none,4,3,4,5,unclear,3,4
00005350,"A vivid, colorful baby rattle with a shiny silver bell inside forms a clear, distinctive focal subject against a stark black background, making it highly memorable through strong color contrast and novelty.",none,5,4,3,5,unclear,1,2
00010485,"A fairly typical coastal beach scene with a rock in the foreground and waves in the background — pleasant but generic, with no people or unusual elements to drive strong memorability.",none,3,2,2,3,outdoor,1,2
00012080,"Two striking geometric origami/paper-folding pieces with radial spiral patterns on a dark background — the unusual subject matter, strong contrast, and intricate yet structured patterns make this highly distinctive and memorable.",none,4,5,4,2,unclear,1,2
00011828,"The dramatic contrast of vivid red-pink flowers and bright green leaves against a pure black background creates a striking, painterly composition that is visually memorable and distinctive.",none,4,4,3,4,unclear,1,3
00028796,"The ironic graffiti message — ""U CAN'T SPELL STUPID MORONS"" — is inherently humorous and self-contradictory, making it distinctive and emotionally engaging, while the overlaid purple spray-paint scrawl adds visual interest against the plain white wall.",none,4,4,3,2,outdoor,4,3
00049504,"A person with a bright yellow bucket over their head is a highly novel and humorous scene with a single clear focal point against a simple blue sky backdrop, making it very memorable.",people_present,5,5,2,4,outdoor,1,3
00004037,"A single woman with a distinctive expression (biting her finger, slightly squinting) leaning against a wall, with visible tattoo and midriff — the candid, slightly edgy pose and expression create moderate emotional charge and distinctiveness.",prominent_faces,5,3,2,2,outdoor,1,3
00011746,"The extreme close-up low-angle shot of a water bottle cap against a blue sky is a moderately distinctive perspective, with a single clear focal subject, but the overall scene is relatively mundane and emotionally neutral.",none,4,3,2,3,outdoor,2,1
00054437,"The striking ruins of a massive brick archway structure overtaken by vegetation creates a highly distinctive, emotionally evocative scene with clear architectural subjects that are unusual and novel.",none,4,5,4,3,outdoor,1,4
00058387,"A moody nighttime shot of ice-glazed bare branches backlit by a warm glowing light source creates a striking, atmospheric image with strong emotional resonance and visual distinctiveness.",none,2,4,4,2,outdoor,1,4
00021799,Soft-focus cherry blossoms with a clear central cluster in sharp detail against a bright white background create a gentle but emotionally evocative floral image; the dreamy bokeh and delicate pink palette are aesthetically pleasing but the subject matter (blossoms) is fairly common in photography.,none,4,2,2,3,outdoor,1,3
00049791,"The image is a minimalist landscape of rolling desert hills under a flat, overcast sky — visually clean with a clear compositional split, but its generic, muted quality and lack of a strong focal subject or emotional content make it relatively forgettable.",none,2,2,2,2,outdoor,1,2
00027573,"A strikingly unusual full-scale car sculpture made entirely of intricate bone-like or organic white lattice structures displayed at what appears to be an exhibition, creating an immediately arresting and novel focal subject that is highly memorable.",people_present,5,5,4,2,indoor,2,4
00024248,"A smiling child with a prominent face fills the frame in a casual outdoor pool setting — the clear focal subject and emotional warmth of the expression drive memorability, though the scene itself is fairly ordinary.",prominent_faces,5,2,2,3,outdoor,2,3
00004698,"A close-up macro shot of a halved orange with vivid, saturated yellow-orange colors and a single clear focal subject makes this image highly memorable despite being a relatively common subject.",none,5,3,2,5,unclear,1,2
00006242,"A person gazing upward at a chalk-covered blackboard filled with doodles and to-do list text creates a distinctive, layered composition — the contrast between the human face and the quirky chalkboard art makes this visually memorable and emotionally engaging.",prominent_faces,3,4,4,3,indoor,4,3
00049132,"The dramatic low-angle perspective of railroad tracks vanishing to a horizon under a moody, dark sky creates a striking, emotionally charged composition with a single clear focal point, boosting memorability.",none,5,4,3,3,outdoor,1,4
00051070,"A snow-covered ski town with a forested mountain slope and ski run in the background creates a picturesque but fairly common winter landscape scene, with moderate complexity from the many buildings and trees but no strong single focal point or emotional charge.",none,2,2,4,2,outdoor,1,2
00040695,"A man riding a chestnut horse with a decorated bridle, attended by a second person, creates a clear and moderately distinctive equestrian scene with two human faces and a prominent animal subject.",prominent_faces,4,3,3,3,outdoor,1,2
00011604,"The intensely saturated yellow wall with a bold red-framed barred window and a striking geometric shadow creates a visually arresting, distinctive composition that is highly memorable due to color contrast and unusual shadow play.",none,4,4,2,5,outdoor,1,3
00047519,"A vivid orange locomotive crossing a steel truss bridge over a wide river, with mountains and trees in the background, creates a striking focal subject and scenic contrast that drives memorability.",people_present,4,3,3,4,outdoor,1,2
00023387,"Two expressive young women dancing/celebrating in a crowded nightclub, with one dramatically outstretching her arm — the prominent faces, dynamic pose, and lively social energy make this emotionally engaging and memorable.",prominent_faces,3,3,4,3,indoor,2,4
00021802,"This vivid abstract digital artwork bursts with saturated primary colors (red, yellow, blue, magenta) and dynamic layered shapes — its novelty, color intensity, and abstract chaos make it highly striking and memorable despite the lack of a single clear focal point.",none,2,5,5,5,unclear,1,4
00045034,"A typical real-estate listing photo of a standard kitchen with wood cabinets and black appliances — very generic and stock-like, with no people, no strong emotional content, and a fairly cluttered but familiar scene.",none,2,1,3,2,indoor,2,1
00057844,"The striking leopard-print fur throw draped over a dark sofa is an unusual and distinctive focal element that elevates memorability, supported by the warm lamp glow and ornate gold coffee table with objects arranged on it.",none,3,4,3,2,indoor,1,2
00041677,"Three horses of different colors (pinto, white, and dark gray) leaning over a barbed wire fence toward the camera create a striking, engaging composition with clear animal subjects and a low-angle perspective that feels unusually intimate and dynamic.",none,4,4,3,3,outdoor,1,3
00036238,"A straightforward, generic exterior shot of a double garage with a dark wooden door — unremarkable suburban architecture with no people, no strong emotion, and no unusual elements to anchor memory.",none,4,2,2,2,outdoor,1,1
00052070,"A striking gyrfalcon perched on a rocky outcrop with prey beneath it stands out as a distinctive, single focal subject against a clean blue sky, boosting memorability through novelty and mild emotional charge from the predator-prey dynamic.",none,5,4,2,3,outdoor,1,3
00033603,"A young child dressed in a Superman costume sitting in a tree is a charming, nostalgic, and emotionally warm scene — the novelty of the costume combined with the adventurous setting and prominent face makes this highly memorable.",prominent_faces,5,4,3,3,outdoor,1,4
00012148,"A dramatic golden sunset silhouette scene with a lone big cat, bare tree, flying birds, and the word ""LONELY"" — the strong emotional theme, vivid warm light, and striking silhouette composition make this highly memorable.",none,3,4,3,4,outdoor,2,4
00031024,"A dramatically edited extreme close-up of a human eye with vivid amber/green iris against a black-and-white background creates a striking, unusual focal point with strong emotional intensity.",prominent_faces,5,5,2,4,unclear,1,5
00038039,"A group of people (mostly children/teens) in the foreground with a striking medieval cathedral in the background creates a dual focal point — the human element and the grand historic architecture both compete for attention, boosting memorability through the combination of social content and a distinctive landmark.",people_present,2,3,4,2,outdoor,1,2
00052323,"The eerie, blurry black-and-white pinhole/lomography photograph of a large old house covered in bare creeping vines creates a distinctly atmospheric and unsettling mood that boosts memorability through its unusual aesthetic, dark emotional tone, and striking gothic appearance.",none,3,4,4,1,outdoor,1,4
00001889,"Bare feet in sand is a relatable and mildly distinctive subject, but the low-angle personal perspective and the contrast of dark pants against golden sand give it some novelty; however, it lacks strong emotional charge or a single crisp focal point.",people_present,3,3,2,3,outdoor,1,2
00039902,"A young woman in a pink tutu dress standing on a bathroom vanity counter is a highly unusual and playful scene — the novelty of the pose, the whimsical costume, and the cluttered but intimate bathroom setting combine to make this image very memorable.",prominent_faces,4,5,4,3,indoor,1,4
00028186,"A child actively kicking a colorful ball on a beach with a clear ocean backdrop creates a warm, joyful scene with a single dominant subject and vivid color contrast, boosting memorability.",people_present,4,3,2,4,outdoor,1,3
00008991,"A close-up front view of a classic Packard automobile with a shiny chrome grille and white body is a distinctive, nostalgic subject with a single clear focal point, boosting memorability.",none,5,4,3,2,outdoor,2,3
00035798,"A generic, empty school gymnasium with bleachers and a red wall — a common, unremarkable scene with no people, no strong focal point, and low emotional charge, all of which reduce memorability.",none,2,2,3,3,indoor,1,1
00016375,"A dramatic close-up macro shot of a hairy flower bud (likely a pasque flower/anemone) bathed in vivid violet-purple tones with backlit glow creates a striking, unusual focal subject that is both visually distinctive and aesthetically captivating.",none,5,4,2,5,unclear,1,3
00057989,"Two young women standing together on a rocky beach gazing at the sea creates a relatable, emotionally warm moment, but the rear-facing pose and generic beach setting limit distinctiveness.",people_present,4,2,2,3,outdoor,1,3
00056385,"A solitary figure silhouetted against a sepia-toned urban scene with a dramatic arched bridge and bare winter trees creates a moody, atmospheric composition that is visually distinctive and emotionally evocative.",people_present,3,4,3,2,outdoor,1,3
00050007,"A dramatically lit extreme close-up of a man's face screaming/yelling against a near-black background creates a striking, emotionally intense image with a single unmistakable focal point.",prominent_faces,5,4,2,2,unclear,1,5
00043541,"A street sign for ""Echo St"" anchors the image against a backdrop of tall palm trees and a clear blue sky, giving a moderately distinctive Southern California suburban scene, but the composition is somewhat generic as a street-corner snapshot.",none,3,3,3,3,outdoor,2,2
00028460,"A flame appearing to burn directly on a human fingertip is a striking, surreal, and mildly alarming image — the combination of danger, illusion, and a single vivid focal point makes it highly memorable.",people_present,5,5,2,4,unclear,1,4
00043224,"A laptop sitting on a bare hardwood floor is a moderately unusual setup (no desk/furniture), but the scene is otherwise generic and low-energy, with muted colors and no people, keeping memorability modest.",none,3,2,2,2,indoor,2,1
00015422,"Four brightly colored syrup/condiment dispensers lined up against a vivid blue metal background create a striking, colorful composition with clear focal subjects and an unusual, memorable visual pattern.",none,4,4,2,5,outdoor,1,2
00033501,"The striking combination of ornate Islamic architectural arches, a vivid stained-glass window, warm golden lighting, reflective marble floors with a central pool, and people exploring the space creates a highly memorable and visually distinctive interior scene.",people_present,3,5,4,4,indoor,1,3
00008347,"The striking mirror reflection of bright headlights in a puddle at night creates a highly distinctive, visually arresting composition that doubles the focal impact and adds novelty.",none,4,5,3,3,outdoor,1,4
00011280,"The man wearing unusually large, novelty ""goggle"" glasses is a highly distinctive and humorous focal point that strongly drives memorability.",prominent_faces,4,5,3,3,indoor,2,3
00029858,"A warm, emotionally engaging scene of a woman hugging a child in a colorful crowd setting, with prominent faces and a clear emotional focal point that drives memorability.",prominent_faces,3,3,4,3,indoor,1,4
00047273,A man's face pressed close to a toaster oven with food inside creates a humorous and unusual composition that is highly distinctive and emotionally engaging.,prominent_faces,4,4,3,2,indoor,2,4
00036446,"A traditional African thatched-roof mud hut (tukul) in a dry savanna setting is a moderately distinctive subject with a clear focal point, but the warm muted earthy tones, simple rural landscape, and lack of people or strong emotional content keep memorability moderate.",none,4,3,2,2,outdoor,1,2
00000455,"A dramatic nighttime candlelight vigil scene with hundreds of glowing red and white candles and people reaching out to light them creates a powerful, emotionally charged and visually striking image that is highly memorable.",people_present,3,4,5,4,outdoor,1,5
00055093,A fairly generic close-up of green foliage with no dominant focal subject; the small red berries add a slight pop of color but not enough to make the scene notably distinctive or emotionally charged.,none,2,2,3,3,outdoor,2,1
00036384,"A fairly typical restaurant interior scene with no people prominently featured, muted warm tones, and a moderately set table in the foreground — pleasant but generic, offering little novelty or emotional charge to drive strong memorability.",none,2,2,3,2,indoor,1,2
00001637,"A dramatic black-and-white close-up portrait of a contemplative older man with strong chiaroscuro lighting creates a moody, emotionally resonant image with a single clear focal subject.",prominent_faces,5,4,2,1,unclear,1,4
00021545,"A Cookie Monster stuffed animal/costume wearing a blue ""I'm a noob."" t-shirt is a highly novel and humorous combination that creates strong memorability through distinctiveness and emotional amusement.",none,5,5,2,5,indoor,2,4
00014932,"The vivid, colorful retro neon signage of ""HH-Lo Cafe"" is the dominant focal subject — its vintage charm, bold typography, and saturated multi-colored letters make it visually striking and distinctive against the sky.",none,4,4,3,5,outdoor,4,3
00020687,"A fighter jet (likely a Eurofighter Typhoon) captured from directly behind in a steep bank, with both afterburners blazing — an unusual angle with vivid flame against a grey sky that makes it highly distinctive and memorable.",none,5,5,3,2,outdoor,1,4
00047021,"A dramatic steam locomotive billowing massive clouds of white steam at a station platform creates a striking, atmospheric scene with strong visual impact and nostalgic emotional charge.",people_present,3,4,3,2,outdoor,1,4
00010750,"A close-up black-and-white macro shot of a trillium flower with soft bokeh background creates a serene, elegant focal point — moderately memorable due to its artistic composition and clear subject, though the monochrome palette and quiet subject matter reduce emotional intensity and distinctiveness.",none,4,3,2,1,unclear,1,2
00030302,"A young child with a gentle smile and prominent face is the clear focal subject, shot against a simple striped background — the emotional warmth of a child's expression and the strong single focal point are the primary drivers of memorability.",prominent_faces,5,3,2,2,unclear,1,4
00033682,"A prominent female face with a slightly quirky upward expression, a name tag reading ""Veronica Belmont,"" and an outdoor urban setting creates a moderately memorable image driven by the expressive face and identifiable subject.",prominent_faces,4,3,3,2,outdoor,2,3
00029679,"A full double rainbow arching over a quaint small-town street with autumn foliage creates a striking, emotionally resonant focal point that makes this image highly memorable.",none,3,4,3,3,outdoor,1,4
00033621,"This is a highly unusual and striking large-scale sculpture of semi-trucks twisted into a loop/spiral shape, likely from Burning Man, with a crowd of onlookers providing scale — the extreme novelty and surreal subject matter make it exceptionally memorable.",people_present,5,5,4,3,outdoor,1,4
00030314,"A lone woman sitting on the floor against a door in a contemplative/melancholic pose, shot in black-and-white with a clear focal subject and moderate emotional charge from the body language suggesting sadness or isolation.",people_present,4,3,2,1,indoor,1,4
00012357,"Two people appear to be clinging to the side of a building at height, creating a highly unusual and striking scene that commands immediate attention and emotional response.",people_present,4,5,3,3,outdoor,1,5
00008381,"A young woman with a prominent, joyful expression and celebratory pose is the clear focal subject, set against a fairly ordinary suburban backdrop with a red car — her emotional energy and face drive memorability.",prominent_faces,5,3,2,3,outdoor,1,4
00004627,"Four vividly colored cocktails/shot glasses (red, teal, orange, blue) with cherries and garnishes against a sparkling bokeh background create a highly memorable, visually striking image with saturated jewel-tone colors and festive appeal.",none,4,4,3,5,indoor,1,3
00047455,"A child brushing teeth at a bathroom sink is a very common, everyday scene with no unusual elements, limiting its distinctiveness and memorability despite having a clear focal subject.",people_present,4,2,3,2,indoor,1,2
00010781,"A golden/auburn Cocker Spaniel rolling on its back in lush green grass with a joyful, carefree pose — the unusual upside-down angle, vivid warm fur against bright green grass, and the dog's expressive face make this highly distinctive and emotionally charming.",none,5,4,2,4,outdoor,1,4
00053197,"Two smiling children sitting together at a picnic table with an open rural landscape behind them — the personal, emotional moment and prominent faces make this memorable despite the otherwise generic outdoor setting.",prominent_faces,4,3,2,2,outdoor,1,4
00026661,"A plain, empty drinking glass against a neutral background — a highly generic, everyday object with no people, minimal color, and no emotional charge, though the slight amber tint and reflective glass-within-glass optical effect add a touch of visual interest.",none,4,2,2,2,indoor,1,1
00038896,"The grand ornate church façade with baroque sculpture contrasts vividly with colorful umbrellas carried by pedestrians, creating a memorable juxtaposition of historic architecture and everyday life.",people_present,2,3,4,3,outdoor,1,2
00040308,"A kitesurfing scene with multiple colorful kites — especially the vivid orange one — over a choppy ocean with several visible riders creates a dynamic, action-packed image with moderate distinctiveness and a clear focal subject in the foreground surfer.",people_present,3,3,4,2,outdoor,1,3
00007858,"A small Union Jack flag displayed on a plain green wall with a minimal bracket stand — the flag is a clear focal point but the overall scene is fairly simple and generic, with muted vignette tones reducing vividness.",none,4,2,2,3,indoor,1,2
00030392,"A small scruffy dog sitting alone on a pavement, shot in black and white with shallow depth of field — the single clear subject, direct gaze into the camera, and slightly forlorn expression give it strong emotional appeal and memorability.",none,5,3,2,1,outdoor,1,4
00024724,"A fairly generic home desk/office setup with a laptop and monitor, muted colors, no people, and moderate clutter — typical ""stock-like"" workspace scene with low novelty and emotional charge.",none,2,2,3,2,indoor,1,1
00039592,"A uniquely shaped, colorful kite with flowing ribbons against a blue sky creates a clear, novel focal point that stands out from typical kite photos.",none,5,4,2,4,outdoor,1,2
00057342,"A vividly colored parrot (lory) eating a bright orange slice on a branch is a distinctive, single-subject shot with strong color contrast and novelty, making it highly memorable.",none,5,4,2,5,outdoor,1,3
00056863,"A large, clearly detailed wolf spider photographed up close against a plain wall creates a striking, fear-inducing focal subject that is highly memorable due to its emotional (arachnophobia) charge and the novelty of the macro detail.",none,5,4,3,2,indoor,1,4
00057813,"An elderly person standing alone in a vast open field with a suitcase and chair creates a striking, emotionally evocative and narratively mysterious scene that is highly distinctive and memorable.",people_present,4,5,2,4,outdoor,1,4
00020672,"This is a visually striking indoor glass art installation (likely Chihuly glasswork) inside a greenhouse, featuring vivid blue glass sculptures amid lush plants and dramatic lighting — the combination of novelty, saturated colors, and surreal ambiance makes it highly memorable.",none,3,5,4,4,indoor,1,4
00035616,"A generic urban street scene with parked cars and buildings offers no distinctive focal point, novel element, or emotional charge, making it a fairly forgettable, stock-like image.",none,2,2,3,2,outdoor,1,1
00029453,"A close-up of a toddler making a clearly distressed or crying facial expression dominates the frame, providing strong emotional charge and a clear focal subject that drives memorability.",prominent_faces,4,3,2,2,outdoor,1,4
00043004,"The vivid yellow train filling the frame head-on creates a strong focal point, and the bold number ""158723"" plus ""First"" branding add mild text interest, but the overall scene is a fairly generic railway station shot.",none,5,3,3,4,outdoor,3,2
00007656,"A wide dark nightscape dominated by a star-filled sky with a faint Milky Way, and a distant glowing horizon with scattered lights — the dramatic contrast between the bright stars and the near-total darkness gives it a subtle but distinctive appeal.",none,2,3,2,1,outdoor,1,3
00028609,"A blizzard-swept aerial view of a snow-covered road with a lone figure near a small structure creates a somewhat dramatic, isolating scene, but the monochrome palette, heavy weather blur, and lack of a single dominant focal point reduce its distinctiveness.",people_present,2,3,3,1,outdoor,1,3
00041023,"A somewhat cluttered outdoor picnic table scene with multiple everyday objects (banana, water bottles, notebook, newspaper, plastic bag) and a person in a green knit hat — the mix of items adds complexity but lacks a single striking focal point or strong emotional hook.",people_present,2,2,4,2,outdoor,3,2
00047836,"A young child cracking an egg into a food processor is a charming, emotionally warm scene with a clear focal subject (the child and his action), which boosts memorability through novelty and emotional appeal.",prominent_faces,4,3,3,2,indoor,2,4
00056823,"A dog with expressive, guilt-ridden eyes caught in the act of eyeing/chewing a Hillshire Farm sausage on a granite countertop — the humorous, emotionally resonant narrative of a mischievous pet stealing food makes this highly memorable.",none,5,4,2,3,indoor,2,4
00034711,"A fairly generic home office/study scene with no people, no striking focal point, muted colors, and a cluttered but unremarkable layout — all factors that reduce memorability.",none,2,1,4,1,indoor,2,1
00040641,"A clock tower rising above a rooftop is a moderately distinctive architectural focal point, but the low image quality, muted colors, and generic urban setting reduce its overall memorability.",none,4,3,2,2,outdoor,1,2
00024122,"A person kayaking through floodwaters at Worcester Racecourse is a striking and unusual juxtaposition — the novelty of a kayaker navigating what should be a dry venue makes this highly memorable, boosted by the clear focal subject and emotional resonance of a flood disaster.",people_present,4,5,3,2,outdoor,3,4
00012869,"An upturned, rusty shopping cart abandoned in overgrown weeds is a mildly novel and somewhat ironic scene — the familiar object in an unusual orientation and context gives it moderate distinctiveness and a slight emotional undertone of neglect/decay.",none,4,3,3,2,outdoor,1,2
00011416,"The humorous and relatable slogan ""talk nerdy to me"" paired with the graphic glasses print on a fitted t-shirt worn by a person creates a memorable, witty focal point with mild emotional/social charge.",people_present,4,4,2,2,indoor,3,3
00003995,"A single industrial smokestack billowing a massive, dramatically shaped plume of smoke against a cold grey sky creates a striking, emotionally charged image about pollution — the strong silhouette and mushroom-cloud-like smoke formation make it highly distinctive and memorable.",none,5,4,3,1,outdoor,1,4
00019338,"A rock/metal performer dramatically lit center stage in all-black with a wide-brimmed hat creates a striking focal point, but the dark, cluttered stage background and low-light conditions reduce overall vividness and clarity.",prominent_faces,4,3,3,2,indoor,1,3
00006182,The strikingly unusual flying-saucer-shaped museum (Museu de Arte Contemporânea de Niterói) perched on a cliff is a highly distinctive architectural focal point that dramatically boosts memorability against the coastal cityscape backdrop.,people_present,4,5,3,1,outdoor,1,3
00034844,"A generic indoor bookstore/comic shop shelf scene with no people, no single focal point, and repetitive visual texture from rows of books — typical stock-like imagery with low distinctiveness and moderate complexity.",none,2,2,4,3,indoor,3,2
00026577,"The long-exposure misty water effect surrounding moss-covered rocks creates a dreamlike, serene, and somewhat melancholic atmosphere that is visually distinctive, with a clear compositional focus on the central large rock amid soft, silky water.",none,3,4,2,2,outdoor,1,3
00006455,"A man in a vivid red sweatshirt leaning casually against an old, rusty blue car on a city street creates a moderately memorable scene — the bold red clothing draws the eye and provides a clear focal subject, but the urban backdrop with signage and secondary figures adds clutter that dilutes impact.",people_present,4,3,3,3,outdoor,4,2
00026167,"The heavily corroded, decaying metal structure framed against ocean waves creates a striking, unusual composition with rich warm rust tones contrasting against cool blue water, making it visually distinctive and emotionally evocative of decay and time.",none,4,5,3,4,outdoor,1,4
00046662,"A solitary person with long dark hair reading a book on a bed, captured in moody black-and-white — the clear focal subject and contemplative atmosphere give it mild emotional resonance, but the everyday scene limits strong distinctiveness.",prominent_faces,4,2,2,1,indoor,1,3
00034926,"A warmly lit, inviting kitchen with natural wood tones and sunlight streaming through lace-curtained windows creates a pleasant but fairly typical domestic scene — memorable mainly for its cozy atmosphere and warm color palette, though it lacks a single dominant focal point or unusual subject matter.",none,2,2,4,3,indoor,1,2
00044793,"A bright red Ducati MotoGP bike leaning hard into a corner with a rider in full racing gear creates a dynamic, high-speed action shot with a clear focal subject and vivid color contrast against the blurred track background, making it highly memorable.",prominent_faces,5,4,2,4,outdoor,2,4
00023593,A person appears to levitate against a crumbling wall while holding a book that obscures their face — the surreal floating pose and hidden identity make this striking and highly memorable.,people_present,5,5,2,2,outdoor,2,3
00038567,"A historic stone abbey/monastery with a distinctive dark spire and ornate façade provides a moderately memorable architectural subject, but the composition is somewhat generic as a standard building exterior shot with a calm, neutral atmosphere.",none,3,3,3,2,outdoor,1,2
00039733,"A subway car completely filled with lush living plants is a highly unusual and novel scene, with a woman in a pink scarf as a clear focal subject walking toward the camera — the surreal combination of urban transit and dense greenery makes this extremely distinctive and memorable.",prominent_faces,3,5,5,4,indoor,1,3
00047040,A wall-mounted toilet positioned directly beneath an open window with a surprisingly scenic urban/mountain view creates an unusual and mildly humorous juxtaposition that drives memorability.,none,4,4,3,3,indoor,1,2
00057832,"A black-and-white photo of a dramatic, emotionally expressive older woman centered among a large group of younger women, creating a striking focal point with clear emotional intensity and social tension.",prominent_faces,4,4,4,1,outdoor,1,4
00004090,"The dramatic combination of a large curved net filling the frame against a stormy sky, with a lone church steeple silhouetted beneath, creates a highly unusual and striking composition that is both visually distinctive and emotionally evocative.",none,3,5,4,2,outdoor,1,4
00013706,"A single vivid orange-red autumn leaf against a stark white background creates a clean, minimalist composition with strong color contrast that makes it visually striking and memorable.",none,5,3,1,4,unclear,1,2
00009553,"A close-up portrait of a man wearing a fedora hat in black-and-white creates a clear focal point with a distinctive, moody character-driven feel that boosts memorability.",prominent_faces,5,3,2,1,unclear,1,3
00035078,"The glowing orange stage curtain is a vivid focal point in an otherwise plain, empty theater interior, making it moderately memorable due to its warm color contrast against neutral walls.",none,4,3,2,4,indoor,1,2
00041937,"A large brown dog sniffing at a food bowl on a mat in a plain indoor room — the subject is reasonably clear but the scene is dim, generic, and low in novelty, keeping memorability moderate.",none,3,2,2,2,indoor,1,2
00035521,"A lone figure standing in a vast, open tundra landscape creates a clear focal point, but the muted colors, generic outdoor scenery, and lack of strong emotional content or novelty keep memorability moderate.",people_present,4,2,2,2,outdoor,1,2
00009362,"A nighttime cityscape shot from an elevated vantage point, featuring glowing warm orange/amber city lights reflecting on water — atmospheric but somewhat generic as a night photography composition, with no single dominant focal point and moderate complexity from the scattered lights.",none,2,3,3,3,outdoor,2,2
00024780,"This abstract expressionist painting features swirling, luminous warm tones with a solitary dark figure on the left, creating an emotionally evocative and visually striking composition that is highly distinctive and memorable.",people_present,3,4,3,4,unclear,1,4
00023019,"A suspension bridge at twilight with warm pink/purple sky reflected in calm water, dotted with silhouetted sailboats — the serene, painterly atmosphere and strong compositional balance make this highly memorable.",none,4,4,3,4,outdoor,1,4
00022701,"The iconic MGM Grand hotel and casino in Las Vegas, with its distinctive teal/green glass towers, golden lion statue, and prominent MGM signage, provides a recognizable and somewhat striking landmark scene, but the busy street-level traffic and multiple competing elements reduce singular focus.",none,3,4,4,3,outdoor,3,3
00005251,"The close-up of water droplets clinging to a metal window grid, with soft bokeh background, creates a delicate and somewhat novel macro composition that draws the eye to the droplets as a clear focal subject.",none,4,3,2,2,unclear,1,2
00049462,"A swaddled newborn baby surrounded by colorful Uglydoll plush toys on a white couch is a highly memorable, emotionally warm, and novel composition with a clear focal subject.",prominent_faces,4,5,3,4,indoor,2,5
00057215,"The dramatic contrast between the dark silhouetted cloud and bright sun rays bursting from behind creates a striking, emotionally evocative sky scene with a clear focal point.",none,4,3,3,3,outdoor,1,4
00028903,"A young child playing at the beach with a bright yellow bucket is a relatable, emotionally warm scene with a clear focal subject and modest color contrast, making it moderately memorable.",prominent_faces,4,3,2,3,outdoor,1,4
00017166,"Three people making exaggerated, playful facial expressions in a close-up group shot creates a strong emotional and humorous moment that drives memorability, anchored by prominent faces and a clear social interaction.",prominent_faces,4,3,3,1,outdoor,2,4
00058226,"The dramatic HDR-processed abandoned industrial warehouse interior, with its sweeping arched ceiling, decayed floor, and eerie atmospheric lighting, creates a striking and emotionally evocative scene that is highly distinctive and memorable.",none,3,4,4,2,indoor,1,4
00016930,"A close-up portrait of a man with dramatic green-tinted lighting, curly hair, and headphones around his neck creates a striking, memorable image due to its intense gaze, unusual color grading, and clear focal subject.",prominent_faces,5,4,2,3,unclear,1,4
00016049,"A vivid, extreme close-up of multicolored (green, yellow, red, blue, white) food substance — likely colorful ice cream or candy — fills the entire frame with no clear focal point but striking color saturation and an unusual macro perspective that makes it distinctive.",none,2,4,4,5,unclear,1,2
00014955,"A tender kiss between a young child and a woman (likely mother) at a beach creates a strong emotional focal point — the intimacy of the moment, warm golden tones, and clear subject pairing make this highly memorable.",prominent_faces,5,4,2,4,outdoor,1,5
00018907,"The unusual combination of a man standing beside a vintage car with a large mysterious sphere in the foreground creates a striking, novel composition that boosts memorability.",prominent_faces,3,4,3,1,outdoor,1,2
00022331,"A close-up of an artfully stacked, unusual green food dish (likely cucumber/pear slices with fillings and black seeds) on a green plate creates a striking, novel presentation with a single clear focal point and vivid green tones that boost memorability.",none,5,4,3,4,indoor,1,2
00022521,"A wide golden wheat field dominates the foreground with vivid yellow color, but the scene is a fairly generic rural/agricultural landscape with a highway bridge in the background — striking color but low novelty and no human subjects.",none,2,2,2,4,outdoor,1,2
00007227,"A striking sunset silhouette of tall palm trees on a beach with a decorated Christmas tree visible among them — the juxtaposition of a Christmas tree on a warm beach at golden hour is distinctive and emotionally evocative, boosting memorability.",none,3,4,3,3,outdoor,1,3
00041352,"A nighttime youth soccer game scene with players on the bench in the foreground and active play in the background; the ""19"" jersey and yellow bib add mild focal points, but the scene is fairly generic as sports sideline photos go.",people_present,3,2,4,3,outdoor,2,2
00006760,"The intensely vivid golden-orange tiled floor with dramatic warm saturation and strong perspective lines creates a striking abstract quality, but the repetitive geometric pattern and lack of a clear focal subject or people limit its memorability.",none,2,3,3,5,outdoor,1,2
00010109,"A solitary figure on a beach with a white cloth draped over their head creates an enigmatic, slightly surreal scene — the anonymity and unusual presentation boost distinctiveness and emotional intrigue despite the minimalist, washed-out palette.",people_present,4,4,2,1,outdoor,1,3
00018982,"A pregnant woman meditating in a lotus pose on a bed, framed by soft draping fabric — the combination of pregnancy, serenity, and the symbolic yoga pose creates a distinctive, emotionally resonant image with a single clear focal subject.",prominent_faces,5,4,2,2,indoor,1,4
00011009,"A sleek U.S. Air Force drone (likely RQ-4 Global Hawk) displayed in a hangar provides a clear, novel focal subject with military/technological interest, boosting memorability despite muted colors and moderate text.",people_present,5,4,2,2,indoor,3,3
00025519,A yellow sunflower viewed through a swirling glass lens effect creates a visually distinctive and novel composition — the radial distortion draws the eye to the centered flower while adding unusual artistic flair that boosts memorability.,none,4,5,4,4,outdoor,1,3
00034390,"A generic, empty school hallway with no people and no striking focal point — a very common, stock-like scene that offers little novelty or emotional charge to aid memorability.",none,2,1,3,2,indoor,1,1
00029657,"A glowing, translucent glass faucet lit from within against a pure black background is a highly novel and striking object that combines everyday utility with artistic surrealism, making it very memorable.",none,5,5,2,4,unclear,1,3
00025850,"A red-and-white train locomotive approaching head-on provides a clear focal subject, but the overall scene is a fairly generic railway yard setting with moderate clutter (poles, wires, debris, buildings), muted colors, and low emotional charge, limiting memorability.",none,3,2,4,2,outdoor,2,2
00050859,"A bald man playing electric bass guitar on a lit stage — the single clear subject, dramatic stage lighting with haze, and performance context create a moderately distinctive and emotionally engaging image.",prominent_faces,5,3,3,3,indoor,1,3
00033992,"A clean, newly renovated bathroom with mosaic tiles is somewhat distinctive but ultimately a generic interior scene with no people, no strong emotional charge, and no single dominant focal point — memorability is moderate at best.",none,2,2,3,2,indoor,1,1
00006445,"A dramatically lit person costumed as Alice in Wonderland surrounded by a swirl of flying playing cards creates a highly distinctive, surreal, and visually striking scene that is very easy to remember.",prominent_faces,4,5,4,2,indoor,3,4
00005928,"A young bird (likely a gosling or chick) caught mid-action on bright green grass creates a clear, unusual focal subject with dynamic movement and soft bokeh background, boosting memorability through novelty and subject clarity.",none,5,4,2,3,outdoor,1,3
00055244,"A woman in a bold polka-dot dress photographed from a dramatic low angle against a bright sky, laughing expressively — the unusual perspective, strong emotion, and graphic pattern all boost memorability.",prominent_faces,5,4,2,1,outdoor,1,4
00040700,"A bright orange CN locomotive numbered 2283 serves as a distinctive focal point against a clear blue sky, with the large CN Intermodal container adding bold red text; the layered urban infrastructure (train elevated above a station entrance with blue canopy) creates moderate complexity but the vivid orange engine anchors memorability.",none,3,3,3,4,outdoor,3,2
00045653,"The large, bold red-and-white triangular road work warning sign dominates the foreground as a clear focal subject, set against a classic stone building and blue sky — the familiar-yet-internationally-recognizable pictogram with strong color contrast drives memorability.",none,5,3,2,4,outdoor,1,2
00036722,"A plain, small bathroom with a shower curtain, pedestal sink, and toilet — a very generic, stock-like scene with no people and low emotional charge, making it largely unmemorable.",none,2,1,2,2,indoor,1,1
00047646,A close-up of a grilled panini sandwich cut in half on a white plate with a side of fried plantains — a fairly typical food photography shot with a clear focal subject but low novelty.,none,4,2,2,3,indoor,1,2
00037450,"A fairly generic coastal landscape scene with rolling waves and a sandy beach — pleasant but not unusual or emotionally striking, with no clear single focal point and muted, slightly faded colors typical of older film photography.",none,2,2,3,2,outdoor,1,2
00050648,"A young girl with a warm smile posing confidently with hands on hips forms a clear, emotionally engaging focal subject against a plain background, boosting memorability through her prominent face and expressive posture.",prominent_faces,5,3,2,2,indoor,1,4
00046203,"Two elephants carrying riders on a stone courtyard with a distinctive curved wall in what appears to be an Indian heritage site — the unusual overhead perspective, exotic animals, and cultural novelty make this highly memorable.",people_present,3,4,3,2,outdoor,1,3
00034776,"A lone figure standing in a dramatically lit underground brick tunnel with water reflections creates a striking, atmospheric, and highly novel scene that is both visually compelling and emotionally evocative.",people_present,4,5,3,4,indoor,1,4
00056578,"The abandoned, graffiti-covered interior corridor creates a striking, slightly eerie atmosphere with strong emotional resonance; the hallway perspective provides a clear focal subject, and the colorful graffiti tags add vividness against the decaying backdrop.",none,3,4,4,3,indoor,4,4
00037744,"A large, empty industrial warehouse or airplane hangar interior with repeating steel truss structures and bright overhead lights — a generic, utilitarian scene with no clear focal subject, people, or emotional content, which significantly reduces memorability.",none,2,2,3,2,indoor,1,1
00054018,"A woman waving and carrying an American flag during a patriotic parade creates a clear focal point with emotional and cultural resonance, boosting memorability despite moderate background clutter.",prominent_faces,4,3,4,3,outdoor,2,4
00050414,"A quirky, handmade felt dog finger puppet with googly eyes stares directly at the camera against a blurred indoor background — its novelty, anthropomorphic expression, and single clear focal point make it highly memorable.",none,5,4,2,2,indoor,1,3
00026209,"A child closely inspecting bathroom faucet hardware in black-and-white creates a moderately distinctive, candid close-up scene; the unusual angle and activity (a young person doing plumbing work) add novelty, but the monochrome palette and cluttered tile/fixture background temper overall memorability.",prominent_faces,3,3,3,1,indoor,1,2
00001358,"The dramatic upward perspective of ornate Gothic fan vaulting with massive stone columns creates a striking, architecturally distinctive composition that is visually impressive and unusual, driving high memorability.",none,3,4,4,2,indoor,1,3
00032745,"A quirky, handcrafted paper/cardboard toy bird figure with a speech bubble is highly novel and distinctive, with a single clear focal subject against a plain background, boosting memorability significantly.",none,5,5,2,3,unclear,2,3
00038516,"A charming white gazebo as the clear focal subject, surrounded by vivid colorful wildflowers in the foreground, creates a picturesque and moderately distinctive garden scene that is pleasant but not highly unusual.",none,4,3,3,4,outdoor,1,3
00057077,"The striking gold/amber-colored vintage road bicycle against a deep maroon car creates a visually distinctive, clean composition with a single clear subject and warm, vivid metallic tones that make it stand out from generic bike photos.",none,5,4,3,4,outdoor,1,2
00034268,"A lone grand piano on a vast empty concert hall stage creates a striking, emotionally resonant focal point — the solitude of the instrument against hundreds of empty blue seats is both distinctive and atmospheric.",none,4,4,3,3,indoor,1,4
00015549,"This is a plain grunge/texture background with no subject, no people, no text, and minimal color variation — essentially a stock-like abstract surface that offers nothing distinctive or emotionally engaging to anchor memory.",none,1,2,2,2,unclear,1,1
00057674,"The striking graphic skull T-shirt combined with the everyday act of applying Colgate toothpaste creates a memorable contrast; the close-up framing and bold colors (red eyes, purple toothbrush, vivid shirt graphics) draw the eye, while the partial face/body and brand text add layers of interest.",people_present,4,4,4,4,indoor,2,3
00008132,"A richly stocked candy/confectionery shop with warm golden wood, vivid multicolored sweets overflowing counters and shelves — the sheer abundance and warm palette make it visually striking, though the lack of a single dominant focal point and high clutter temper memorability slightly.",none,2,4,5,4,indoor,2,3
00048678,"A group of three giraffes standing together under a large acacia tree in the African savanna creates a striking, distinctive wildlife scene with strong focal subjects and vivid natural patterns.",none,4,4,3,3,outdoor,1,3
00053718,"A bride riding a decorated white horse-drawn carriage is a distinctive, emotionally resonant wedding scene with clear focal subjects and vivid real-life ceremony context, driving high memorability.",prominent_faces,4,4,3,3,outdoor,1,4
00031146,"A lone plant growing in a sunlit patch inside a dark, decaying industrial space creates a striking contrast between life and ruin, making this image emotionally resonant and visually distinctive.",none,4,4,3,2,indoor,1,4
00030548,"The image features sunrays bursting through dramatic clouds over a tropical silhouette, which is visually appealing but remains a fairly common landscape photo type, limiting its distinctiveness.",none,3,3,3,3,outdoor,1,3
00011794,"A decorative mobile of handcrafted paper/cardstock butterflies in yellow and cream tones hanging against a plain white/grey fabric background — the repeated butterfly motif is charming and somewhat crafty/novel, but the neutral background and lack of a single dominant focal point keeps it moderately distinctive rather than striking.",none,2,3,3,2,indoor,1,2
00050560,"A snow-covered woodland cabin scene with a clear focal subject (the cozy lit cabin), vivid cool-blue winter tones, and a peaceful but emotionally evocative atmosphere that makes it moderately memorable.",none,3,3,4,2,outdoor,1,3
00033311,"A single bird in sharp flight against a plain sky creates a clear focal point, with warm golden lighting and striking wing detail boosting distinctiveness and memorability.",none,5,3,2,3,outdoor,2,2
00017887,"Two hands playing a double-keyboard organ is a moderately distinctive subject with a clear focal point, but the black-and-white color palette and common musical subject matter keep memorability moderate.",people_present,4,3,3,2,indoor,1,2
00029720,"A lone pedestrian crossing a wide zebra crossing in what appears to be a busy Asian city creates a striking contrast between solitude and the bustling urban backdrop of billboards and signage, driving memorability.",people_present,4,3,4,3,outdoor,3,3
00043845,"A striking close-up of a zebra's face with bold black-and-white stripes and unusual brown/rust markings creates a distinctive, single focal subject that is visually arresting and memorable.",none,5,4,2,2,outdoor,1,3
00049607,"A woman in striking traditional Mongolian/Central Asian ceremonial attire with an elaborate fur hat, vivid red and gold beaded headdress, and ornate costume against a pure black background creates a highly memorable portrait — the cultural distinctiveness, prominent face, and rich colors all drive memorability.",prominent_faces,5,5,3,4,unclear,1,4
00022009,"A young woman in a flowing white dress stands at the base of ancient stone steps flanked by lush hydrangea bushes — the dreamy, fairy-tale composition with a single clear human subject in a visually poetic outdoor setting drives strong memorability.",prominent_faces,5,4,3,3,outdoor,1,4
00002895,Two camera flash units mounted on blue spring clamps against a plain fabric background — a mildly unusual DIY photography setup that lacks strong emotional charge but has moderate distinctiveness due to the specific equipment arrangement.,none,3,3,3,2,indoor,2,1
00031923,A pleasant but fairly generic rural road lined with trees beside a yellow rapeseed field — a common pastoral scene that lacks a striking focal point or unusual element to make it highly memorable.,none,2,2,3,3,outdoor,1,2
00014275,"The unusually sculptural woven rattan chair with a striking spiral back design and metallic legs on a clean white background creates a strong single focal point with notable novelty in its organic, coiled form.",none,5,4,3,2,unclear,1,2
00056504,"A woman in a white robe viewed from behind in a bright, minimalist Shiseido beauty salon setting with a Hollywood-style vanity mirror creates a moderately distinctive and intimate moment, though the muted white palette and partial obscuring of the subject limit its memorability.",people_present,3,3,2,2,indoor,2,2
00040064,"A lively outdoor skate park scene with multiple young people on a halfpipe ramp, a clear brand banner, and energetic crowd — the active skate ramp with prominent figures gives moderate focal clarity, but the crowd and multiple subjects add visual busyness that somewhat reduces distinctiveness.",people_present,3,3,4,3,outdoor,3,3
00008246,"A cluttered junk drawer filled with countless small miscellaneous items creates high visual complexity with no single dominant focal point, which reduces memorability despite the relatable and somewhat nostalgic subject matter.",none,1,2,5,3,indoor,3,2
00055317,"Three friends posing closely together with prominent smiling faces and direct eye contact make this a socially engaging, emotionally warm image that is easy to remember.",prominent_faces,4,3,2,2,indoor,2,4
00004628,"A crowd of zombie-costumed people pressing their hands against a train window labeled ""VIENNA"" creates a striking, horror-themed scene that is highly unusual, emotionally charged, and visually dramatic — making it very memorable.",prominent_faces,4,5,4,2,unclear,2,5
00047885,"A dynamic baseball sliding play with two prominent players in action, strong motion blur and dust cloud creating a dramatic, high-energy moment that is visually striking and emotionally charged.",people_present,4,4,3,2,outdoor,1,4
00049772,"Winter-themed cupcakes with vivid blue fondant, white snowflake decorations, and dripping icing create a distinctive, novelty dessert presentation with a clear focal subject and appealing aesthetic that boosts memorability.",none,4,4,2,3,indoor,2,3
00010548,"A lone person sleeping against a dramatically vivid red wall creates a powerful contrast between the small, vulnerable human figure and the vast, bold background, making this image emotionally striking and highly memorable.",people_present,4,4,2,5,outdoor,1,4
00049667,"A striking close-up of a crowned stone statue of a queen or saint, photographed in high-contrast monochrome, creating a dramatic and distinctive focal subject with strong emotional and historical resonance.",none,5,4,3,1,outdoor,1,4
00034769,A sleek private jet parked in front of a branded aviation hangar under a dramatic cloudy sky creates a clear focal subject with moderate distinctiveness and aspirational emotional tone.,none,4,3,3,3,outdoor,3,2
00010565,A woman wearing a vivid red top overlaid with a detailed lace crochet shawl creates a striking color contrast and a clear focal subject — the intricate handmade textile — which drives memorability.,people_present,4,4,3,3,indoor,1,2
00032600,"A solemn Orthodox Christian funeral scene with a body in an open casket surrounded by clergy in ornate blue-and-gold vestments, candles, and flowers — the combination of death, religious ceremony, and visual grandeur makes this highly emotionally charged and distinctive.",people_present,4,5,4,4,indoor,1,5
00045191,"A teddy bear dressed in a Halloween pumpkin costume with a visible press tag creates a distinctive, novel focal subject that's moderately memorable due to its quirky holiday theme and clear single subject.",none,5,4,2,3,outdoor,2,2
00041829,"A single baseball batter in a vivid yellow Cardinals uniform mid-swing is a clear, distinctive focal subject with strong color contrast, making it highly memorable.",prominent_faces,5,4,2,5,unclear,2,3
00054662,"A highly detailed LEGO soldier minifigure with military gear, weapons, and distinctive uniform stands out as a novel and clear focal subject against a plain white background, boosting memorability through its specificity and toy-culture interest.",none,5,4,3,2,unclear,1,2
00055726,"A serval — a striking and relatively rare wild cat — sits alertly in tall grass, forming a single clear focal subject with its boldly patterned coat standing out vividly against the green surroundings, making this image memorable through novelty and distinctiveness.",none,4,4,3,3,outdoor,1,3
00041975,"A motion-blurred woman running through a sparse woodland carrying a yellow container creates a sense of urgency or mystery, making this scene distinctively narrative and emotionally charged despite moderate visual complexity.",prominent_faces,4,4,3,2,outdoor,1,4
00037546,"A warm, rustic log-cabin kitchen with a striking dark-tiled island center stage; the rich wood tones and unusual handcrafted interior give it some novelty, but it remains a fairly typical real-estate-style interior shot with no people or strong emotional trigger.",none,3,3,3,3,indoor,1,2
00018725,"A vivid, fiery sunset silhouetting a city skyline creates a strong emotional and visual impact with a clear focal point (the glowing sun), boosting memorability despite moderate complexity.",none,4,3,3,4,outdoor,1,4
00008684,"The strikingly unusual architectural design — a massive dark glass tower cantilevered dramatically over a much smaller base — creates a highly distinctive and memorable focal subject, amplified by the stark contrast against a vivid blue sky and pedestrians providing scale.",people_present,5,5,3,3,outdoor,1,3
00040188,"The ornate clock tower with its distinctive green copper cupola and two visible clock faces against a clear blue sky creates a strong, singular focal point with architectural novelty that drives memorability.",none,5,4,3,3,outdoor,1,2
00017854,"A vividly red chair with an unusual, striking design featuring many extra legs gives it high distinctiveness and a single clear focal point against a plain white background, making it highly memorable.",none,5,5,2,5,unclear,1,2
00050643,"A large, detailed close-up of a spider on a stark white background creates a striking, viscerally emotional image with a single unmistakable focal subject, boosting memorability through both novelty and instinctive fear response.",none,5,4,2,2,unclear,1,4
00045276,"The vivid all-pink tiled bathroom with a distinctive octagonal stained-glass window above the bathtub is highly unusual and striking, making it very memorable despite no people being present.",none,3,5,3,3,indoor,1,3
00034617,"A generic, empty concert hall stage with closed curtains — a fairly stock-looking interior scene with no people, moderate visual structure, and low emotional charge, though the named composers above the stage add mild interest.",none,3,2,2,2,indoor,2,2
00032377,"The provocative, shocking text ""COCAINE FOR KIDS"" on a street poster creates extremely high emotional charge and distinctiveness, making this image highly memorable despite the visual clutter of layered posters.",none,4,5,3,3,outdoor,5,5
00015837,"A stark black-and-white landscape with bare trees against an open sky creates a moody, somewhat melancholic atmosphere, but the scene is relatively generic as a nature/landscape composition, with moderate focal clarity split between the dominant foreground tree and the background trees.",none,3,2,3,1,outdoor,1,2
00047914,"A man with a focused, intense expression plays Wii in an indoor setting — the prominent face, clear single subject, and candid action pose drive memorability.",prominent_faces,4,3,2,2,indoor,1,3
00030649,"A uniquely patterned piebald dachshund puppy sitting on a couch with red and black clothing creates a memorable image due to the dog's striking and unusual tri-color coat pattern, clear single focal subject, and the inherent emotional appeal of a cute puppy.",none,5,4,2,3,indoor,1,4
00023214,"A pigeon drinking from a bird bath is a moderately distinctive moment captured clearly, with one dominant subject and lush green background providing color contrast, making it fairly memorable despite being a common outdoor scene.",none,4,3,2,3,outdoor,1,2
00017157,"A vivid, luminous blue glass flower sculpture with electric lightning-like light patterns on a clean white background creates a highly distinctive, novel, and visually striking focal subject that is strongly memorable.",none,5,5,3,5,unclear,1,4
00030205,"The layered mountain silhouettes in black and white create a moody, atmospheric composition with clear depth, but the monochromatic palette and classic landscape subject make it somewhat generic as a landscape shot, moderately memorable due to its serene tonal contrast.",none,3,3,2,1,outdoor,1,3
00000513,"A street performer dressed as Elvis Presley in a shiny costume, sticking out his tongue and gesturing dramatically, is a highly distinctive and amusing subject that drives memorability.",prominent_faces,4,5,3,1,outdoor,2,4
00023367,"The dark, moody image of a person in a huddled, vulnerable pose with a hand obscuring the face evokes strong emotional distress and has a striking, dramatic composition that makes it highly memorable.",people_present,4,4,3,2,indoor,1,5
00019716,"A woman in an apron cooking in a kitchen is a fairly common, everyday scene with moderate clarity of subject, muted colors from indoor lighting, and low emotional charge — memorable mainly due to the human presence and apron detail.",prominent_faces,3,2,3,2,indoor,1,2
00028309,"The iconic twisted Turning Torso skyscraper rising dramatically above colorful low houses creates a highly distinctive, visually striking contrast that is both architecturally novel and compositionally clear.",none,5,5,3,4,outdoor,1,3
00003146,"A row of five colorful frog figurines in vivid yellow, blue, green, red, and pink lined up on a ledge is a quirky, novel subject that creates a clear focal point and is distinctively memorable due to the unusual color variety and playful arrangement.",none,4,4,2,4,outdoor,1,3
00026068,"A laughing child being doused by a water jet is a joyful, emotionally vivid moment with a single dominant subject, making it highly memorable despite a somewhat muted color palette.",prominent_faces,4,3,3,2,outdoor,1,5
00033676,"A bird caught mid-takeoff on a wet urban curb with vivid yellow road markings creates a striking, action-frozen moment that is unusual and emotionally engaging.",none,4,4,2,3,outdoor,1,3
00011056,"The close-up cross-section of a sushi roll with vivid salmon, red roe, and layered fillings creates a striking, food-photography focal point that is visually appealing and somewhat distinctive.",none,4,3,3,3,indoor,1,2
00023503,"A black-and-white mirror selfie with two people reflected creates a visually interesting, slightly disorienting composition — the round mirror frame, motion blur on one figure, and layered reflections give it a distinctive, candid feel that boosts memorability.",prominent_faces,3,4,4,1,indoor,2,3
00020868,A young woman with a colorful striped beanie and glasses reading a book next to beer cans creates a relatable yet characterful scene — the prominent face and quirky hat boost distinctiveness and memorability.,prominent_faces,4,3,3,3,indoor,2,2
00007816,"A single red rose shot from below against a bright sky creates a clear, emotionally resonant focal point with vivid color contrast against lush green leaves — a classic but visually appealing composition that is moderately memorable.",none,4,3,2,4,outdoor,1,3
00053729,"The dramatic sun flare bursting beside a church/clock tower silhouette shot from a low angle creates a striking, unusual composition with strong emotional and visual impact.",none,3,4,3,4,outdoor,1,4
00031846,"A striking long-exposure light painting shot taken through a circular fisheye lens, featuring glowing neon-blue light trails forming graffiti-style text over a silhouetted person — highly novel and visually arresting, making it very memorable.",people_present,3,5,4,4,indoor,3,4
00001541,"A striking, novel composite image placing a recognizable face (John Lennon) over a King of Hearts playing card, with handwritten-style text snippets referencing his funeral — the cultural iconography, face prominence, and unusual collage concept make this highly memorable.",prominent_faces,4,5,4,4,unclear,3,5
00038382,"A dramatically lit Japanese temple (likely Senso-ji) at night creates a striking, novel focal point with vivid warm colors against a dark sky, making it highly memorable.",people_present,5,4,3,4,outdoor,1,4
00049006,"A young woman in a highly distinctive, elaborate pink Lolita fashion dress with bows, frills, and accessories poses confidently — the unusual costume and clear focal subject make this image highly memorable.",prominent_faces,5,5,3,3,indoor,1,3
00022853,"A man playing a rare harp guitar — an unusual, distinctive instrument — creates a strong focal point and novelty that boosts memorability, set against a clean dark background that eliminates clutter.",prominent_faces,5,5,2,2,indoor,1,3
00028528,"A close-up detail shot of a classic car's tail light and fuel cap in baby blue paint with a chrome ring is visually distinctive and elegant, with a single clear focal point (the tail light) and a nostalgic emotional quality, boosting memorability.",none,4,4,2,3,unclear,1,3
00019957,"A child performing a vibrant Native American powwow dance in a striking blue-and-yellow fringed regalia creates a highly distinctive, emotionally engaging focal subject that commands attention and is far from generic.",prominent_faces,5,5,4,5,outdoor,1,4
00054840,"A winding dirt path through overgrown, sparse trees under a cloudy sky — a fairly generic nature trail scene with no strong focal point or emotional charge, which limits memorability.",none,2,2,3,2,outdoor,1,2
00045086,"A skateboarder grinding a rail shot from a dramatic low angle creates a dynamic, action-packed moment with a clear focal subject and vivid outdoor colors, boosting memorability.",people_present,4,4,3,4,outdoor,1,3
00057527,"A laughing woman showing sand-covered hands at the beach creates a clear emotional focal point with genuine joy and a slightly quirky/novel gesture, boosting memorability.",prominent_faces,4,3,3,3,outdoor,1,4
00035365,A misty glacial corrie lake (likely an Irish or Welsh cwm) with dramatic vertical cliffs partially shrouded in fog — moderately distinctive landscape but muted colors and no people reduce memorability.,none,3,3,3,2,outdoor,1,2
00011392,"A dark, textured teddy bear sitting in a bubble bath with dramatic warm light and shadow stripes from window blinds creates a novel, emotionally evocative scene with a single clear focal subject.",none,5,4,2,3,indoor,1,3
00048526,"A hand holding an oversized hot dog with ketchup and diced onions is a mildly distinctive everyday food image; the sausage extending far beyond the bun adds a slight novelty factor, but it remains a fairly common food photo taken in a casual kitchen setting.",people_present,4,3,2,2,indoor,1,2
00005057,"A surreal, highly repetitive wallpaper of cropped female faces with red lips and bow ties, with a ghostly reflected/overlaid figure — the unusual Pop Art-style repetition and dreamlike double-exposure effect make this visually striking and highly memorable.",prominent_faces,2,5,5,3,indoor,1,4
00018501,"The striking contrast of a tall, vivid red candle burning brightly against a pitch-black background, juxtaposed with a nearly melted stub of the same candle, creates a powerful visual metaphor of life/death or time passing, making this image emotionally charged and memorable.",none,4,4,2,4,indoor,1,4
00053430,"The crumbling, half-destroyed stone building with a weathered door creates a striking, emotionally evocative scene of decay and abandonment, giving it strong memorability despite the cluttered rubble.",none,3,4,4,3,outdoor,1,4
00001048,"A generic landscape shot taken through a vehicle window, showing green fields, scattered trees, power lines, and a mountain in the background under a blue sky — pleasant but unremarkable and stock-like, with no strong focal point or emotional charge.",none,2,2,3,3,outdoor,1,2
00036385,"A dramatically active volcano with a billowing ash/steam plume rising from its cone, framed by lush tropical forest — a visually striking and emotionally powerful scene with a single dominant focal subject.",none,5,4,3,4,outdoor,1,4
00009082,"The vivid golden-yellow textured wall contrasting with the weathered wooden bench creates a striking, atmospheric composition with a single clear subject and strong color contrast that drives memorability.",none,5,4,2,4,outdoor,1,3
00052242,"A tight cluster of wild mushrooms shot from a dramatic low angle with shallow depth of field creates an unusual, almost otherworldly perspective that is visually striking and distinctive, boosting memorability.",none,4,4,3,3,outdoor,1,2
00053900,"The large, colorful cartoon cutout of a Simpsons character (Chief Wiggum) standing prominently in a convenience store creates a distinctive and novel focal point that boosts memorability above a typical retail scene.",people_present,3,4,4,3,indoor,3,2
00040079,"A black-and-white street sign intersection featuring the notably named ""Pennsylvania Ave NW"" at block 1300 creates a recognizable landmark scene, but the monochrome palette, heavy visible text, and lack of human subjects reduce overall memorability.",none,3,3,3,1,outdoor,5,2
00048490,"A recognizable tennis match scene at The Venetian Macao with multiple players on a purple court, familiar sports setting with sponsor signage, which is moderately distinctive but somewhat generic as a sports event photo.",people_present,2,3,4,3,indoor,4,2
00017542,"A lone figure reading in a vast, eerily empty stadium with striking brutalist architecture and twin towers creates an unusual, atmospheric scene with strong contrast between human scale and imposing surroundings, driving high memorability.",people_present,3,4,4,3,outdoor,2,3
00001664,"A vintage-filtered photo of a single utility pole against a pale sky — moderately distinctive due to the retro aesthetic and low-angle composition, but ultimately a common subject with muted tones and low emotional charge.",none,4,3,2,2,outdoor,1,2
00038621,"A sparse, austere prison cell replica with a wooden plank bed, tattered cloth, and a barred window — the stark, historically evocative setting gives it moderate distinctiveness and emotional charge above a generic interior scene.",none,3,3,2,2,indoor,1,3
00038458,"A sand volleyball court next to an apartment building is a fairly generic recreational amenity scene with no people, muted colors, and no strong focal point beyond the court itself, limiting memorability.",none,3,2,3,2,outdoor,1,1
00029252,"A vividly colored stained glass window featuring a heraldic coat of arms with an orange/gold shield, a castle tower, and a red animal, surrounded by decorative red scrollwork and inscribed text — the striking colors, unusual subject matter, and clear focal heraldic emblem make this highly distinctive and memorable.",none,4,4,3,4,indoor,3,2
00016800,"A vivid nighttime cityscape with glittering reflections on calm water creates a striking, atmospheric scene that is visually rich and emotionally evocative.",none,3,3,4,4,outdoor,1,3
00052183,"A striking close-up portrait of a person wearing an elaborate steampunk/goth gas mask with spikes and ornate goggles, creating a highly distinctive, emotionally intense, and visually novel focal subject that is extremely memorable.",prominent_faces,5,5,4,3,unclear,1,5
00009721,"A dark, near-abstract close-up of condensation or water droplets on a surface — it lacks a clear focal subject, faces, or strong color, making it generic and texture-heavy rather than distinctively memorable.",none,1,2,4,1,unclear,1,2
00011544,"A lone cattail stalk in the foreground against a blurred snowy/icy background with bare trees creates a moderately distinctive winter nature scene, but it's a fairly common naturalistic subject with muted, cold tones and low emotional charge.",none,4,3,2,2,outdoor,1,2
00039556,"A flat-lay of everyday consumer products (school supplies, snacks, water bottles) spread on a carpet — generic stock-like arrangement with no clear single focal point, no people, and moderate visual clutter reduce memorability.",none,1,2,4,3,indoor,4,1
00035553,"An indoor market scene with multiple vendor stalls, signage, and a display case — moderately busy but lacks a single striking focal point or strong emotional pull, making it a fairly generic commercial interior.",people_present,2,2,4,2,indoor,4,2
00006404,"A highly unusual custom chopper motorcycle featuring a toilet seat and a flat-screen TV mounted on it — this absurd, novelty combination is striking and humorous, making it very memorable despite the clean white background and absence of people.",none,5,5,3,4,unclear,2,3
00053587,"This is a vivid Byzantine-style religious mosaic depicting the Descent from the Cross, with rich gold backgrounds, multiple figures in saturated robes, and a strong emotional narrative centered on Christ's body — all of which drive high memorability.",people_present,4,4,4,5,indoor,2,5
00015736,"A young woman lying in an unusual inverted/rotated pose inside a weathered wooden boat creates a striking, novel composition with strong emotional ambiguity and a single clear focal subject.",prominent_faces,5,4,3,1,outdoor,1,4
00029930,"The London Eye dramatically lit up at night, reflected in the Thames, creates a striking and iconic focal point that is visually distinctive and emotionally evocative of wonder and scale.",none,5,4,3,4,outdoor,1,4
00045392,"A straightforward kitchen sink scene with assorted fresh fruits (apples, pears, plums/nectarines) laid out on a draining board — a common, everyday subject with no single dominant focal point, muted colors due to low lighting, and low emotional charge.",none,2,2,3,2,indoor,1,1
00011173,"A tranquil English canal scene with a charming brick building and boat reflections creates a moderately distinctive and picturesque composition, but it remains a fairly typical countryside waterway photograph that limits peak memorability.",none,3,3,3,3,outdoor,1,2
00049957,"The image is highly memorable due to the humorous juxtaposition of a woman making a grumpy face alongside a handcrafted embroidery hoop of ""Grumpy Cat,"" creating a novel, emotionally engaging, and distinctively quirky composition.",prominent_faces,4,5,3,4,indoor,2,4
00050239,"An abandoned, decayed room with a rusted old refrigerator stuffed with books and debris is a highly unusual and striking scene that creates strong memorability through novelty, emotional unease, and a single clear focal subject.",none,4,5,4,3,indoor,1,4
00045424,"A person performing a one-handed handstand while holding a skateboard upside-down is a highly unusual and acrobatic feat, making this image striking and memorable with a single clear focal subject.",people_present,5,5,2,1,outdoor,1,4
00030714,"The low-angle silhouetted shot of two people standing in shallow water at sunset creates a striking, emotionally resonant composition with a strong focal point (the sunburst between the legs), making it highly memorable despite moderate visual complexity.",people_present,4,4,3,2,outdoor,1,4
00002748,"A lone child standing confidently in a dress, shot in dramatic black-and-white with a shallow depth-of-field vignette effect, creates a striking and emotionally resonant portrait with a single clear subject.",prominent_faces,5,4,2,1,outdoor,1,4
00016711,"A white swan resting on the ground behind a rustic stone wall creates an unusual, slightly surreal focal point — the sepia tone and unexpected placement of the swan in a garden setting add novelty and mild emotional intrigue.",none,3,4,3,1,outdoor,1,3
00027451,"A single peach-toned flower cradled in cupped human hands with water droplets creates a tender, intimate focal point with warm, emotionally resonant tones that strongly drive memorability.",people_present,5,3,2,3,unclear,1,4
00012020,"Two prominent figures in the foreground holding clear bubble umbrellas on a rainy Asian street create a distinctive focal point, while the urban backdrop with signage and multiple pedestrians adds moderate complexity and a relatable emotional tone.",prominent_faces,3,3,4,2,outdoor,3,3
00022816,"The dramatically orange-lit neoclassical building facade at night creates a striking, atmospheric visual with high color saturation and an unusual lighting effect that makes it distinctively memorable.",none,4,4,4,5,outdoor,1,3
00010093,"A prominent face with direct eye contact and a nude figure against a plain background creates a strong focal point and emotional charge, boosting memorability significantly.",prominent_faces,5,4,2,2,indoor,1,4
00024225,"A tender, emotionally resonant moment between an elderly shirtless man and a young girl leaning affectionately against him creates a strong focal point and high emotional charge that drives memorability.",prominent_faces,5,4,2,2,outdoor,1,5
00050039,"A striking image of a young woman in traditional ethnic attire with ornate coin-decorated headgear holding a baby — the prominent faces, cultural novelty, and emotional mother-child bond make this highly memorable.",prominent_faces,5,5,3,4,outdoor,1,4
00035335,"A butcher in a blood-stained white robe standing next to a large hanging raw carcass in a small traditional shop creates a striking, viscerally memorable scene due to the unusual combination of the person, raw meat, and intimate setting.",prominent_faces,4,4,3,3,indoor,1,4
00045799,"A large, distinctive double-decker charter bus with bold branding ('Thompsons ~ Strathpine') dominates the frame as a clear focal subject, but the heavy text and relatively ordinary urban setting reduce novelty somewhat.",none,5,3,3,2,outdoor,4,2
00045680,"A discarded white refrigerator sitting outside on a sidewalk/curb with a handwritten ""Free"" note is a somewhat unusual and memorable scene due to its novelty and clear single subject, though the low image quality and muted tones reduce its impact.",none,4,3,2,2,outdoor,2,2
00022955,"A sad clown in the rain with a red nose and painted face is a highly distinctive, emotionally evocative subject that immediately draws the eye and sticks in memory.",prominent_faces,4,5,3,2,outdoor,1,5
00018953,"A young toddler in swim trunks spraying a red minivan with a hose is an inherently charming and novel scene — the child's small stature contrasted with the task, the dynamic water spray, and the candid emotional warmth all drive high memorability.",prominent_faces,4,4,3,4,outdoor,1,4
00019250,"The low-angle upward perspective of a spinning Ferris wheel with colorful gondolas creates a distinctive, dynamic composition that stands out from typical fairground shots, boosting memorability.",none,4,4,4,3,outdoor,1,3
00018905,"A white horse's head elegantly framed within a stone window opening against a dark background creates a striking, portrait-like composition that is both distinctive and emotionally engaging.",none,5,4,2,2,unclear,1,3
00004826,"A lone silhouetted figure against a dramatic, moody teal-tinted sky over water creates a strong emotional and focal impact — the solitude and atmospheric lighting make this image distinctly memorable.",people_present,5,4,2,3,outdoor,1,4
00049229,"The striking contrast between the mint-green ornate corner bay window and the dark red brick building creates a visually distinctive focal point, boosting memorability through unusual color treatment and architectural novelty.",none,4,4,3,3,outdoor,1,2
00051538,"The image features a person's feet wearing shiny gold/silver decorative flats next to a leopard-print shoe on a speckled terrazzo floor — the contrast between the metallic shoes and patterned floor creates a moderately distinctive but fairly common ""outfit flatlay"" style shot.",people_present,3,3,3,2,indoor,1,2
00052685,"A young woman standing beside a dark, murky covered pool in a residential backyard creates a moderately memorable scene — the unusual, somewhat eerie appearance of the black-lined pool contrasts with the casual suburban setting and the girl's relaxed pose.",prominent_faces,4,3,3,2,outdoor,1,2
00007488,"A close-up portrait of a young woman with long blonde hair glancing back over her shoulder in a soft sepia-toned outdoor setting — the prominent face and intimate gaze create strong focal clarity and moderate emotional engagement, while the muted tones and fairly common portrait style keep distinctiveness moderate.",prominent_faces,5,3,2,2,outdoor,1,3
00021178,"The arched stained-glass window casting dramatic patterned light onto a dark stone floor creates a striking, atmospheric focal point with strong contrast, making it visually memorable despite the sparse, muted palette.",none,4,4,2,2,indoor,1,3
00047526,"A clear focal subject (batter at the plate) in a recognizable baseball game setting makes this moderately memorable, though the generic sports photography style and muted colors limit distinctiveness.",prominent_faces,4,2,3,2,outdoor,1,2
00054299,"A close-up portrait of a small dog (likely a Chihuahua mix) with large expressive eyes looking directly at the camera creates a strong emotional connection and clear focal subject, boosting memorability despite the monochrome palette.",none,5,3,2,1,unclear,1,4
00023031,"The banner features a prominent female runner with a clear race number, bold event text (2008 Boston Marathon), and a sponsor logo — the combination of a recognizable athletic event, a clear human subject in action, and vivid blue tones makes this moderately distinctive and memorable.",prominent_faces,4,3,3,4,outdoor,4,3
00024519,"A flooded urban street with submerged infrastructure and utility poles creates a striking, emotionally impactful scene of natural disaster, boosting memorability through novelty and emotional charge despite moderate visual complexity.",none,3,4,3,2,outdoor,2,4
00016732,"A tightly packed shelf of vinyl record spines in black and white — recognizable to music lovers but ultimately a generic, text-heavy, flat composition with no single focal point or emotional subject, which limits memorability despite mild nostalgic appeal.",none,2,2,4,1,indoor,5,2
00054624,"A colorful, densely packed spread of Japanese kawaii sticker sheets and stationery with many cute cartoon characters creates a visually rich and novel scene that stands out due to its cultural distinctiveness and vivid colors, though the sheer variety of items creates clutter and reduces single focal point clarity.",none,2,4,5,4,indoor,3,3
00041982,"A vintage black-and-white photo of a classic multi-engine propeller aircraft labeled ""Island Air Service / U.S. Mail"" with a small group of people nearby creates a historically distinctive and moderately memorable scene, anchored by the plane as a clear focal subject.",people_present,4,4,3,1,outdoor,3,2
00017199,"A laughing young woman doing a leapfrog-style pose in the foreground creates a strong, joyful focal point, boosted by the fun social activity, warm vintage-toned colors, and dynamic low-angle perspective that makes the scene distinctively memorable.",prominent_faces,4,4,3,3,outdoor,1,4
00019412,A tiny baby bunny nestled in a plaid pocket alongside a vivid pink gerbera daisy is an unusually charming and novel composition that creates strong emotional warmth and a single clear focal point.,none,5,5,2,4,unclear,1,5
00014847,"A beautifully groomed Shetland Sheepdog standing on a log against a soft green background creates a single, clear, emotionally appealing focal point with vivid warm fur tones that drives memorability.",none,5,3,2,3,outdoor,1,3
00011118,"The distinctive latticed pedestrian bridge connecting modern and classical architecture over a busy urban street creates a novel focal point, boosted by the dramatic cloudy sky and warm-lit stone buildings, making this scene moderately memorable despite some visual clutter from traffic and signage.",people_present,3,4,4,3,outdoor,2,2
00014654,"A cluster of small wild mushrooms growing from a weathered wooden log, captured with shallow depth-of-field macro photography — the unusual subject matter, tight focal point, and warm earthy tones make this genuinely striking and memorable.",none,4,4,2,2,outdoor,2,2
00032063,"An upside-down face with wide, intense eyes staring directly at the viewer, wrapped in a fluffy robe against a textured metallic floor — the unusual orientation and unsettling gaze make this highly distinctive and emotionally charged.",prominent_faces,5,5,3,3,indoor,1,4
00036665,"The interior of a vintage Airstream trailer is somewhat distinctive and novel compared to typical indoor scenes, but the muted colors, lack of people, and relatively sparse composition keep memorability moderate.",none,2,3,2,2,indoor,1,2
00005124,"A close-up of a woman crying with hands clasped in prayer creates a powerful emotional focal point — the tear, dramatic eye makeup, and prayer gesture combine to make this highly memorable and emotionally resonant.",prominent_faces,5,4,2,1,unclear,1,5
00044665,"A large, wet grizzly bear in a dramatic pose against a rocky backdrop creates a striking, emotionally charged image with a single clear focal subject and vivid natural tones.",none,5,4,2,3,outdoor,1,4
00017341,"A cemetery scene with rows of gravestones covered in fallen autumn leaves, framed by a dramatic dark vignette — the combination of death symbolism, eerie atmosphere, and seasonal decay creates strong emotional charge and distinctiveness.",none,2,4,4,3,outdoor,1,4
00029966,"A smartphone on a stand displaying a webpage in a dark room — the glowing screen creates a clear focal point, but the content is generic and text-heavy, limiting distinctiveness and emotional impact.",none,4,2,3,2,indoor,4,2
00007335,"A striking close-up macro shot of a purple and white iris with a yellow beard against a clean white background creates a clear focal subject with vivid color contrast, boosting memorability.",none,5,4,3,4,unclear,1,3
00044795,"A moderately distinctive beach scene with surfers carrying a colorful board providing a focal point, but the overcast sky, muted colors, and multiple dispersed figures reduce memorability.",people_present,3,2,3,2,outdoor,1,2
00010009,"A lone white cottage with a red roof sitting on a golden hillside under a vivid deep-blue sky creates a clear focal point and a somewhat striking, solitary mood, but the overall composition is a fairly classic rural landscape scene that limits novelty.",none,4,3,2,4,outdoor,1,2
00057506,"A mother kissing a smiling baby with a beautiful water ripple reflection creates a deeply emotional, tender moment with prominent faces and a visually unique composition that is highly memorable.",prominent_faces,5,4,3,2,unclear,1,5
00006328,"A field of vivid blue/purple daisy-like flowers with yellow centers fills the frame in a pleasing, somewhat unusual color combination, giving it moderate distinctiveness and good focal clarity as a floral subject, though the repetitive pattern adds complexity without a single dominant focal point.",none,3,3,3,4,outdoor,1,2
00056915,"A humorous/meme-style wedding photo showing a bride being fed cake in an exaggerated, comedic way — the novelty, humor, prominent faces, and bold overlaid text make it highly memorable.",prominent_faces,4,4,3,2,indoor,3,4
00021687,"A single small bird perched on a branch, viewed from behind in a puffed-up, almost perfectly round pose against a vivid warm bokeh background — the unusual angle and shape make it charming and novel, boosting memorability.",none,5,4,2,4,outdoor,1,3
00043914,"Two matching blue-and-white Chinese porcelain candlestick holders on a wooden surface are visually distinctive objects with clear focal subjects, vivid color contrast, and moderate cultural/aesthetic interest that aids memorability.",none,4,4,3,4,indoor,1,2
00004160,"A close-up black-and-white portrait of a smiling woman with a prominent face filling the frame — the clear focal subject and warm emotional expression drive memorability, though the monochrome palette and relatively conventional portrait style limit distinctiveness.",prominent_faces,5,2,2,1,unclear,1,3
00046135,"A man with glasses eating directly from a banana split with a spoon is a quirky, slightly unusual focal action that draws attention; the prominent face and expressive open mouth add emotional engagement and novelty.",prominent_faces,4,4,3,2,indoor,1,3
00014749,"A close-up macro shot of a white feather's rachis and barbs fills the frame — the fine parallel texture and soft tonal variation are subtly interesting but the muted palette, near-monochromatic color, and absence of people or strong emotional content keep memorability modest.",none,4,3,2,1,unclear,1,2
00007886,"A highly memorable image featuring an adorable Corgi puppy as the single dominant focal point, set against a lush green meadow with daisies and a colorful toy ball — the emotional appeal of the cute puppy combined with the vivid, clean composition drives strong memorability.",none,5,3,2,4,outdoor,1,4
00043693,"A plain, generic hotel/residential bathroom with a white shower curtain and tub — highly forgettable due to its mundane, stock-photo-like quality with no people, no strong colors, and no unusual elements.",none,3,1,2,1,indoor,1,1
00010882,"A lone figure pressed dramatically against a graffiti-covered wall in a high-contrast black-and-white street scene creates a striking, emotionally ambiguous moment that draws the eye and provokes curiosity.",people_present,4,4,3,1,outdoor,3,4
00031109,"A notebook or case covered in a detailed city map (appears to be Tokyo) is a distinctive and novel object that serves as a clear focal point, boosting memorability despite the visual clutter from dense map text.",none,4,4,4,2,indoor,5,2
00010739,A shirtless man wearing a novelty rooster/chicken mask is a highly unusual and striking combination that makes this image immediately memorable due to its absurdist humor and distinctiveness.,prominent_faces,5,5,2,3,indoor,1,4
00009372,"This abstract painting uses dramatic, high-contrast colors (deep black, vivid red, and metallic gold) with fluid, dynamic brushwork that creates a striking and emotionally charged focal point, making it highly memorable.",none,3,4,3,4,unclear,1,4
00051661,"A white Chihuahua with eyes squinted and a smug/satisfied expression basking in sunlight — the dog's human-like facial expression is highly distinctive and emotionally engaging, making this image very memorable.",none,5,5,2,2,outdoor,1,4
00046649,"A smiling young woman lying on a park bench with bare feet raised is a clear, emotionally warm focal subject set against a pleasant outdoor background — the prominent face and cheerful expression drive memorability.",prominent_faces,5,3,2,3,outdoor,1,3
00031428,"The striking aerial/bird's-eye perspective of pedestrians and long dramatic shadows on cobblestones creates a highly unusual, visually distinctive composition that strongly drives memorability.",people_present,2,5,4,2,outdoor,1,3
00017338,"A bizarre, highly unusual art car (likely from Burning Man) covered in a lattice of circular tubes/rings forming a fish or creature shape, with tall white fins/sails on top — its extreme novelty and one-of-a-kind sculptural form make it highly memorable.",none,5,5,4,3,outdoor,1,3
00022438,"A live concert scene bathed in vivid blue stage lighting with two guitarists performing in front of large projection screens, creating a visually striking and emotionally charged atmosphere that stands out from generic imagery.",people_present,3,4,4,4,indoor,1,4
00045087,"A fluffy golden dog photographed from an unusually low, close-up angle dominates the frame, creating a distinctive and endearing perspective that drives memorability.",none,4,4,3,2,outdoor,1,3
00020613,"A striking macro shot of a water droplet column with a starburst light flare against a pure black background — highly novel, visually arresting, and with a single unmistakable focal point that drives strong memorability.",none,5,5,2,3,unclear,1,3
00020871,"Fragments of torn, multicolored painted canvas pieces scattered on a wooden surface create an unusual, abstract composition that is visually striking and novel, boosting memorability through distinctiveness and vivid color contrast.",none,2,4,4,4,indoor,1,3
00012704,"A simple hand-drawn sketch comparing the Bible to Google with an arrow, featuring minimal detail and muted tones — the conceptual novelty (religious-vs-digital commentary) gives it some distinctiveness, but the low color, sparse linework, and lack of people keep it relatively unmemorable visually.",none,3,3,2,1,unclear,2,2
00030477,"The dramatic stormy sky dominating the frame combined with the vanishing-point road creates a striking, emotionally evocative composition with a clear focal subject and vivid contrast between dark clouds and bright highlights.",none,4,4,3,4,outdoor,1,4
00034836,"A tall white tower building dominates the frame as a clear focal point against a vivid blue sky, with lush green trees in the foreground and a secondary building visible — fairly standard urban skyline composition that limits distinctiveness.",none,4,2,3,3,outdoor,1,2
00031412,"The scene features snow-capped rocks reflected in calm, still water — a tranquil winter landscape with a soft, muted palette. The reflections add mild visual interest, but the scene is relatively generic as outdoor nature photography goes, with no strong focal subject or emotional charge.",none,2,2,3,2,outdoor,1,2
00025223,"The embroidery hoop with a detailed hummingbird and cherry blossom cross-stitch, surrounded by colorful thread skeins, forms a clear and somewhat distinctive craft subject with vivid colors that elevate memorability.",none,4,3,3,4,indoor,2,2
00028904,"The vivid orange chrysanthemums with a hand touching them create a warm, emotionally inviting image with a clear focal point — the central flower — and striking color contrast against the white background, boosting memorability.",people_present,4,3,3,5,unclear,1,3
00006437,"A dramatic, dark composite photo featuring multiple women in edgy black outfits with a clear dominant foreground figure, moody lighting, and a stylized artistic composition that makes it visually striking and emotionally charged.",prominent_faces,3,4,4,2,unclear,1,4
00004545,"A close-up of a smiling man's face with warm, dramatic lighting creates a clear focal point and emotional warmth, boosting memorability.",prominent_faces,5,3,2,2,indoor,1,3
00030187,"A close-up of a dachshund with a hilariously long, extended tongue creating a striking, amusing, and highly memorable image with a single clear subject and strong emotional appeal.",none,5,5,2,3,outdoor,1,4
00036689,"A generic, quiet country lane flanked by green hedgerows and trees — a common, unremarkable rural scene with no people, no focal subject, and low emotional charge, all of which significantly reduce memorability.",none,2,1,2,3,outdoor,1,1
00054888,"A vivid yellow measuring tape coiled around what appears to be a slim human waist creates a striking, emotionally charged image tied to body image and dieting, with a clear focal subject and bold color contrast against pale skin.",people_present,4,3,3,4,unclear,3,4
00008451,A close-up portrait of a young woman with striking red lipstick and warm golden lighting creates a clear focal point and emotional presence that makes this image highly memorable.,prominent_faces,5,3,2,3,indoor,1,3
00006692,A printed document/flyer with bold yellow bands and clear typographic layout on a wooden surface — moderately distinctive for its graphic design style but ultimately text-heavy and object-focused with no people or strong emotional content.,none,4,3,2,4,indoor,4,1
00000900,"White and orange wildflowers with shallow depth-of-field creates a pleasant but fairly common nature macro shot; the bokeh background and single in-focus flower cluster provide moderate focal clarity, but the subject matter is generic floral photography with no strong emotional charge or novelty.",none,3,2,3,3,outdoor,1,2
00040140,"A cat resting on a colorful striped quilt on a bed is a moderately memorable scene — the vivid multi-colored bedspread adds color interest, but the overall composition is a fairly common ""pet on bed"" snapshot with no unusual elements or strong emotional charge.",none,3,2,3,4,indoor,1,2
00010308,"A mother gorilla with a baby clinging to her back is a highly emotionally resonant and distinctive subject — the parental bond between animals is universally relatable, the composition is tight with a single clear focal point, and the moody dark tones add drama.",none,5,4,2,2,unclear,1,4
00051437,"A smiling young woman with a clear, warm expression dominates the foreground, making her the strong focal subject; the prominent face and emotional warmth drive memorability.",prominent_faces,5,3,2,2,indoor,1,3
00032892,"The large ""DRUGS"" sign dominating the foreground, combined with two people flanking it on a city sidewalk, creates a striking and somewhat humorous/ironic composition that is highly distinctive and memorable.",people_present,3,4,3,2,outdoor,4,3
00000221,A man sitting on a floor with a baby in a carrier while using a laptop is a distinctively human and emotionally resonant scene — the juxtaposition of modern tech use and infant care in a public hallway makes it novel and memorable.,prominent_faces,4,4,3,1,indoor,1,4
00033067,"The bold, quirky monster-letter art installation on the wall is highly distinctive and novel, creating a strong focal point above a clothing rack in what appears to be a boutique shop.",none,4,5,4,5,indoor,3,3
00056840,"A striking Celtic cross gravestone dominates the foreground against a green Irish cemetery with a white church — the ornate cross provides a clear focal point with emotional and cultural weight, boosting memorability.",none,4,4,3,3,outdoor,1,3
00050412,"A sharp, dramatic close-up of an osprey in mid-flight heading directly toward the camera with wings fully spread creates a powerful, unusual focal point that is both visually striking and emotionally charged.",none,5,4,2,2,outdoor,1,4
00043507,"A vivid yellow vintage Navy trainer aircraft displayed indoors is a striking, unusual focal point that commands attention and is highly memorable due to its bold color, historical novelty, and clear subject dominance.",none,5,4,3,5,indoor,2,3
00008867,"A lone red rose lying on a reflective water surface creates a poetic, emotionally charged composition with a single clear subject, vivid color contrast, and an evocative mood of loss or romance that makes it highly memorable.",none,5,4,2,4,unclear,1,4
00050907,"A shirtless man in traditional Pacific Islander/Polynesian ceremonial attire with feathers and bead necklaces, making an intense aggressive facial expression with tongue out and raised fist — the dramatic pose, cultural novelty, and strong emotional charge make this highly memorable.",prominent_faces,4,5,3,3,outdoor,1,5
00033915,"An empty theater interior with a single dominant red curtain on stage creates a clear focal point, but the scene is a fairly generic, recognizable setting with muted warm tones and no people, limiting emotional charge and distinctiveness.",none,4,2,3,2,indoor,1,2
00047208,"A person holding a large windsurfing sail on a wide open beach with a kite in the sky creates a moderately distinctive scene, but the silhouetted figures, muted tones, and expansive empty sky reduce overall impact.",people_present,3,3,2,2,outdoor,1,2
00053569,"A dramatic black-and-white lightning bolt striking a town at night creates a powerful, emotionally charged focal point that is both visually striking and unusual, driving high memorability.",none,4,4,3,2,outdoor,1,4
00006474,"The unusual dual-perspective composition — showing both a woman submerged underwater from behind and the photographer's own feet at the pool's edge — creates a striking, novel viewpoint that drives memorability.",people_present,3,4,2,3,outdoor,1,3
00014218,"A young woman with a warm, radiant smile and striking blue eyes looking up at the camera creates a strong emotional connection and a single, clear focal point that drives high memorability.",prominent_faces,5,3,2,3,outdoor,1,4
00053496,"A lively poolside social scene at what appears to be a Las Vegas resort, featuring a standing woman in a blue bikini as the dominant foreground subject interacting with several people in the pool — the social dynamic and vacation setting give it moderate memorability.",prominent_faces,3,3,4,3,outdoor,2,3
00026829,"A dramatic, tall waterfall plunging into a rocky stream surrounded by vivid green vegetation creates a single powerful focal point with striking natural beauty and emotional resonance.",none,5,4,3,5,outdoor,1,4
00024960,"A striking black-and-white macro shot of a spiraling plant tendril silhouetted against a soft blurred background — its unusual curling form and graphic contrast create a highly distinctive, art-like composition with a single clear subject.",none,5,5,2,1,unclear,1,3
00049621,"A large, fluffy dog (likely a Great Pyrenees mix) with a warm golden-white coat fills the frame with a clear, expressive face and open mouth — the prominent animal face and emotional warmth make this highly memorable.",none,5,3,2,2,outdoor,2,3
00037778,"Two people communicating through a barred window creates a striking, emotionally charged scene — the red iron bars act as a strong compositional element and imply separation/confinement, making this image highly memorable.",prominent_faces,4,4,3,2,outdoor,1,4
00001121,"A dramatic silhouette of an ornate goblet filled with swirling smoke or light patterns against a vivid electric blue background creates a highly distinctive, otherworldly, and visually striking image with a clear focal subject.",none,5,5,3,5,unclear,2,4
00043018,"A young toddler wearing a blue helmet and standing on a skateboard is an inherently charming and emotionally warm scene — the combination of the child's small size relative to the board and the safety helmet creates a novel, memorable, and emotionally engaging focal subject.",prominent_faces,5,4,2,3,outdoor,1,4
00055067,"A group of young women in colorful, recognizable costumes (Wonder Woman, animal, superhero, etc.) at a party creates a highly memorable image due to the prominent faces, vivid costumes, and fun social energy.",prominent_faces,4,4,3,4,indoor,1,4
00018898,"A striking close-up of intense light refracting through a lens or optical element onto a warm amber surface, creating a dramatic starburst focal point — the novelty of the optical phenomenon, vivid warm tones, and single bright focal point make this highly memorable.",none,4,4,3,4,unclear,1,3
00057159,"This is a technical land survey/plat map for a Wal-Mart in League City, with dense text, data tables, and complex boundary lines — heavily utilitarian and generic in visual appeal, with no clear emotional or distinctive focal subject.",none,2,2,4,1,unclear,5,1
00053096,"A weathered elderly man in a suit jacket stands out strikingly against a background of shirtless people at an outdoor gathering, creating an unusual and memorable contrast that draws strong focal attention.",prominent_faces,4,4,3,2,outdoor,1,3
00010571,"A person with dramatic horror-style makeup (fake blood on face and arm) looking upward in a bathroom setting — the striking, emotionally unsettling imagery combined with a clear single subject and vivid red blood contrast makes this highly memorable.",prominent_faces,5,4,2,3,indoor,1,5
00008566,"A dramatic close-up of a rubber boot splashing through water in black and white — the motion blur, high contrast, and action-frozen water splash create a striking, dynamic focal point that elevates memorability.",people_present,5,4,3,1,outdoor,1,3
00015955,"A child's curious eyes peering closely at a vivid red apple creates a charming, emotionally engaging composition with a single clear focal point and a sense of wonder that makes it highly memorable.",prominent_faces,5,4,2,4,unclear,1,4
00023272,"The dramatic backlit silhouette of a pier stretching to the horizon, with a glowing sun breaking through clouds and lamp posts creating strong leading lines, gives this image a striking, atmospheric quality that drives high memorability.",none,4,4,3,2,outdoor,1,4
00026461,"A clean, elegantly composed still-life of a cream rose bouquet, pearl necklace, and silver satin clutch bag creates a moderately memorable bridal/fashion vignette — distinctive enough in its styling but somewhat stock-like in its product-photography feel.",none,3,3,2,2,indoor,1,3
00020494,"A small French Bulldog wearing a blue sweater looks directly up at the camera with big expressive eyes — the costume, direct gaze, and charming expression make this highly memorable and emotionally engaging.",none,5,4,2,3,indoor,1,4
00035341,"A vertical-lift bridge with a ship passing underneath is a moderately distinctive industrial scene with a clear focal subject, muted vintage postcard colors, and low emotional charge.",none,4,3,3,2,outdoor,1,2
00033725,"The iconic curved shells of the Sydney Opera House against a clean, gradient blue sky create a highly distinctive and recognizable architectural image with a clear focal subject and minimal clutter.",none,4,5,2,3,outdoor,1,3
00054907,"A close-up of tiny baby feet and chubby legs in a colorful polka-dot onesie evokes strong emotional warmth and tenderness, making it highly memorable despite the relatively simple composition.",people_present,4,3,2,2,indoor,1,4
00015380,"An abandoned, worn green couch sitting on a city sidewalk next to piles of trash bags is an unusual and slightly melancholy urban scene — the novelty of oversized furniture as street garbage gives it a strong, clear focal subject and a memorable, distinctly ""found"" quality.",none,4,4,3,2,outdoor,1,3
00054062,"A young person with prominent glasses and a warm smile sits at a café table — the clear facial subject and mild emotional warmth drive memorability, though the scene is fairly ordinary.",prominent_faces,4,2,2,2,indoor,1,3
00051192,"A warm, intimate close-up of a scone on bread with a jam jar creates a cozy but fairly generic food scene — memorability is driven mainly by the warm color tones and the legible French jam label, though the subject matter is common.",none,4,2,2,3,indoor,2,2
00021008,"A woman with a direct, serious expression holds up a wire coat hanger in an unusual, confrontational pose against a stark dark background — the odd subject matter, emotional ambiguity, and strong focal point make this highly memorable.",prominent_faces,5,4,2,3,indoor,1,4
00028403,"A close-up of rusty, weathered traffic/railroad signal hardware with multiple red lights lit creates a moderately distinctive industrial composition — the rust textures and tight framing give it some visual interest, but it lacks a human subject or strong emotional narrative.",none,3,3,4,3,outdoor,1,2
00021094,"A single, sharply-lit rotten apple with vivid orange-red hues and dramatically wrinkled skin on a wooden surface — the unusual texture and decay make it visually striking and emotionally evocative despite being a simple composition.",none,5,4,2,4,indoor,1,3
00005501,"A high-speed macro shot of a liquid crown splash with warm amber/brown tones creates a visually striking, novel, and technically impressive focal subject that is highly memorable.",none,5,4,3,3,unclear,1,3
00015032,"A lone figure walking away down a straight dirt path flanked by vegetation creates a solitary, somewhat melancholic mood, but the black-and-white palette, generic composition, and lack of a visible face reduce distinctiveness and emotional punch.",people_present,4,2,3,1,outdoor,1,3
00010150,A tranquil tree-lined canal with dappled sunlight and reflections creates a pleasant but somewhat generic parkscape; a lone distant figure adds mild human interest but the scene remains a fairly common nature/park composition.,people_present,3,2,3,3,outdoor,1,2
00042803,"A group of people riding an elephant through a misty, foggy forest is a novel and striking scene — the elephant as a mount with riders is inherently distinctive and emotionally engaging, though the muted, foggy atmosphere and muted colors reduce vividness somewhat.",people_present,4,4,3,2,outdoor,1,3
00042519,"A colorful, close-up food spread on a plate with vivid reds, greens, and oranges from tomatoes, olives, peppers, and other items creates a visually rich but cluttered scene with no single dominant focal point, making it moderately memorable due to color and food variety but lacking a clear subject.",none,2,3,4,4,indoor,1,2
00009039,"A dramatically processed, moody image of a rusted, abandoned water tower silhouetted against a dark, stormy sky with golden overgrown grass — the strong silhouette, post-apocalyptic atmosphere, and artistic texture overlay make it visually striking and emotionally evocative.",none,5,4,3,3,outdoor,1,4
00025968,"The Matrix DVD case and disc combo is a recognizable, culturally iconic film artifact with prominent faces and a distinctive mirrored/flipped text effect, giving it moderate novelty; the dark, green-tinted moody palette and multiple characters add emotional charge, though the dim lighting and graininess reduce vividness and clarity somewhat.",prominent_faces,3,3,3,2,unclear,3,3
00018711,"Two glowing candles in warm golden light with a striking triangular wrought-iron holder casting bold geometric shadows create a moody, atmospheric scene with a clear focal subject and moderate novelty.",none,4,3,3,3,indoor,1,3
00040396,"A candid social scene in a dark bar/restaurant with three men in the foreground — the central figure looking at his phone is the clearest focal point, but competing subjects and a cluttered, dark background with balloons reduce distinctiveness and overall memorability.",prominent_faces,3,2,3,2,indoor,1,2
00008543,"A person standing in a dramatic aquarium tunnel with fish overhead creates a highly memorable, visually striking scene — the unique underwater tunnel environment, vivid blue lighting, and lone silhouetted figure combine novelty, emotional wonder, and a clear focal subject.",people_present,4,5,3,4,indoor,1,4
00040000,"A single athlete mid-swing with a tennis racket is the clear focal subject; the black-and-white treatment and dark background isolate him well, but the monochrome palette and relatively common sports-action framing keep it from being truly striking.",prominent_faces,5,3,2,1,outdoor,2,3
00021469,"A lemon rigged with metal plates, copper wire coils, and a glowing LED is a highly unusual and novel science-experiment subject that immediately grabs attention and is very easy to remember.",none,5,5,4,3,unclear,1,3
00044942,"A female tennis player caught mid-serve in a dramatic airborne pose with her leg raised high, casting a striking shadow on the court — the dynamic athletic action and unusual body position make this highly memorable.",people_present,5,4,2,3,outdoor,1,3
00033998,"A desert canyon with a surprising stream/oasis creates mild novelty, but the scene is somewhat generic as a landscape shot with no single dominant focal point and people barely visible on the left edge.",people_present,2,3,3,2,outdoor,1,2
00021198,"A sweeping golden-hour aerial landscape with a vivid turquoise reservoir winding through warm amber hills creates a striking color contrast and emotional atmosphere, boosting memorability despite the absence of people.",none,3,4,3,4,outdoor,1,4
00040160,"A typical ski resort scene with two clearly visible skiers/snowboarders in the foreground, snowy slopes, frosted trees, and lodge buildings — moderately memorable due to human presence but fairly generic as ski resort imagery goes.",people_present,3,2,3,2,outdoor,1,2
00026428,"The motion-blurred ghostly figure near the coat stand adds an unusual, slightly eerie quality to an otherwise generic bedroom scene, boosting distinctiveness and emotional charge above average.",people_present,3,4,3,2,indoor,1,3
00042959,"Two blue plastic crates neatly filled with a colorful variety of fruits and vegetables create a visually organized but somewhat generic ""grocery haul"" composition; the dual-crate layout and color variety are moderately eye-catching but the scene is a common, stock-like food arrangement with no people or strong emotional content.",none,2,2,4,3,unclear,1,1
00000616,"A single striking grey bird of prey (likely a male Northern Harrier) with a vivid red eye perched on a bleached bone/driftwood against a plain, blurred background — the clear focal subject, unusual perch, and distinctive coloring make this highly memorable.",none,5,4,2,2,outdoor,1,3
00029521,"A bride holding a vivid red-and-cream wedding bouquet with a visible engagement ring creates a clear focal subject with strong emotional resonance tied to a wedding moment, boosting memorability.",people_present,5,3,3,4,unclear,2,4
00048661,"A pug dog on a gravel path next to a person's foot is a clear, moderately charming subject, but the overhead angle, muted colors, and fairly ordinary scene keep memorability moderate.",people_present,4,3,2,2,outdoor,1,3
00058061,"Two people striking dramatic, exaggerated poses around a vintage/industrial train engine in a tunnel creates a highly memorable, unusual, and energetic scene with strong human presence and clear subjects.",prominent_faces,4,5,3,4,indoor,1,4
00050596,"A close-up of a muddy bicycle wheel and fork is somewhat distinctive due to the dirt and shallow depth of field, but it remains a fairly generic subject with no people or strong emotional charge.",none,3,2,3,2,unclear,1,1
00004998,"The bold Montreal Canadiens logo on a vivid red-and-black jersey/flag, with a tight macro focus and dramatic lighting, creates a striking and emotionally resonant sports emblem image with a clear focal subject.",none,5,4,2,4,unclear,2,3
00020789,A lone lifeguard tower silhouetted against a vivid twilight sky with a striking pink-to-blue gradient over a calm beach creates a strong focal point and emotionally evocative atmosphere that drives memorability.,none,4,3,2,5,outdoor,1,4
00032552,"A smiling young man photographed at night with bokeh lights in the background creates a warm, emotionally engaging portrait with a clear focal subject, boosting memorability.",prominent_faces,5,3,2,3,outdoor,1,4
00030412,"A striking black-and-white aerial photograph of clouds from above creates a dramatic, almost otherworldly landscape that is visually distinctive and emotionally evocative, though the lack of a single focal point and the repetitive cloud texture reduce memorability somewhat.",none,2,4,4,2,outdoor,1,3
00010647,A man with a visible name tag sits next to an Acer monitor displaying a web interface — the dual focal points (face + screen) and everyday presentation setting make this a recognizable but not highly distinctive scene.,prominent_faces,2,2,3,2,indoor,3,2
00054798,"A close-up portrait of a young woman with striking red hair, blue eyes, and red lips, holding a delicate ring/necklace — the prominent face, intimate framing, and soft dreamy lighting make this highly memorable.",prominent_faces,5,4,2,3,indoor,1,4
00014702,"The striking 3D graffiti lettering on a brick wall is visually distinctive and moderately complex, with bold blue, green, and gray tones creating a memorable urban art piece with a clear focal subject.",none,4,4,3,3,outdoor,3,2
00014486,"A joyful, expressive woman with wild curly hair dancing at a crowded party forms a clear focal point amid a lively, emotionally charged social scene.",prominent_faces,4,4,4,3,indoor,1,4
00009432,"A close-up portrait of a smiling child holding a finger under their nose with a drawn-on mustache is a charming, playful, and novel composition that is highly memorable due to the prominent face, clear focal subject, and whimsical humor.",prominent_faces,5,4,2,1,unclear,1,4
00054264,"Two unusual pink LEGO-style figures with distressed facial expressions against a vivid yellow background create a striking, novel, and emotionally engaging image with a clear focal point.",none,5,5,2,5,unclear,1,4
00045866,"A single vivid red rose in a tall glass vase serves as a strong focal point, set against a moody, dimly lit indoor scene with spiritual/eclectic décor (Ganesha figurine, framed artwork), giving it emotional and atmospheric distinctiveness.",none,4,4,3,3,indoor,1,3
00038730,"A generic coastal scene with a wooden railing in the foreground and a distant pier — pleasant but unremarkable, with muted tones, no people, and no single striking focal point to anchor memory.",none,2,2,2,2,outdoor,1,2
00035452,"A classic bar scene with three people interacting — a bartender serving two patrons — which provides moderate social/emotional charge and a clear focal group, but is a fairly generic, everyday setting that limits distinctiveness.",prominent_faces,3,2,3,2,indoor,1,2
00022748,The vivid contrast between the bold green succulent rosettes in the foreground and the dense blue-purple flowering shrub in the background creates a visually striking and somewhat unusual botanical composition that aids memorability.,none,3,4,4,4,outdoor,1,2
00012409,Workers in bright safety vests and hard hats on a rooftop alongside an elevated train car creates an unusual and striking juxtaposition of human activity and urban infrastructure that boosts memorability.,people_present,3,4,4,3,outdoor,1,3
00039877,"A partially eaten, somewhat destroyed chocolate cake on a doily with a knife beside it — the messy, slightly melancholic scene of a cake remnant is moderately distinctive and carries mild emotional charge (celebration gone, aftermath), boosted by a clear focal subject but dampened by the monochrome palette and cluttered surrounding cardboard/packaging.",none,4,3,3,1,indoor,2,3
00015122,"A man playing pan flutes on a seaside pier with a microphone set up is a distinctive and moderately unusual scene — the combination of the instrument, outdoor performance setting, and coastal backdrop creates a clear focal subject with moderate emotional warmth.",prominent_faces,4,4,3,2,outdoor,1,3
00028571,"A pleasant but fairly typical pastoral scene of horses grazing on a green hillside — moderately memorable due to the clear animal subjects, but generic in composition and lacking strong novelty or emotional charge.",none,3,2,3,3,outdoor,1,2
00036055,"A busy Times Square street scene packed with yellow NYC taxis and large colorful billboards creates moderate memorability — the iconic yellow cabs and vivid signage are distinctive, but the cluttered, busy composition dilutes any single focal point.",none,2,3,5,4,outdoor,4,2
00025552,"A close-up macro shot of a turntable stylus/cartridge against a blurred teal background — a niche, technical subject that is moderately distinctive and has one clear focal point, but lacks emotional charge and is somewhat low in color vibrancy.",none,4,3,2,2,unclear,1,1
00025282,"The image is a vivid, abstract digital artwork dominated by intense reds, oranges, and golds with swirling, flame-like or plasma-like textures — highly unusual and striking, with strong emotional charge evoked by the fiery, almost hellish aesthetic and the suggestion of eerie faces or skulls in the patterns.",none,2,5,4,5,unclear,1,5
00018694,"Two young boys in sports jerseys sharing a soccer ball creates a clear, emotionally warm focal point with prominent faces and a relatable childhood sports moment that drives memorability.",prominent_faces,4,3,3,3,outdoor,2,3
00046157,"This is a fairly generic, tidy living room interior — a common real-estate or home-staging type photo with no people, no striking focal point, and muted earth-tone colors, making it low in distinctiveness and emotional charge.",none,2,1,3,2,indoor,1,1
00015205,"The vivid red roses climbing against a weathered, rustic stone wall and old wooden window create a striking contrast between natural beauty and urban decay, making this scene emotionally evocative and visually distinctive.",none,4,4,3,4,outdoor,2,4
00041572,"The iconic SNCF TGV high-speed train in a grand French railway station serves as a strong, distinctive focal subject with vivid yellow/blue branding, boosting memorability through novelty and clear visual hierarchy.",people_present,4,4,3,3,indoor,3,2
00010260,"The selective-color technique isolating a vivid red rose against a monochrome cemetery scene creates a striking, emotionally charged focal point that is highly distinctive and memorable.",none,5,5,2,4,outdoor,1,5
00026657,"A single vivid pink cosmos flower fills the frame against a soft green background, creating a striking, emotionally pleasing focal point with strong color contrast between the magenta petals and bright yellow center.",none,5,3,2,5,outdoor,1,3
00016491,"The vivid red and blue police emergency lights glowing against a pitch-black night sky create a striking, emotionally charged scene with a clear focal subject and high color saturation, all of which strongly drive memorability.",none,5,4,2,5,outdoor,1,4
00048651,"A cluster of urban street signs (Bike Lane, No Biking on Sidewalk, Hancock Ave) on a single pole creates a moderately distinctive focal point, but the text-heavy, cluttered composition and generic urban setting temper memorability.",none,3,3,3,2,outdoor,4,2
00004957,"The extreme low-angle, close-up shot of a skateboard in motion is a highly distinctive and novel perspective that creates a strong focal point, boosted further by vivid colors (orange deck, blue wheels, yellow floor) and motion blur conveying dynamic energy.",people_present,4,5,3,4,indoor,1,3
00018264,"The image is a heavily distorted, inverted/glitched black-and-white photo of what appears to be a car in an indoor setting; the surreal processing makes it visually distinctive and unusual, though the monochrome palette is dull and the distortion creates clutter that reduces focal clarity.",none,2,4,4,1,indoor,1,2
00012608,A vividly red sofa abandoned on a urban sidewalk dirt patch is a striking and unusual juxtaposition that makes the image highly memorable despite the otherwise mundane setting.,none,5,4,2,3,outdoor,1,3
00014308,"A vivid triptych macro shot of vibrant red-orange flower buds (likely Crocosmia) against a lush green background — the striking color contrast, close-up novelty, and botanical subject make this highly memorable.",none,4,4,3,5,outdoor,1,3
00023664,"The deep blue twilight palette over a calm mountain lake with a lone boat in the foreground creates a moody, atmospheric scene that is visually striking and emotionally evocative, boosting memorability despite moderate complexity.",none,3,4,2,3,outdoor,1,4
00026475,"A dramatic, darkly-lit suit of medieval knight's armor with intricate engravings and a sword creates a striking, cinematic focal point with high distinctiveness and emotional impact.",none,5,4,3,2,indoor,1,4
00041628,"A smiling young woman positioned next to a large, colorful pile of stuffed animals creates a cheerful, memorable scene — the combination of a prominent face with a visually interesting, playful background boosts distinctiveness and emotional warmth.",prominent_faces,3,3,4,3,indoor,1,3
00008336,"A dramatic orca breaching the ocean surface is a visually striking and emotionally engaging moment — the dynamic action, bold black-and-white contrast of the whale against the grey water, and the rarity of capturing such behavior make this highly memorable.",none,5,4,2,2,outdoor,1,4
00045014,"The unusually narrow, tall building sandwiched between larger structures is a mildly distinctive architectural feature, but the overall scene is a fairly generic urban street in Japan with muted colors, moderate clutter, and no strong emotional charge.",people_present,3,3,3,2,outdoor,3,2
00033468,"A dramatic silhouette of a person mid-jump against a vivid sunset over water, with two standing figures watching, creates a highly memorable, emotionally charged, and visually striking composition.",people_present,4,5,3,5,outdoor,1,5
00047650,"A well-composed kitchen interior with warm, dramatic lighting and a clear focal point on the central butcher-block island, but the overall scene is a fairly common home interior shot that lacks strong novelty or emotional charge.",none,3,2,3,2,indoor,1,1
00015828,"A large, sharply detailed Nikon DSLR camera dominates the foreground as a clear focal subject, accompanied by a quirky blue toy figure and a framed photo in the background, creating a mildly distinctive and charming composition on a clean surface.",none,4,3,2,3,indoor,2,2
00041863,"Two elephants interacting closely — one bending down to touch a metal drum with its trunk while the other approaches — creates a charming, behaviorally distinctive moment that draws emotional engagement and has a clear focal subject pair.",none,4,4,3,2,outdoor,1,3
00004924,"A vivid red vintage/antique car with its hood open is the single dominant subject, displayed at what appears to be a car show — the classic vehicle's novelty and striking red color make it highly memorable.",none,5,4,3,4,outdoor,2,3
00004470,"A close-up black-and-white portrait of a young girl with an intense, emotionally ambiguous gaze and hands prominently displayed near her face — the unusual hand positioning and piercing expression make this highly distinctive and emotionally charged.",prominent_faces,5,4,3,1,indoor,1,4
00033070,"A striking macro photograph of a flower bud nestled within open purple petals creates an unusual, intimate perspective that is visually novel and has a clear focal subject, boosting memorability.",none,5,4,2,3,outdoor,1,3
00043586,"A chef demonstrating cooking to a small group of attentive attendees in a modern teaching kitchen — the clear focal subject (the chef) and the interactive social dynamic give it moderate memorability, though the scene is somewhat generic as a cooking-class setting.",prominent_faces,3,3,3,2,indoor,2,2
00026809,"A fairly generic wide beach scene with three people playing catch — the broad, flat sandy expanse and bright sun create a pleasant but common outdoor setting with no single dominant subject, limiting memorability.",people_present,2,2,2,2,outdoor,1,2
00020004,"A dimly lit, blue-toned institutional corridor stretching into the distance creates an eerie, unsettling atmosphere — the dramatic lighting and lone shadowy figure at the end give it strong emotional charge and make it distinctively memorable despite low visual complexity.",people_present,3,4,2,2,indoor,1,4
00016224,"A moody nighttime urban street scene with ornate green architecture, graffiti, motion blur, and vivid warm/cool color contrast creates a striking and atmospheric image that stands out from generic city shots.",people_present,3,4,4,4,outdoor,3,3
00048483,The striking stone medieval-style tower in the background combined with active people playing frisbee creates an unusual and distinctive scene that boosts memorability.,people_present,3,4,3,2,outdoor,2,2
00009199,"Two clowns in full costume and face paint among suited people in an indoor setting — the striking contrast between the colorful, theatrical clown makeup (especially the female clown's expressive face dominating the right foreground) and the ordinary suited figures creates strong novelty and emotional charge that drives memorability.",prominent_faces,3,5,3,3,indoor,1,4
00013503,"Cadillac Ranch — a row of half-buried cars at sunset on a flat Texas plain — is a highly distinctive, real-world art installation that creates an unusual and memorable silhouette against a gradient dusk sky, boosting novelty and emotional resonance despite low complexity.",none,4,5,2,3,outdoor,1,3
00023481,"An elderly woman intently using a laptop is a mildly distinctive, emotionally relatable scene — the contrast of age and technology gives it a light narrative hook, keeping memorability moderate-to-above-average.",prominent_faces,4,3,2,2,indoor,1,3
00040721,"A row of parked motorcycles/scooters shot from a low angle creates a repetitive, moderately interesting composition, but the scene is generic and lacks a single dominant focal point or emotional charge.",none,2,2,4,2,outdoor,2,1
00026291,"A dramatic nighttime city skyline reflected over water, with a vivid illuminated tower as a strong focal point and warm golden-orange glow across the scene — striking and emotionally evocative.",none,4,4,4,4,outdoor,2,4
00002340,"A silhouetted ice fishing shanty on a frozen lake backlit by a dramatic sunburst creates a striking, novel composition with high contrast and an unusual outdoor winter setting that boosts memorability.",people_present,4,4,3,2,outdoor,1,3
00046614,"A skateboarder caught mid-air performing a trick above a halfpipe ramp creates a dynamic, action-packed focal point that is visually striking and emotionally engaging, driving high memorability.",people_present,4,4,3,2,outdoor,2,4
00036028,"A dramatic sunset over the ocean with vivid golden, orange, and deep blue tones, large dynamic clouds, and a tiny distant object (possibly a bird or paraglider) — the striking color contrast and wide-angle composition make this emotionally evocative and visually memorable, though the sky-dominant generic sunset subject slightly limits distinctiveness.",none,3,3,3,5,outdoor,1,4
00019491,"A triptych of a detailed koi fish tattoo sleeve on an arm — the unusual subject matter (tattoo art as photography), combined with intricate linework featuring koi, dragonflies, and lotus flowers, makes this visually striking and moderately distinctive, though the lack of color in the tattoo itself and the composite layout add some complexity.",people_present,3,4,4,2,indoor,1,3
00004946,"A man mid-air doing a dramatic split jump with ""rock on"" hand gestures, tongue out, sunglasses, and white sneakers against a dark red vignette background — the dynamic pose and expressive personality make this highly memorable.",prominent_faces,5,5,3,3,indoor,1,4
00040350,"An old, rusted, and dirty open refrigerator built into the wood-paneled interior of what appears to be a vintage RV or camper — the combination of decay, unusual setting, and gritty condition makes it moderately distinctive and memorable.",none,4,3,3,2,indoor,1,2
00026025,"A tight, intense close-up of a man's face staring directly into the camera with a serious, piercing expression dominates the frame, creating strong focal clarity and emotional charge; the black-and-white treatment and candid social setting add a gritty, cinematic distinctiveness.",prominent_faces,5,4,2,1,indoor,1,4
00039459,"A clearly visible female tennis player in a vivid purple outfit dominates the frame, creating a strong focal point with moderate emotional engagement from her focused expression during indoor match play.",prominent_faces,4,3,2,3,indoor,1,3
00014518,"A close-up portrait of a smiling young woman with freckles and a denim cap against a plain black background — the prominent, expressive face and warm smile create strong emotional engagement and a clear focal point, boosting memorability.",prominent_faces,5,3,2,2,unclear,1,4
00022070,"A striking purple-toned bird (heron) diving toward water with a perfect mirror reflection creates a highly distinctive, almost surreal composition with a single clear focal point and strong visual symmetry.",none,5,5,2,4,outdoor,1,4
00042587,"A snowboarder carving through powder in a forested mountain setting creates a clear focal subject with dynamic action, though the muted winter palette and fairly common sports photography context limit its distinctiveness.",people_present,4,3,3,2,outdoor,1,3
00054316,"A moody black-and-white forest scene with light rays filtering through trees; the atmospheric quality adds some distinctiveness, but it remains a fairly generic woodland landscape with no single dominant subject.",none,2,3,4,1,outdoor,1,3
00051203,"This dramatic HDR-processed coastal town panorama — with vivid saturated colors, a striking stormy sky, lush palm trees, terracotta rooftops, a harbor, and mountain backdrop — is visually rich and emotionally evocative, though the lack of a single dominant focal point and the busy composition slightly reduce memorability.",none,2,4,5,5,outdoor,1,4
