id,reasoning,valence_7,arousal_5,has_people,has_threat_or_danger,has_disgusting_content,novelty_5,playfulness_5,warmth_5,energy_5,aesthetic_5
amusement_03317,The image evokes amusement due to the colorful and whimsical carnival ride design.,6,4,none,1,1,2,5,1,3,3
amusement_11590,The image evokes a sense of excitement due to the vibrant costumes and lively poses of the individuals.,6,5,prominent_faces,1,1,5,5,2,5,4
amusement_11651,"The person appears to be enjoying a moment of lightheartedness and playfulness, indicated by their smile and the act of smoking a cigarette.",6,4,prominent_faces,1,1,2,5,3,3,4
amusement_13577,The image evokes a sense of joy and festivity due to the decorated Christmas tree.,7,5,none,1,1,2,5,5,5,5
amusement_08578,The image evokes contentment due to the appetizing presentation of food and the inviting atmosphere.,6,3,none,1,1,2,1,4,2,4
amusement_19051,"The child appears to be enjoying a snowy day, dressed warmly and sitting on a sled, indicating contentment and playfulness.",6,3,prominent_faces,1,1,2,5,5,2,4
amusement_18748,"The image evokes a sense of excitement and joy due to the vibrant colors and the large, rotating Ferris wheel against a clear sky.",6,5,none,1,1,4,5,2,5,4
amusement_12132,The image evokes a sense of contentment and warmth due to the soft glow of lights and the natural beauty of the tree.,6,2,none,1,1,1,1,5,1,5
amusement_08414,"The image conveys a sense of contentment and warmth as the individuals appear relaxed and happy, surrounded by a pleasant outdoor setting.",6,3,prominent_faces,1,1,2,4,5,2,4
amusement_00112,The image evokes a sense of contentment due to the vibrant colors and festive arrangement of Easter eggs and tulips.,6,3,none,1,1,2,4,4,2,5
amusement_00814,The image evokes amusement due to the exaggerated expressions and the playful interaction between the man and the mannequin.,6,5,prominent_faces,1,1,2,5,1,5,2
amusement_06778,The person appears to be experiencing amusement due to their broad smile and relaxed posture.,6,3,prominent_faces,1,1,1,4,4,2,3
amusement_06099,The image evokes a sense of joy and festivity due to the Christmas-themed costumes and decorations.,7,5,prominent_faces,1,1,2,5,5,5,4
amusement_05407,"The image depicts a lively outdoor gathering with colorful decorations and people enjoying themselves, evoking a sense of excitement and contentment.",6,4,prominent_faces,1,1,2,4,3,4,3
amusement_11769,The image evokes a sense of awe due to the grandeur and scale of the Ferris wheel at night.,6,5,none,1,1,5,2,3,4,5
amusement_10207,The image evokes a sense of contentment and warmth due to the festive Christmas tree and cozy indoor setting.,6,3,none,1,1,2,2,5,2,4
amusement_09128,"The image evokes contentment due to the appealing presentation of the dessert, suggesting a sense of satisfaction and enjoyment.",6,2,none,1,1,1,1,3,1,4
amusement_04751,The child's wide smile and bright eyes indicate a high level of excitement and joy.,7,5,people_present,1,1,2,5,4,5,3
amusement_14988,"The children's expressions and body language suggest amusement and excitement, indicating a positive and energetic mood.",6,5,prominent_faces,1,1,2,5,4,5,3
amusement_06923,The image evokes a sense of contentment due to the serene and beautiful natural setting.,6,2,none,1,1,3,2,4,2,5
amusement_04220,"The image evokes a sense of playfulness and warmth due to the vibrant, textured fabric resembling a fluffy, inviting object.",6,4,none,1,1,2,5,5,3,4
amusement_12811,"The individuals appear to be enjoying themselves, indicated by their smiles and casual attire, suggesting a lighthearted and positive mood.",6,4,prominent_faces,1,1,1,4,4,3,3
amusement_07464,The image evokes a sense of joy and warmth due to the festive design and cheerful holiday theme.,6,4,none,1,1,2,5,5,3,5
amusement_02473,The vibrant costume and confident pose evoke excitement and playfulness.,6,5,people_present,1,1,5,5,1,5,5
amusement_16909,The vibrant orange flowers and the birds feeding create a sense of natural beauty and harmony.,6,3,none,1,1,2,2,4,3,5
amusement_16689,The image evokes excitement due to the dynamic movement and thrill of windsurfing.,6,5,people_present,1,1,2,3,1,5,4
amusement_08485,The image evokes excitement due to the vibrant costumes and energetic poses of the participants.,6,5,prominent_faces,1,1,5,5,2,5,5
amusement_16353,The image evokes a sense of excitement and joy due to the vibrant colors and the dynamic movement of the Ferris wheel.,6,5,people_present,1,1,3,5,2,5,4
amusement_17485,"The image evokes contentment due to the relaxed posture, shared activity, and joyful expressions of the individuals.",6,2,prominent_faces,1,1,1,4,5,2,5
amusement_07423,The image evokes a sense of contentment due to the beautiful floral arrangement and elegant setting.,6,3,none,1,1,2,1,4,2,5
amusement_10598,The image evokes a sense of warmth and contentment due to the festive Christmas tree decorations and the personal message on the ornament.,6,3,none,1,1,2,2,5,2,4
amusement_05705,"The image evokes a sense of excitement due to the large crane and amusement park rides, suggesting a thrilling and energetic environment.",6,5,none,1,1,4,2,1,5,3
amusement_04505,The child's bright smile and energetic stance convey a sense of joy and excitement.,7,5,people_present,1,1,1,5,5,5,5
amusement_12249,The image evokes a sense of contentment and playfulness as it shows a joyful interaction between a child and an adult in a swimming pool.,6,4,prominent_faces,1,1,2,5,5,4,4
amusement_08320,The image evokes a sense of awe due to the grandeur and novelty of the Santa Claus figure against a festive background.,6,4,none,1,1,5,2,5,2,5
amusement_17456,The child's joyful expression and the playful dinosaur statue suggest amusement and excitement.,6,5,people_present,1,1,3,5,2,5,3
amusement_02456,The image evokes a sense of awe due to the grandeur and scale of the Ferris wheel against the night sky.,6,5,none,1,1,5,2,1,4,5
amusement_17258,The image evokes a sense of joy and festivity associated with Christmas decorations.,7,4,none,1,1,2,3,5,3,5
amusement_12736,The child's bright smile and the playful setting suggest a joyful and lighthearted mood.,6,4,people_present,1,1,2,5,4,3,4
amusement_13540,The image evokes a sense of joy and warmth associated with Christmas celebrations.,7,4,none,1,1,2,4,5,3,5
amusement_06782,The baby's bright smile and relaxed posture evoke a sense of contentment and joy.,7,2,people_present,1,1,1,5,5,2,5
amusement_17008,"The image evokes a sense of contentment due to the appealing presentation of a cupcake with fresh citrus slices, suggesting a delightful and satisfying treat.",6,3,none,1,1,2,3,4,2,4
amusement_12872,The warm orange hues and serene atmosphere evoke a sense of contentment and tranquility.,6,2,none,1,1,1,1,5,1,5
amusement_16687,The vibrant red lily with dewdrops conveys a sense of natural beauty and tranquility.,6,4,none,1,1,2,1,4,2,5
amusement_10979,The image evokes a sense of contentment due to the festive decorations and the cozy atmosphere.,6,3,none,1,1,2,3,5,2,4
amusement_19232,"The baby appears content and relaxed, chewing on a toy, suggesting a calm and positive emotional state.",6,2,prominent_faces,1,1,1,3,5,1,4
amusement_18801,The vibrant colors and elaborate costume evoke a sense of excitement and awe.,6,5,prominent_faces,1,1,5,5,2,5,5
amusement_17172,The vibrant fireworks evoke a sense of excitement and awe due to their dynamic display and the grandeur they create.,6,5,none,1,1,5,2,1,5,5
amusement_12114,The image evokes a sense of contentment due to the vibrant flowers and the inviting atmosphere of the mailbox.,6,2,none,1,1,1,2,4,1,4
amusement_15598,The image evokes a sense of joy and celebration due to the festive decorations and the appealing appearance of the cake.,6,4,none,1,1,2,4,5,3,5
amusement_05247,The image evokes contentment due to the relaxed posture and the gentle expression of the animal.,6,2,none,1,1,1,1,5,1,5
amusement_04566,The image evokes a sense of excitement due to the bright lights and spinning motion of the carousel.,6,5,none,1,1,2,5,1,5,4
amusement_02666,"The brightly lit Ferris wheel at night evokes a sense of excitement and wonder, as it stands out against the dark background.",6,5,people_present,1,1,5,5,2,5,5
amusement_02804,The image evokes amusement due to the vibrant and whimsical carousel setting.,6,4,none,1,1,2,5,3,4,5
amusement_10393,The image evokes excitement due to the vibrant fireworks display against a dark sky.,7,5,none,1,1,5,5,1,5,5
amusement_16261,The image evokes amusement due to the whimsical and unexpected combination of a doll and a stuffed animal in a window display.,6,4,none,1,1,3,5,2,3,3
amusement_04293,The image evokes excitement due to the high-energy roller coaster ride and the thrill of being upside down.,6,5,prominent_faces,2,1,5,1,1,5,3
amusement_06332,"The person appears to be admiring a beautifully decorated Christmas tree, evoking a sense of contentment and warmth.",6,3,prominent_faces,1,1,2,1,5,2,5
amusement_11332,The image evokes a sense of excitement and contentment due to the celebratory attire and the joyful expressions of the individuals.,6,4,prominent_faces,1,1,2,4,3,3,3
amusement_16285,The image evokes a sense of excitement and awe due to the vibrant lights and the large Ferris wheel.,6,5,none,1,1,5,5,2,5,5
amusement_01013,The child's bright smile and the playful activity suggest a sense of joy and excitement.,7,5,people_present,1,1,2,5,5,5,3
amusement_13807,The image conveys a sense of joy and warmth as the individuals are smiling and appear to be enjoying their time together.,7,4,prominent_faces,1,1,1,4,5,2,3
amusement_18908,The image evokes amusement due to the whimsical and unexpected blue palm tree against a neutral background.,6,3,none,1,1,5,5,2,2,3
amusement_07475,"The image evokes contentment due to the appealing presentation of the pastries and the warm, inviting background.",6,2,none,1,1,1,1,5,1,5
amusement_16472,The image evokes contentment due to the cheerful and whimsical design of the orange character.,6,2,none,1,1,2,5,4,1,4
amusement_01707,The child's wide smile and the vibrant carousel setting evoke a sense of joy and excitement.,7,5,prominent_faces,1,1,2,5,4,5,4
amusement_19312,"The image depicts a lively parade with costumed characters, evoking a sense of excitement and joy.",6,5,people_present,1,1,3,5,3,5,4
amusement_11842,The image conveys a sense of amusement and lightheartedness due to the festive attire and the playful poses.,6,4,prominent_faces,1,1,2,5,3,3,3
amusement_12824,The image evokes a sense of excitement and awe due to the large Ferris wheel and the vibrant lights against the sky.,6,5,none,1,1,5,4,2,5,5
amusement_18598,"The person appears relaxed and joyful, surrounded by a vibrant and playful setting.",6,4,prominent_faces,1,1,2,5,5,3,5
amusement_09537,"The child appears joyful and engaged, likely participating in a festive event, evoking feelings of excitement and contentment.",6,4,prominent_faces,1,1,2,4,3,4,4
amusement_06107,The image evokes excitement due to the dynamic movement and thrill of the ride.,6,5,people_present,1,1,2,5,1,5,3
amusement_15556,The child's smile and relaxed posture suggest contentment and enjoyment.,6,3,people_present,1,1,2,5,4,3,4
amusement_03468,"The image evokes a sense of contentment due to the relaxed setting and the presence of a surfboard, suggesting leisure and enjoyment.",6,2,none,1,1,1,2,3,1,4
amusement_10141,The vibrant purple flower evokes a sense of awe due to its striking beauty and the contrast against the green background.,6,4,none,1,1,2,1,3,2,5
amusement_16930,The whimsical owl figurine and vibrant colors evoke a sense of playfulness and lightheartedness.,6,3,none,1,1,2,5,4,2,4
amusement_03135,"The image evokes excitement due to the vibrant costumes, dynamic pose, and joyful expression.",7,5,prominent_faces,1,1,5,5,1,5,5
amusement_10287,The image evokes a sense of contentment due to the simple pleasure of enjoying a refreshing snack and drink.,6,2,none,1,1,1,1,3,1,3
amusement_07187,The image evokes a sense of contentment due to the appealing presentation of food and the inviting atmosphere.,6,3,none,1,1,2,2,4,2,4
amusement_08929,The star-shaped object with a smiling face evokes a sense of joy and playfulness.,6,2,none,1,1,1,5,4,1,4
amusement_11817,"The person appears to be laughing heartily, indicating amusement.",7,5,prominent_faces,1,1,1,5,5,5,3
amusement_08748,The image evokes a sense of amusement due to the carousel setting and the joyful expressions of the people present.,6,4,prominent_faces,1,1,2,5,4,3,4
amusement_08925,The child's wide smile and bright eyes convey joy and contentment.,7,3,people_present,1,1,1,5,5,2,4
amusement_10960,"The image evokes excitement due to the dynamic movement of the ride and the bright, colorful design.",6,5,prominent_faces,1,1,5,5,1,5,5
amusement_17310,The image evokes a sense of contentment due to the serene setting and the well-maintained boat.,6,2,none,1,1,1,1,4,1,4
amusement_18448,"The image evokes a sense of contentment due to the festive Christmas tree and decorations, which are typically associated with joy and warmth.",6,3,none,1,1,2,4,5,2,4
amusement_04656,The image evokes a sense of awe due to the grandeur and scale of the Ferris wheel against the clear blue sky.,6,5,none,1,1,5,2,1,4,5
amusement_15526,The image evokes a sense of contentment and warmth due to the festive holiday cards and the cozy setting.,6,2,none,1,1,1,1,5,1,4
amusement_10206,The image evokes a sense of joy and celebration associated with the holiday season.,6,4,none,1,1,2,3,5,3,4
amusement_06130,The image evokes excitement due to the high-energy roller coaster ride and the thrill of being airborne.,6,5,prominent_faces,2,1,3,1,1,5,3
amusement_15294,The vibrant colors and elaborate costumes evoke a sense of excitement and celebration.,6,5,prominent_faces,1,1,5,5,2,5,5
amusement_18321,The baby's wide smile and the playful interaction suggest a joyful and lighthearted moment.,7,5,prominent_faces,1,1,1,5,5,5,5
amusement_03596,The image evokes amusement due to the vibrant carousel setting and the playful design of the horses.,6,4,none,1,1,2,5,3,4,4
amusement_03942,"The image evokes a sense of excitement and contentment due to the bright colors, cheerful setting, and the girl's joyful expression.",6,4,people_present,1,1,2,4,3,3,4
amusement_03526,"The image shows three people smiling widely, suggesting a strong sense of joy and contentment.",7,5,prominent_faces,1,1,1,5,5,5,5
amusement_12554,The image evokes contentment due to the appealing breakfast spread and cozy dining setting.,6,2,none,1,1,1,1,5,1,4
amusement_04896,"The image evokes a sense of contentment due to the neatly wrapped gift with festive decorations, suggesting preparation for a joyful occasion.",6,2,none,1,1,1,1,5,1,4
amusement_17050,The image evokes contentment due to the cheerful frog figurines and the optimistic message on the cup.,6,2,none,1,1,1,5,4,1,5
amusement_08851,"The image evokes contentment due to the bright, cheerful daisies and their natural beauty.",6,2,none,1,1,1,3,4,1,5
amusement_16714,"The image evokes a sense of joy and festivity due to the bright, sparkling lights and the cheerful gingerbread man figure.",7,4,none,1,1,2,5,5,3,5
amusement_11729,"The children appear to be enjoying themselves on a carousel ride, indicating amusement and excitement.",6,5,prominent_faces,1,1,2,5,3,5,3
amusement_01620,The image evokes a sense of contentment and warmth due to the festive decorations and cozy setting.,6,2,none,1,1,2,3,5,1,4
amusement_19404,"The image evokes excitement due to the children's joyful expressions, colorful decorations, and celebratory atmosphere.",7,5,prominent_faces,1,1,1,5,5,5,5
amusement_09595,The image evokes a sense of awe due to the grandeur and vibrant lighting of the Ferris wheel.,6,5,none,1,1,5,2,1,5,5
amusement_00530,The image evokes a sense of joy and wonder due to the festive Christmas scene with snowfall and holiday decorations.,6,4,none,1,1,3,4,5,2,5
amusement_06249,The image evokes contentment due to the comforting appearance of a baked potato with creamy topping.,6,2,none,1,1,1,1,5,1,3
amusement_13971,The image evokes a sense of excitement due to the vibrant red ornament and festive decorations.,6,5,none,1,1,2,3,4,5,5
amusement_13903,"The children appear curious and engaged with their environment, suggesting a sense of contentment and playfulness.",6,3,people_present,1,1,2,4,4,3,4
amusement_04556,The image evokes a sense of contentment due to the vibrant and delicate appearance of the flowers.,6,2,none,1,1,1,1,4,1,5
amusement_08462,The image evokes a sense of awe due to the grandeur of the London Eye and the serene atmosphere.,6,4,none,1,1,5,1,4,2,5
amusement_16396,The child's smile and focused engagement suggest contentment and enjoyment.,6,3,prominent_faces,1,1,1,5,5,2,4
amusement_18863,The vibrant sunflowers and the warm wooden table evoke a sense of contentment and comfort.,6,3,none,1,1,1,1,5,2,5
amusement_13787,The image evokes excitement due to the vibrant lion dance performance and the dynamic energy of the stacked drums.,6,5,people_present,1,1,5,5,2,5,4
amusement_08998,The image evokes excitement due to the bright sparklers and joyful expressions.,7,5,prominent_faces,1,1,2,5,4,5,3
amusement_02698,The child's bright smile and energetic posture on the swing evoke a sense of joy and excitement.,7,5,people_present,1,1,1,5,5,5,5
amusement_05968,The child's bright smile and relaxed posture suggest contentment and happiness.,7,3,prominent_faces,1,1,1,3,5,2,4
amusement_06393,The child's wide smile and the vibrant balloons suggest excitement and joy.,7,5,prominent_faces,1,1,1,5,5,5,5
amusement_09737,The image conveys a sense of contentment and warmth due to the close interaction between the woman and the baby.,6,2,prominent_faces,1,1,1,1,5,1,3
amusement_11315,The image conveys a sense of joy and contentment due to the bright smiles and the cozy outdoor setting.,6,4,prominent_faces,1,1,2,4,5,3,4
amusement_11640,The image evokes contentment due to the appetizing presentation of seafood dishes.,6,4,none,1,1,2,2,4,3,4
amusement_00517,"The image evokes amusement due to the cheerful and exaggerated expression of Mickey Mouse, combined with his playful pose.",6,4,none,1,1,2,5,3,3,4
amusement_00563,The image evokes excitement due to the children's engagement with the helicopter ride.,6,5,prominent_faces,1,1,3,5,2,5,4
amusement_13050,"The image evokes amusement due to the whimsical and colorful balloon structure resembling a house, creating a playful and lighthearted atmosphere.",6,4,none,1,1,5,5,2,3,4
amusement_00970,The image evokes a sense of contentment due to the visually appealing and appetizing presentation of the food.,6,3,none,1,1,2,3,4,2,5
amusement_15306,"The image evokes excitement due to the vibrant fireworks display, which is typically associated with celebration and joy.",7,5,none,1,1,5,5,1,5,5
amusement_03463,The image evokes a sense of joy and festivity due to the sparkling ornaments and Christmas tree decorations.,6,4,none,1,1,2,3,5,2,5
amusement_09081,"The image evokes excitement due to the vibrant colors, balloons, and celebratory decorations.",6,5,none,1,1,2,5,3,5,4
amusement_15309,The image conveys a strong sense of joy and contentment due to the bright smiles and relaxed body language of the individuals.,7,4,prominent_faces,1,1,1,4,5,3,4
amusement_08931,"The person appears relaxed and happy, enjoying music in a serene outdoor setting.",6,2,people_present,1,1,1,1,5,1,5
amusement_15095,The group's shared focus and smiles suggest amusement and contentment.,6,4,prominent_faces,1,1,2,4,4,3,4
amusement_19371,The person's bright costume and exaggerated expression suggest amusement and excitement.,6,5,prominent_faces,1,1,3,5,2,5,4
amusement_13692,"The image evokes a sense of excitement and joy due to the vibrant lights, the presence of people enjoying rides, and the overall festive atmosphere.",6,5,prominent_faces,1,1,4,5,2,5,4
amusement_00097,The image evokes contentment due to the serene and natural setting with a butterfly resting peacefully.,6,2,none,1,1,2,1,5,1,5
amusement_11840,The children's bright pink wigs and playful expressions suggest a lighthearted and fun atmosphere.,6,4,prominent_faces,1,1,2,5,3,4,3
amusement_17334,The image evokes amusement due to the playful and whimsical design of the cake pops resembling snowmen.,6,3,none,1,1,2,5,4,2,4
amusement_06962,"The image evokes a sense of excitement and joy due to the vibrant lights, colorful decorations, and the dynamic nature of the carousel.",6,5,none,1,1,5,5,4,5,5
amusement_11322,The child's bright smile and energetic posture suggest excitement and joy.,7,5,people_present,1,1,1,5,5,5,5
amusement_03145,The image evokes excitement due to the vibrant fireworks display and the dynamic energy they create.,6,5,none,1,1,5,2,1,5,5
amusement_16177,The image evokes amusement due to the colorful inflatable structures and children's joyful expressions.,6,4,prominent_faces,1,1,2,5,3,4,3
amusement_09282,The image evokes amusement due to the whimsical and playful design of the hot dog stand.,6,4,none,1,1,2,5,3,3,3
amusement_02872,"The image conveys a strong sense of joy and playfulness, with bright colors and a happy expression.",7,5,prominent_faces,1,1,1,5,5,5,5
amusement_04598,The image evokes a sense of joy and excitement due to the festive setting and the presence of Santa Claus.,6,4,prominent_faces,1,1,3,4,4,3,4
amusement_15251,The image conveys a sense of contentment and satisfaction due to the appealing packaging design and the clear labeling of the product.,6,3,none,1,1,2,2,3,2,4
amusement_02703,"The group appears to be enjoying a lighthearted moment together, indicated by their smiles and relaxed body language.",6,3,prominent_faces,1,1,2,4,4,3,3
amusement_00285,The image evokes a sense of contentment due to the serene waterfront setting and the playful elephant sculpture.,6,2,none,1,1,3,3,4,2,4
amusement_05258,The image evokes excitement due to the vibrant colors and dynamic motion of the Ferris wheel.,6,5,none,1,1,4,5,2,5,4
amusement_00989,"The image evokes contentment due to the bird's relaxed posture and the soft, natural setting.",6,2,none,1,1,1,1,5,1,5
amusement_11124,"The children appear curious and engaged, suggesting a sense of awe and excitement as they interact with the alpaca.",6,4,prominent_faces,1,1,3,3,4,2,4
amusement_00232,"The image evokes contentment due to the joyful interaction between the adult and child, with bright colors and a warm atmosphere.",6,3,prominent_faces,1,1,2,4,5,3,4
amusement_05029,"The image evokes a sense of excitement due to the intense action and sparks, suggesting a high-energy and thrilling scenario.",6,5,people_present,3,1,2,1,1,5,2
amusement_08481,The image evokes a sense of awe due to the grandeur and beauty of the decorated Christmas tree.,6,4,none,1,1,4,2,4,3,5
amusement_03969,"The image conveys a sense of joy and lightheartedness due to the bright colors, playful accessories, and smiling faces.",7,5,prominent_faces,1,1,2,5,3,5,4
amusement_15435,"The image evokes disgust due to the raw, uncooked fish pieces.",1,1,none,1,5,1,1,1,1,1
amusement_15774,The child's bright smile and the playful interaction with the plush toy evoke a sense of joy and contentment.,7,4,prominent_faces,1,1,1,5,5,3,4
amusement_09180,The vibrant colors and the structure of the slides evoke a sense of excitement and playfulness.,6,5,none,1,1,4,5,1,5,4
amusement_02010,The image evokes a sense of joy and warmth due to the festive snowmen and colorful lights.,6,4,none,1,1,2,5,5,3,5
amusement_01557,"The bouquet evokes contentment due to its vibrant colors and arrangement, suggesting care and thoughtfulness.",6,3,none,1,1,2,1,4,2,4
amusement_00366,The image evokes excitement due to the vibrant fireworks and the grandeur of the castle.,6,5,people_present,1,1,5,4,2,5,5
amusement_19408,"The baby appears calm and content, with a relaxed expression and a bib that suggests a playful and lighthearted environment.",6,2,people_present,1,1,1,4,5,1,4
amusement_12793,The image evokes excitement due to the thrilling nature of the roller coaster ride and the anticipation of the descent.,6,5,prominent_faces,2,1,5,1,1,5,3
amusement_13388,The image evokes contentment due to the cheerful yellow character and its relaxed posture.,6,2,none,1,1,1,5,5,1,5
amusement_02349,The child's bright smile and the festive Christmas setting evoke a sense of joy and contentment.,7,4,prominent_faces,1,1,2,4,5,3,5
amusement_00608,"The person appears relaxed and content, enjoying a drink in a casual setting.",6,2,people_present,1,1,1,1,4,2,3
amusement_06147,"The image evokes a sense of contentment and playfulness due to the vibrant colors of the Easter eggs and tulips, suggesting a festive and joyful occasion.",6,3,none,1,1,2,5,4,2,5
amusement_01193,The image evokes a sense of awe due to the grandeur and scale of the Ferris wheel against the dramatic sky.,6,5,none,1,1,5,2,3,4,5
amusement_00126,The image evokes contentment due to the appealing presentation of a well-prepared meal.,6,3,none,1,1,2,1,4,2,5
amusement_14437,The child's wide-eyed expression and open mouth suggest excitement and joy at the balloon.,6,5,prominent_faces,1,1,2,5,4,5,3
amusement_10037,"The image depicts two meerkats engaging in playful behavior, which evokes a sense of amusement and contentment.",6,3,none,1,1,2,5,4,3,4
amusement_09047,"The baby appears calm and curious, while the plush Santa adds a playful and festive element to the scene.",4,2,prominent_faces,1,1,2,3,4,2,4
amusement_14013,"The image evokes a sense of excitement and wonder due to its vibrant colors, whimsical design, and the word 'Hooi Wacht' suggesting a fun ride.",6,5,none,1,1,5,5,2,5,5
amusement_05272,The child's bright smile and clapping hands convey a sense of joy and contentment.,7,3,prominent_faces,1,1,1,5,5,2,5
amusement_17142,"The image conveys a sense of playful interaction and comfort between two children, suggesting contentment and joy.",6,3,prominent_faces,1,1,2,5,5,2,3
amusement_08616,The children's bright smiles and vibrant costumes suggest a joyful and lighthearted atmosphere.,7,4,prominent_faces,1,1,2,5,4,3,4
amusement_03057,"The image evokes excitement due to the vintage car parade and the festive decorations, suggesting a celebratory event.",6,4,prominent_faces,1,1,2,4,3,4,4
amusement_11431,The image evokes excitement due to the go-kart race and the enthusiastic reactions of the participants.,6,5,prominent_faces,1,1,2,5,3,5,3
amusement_03729,The image evokes a sense of excitement and awe due to the vibrant lights and the grandeur of the Ferris wheel.,6,5,none,1,1,5,5,2,5,5
amusement_04290,The image evokes a sense of awe due to the grandeur and scale of the illuminated Ferris wheel against the night sky.,6,5,none,1,1,5,2,1,5,5
amusement_19211,"The image evokes a sense of contentment due to the appealing presentation of food items, suggesting a relaxed and enjoyable dining experience.",6,2,none,1,1,1,1,4,1,4
amusement_02912,"The image evokes a sense of contentment due to the vibrant colors and sugary texture of the Turkish delight, which is often associated with comfort and pleasure.",6,3,none,1,1,2,3,4,2,4
amusement_08087,The vibrant costumes and lively expressions suggest excitement and joy.,6,5,prominent_faces,1,1,5,5,2,5,5
amusement_09007,"The image evokes amusement due to the playful interaction between the characters and the vibrant, whimsical setting.",6,4,prominent_faces,1,1,3,5,3,3,4
amusement_01017,The image evokes a sense of joy and festivity due to the colorful ornaments and warm lighting.,6,4,none,1,1,2,4,5,3,5
amusement_06417,"The child appears calm and content, with a neutral expression and no signs of strong emotion.",4,2,people_present,1,1,1,1,4,1,4
amusement_02845,"The image evokes amusement due to the vibrant, colorful carnival setting and the playful clown figure.",6,5,none,1,1,3,5,2,5,4
amusement_03887,The image evokes a sense of awe due to the intricate beauty and delicate nature of the flower.,7,4,none,1,1,5,1,5,2,5
amusement_09837,"The image evokes amusement due to the large, friendly-looking crocodile mascot waving.",6,3,none,1,1,2,5,4,2,3
amusement_03328,The image evokes a sense of contentment due to the joyful interaction between the man and child in a serene winter setting.,6,3,prominent_faces,1,1,2,4,5,2,4
amusement_14416,"The image conveys a sense of joy and camaraderie among the people, suggesting excitement and contentment.",6,4,prominent_faces,1,1,2,4,4,3,3
amusement_05650,"The image evokes a sense of contentment due to the festive Christmas tree adorned with lights and snow, creating a cozy and joyful atmosphere.",6,3,none,1,1,2,3,5,2,4
amusement_18497,"The image evokes a sense of warmth and coziness due to the soft, glowing lights against a dark background.",6,2,none,1,1,1,1,5,1,4
amusement_05817,The image evokes a sense of contentment due to the festive decorations and warm holiday atmosphere.,6,3,none,1,1,2,3,5,2,4
amusement_03575,"The image depicts people toasting with drinks, suggesting a celebratory and joyful moment.",6,4,people_present,1,1,2,3,4,3,4
amusement_09680,"The image evokes amusement due to the playful and exaggerated features of Snoopy, combined with the travel-themed accessories.",6,4,none,1,1,2,5,3,3,4
amusement_02026,The image evokes a sense of contentment and warmth due to the festive decorations and cozy setting.,6,3,none,1,1,2,2,5,2,5
amusement_06625,The clown's exaggerated expression and the playful setting evoke amusement.,6,4,prominent_faces,1,1,2,5,3,3,3
amusement_03563,The image evokes a sense of joy and warmth due to the festive Christmas theme and the cheerful depiction of Santa Claus.,7,4,none,1,1,2,5,5,3,5
amusement_05325,The horse's wide-open mouth and expressive eyes convey a sense of excitement and playfulness.,6,5,none,1,1,2,5,3,5,4
amusement_15225,The child's wide smile and relaxed posture suggest contentment and joy.,7,2,people_present,1,1,1,5,5,2,4
amusement_16860,"The children appear engaged and curious as they explore the water, suggesting excitement and awe.",6,4,prominent_faces,1,1,3,3,2,3,3
amusement_13878,"The image conveys a sense of joy and celebration, likely from a wedding, as indicated by the attire and setting.",6,4,prominent_faces,1,1,2,3,5,3,4
awe_08973,The image evokes a sense of awe due to the grandeur and unique formations of the tufa towers.,6,4,none,1,1,5,1,2,3,5
awe_11596,"The individuals appear to be engaged in a lively and expressive interaction, suggesting excitement or amusement.",6,5,prominent_faces,1,1,2,3,4,5,3
awe_10901,The image evokes a sense of awe due to the stunning sunset and the serene yet powerful ocean waves.,6,4,none,1,1,3,1,4,3,5
awe_02515,The image evokes a sense of contentment due to the serene beach setting and the birds' peaceful activity.,6,2,none,1,1,1,1,5,2,5
awe_10642,The serene sunset over the water evokes a sense of peace and contentment.,6,2,none,1,1,1,1,5,1,5
awe_04003,The image evokes a sense of awe due to its expansive view and serene beauty.,6,4,none,1,1,5,1,5,2,5
awe_04213,"The image evokes a sense of awe due to the stunning cityscape at sunset and the serene river, creating a peaceful yet grand atmosphere.",6,4,none,1,1,4,1,4,2,5
awe_00729,The serene sunset evokes a sense of peace and contentment.,6,2,none,1,1,2,1,5,1,5
awe_08332,"The image evokes a sense of contentment due to the serene sunset over the ocean, with warm colors and gentle waves.",6,2,none,1,1,1,1,5,2,5
awe_11234,The image evokes a sense of awe due to the rainbow and the expansive view of the water and sky.,6,4,none,1,1,5,2,4,3,5
awe_05114,The image evokes a sense of contentment due to the serene and natural setting with the deer standing calmly.,6,2,none,1,1,1,1,5,1,5
awe_04790,The vibrant red flower with its bright yellow center evokes a sense of joy and contentment.,6,4,none,1,1,2,2,4,3,5
awe_07884,The serene and expansive snowy landscape evokes a sense of awe and tranquility.,6,2,none,1,1,3,1,4,1,5
awe_12594,The image evokes excitement due to the person performing a handstand on a scenic trail.,6,5,people_present,1,1,5,5,2,5,5
awe_00259,The image evokes a sense of awe due to the grandeur and historical significance of the ruins.,6,4,none,1,1,5,1,2,2,5
awe_03017,The vibrant colors and lively posture of the bird evoke a sense of joy and wonder.,6,4,none,1,1,2,3,3,3,5
awe_09026,The image evokes a sense of awe due to the grandeur of the natural landscape and historical ruins.,6,4,none,1,1,5,1,2,3,5
awe_10175,The image evokes awe due to the vibrant rainbow amidst a serene forest setting.,6,4,none,1,1,5,2,4,3,5
awe_05952,"The image depicts a traditional wedding ceremony, evoking feelings of joy and celebration.",7,5,prominent_faces,1,1,2,1,5,5,5
awe_14016,"The helicopter's presence suggests a sense of adventure and exploration, evoking excitement.",6,4,none,1,1,2,1,3,3,3
awe_06081,The image evokes a sense of calm and contentment due to the serene expression and soft fur of the mountain goat.,6,2,none,1,1,1,1,5,1,5
awe_11949,The image evokes a sense of awe due to the majestic snow-capped mountain and the serene stone structures.,6,4,none,1,1,5,1,3,2,5
awe_09370,The vibrant colors and serene setting evoke a sense of contentment and joy.,6,3,none,1,1,2,2,4,3,5
awe_10751,The serene beach at sunset evokes a sense of peace and contentment.,6,2,none,1,1,1,1,5,2,5
awe_12315,"The child's expression appears slightly concerned or curious, suggesting a mix of mild fear or interest.",3,2,people_present,1,1,1,1,3,1,3
awe_04872,The vibrant red flowers evoke a sense of excitement and joy due to their bright color and lively arrangement.,7,5,none,1,1,2,3,4,5,5
awe_06025,"The baby appears curious and content while exploring the dandelions, indicating a sense of wonder and joy.",6,2,people_present,1,1,3,3,4,2,4
awe_14543,The image evokes a sense of contentment and joy due to the celebratory setting and the smiles of the individuals present.,6,3,prominent_faces,1,1,2,2,4,3,4
awe_02484,"The image evokes a sense of awe due to the stunning display of the Northern Lights and the serene, expansive landscape.",6,4,none,1,1,5,1,2,3,5
awe_04661,"The image evokes awe due to the grandeur and scale of the natural archway, combined with the vast landscape visible through it.",6,4,none,1,1,5,1,2,3,5
awe_11180,The serene sunset over the ocean evokes a sense of peace and contentment.,6,2,none,1,1,2,1,5,1,5
awe_03059,The serene and expansive winter landscape evokes a sense of awe and contentment.,6,2,none,1,1,4,1,4,1,5
awe_04836,The image evokes a sense of awe due to the stunning sunset and the majestic castle silhouette.,6,4,none,1,1,5,1,4,2,5
awe_13578,"The children appear to be enjoying themselves in a snowy environment, suggesting contentment and playfulness.",6,4,prominent_faces,1,1,2,5,4,3,3
awe_02132,The image evokes awe due to the stunning rainbow and dramatic sky over a serene desert landscape.,6,4,none,1,1,5,1,2,3,5
awe_01795,"The image evokes a sense of contentment due to the serene beach setting at sunset, with palm trees and a calm ocean.",6,2,none,1,1,1,1,5,1,5
awe_06403,"The image evokes awe due to its vast, majestic mountain range and serene lake, inspiring a sense of grandeur and wonder.",7,5,none,1,1,5,1,2,2,5
awe_07493,"The image evokes awe due to the grandeur and beauty of the frozen waterfall and the rainbow, suggesting a sense of wonder and admiration.",6,4,none,1,1,5,2,3,3,5
awe_04504,The image evokes a sense of awe due to the stunning sunset and the serene forest landscape.,6,4,none,1,1,5,1,5,2,5
awe_02635,"The image evokes a sense of contentment due to the serene setting, warm sunlight, and peaceful environment.",6,2,none,1,1,1,1,5,1,5
awe_07431,The serene snow-covered landscape evokes a sense of calm and contentment.,6,2,none,1,1,3,1,5,1,5
awe_08101,"The image evokes a sense of awe due to the grandeur and spiritual significance of the Golden Temple, combined with the serene atmosphere.",6,4,people_present,1,1,5,1,5,2,5
awe_07349,The image evokes a sense of calm and contentment due to the serene landscape and the spider web symbolizing nature's beauty.,6,2,none,1,1,3,1,4,1,5
awe_06726,The image evokes a sense of awe due to the vast desert landscape and the rugged mountains in the background.,6,4,none,1,1,5,1,2,3,5
awe_04314,"The image evokes a sense of awe due to the grandeur and historical significance of the structures, set against a clear blue sky.",6,4,none,1,1,5,1,2,2,5
awe_03101,The serene sailboat on calm waters with a majestic mountain backdrop evokes a sense of contentment and awe.,6,2,none,1,1,3,1,4,2,5
awe_10023,The image conveys a sense of joy and lightheartedness due to the vibrant costumes and cheerful expressions.,6,4,prominent_faces,1,1,2,5,3,3,3
awe_00074,The image evokes a sense of awe due to the vibrant rainbow over the serene orchard.,6,4,none,1,1,5,2,4,3,5
awe_01719,"The image evokes a sense of awe due to the traditional attire and the ceremonial setting, suggesting a significant cultural event.",6,4,prominent_faces,1,1,5,1,4,2,5
awe_02041,The seagull standing calmly on the beach evokes a sense of contentment and peace.,6,2,none,1,1,1,1,5,1,4
awe_07526,"The image evokes awe due to the grandeur of the waterfall and the presence of a rainbow, suggesting a sense of wonder and natural beauty.",6,5,none,1,1,5,2,3,5,5
awe_12425,"The image evokes awe due to the grandeur and power of the waterfall, combined with the presence of a rainbow, which adds a magical element.",6,5,none,1,1,5,1,1,5,5
awe_03098,The image evokes a sense of contentment due to the serene sunset and the peaceful activity of people enjoying a boat ride.,6,2,people_present,1,1,1,1,5,2,5
awe_00995,"The couple appears to be at a wedding, smiling and holding hands, indicating contentment and happiness.",7,3,prominent_faces,1,1,1,1,5,2,4
awe_13032,The image evokes a sense of awe due to the vastness and beauty of the landscape.,6,4,none,1,1,5,1,2,3,5
awe_06942,The serene and majestic winter landscape evokes a sense of awe and tranquility.,6,2,none,1,1,5,1,4,1,5
awe_12968,The hawk's focused expression and the act of eating evoke a sense of contentment and natural behavior.,6,3,none,1,2,1,1,2,3,4
awe_06077,"The image depicts a solemn religious ceremony, likely involving communion, evoking a sense of reverence and awe.",6,3,prominent_faces,1,1,2,1,4,2,4
awe_11534,"The image captures a joyful and intimate moment between two people, likely during a wedding, evoking feelings of contentment and excitement.",6,4,prominent_faces,1,1,2,3,4,3,4
awe_11413,The serene sunset over the tranquil water evokes a sense of peace and contentment.,6,2,none,1,1,1,1,5,1,5
awe_14081,"The image depicts a religious procession with people gathered around a statue of a Virgin Mary, indicating a sense of reverence and community.",6,4,prominent_faces,1,1,2,1,5,3,4
awe_11627,The vibrant colors and lively posture of the parrot evoke a sense of joy and wonder.,6,4,none,1,1,2,3,3,3,4
awe_08284,"The child appears to be enjoying a playful moment at the beach, building a sandcastle, which evokes a sense of contentment.",6,3,people_present,1,1,2,5,4,2,3
awe_03650,The image evokes a sense of contentment due to the peaceful rural setting and the calm presence of the horses.,6,2,none,1,1,1,1,5,1,5
awe_05346,The image evokes a sense of contentment due to its serene and well-maintained garden setting.,6,2,none,1,1,1,1,5,1,5
awe_03296,"The image evokes a sense of contentment due to its serene and picturesque coastal view, with people enjoying the beach and the vibrant cityscape.",6,3,people_present,1,1,2,1,4,3,5
awe_10067,The serene sunset evokes a sense of peace and contentment.,6,2,none,1,1,1,1,5,1,5
awe_00514,The image evokes contentment due to the serene interaction between the bee and the lavender flower.,6,2,none,1,1,1,1,4,2,5
awe_07539,The image evokes excitement due to the dynamic paragliding activity against a vibrant natural backdrop.,6,5,people_present,1,1,4,2,3,5,4
awe_15237,"The image evokes a sense of calm and routine, typical of daily commuting.",4,2,people_present,1,1,1,1,3,2,3
awe_04140,The serene sunset over the calm water and docked boats evokes a sense of peace and contentment.,6,2,none,1,1,1,1,5,1,5
awe_09430,The image evokes a sense of awe due to the vibrant rainbow over the serene landscape.,6,4,none,1,1,5,2,4,3,5
awe_00045,The serene setting and the soft lighting evoke a sense of peace and contentment.,6,2,none,1,1,1,1,5,1,5
awe_02710,The image evokes a sense of awe due to the stunning sunset and the serene beach setting.,6,3,none,1,1,2,1,5,2,5
awe_03964,"The image evokes a sense of awe due to the vast, serene landscape and the dramatic sky.",6,4,none,1,1,3,1,4,2,5
awe_15091,The serene landscape and calm water evoke a sense of peace and tranquility.,6,2,none,1,1,1,1,5,1,5
awe_09513,The image evokes awe due to the grandeur and majesty of the mountain landscape.,7,5,none,1,1,5,1,2,3,5
awe_05188,The image evokes a sense of calm and introspection due to the solitary candle in a dimly lit setting.,4,2,none,1,1,1,1,4,1,4
awe_05031,"The individuals are engaged in a traditional gesture of prayer, suggesting a sense of reverence and emotional connection.",6,2,prominent_faces,1,1,1,1,5,1,3
awe_01752,The image evokes a sense of awe due to the grandeur and scale of the cruise ship.,6,4,none,1,1,3,1,2,3,4
awe_01533,The image evokes awe due to the grandeur and power of the waterfall.,6,5,none,1,1,5,1,1,5,5
awe_01058,"The image evokes a sense of joy and celebration, as indicated by the elaborate traditional attire and the ornate setting.",7,5,prominent_faces,1,1,5,1,5,5,5
awe_07312,"The vast, serene landscape evokes a sense of awe and tranquility.",6,2,none,1,1,4,1,3,1,5
awe_04763,"The individual appears to be speaking with a serious expression, suggesting a formal or professional setting, which evokes a sense of contentment.",4,3,people_present,1,1,1,1,2,2,3
awe_11759,The serene beach scene evokes a sense of calm and contentment due to its natural beauty and peaceful atmosphere.,6,2,none,1,1,1,1,5,1,5
awe_14576,The grandeur and historical architecture evoke a sense of awe and admiration.,6,4,none,1,1,4,1,2,2,5
awe_00642,The image evokes a sense of awe due to the presence of military aircraft and the person's focused stance.,6,4,people_present,2,1,3,1,1,3,3
awe_04248,"The image evokes a sense of awe due to the vast, serene landscape and the people enjoying the view.",6,3,people_present,1,1,4,1,4,2,5
awe_09369,"The image evokes a sense of awe due to the majestic mountain and serene lake, suggesting a tranquil yet grand natural setting.",6,3,none,1,1,4,1,4,2,5
awe_05666,"The vast, open landscape evokes a sense of awe due to its grandeur and the serene beauty of the natural environment.",6,4,none,1,1,5,1,2,2,5
awe_05142,The serene and quiet winter landscape evokes a sense of calm and contentment.,4,2,none,1,1,1,1,3,1,4
awe_01585,The image evokes a sense of contentment due to its serene and picturesque landscape.,6,2,none,1,1,1,1,5,1,5
awe_07742,The image evokes amusement due to the squirrel's unexpected and humorous behavior of reaching into a bird feeder.,6,4,none,1,1,3,5,2,4,3
awe_14181,The image evokes a sense of awe due to the breathtaking view and the person's small size in comparison to the vast landscape.,7,5,people_present,1,1,5,1,1,2,5
awe_08646,"The image evokes a sense of awe due to the dramatic silhouette of the Joshua trees against the twilight sky, creating a serene yet majestic atmosphere.",6,4,none,1,1,5,1,2,2,5
awe_02502,"The image depicts a wedding ceremony, which typically evokes feelings of joy and celebration.",6,4,people_present,1,1,2,1,5,3,4
awe_06487,"The image evokes a sense of awe due to the vibrant, surreal colors and the grandeur of the cityscape.",6,5,none,1,1,5,2,1,5,5
awe_09799,"The image evokes a sense of awe due to the vast, serene landscape with snow-covered mountains and a tranquil lake.",6,3,none,1,1,5,1,4,2,5
awe_12041,The image evokes a sense of awe due to the majestic mountain landscape and the people's contemplative stance.,6,4,prominent_faces,1,1,5,1,2,2,5
awe_07003,The image evokes a sense of calm and contentment as the seagulls are peacefully resting on a dock by the water.,6,2,none,1,1,1,1,4,1,4
awe_14692,"The image evokes a sense of contentment due to the serene outdoor setting, clear sky, and natural beauty.",6,2,none,1,1,1,1,4,1,4
awe_02241,"The image evokes a sense of awe due to the vast, snow-covered landscape and the majestic mountain peak.",6,4,none,1,1,5,2,3,3,5
awe_07244,"The image evokes awe due to the grandeur and iconic nature of the castle, combined with the festive decorations and the presence of people holding umbrellas, suggesting a special occasion.",6,4,people_present,1,1,5,2,3,3,5
awe_13361,The image evokes a sense of awe due to the stunning sunset and expansive landscape.,6,4,none,1,1,5,1,5,2,5
awe_12838,The image evokes a sense of contentment due to the relaxed atmosphere and the presence of people enjoying a leisurely walk near a cruise ship.,6,2,people_present,1,1,3,1,4,2,4
awe_09885,The image evokes a sense of awe due to the grandeur and majesty of the mountain landscape.,7,5,none,1,1,5,1,2,2,5
awe_14238,The serene sunset over calm waters evokes a sense of peace and contentment.,6,2,none,1,1,1,1,5,1,5
awe_05066,The image evokes a sense of excitement due to the dynamic movement of the birds against a clear blue sky.,6,5,none,1,1,2,3,2,5,5
awe_09850,"The image depicts a couple in a formal setting, likely a wedding, sharing a moment of intimacy and joy, evoking feelings of contentment.",6,4,prominent_faces,1,1,2,1,5,3,5
awe_10124,The image evokes a sense of contentment due to the serene and picturesque landscape with a harmonious blend of nature and human habitation.,6,2,none,1,1,3,1,5,2,5
awe_00671,The serene sunset over the ocean evokes a sense of peace and contentment.,6,2,none,1,1,1,1,5,1,5
awe_01237,The image evokes a sense of awe due to its symmetrical reflection and the serene natural setting.,6,3,none,1,1,4,1,4,2,5
awe_03293,"The child appears curious and engaged with the piñata, suggesting a playful and lighthearted mood.",6,4,people_present,1,1,2,5,4,3,4
awe_06733,The serene landscape evokes a sense of contentment and awe due to its natural beauty and peaceful atmosphere.,6,2,none,1,1,3,1,5,1,5
awe_09184,The image evokes awe due to the grandeur and beauty of the waterfall and its surroundings.,6,4,none,1,1,5,1,2,3,5
awe_02997,"The image evokes a sense of awe due to the majestic snow-capped mountains and the vibrant flowers, creating a harmonious and inspiring natural scene.",6,4,none,1,1,5,1,4,2,5
awe_02840,The image evokes a sense of awe due to the vast landscape and the majestic mountain in the background.,6,4,none,1,1,5,1,4,2,5
awe_03067,The image evokes awe due to the grandeur and natural beauty of the arches against the sky.,6,4,none,1,1,5,1,2,2,5
awe_12019,"The image evokes awe due to the vast, majestic mountain landscape viewed from above, highlighting the grandeur and scale of nature.",7,5,none,1,1,5,1,1,3,5
awe_00523,The grandeur and architectural beauty of the building evoke a sense of awe.,6,4,none,1,1,3,1,2,2,5
awe_00338,The image evokes a sense of awe due to the majestic and serene presence of Mount Fuji against a clear sky.,7,4,none,1,1,5,1,5,2,5
awe_15220,"The horse appears calm and content while grazing, evoking a sense of peace and tranquility.",6,2,none,1,1,1,1,5,1,4
awe_10343,The ornate and grand architecture evokes a sense of awe and reverence.,6,4,none,1,1,2,1,3,2,5
awe_14068,The image evokes a sense of contentment due to the vibrant pink flowers and the serene outdoor setting.,6,3,none,1,1,2,1,4,2,5
awe_08654,The image evokes contentment due to the serene interaction between the bee and the flower.,6,2,none,1,1,1,1,5,2,5
awe_03262,"The image evokes a sense of awe due to the expansive view of the city and the natural landscape, combined with the serene atmosphere.",6,4,none,1,1,4,1,4,2,5
awe_12329,"The image evokes awe due to the stunning rainbow over the mountainous landscape, suggesting a moment of natural beauty and grandeur.",6,4,none,1,1,5,2,3,3,5
awe_04687,"The image evokes a sense of awe due to its vast, serene landscape and the dramatic sky at sunset.",6,4,none,1,1,5,1,5,2,5
awe_05841,"The image depicts a wedding ceremony, evoking feelings of joy and celebration.",7,4,prominent_faces,1,1,2,1,5,3,5
awe_14300,The image evokes a sense of awe due to the vastness of the bridge and the serene sunset.,6,4,none,1,1,5,1,5,2,5
awe_13652,The serene and expansive winter landscape evokes a sense of awe and tranquility.,6,2,none,1,1,3,1,4,1,5
awe_04138,The serene beach scene with Table Mountain in the background evokes a sense of calm and awe due to the vastness and beauty of nature.,6,2,none,1,1,3,1,4,2,5
awe_10535,"The image evokes a sense of awe due to the person performing a handstand on the beach, with the sun creating a dramatic silhouette effect.",6,5,people_present,1,1,5,3,2,5,5
awe_03434,The image evokes awe due to its breathtaking natural beauty and historical significance.,7,5,none,1,1,5,1,2,3,5
awe_09608,"The serene landscape evokes a sense of awe and contentment due to its vast, tranquil beauty and the majestic mountains in the background.",6,2,none,1,1,4,1,4,1,5
awe_00669,"The image evokes a sense of awe due to the vast, majestic mountain range under a dramatic sky.",6,4,none,1,1,5,1,2,3,5
awe_10219,"The image depicts a joyous wedding scene with vibrant colors and traditional attire, evoking feelings of happiness and celebration.",7,5,prominent_faces,1,1,2,3,5,5,5
awe_01414,"The image evokes excitement due to the grand and awe-inspiring architecture of Hogwarts Castle, combined with the lively crowd suggesting anticipation and joy.",6,5,prominent_faces,1,1,5,2,3,5,5
awe_08160,The serene beauty of the water lilies evokes a sense of calm and contentment.,6,2,none,1,1,1,1,5,1,5
awe_04841,"The child's expression appears calm and composed, suggesting a sense of contentment.",6,2,people_present,1,1,1,1,5,1,5
awe_06723,The serene lake with swans and colorful autumn trees evokes a sense of peace and contentment.,6,2,none,1,1,1,1,5,1,5
awe_03136,"The image evokes excitement due to the dynamic movement of the horse and the open, natural setting.",6,5,none,1,1,2,3,3,5,4
awe_07298,The image evokes a sense of awe due to the grandeur of the lighthouse and the vast open landscape.,6,4,none,1,1,4,1,3,2,5
awe_05259,"The image evokes awe due to its vast, breathtaking landscape with towering hoodoos and expansive sky.",7,5,none,1,1,5,1,1,2,5
awe_11693,"The image evokes a sense of awe due to the vast, serene landscape with snow-capped mountains and a clear blue lake.",6,4,none,1,1,5,1,4,2,5
awe_00561,The image evokes a sense of awe due to the majestic deer and the grandeur of the mountainous backdrop.,6,4,none,1,1,5,1,4,3,5
awe_02121,The image evokes a sense of contentment due to the peaceful grazing of zebras in a natural setting.,6,2,none,1,1,1,1,4,1,4
awe_08429,"The image evokes awe due to the grandeur and power of the waterfall, surrounded by lush greenery.",6,5,none,1,1,5,1,2,5,5
awe_14516,"The image evokes a sense of awe due to the vast, open landscape and the majestic mountain in the background.",6,4,none,1,1,5,1,2,3,5
awe_07246,The image evokes a sense of awe due to the grandeur and scale of the industrial structure against the night sky.,6,5,none,1,1,5,1,1,4,5
awe_04895,The image evokes a sense of awe due to the vibrant rainbow against the dramatic sky and lush greenery.,6,4,none,1,1,5,2,4,3,5
awe_12769,The image evokes a sense of contentment due to the serene and natural setting with fluffy dandelions and golden light.,6,2,none,1,1,2,3,5,2,5
awe_03200,"The image evokes a sense of awe due to the majestic, snow-covered landscape and the misty, serene atmosphere.",6,4,none,1,1,5,1,2,2,5
awe_13679,"The image evokes contentment due to the serene interaction between the butterfly and the flower, suggesting a peaceful moment in nature.",6,2,none,1,1,2,2,4,2,5
awe_07610,"The image evokes a sense of awe due to the stunning sunset and the serene, untouched natural beauty.",7,4,none,1,1,5,1,5,2,5
awe_03725,The image evokes a sense of awe due to the presence of a rainbow over a serene landscape.,6,4,none,1,1,5,2,4,3,5
awe_05467,"The image evokes a sense of awe due to the vast, snow-covered landscape and the grandeur of nature.",6,4,none,1,1,5,1,2,3,5
awe_09141,"The bird appears calm and content as it floats on the water, suggesting a sense of peace and tranquility.",6,2,none,1,1,1,1,5,1,4
awe_09078,"The couple appears joyful and relaxed, suggesting contentment and happiness.",6,3,prominent_faces,1,1,2,2,5,3,4
awe_09261,The serene and picturesque winter landscape evokes a sense of awe and contentment.,6,2,none,1,1,3,1,4,1,5
awe_06328,"The image evokes a sense of awe due to the stunning rainbow over the serene lake, creating a breathtaking and tranquil scene.",7,4,none,1,1,5,2,5,2,5
awe_08926,The serene sunset and calm waters evoke a sense of peace and contentment.,6,2,none,1,1,1,1,5,1,5
awe_06964,The fiery sky evokes a sense of awe due to its dramatic and intense colors.,6,5,none,1,1,5,1,2,5,5
awe_00542,The image evokes a sense of awe due to the misty landscape and the grandeur of the architecture amidst nature.,6,4,none,1,1,5,1,5,2,5
awe_12288,The image evokes a sense of awe due to the grandeur and natural beauty of the coastal landscape.,6,4,none,1,1,5,1,2,3,5
awe_01480,The image evokes a sense of awe due to the stunning rainbow over the serene landscape.,6,4,none,1,1,5,2,4,3,5
awe_10414,"The image evokes awe due to the vibrant rainbow against a dramatic sky, symbolizing natural beauty and wonder.",6,4,none,1,1,5,2,3,3,5
awe_08946,The image evokes a sense of awe due to the grandeur of the cityscape and the majestic mountain in the background.,6,4,none,1,1,5,1,4,2,5
awe_08459,The image evokes a sense of awe due to the grandeur of the mountain and the vastness of the landscape.,6,4,people_present,1,1,5,1,2,3,5
awe_07883,"The image evokes a sense of awe due to the vast, snow-covered mountain landscape and the serene winter atmosphere.",6,4,none,1,1,5,1,2,2,5
awe_12426,"The image evokes a sense of awe due to the vibrant rainbow over the cityscape, suggesting a moment of natural beauty and grandeur.",6,4,none,1,1,5,2,3,3,5
awe_04567,"The image evokes awe due to the dramatic and vivid sunset, reflecting a sense of grandeur and beauty.",7,5,none,1,1,5,1,5,5,5
awe_12910,The image evokes a sense of awe due to the vast landscape and the thrill of paragliding.,6,5,people_present,2,1,5,1,3,5,5
awe_13297,"The image evokes a sense of awe due to the majestic mountain backdrop and the solitary tree, suggesting grandeur and natural beauty.",6,4,none,1,1,5,1,2,2,5
awe_08417,"The serene sunset and bare tree evoke a sense of calm and reflection, suggesting contentment.",6,2,none,1,1,1,1,5,1,5
awe_06558,"The couple appears to be at a wedding, smiling and walking together, indicating contentment and happiness.",6,3,prominent_faces,1,1,2,1,5,3,4
awe_11729,"The image evokes awe due to its vast, rugged mountain landscape and serene lake, inspiring a sense of grandeur and wonder.",6,4,none,1,1,5,1,2,2,5
awe_10199,The image evokes a sense of excitement due to the adventurous activity of climbing rocks under a clear sky.,6,5,prominent_faces,2,1,4,3,1,5,4
awe_11429,The vibrant colors and abundance of tulips evoke a sense of joy and contentment.,6,4,none,1,1,2,3,4,3,5
awe_04449,The serene sunset over the calm sea evokes a sense of peace and contentment.,6,2,none,1,1,1,1,5,1,5
awe_09504,The serene and expansive snowy landscape evokes a sense of calm and awe.,6,2,none,1,1,3,1,4,1,5
awe_08293,The serene landscape evokes a sense of peace and contentment.,6,2,none,1,1,1,1,5,1,5
awe_02541,"The image evokes a sense of awe due to the majestic Mount Fuji and its perfect reflection, surrounded by a serene environment.",7,4,people_present,1,1,5,1,4,2,5
awe_08115,The serene sunset over the calm water and peaceful beach evokes a sense of contentment and tranquility.,6,2,none,1,1,1,1,5,1,5
awe_10011,The image evokes a sense of awe due to the majestic snow-covered mountain and the serene winter landscape.,6,4,none,1,1,5,1,2,2,5
awe_13742,The image evokes a sense of awe due to the vibrant rainbow and the serene urban park setting.,6,4,none,1,1,5,2,4,3,5
awe_01339,The image evokes a sense of awe due to its breathtaking natural beauty and serene atmosphere.,7,4,none,1,1,5,1,5,2,5
awe_14610,"The image evokes a sense of awe due to the stunning sunset and the contemplative figure, suggesting a profound appreciation for nature's beauty.",6,3,none,1,1,4,1,5,2,5
awe_06768,"The image evokes a sense of awe due to the close-up detail of the hummingbird and the vibrant flowers, highlighting nature's beauty.",6,4,none,1,1,3,2,3,3,5
awe_05709,"The serene winter landscape with a calm river, soft snow, and a beautiful sunset evokes a sense of peace and contentment.",6,2,none,1,1,1,1,5,1,5
awe_07716,The image evokes a sense of contentment due to the traditional attire and serene setting.,6,2,prominent_faces,1,1,2,1,4,2,5
awe_10186,The image evokes awe due to the grandeur and power of the waterfall amidst lush greenery.,6,5,none,1,1,5,1,2,5,5
awe_01750,"The image depicts a wedding scene with a couple cutting a beautifully decorated cake, evoking feelings of joy and celebration.",7,4,prominent_faces,1,1,2,1,5,3,5
awe_03748,The vibrant yellow flower with its detailed petals evokes a sense of joy and wonder.,6,4,none,1,1,2,3,4,3,5
awe_11086,"The image evokes a sense of awe due to the grandeur and beauty of the landscape, combined with the historical significance of the castle.",6,4,none,1,1,5,1,3,2,5
awe_00344,The image evokes a sense of awe due to the grandeur and majesty of the mountain landscape.,6,4,none,1,1,5,1,2,3,5
awe_12207,The image evokes a sense of awe due to the grandeur and historical significance of the ship and the backdrop of the Peter and Paul Fortress.,6,4,none,1,1,5,1,2,3,4
awe_10965,"The image evokes a sense of awe due to the vast, serene landscape and the golden light of sunrise.",6,4,none,1,1,5,1,5,2,5
awe_07803,"The image evokes a sense of awe due to its vast, serene coastal landscape with dramatic cliffs and expansive ocean.",6,4,none,1,1,5,1,2,3,5
awe_09341,"The image evokes awe due to the grandeur and beauty of the natural landscape, with the sun shining through the arch creating a dramatic and inspiring scene.",7,5,none,1,1,5,1,5,3,5
contentment_04937,"The couple appears relaxed and happy, enjoying a leisurely stroll in a tropical setting.",6,2,prominent_faces,1,1,1,1,5,2,5
contentment_11454,The child's bright smile and relaxed posture suggest contentment and joy.,7,3,people_present,1,1,1,5,5,2,4
contentment_12507,The image evokes a sense of awe due to the striking contrast between the bird and the stark branches against the clear blue sky.,6,4,none,1,1,2,1,1,2,4
contentment_04996,The serene and contemplative mood of the image evokes a sense of contentment.,6,2,none,1,1,1,1,5,1,5
contentment_00683,The image evokes a sense of contentment due to the vibrant red heart-shaped flowers and their delicate appearance.,6,3,none,1,1,2,2,4,2,5
contentment_14744,"The serene and balanced composition of the traditional Japanese pavilion reflects tranquility and harmony, evoking a sense of contentment.",6,2,none,1,1,2,1,5,1,5
contentment_07229,The image evokes contentment due to the relaxed posture and closed eyes of the kitten.,7,1,none,1,1,1,1,5,1,5
contentment_05328,The image conveys a sense of contentment and warmth due to the happy expressions and close physical proximity of the individuals.,6,3,prominent_faces,1,1,1,2,5,2,4
contentment_13149,"The person appears to be in awe of the majestic mountain view, evoking a sense of wonder and tranquility.",6,4,people_present,1,1,5,1,2,2,5
contentment_00018,"The image evokes contentment due to the warm, cozy feel of holding a small pumpkin at dusk.",6,2,none,1,1,1,2,5,1,5
contentment_04970,"The child appears curious and engaged with the dog, suggesting a sense of contentment and playfulness.",6,3,people_present,1,1,2,4,4,2,4
contentment_05180,"The image evokes contentment due to the creative and cheerful presentation of food, suggesting care and joy.",6,2,none,1,1,3,5,4,1,5
contentment_06981,The image conveys a sense of contentment and warmth due to the smiling woman and her happy dog.,6,3,prominent_faces,1,1,1,3,5,2,4
contentment_07213,"The person appears content and happy while holding a small bird, suggesting a sense of joy and connection to nature.",6,3,prominent_faces,1,1,2,3,4,3,4
contentment_11649,"The image evokes contentment due to the appealing and diverse cupcakes, suggesting a pleasant and satisfying experience.",6,3,none,1,1,2,3,4,2,4
contentment_12660,The child's wide smile and outstretched hand towards the teddy bear suggest amusement and playfulness.,7,4,prominent_faces,1,1,2,5,5,3,3
contentment_05414,"The person appears calm and content, enjoying nature with a sense of tranquility.",6,2,people_present,1,1,1,1,5,1,5
contentment_01356,"The person appears to be enjoying a pleasant moment, smelling a rose, which evokes feelings of contentment and warmth.",6,3,people_present,1,1,2,1,5,2,4
contentment_16191,The image evokes contentment due to the joyful expressions and close interaction between the child and the dog.,7,4,prominent_faces,1,1,2,5,5,3,4
contentment_04106,"The children appear engaged and curious, suggesting a sense of contentment and excitement as they explore the garden bed.",6,4,prominent_faces,1,1,2,3,4,3,3
contentment_14400,The vibrant red tulips evoke a sense of joy and contentment due to their bright color and natural beauty.,7,4,none,1,1,2,2,4,3,5
contentment_01559,The image conveys a sense of contentment and warmth as the two individuals appear to be enjoying a quiet moment together.,6,2,prominent_faces,1,1,1,1,5,1,3
contentment_04375,The baby's wide smile and bright eyes convey joy and contentment.,7,3,people_present,1,1,1,5,5,2,4
contentment_03969,The image evokes a sense of melancholy due to the solitary red flower against a monochrome background.,2,2,none,1,1,1,1,1,1,3
contentment_04700,"The monkey appears content and relaxed while enjoying a red apple, evoking a sense of calm satisfaction.",6,2,none,1,1,1,1,4,1,4
contentment_14638,The child's bright smile and relaxed posture suggest contentment and joy.,6,3,prominent_faces,1,1,2,4,4,2,4
contentment_06796,"The child appears excited and playful, indicated by their wide smile and energetic stance.",6,4,people_present,1,1,2,5,3,4,3
contentment_08356,"The image conveys a strong sense of joy and affection between the father and his children, with a warm and cozy atmosphere.",7,4,prominent_faces,1,1,1,5,5,2,4
contentment_05125,The vibrant orange bird standing confidently on the ground evokes a sense of contentment and warmth.,6,3,none,1,1,2,1,5,2,4
contentment_07906,The baby's wide smile and bright eyes convey joy and contentment.,7,3,prominent_faces,1,1,1,5,5,2,5
contentment_04742,The image evokes a sense of contentment due to the bird's relaxed posture amidst vibrant flowers.,6,2,none,1,1,1,1,4,2,4
contentment_06181,"The image evokes a sense of contentment due to the vibrant purple flowers and lush green leaves, suggesting a peaceful natural setting.",6,3,none,1,1,2,1,4,2,5
contentment_11753,"The child appears to be slightly distressed or uncomfortable, as indicated by their facial expression and the adult's hand on their head.",2,3,prominent_faces,1,1,1,1,3,2,3
contentment_03488,The image evokes a sense of contentment due to the joyful interaction between the two individuals and the pleasant outdoor setting.,6,3,prominent_faces,1,1,2,4,4,3,4
contentment_00085,"The image conveys a sense of comfort and contentment as the person is sleeping peacefully with a cat, suggesting a calm and relaxed environment.",6,2,prominent_faces,1,1,1,1,5,1,4
contentment_11024,"The image conveys contentment due to the happy expressions of both the person and the dog, along with the relaxed body language.",6,3,prominent_faces,1,1,1,3,5,2,4
contentment_04864,"The person appears to be smiling warmly and confidently, suggesting contentment and positivity.",6,3,prominent_faces,1,1,2,3,4,3,4
contentment_05096,The image evokes contentment due to the joyful expressions and intimate pose of the couple against a beautiful floral backdrop.,6,3,prominent_faces,1,1,2,2,5,2,5
contentment_10937,The image conveys a sense of joy and playfulness as the children appear to be enjoying each other's company.,7,4,prominent_faces,1,1,2,5,5,3,3
contentment_11665,The image evokes contentment due to the serene and natural beauty of the daisies.,6,2,none,1,1,1,2,4,1,5
contentment_14597,"The couple appears relaxed and content, enjoying a serene moment together on a boat.",6,2,prominent_faces,1,1,1,1,5,1,5
contentment_12344,"The image evokes a sense of celebration and joy, highlighted by the champagne glasses and festive decorations.",6,4,none,1,1,2,3,4,3,4
contentment_15383,"The image evokes contentment due to the freshly made waffles, suggesting a sense of accomplishment and comfort.",6,3,none,1,1,1,2,5,2,3
contentment_07190,The image evokes a sense of awe due to the stunning sunset and the grandeur of the architecture.,7,5,none,1,1,5,1,5,2,5
contentment_10885,The image conveys a sense of shared curiosity and engagement as the two children focus intently on the smartphone screen.,6,4,prominent_faces,1,1,2,3,4,3,4
contentment_08111,"The image evokes a sense of contentment due to the relaxing bubble bath setting and the presence of rose petals, suggesting a peaceful and enjoyable moment.",6,2,prominent_faces,1,1,1,2,5,1,4
contentment_13160,"The image evokes a sense of contentment and joy due to the relaxed and happy expressions of the individuals, surrounded by a beautiful natural setting.",6,3,prominent_faces,1,1,1,4,5,2,5
contentment_08030,The vibrant colors and intricate arrangement of flowers evoke a sense of joy and contentment.,6,4,none,1,1,2,3,4,3,5
contentment_07918,"The image evokes a sense of contentment due to the serene and beautiful cherry blossom scenery, with people enjoying the peaceful environment.",6,2,people_present,1,1,2,1,4,2,5
contentment_00480,"The image evokes contentment due to the gentle interaction between the person and the alpaca, suggesting a peaceful and joyful moment.",6,2,prominent_faces,1,1,1,1,5,1,4
contentment_04484,The vibrant colors and unique shapes of the cacti evoke a sense of playfulness and curiosity.,6,4,none,1,1,3,5,2,3,5
contentment_08503,The image evokes a sense of joy and playfulness as the family enjoys their time together in the water.,7,5,prominent_faces,1,1,1,5,5,5,5
contentment_14778,The image conveys a sense of contentment and warmth as the child and adult share a relaxed moment together.,6,2,prominent_faces,1,1,1,3,5,1,4
contentment_09244,The vibrant purple flowers evoke a sense of contentment and joy due to their beauty and natural serenity.,6,3,none,1,1,2,2,4,2,5
contentment_16206,The child's joyful expression and wet appearance suggest excitement and playfulness.,7,5,prominent_faces,1,1,1,5,3,5,3
contentment_04300,"The person appears relaxed and contemplative, suggesting a calm and neutral emotional state.",4,2,people_present,1,1,1,1,4,1,4
contentment_16354,The image evokes a sense of awe due to the natural beauty and the presence of wildlife in a serene environment.,6,4,none,1,1,3,2,4,3,5
contentment_09311,"The image evokes contentment due to the appealing presentation of sushi, which is often associated with enjoyment and satisfaction.",6,3,none,1,1,2,1,4,2,5
contentment_16207,"The image conveys a sense of calm and comfort between two people, suggesting contentment.",6,2,prominent_faces,1,1,1,1,5,1,4
contentment_14373,The image evokes contentment due to the intimate and serene moment shared between two people amidst a beautiful natural setting.,6,2,prominent_faces,1,1,1,1,5,1,5
contentment_02398,"The image evokes a sense of contentment due to the cozy setting with a warm mug, pen, and decorative berries.",6,2,none,1,1,1,1,5,1,4
contentment_09120,The image evokes contentment due to the intimate and affectionate pose between two people in a serene outdoor setting.,6,2,prominent_faces,1,1,1,1,5,1,5
contentment_07211,The image evokes a sense of contentment due to the relaxed posture of the monkeys and the serene natural setting.,6,2,none,1,1,3,2,4,2,4
contentment_06777,The image evokes contentment due to the relaxed and natural setting with chickens in a safe environment.,6,2,none,1,1,1,1,5,2,3
contentment_01180,"The person appears relaxed and happy in a swimming pool setting, indicating contentment.",6,2,people_present,1,1,1,3,4,2,4
contentment_00192,"The image conveys a sense of unity and joy among diverse individuals, suggesting a positive and lighthearted emotion.",6,4,prominent_faces,1,1,2,5,5,4,4
contentment_06357,The vibrant yellow lily with its cheerful appearance evokes a sense of contentment and joy.,6,3,none,1,1,2,2,4,2,5
contentment_02257,The child's wide smile and playful pose suggest joy and excitement.,7,5,prominent_faces,1,1,1,5,5,5,5
contentment_07259,The image evokes contentment due to the vibrant colors and peaceful setting.,6,2,none,1,1,1,3,4,2,5
contentment_13478,"The couple appears to be enjoying a peaceful moment together, capturing a beautiful view, indicating contentment and warmth.",6,2,prominent_faces,1,1,3,3,5,2,5
contentment_02893,"The person appears relaxed and happy, holding a hat in a natural setting, suggesting contentment.",6,2,people_present,1,1,1,3,4,2,4
contentment_06506,"The dog appears calm and content in a serene snowy environment, evoking feelings of peace and comfort.",6,2,none,1,1,1,1,5,1,4
contentment_13176,"The image conveys a sense of contentment and comfort due to the close physical contact between the cat and dog, suggesting a bond and mutual affection.",6,2,none,1,1,1,1,5,1,3
contentment_02344,The image evokes a sense of joy and celebration due to the lit candles and colorful sprinkles on the cupcakes.,7,4,none,1,1,2,5,4,3,4
contentment_00611,The image evokes a sense of contentment due to the deer's relaxed posture and natural setting.,6,2,none,1,1,1,1,4,1,4
contentment_09551,"The person appears to be enjoying themselves, as indicated by their smile and the way they are holding the flowers close.",6,3,people_present,1,1,2,3,4,2,4
contentment_01244,The image evokes a sense of awe due to the majestic presence of the kudu in its natural habitat.,6,4,none,1,1,3,1,2,2,4
contentment_15096,The image evokes a sense of contentment due to the vibrant blue flowers and their natural beauty.,6,3,none,1,1,2,1,3,2,5
contentment_05985,"The image evokes a sense of contentment as people enjoy a peaceful day in the park, interacting with nature and animals.",6,2,prominent_faces,1,1,1,3,4,2,4
contentment_01350,"The image evokes contentment due to the inviting presentation of a latte with a heart design, suggesting care and thoughtfulness.",6,2,none,1,1,1,2,5,1,5
contentment_08084,The image evokes contentment due to the relaxed posture and peaceful expression of the cat.,6,2,none,1,1,1,1,5,1,4
contentment_04779,"The image evokes a sense of contentment due to the inviting breakfast setup with a warm bowl of oatmeal, fresh fruits, and a comforting milk jug.",6,2,none,1,1,1,1,5,1,4
contentment_04062,The couple's intimate pose and tender expressions evoke a sense of contentment and affection.,7,3,prominent_faces,1,1,1,1,5,2,5
contentment_02250,"The baby appears to be sleeping peacefully, conveying a sense of calm and contentment.",6,2,people_present,1,1,1,1,5,1,4
contentment_11832,The person appears to be experiencing amusement due to their broad smile and relaxed posture while talking on the phone.,6,4,people_present,1,1,1,2,4,3,4
contentment_14892,"The image conveys a sense of calm and contentment, with the subject lying down in a relaxed pose.",6,2,prominent_faces,1,1,1,1,5,1,5
contentment_14642,"The individuals appear to be enjoying a lighthearted conversation over coffee, indicated by their smiles and relaxed body language.",6,3,prominent_faces,1,1,1,4,4,2,4
contentment_00668,"The dog appears relaxed and comfortable, wrapped in a cozy blanket, evoking a sense of contentment.",6,2,none,1,1,1,1,5,1,4
contentment_03015,The serene sunset evokes a sense of peace and contentment.,6,2,none,1,1,1,1,5,1,5
contentment_11806,The image evokes a sense of contentment as the two individuals appear relaxed and contemplative while observing the natural beauty of the ocean.,6,2,people_present,1,1,2,1,4,3,4
contentment_07370,The image evokes a sense of contentment due to the relaxed beach setting and the refreshing drink.,6,2,people_present,1,1,1,1,4,2,4
contentment_15878,The child's expression and the toy suggest a sense of playfulness and amusement.,6,3,prominent_faces,1,1,2,5,4,3,3
contentment_15355,The image evokes a sense of contentment as it shows a relaxed and joyful moment between a child and an adult engaging in a leisure activity.,6,2,prominent_faces,1,1,1,3,5,1,3
contentment_12834,The child's joyful expression and the vibrant outdoor setting evoke a sense of contentment and playfulness.,6,4,prominent_faces,1,1,2,5,5,3,5
contentment_00104,"The person appears to be enjoying a peaceful moment by the sea, evoking a sense of contentment.",6,2,people_present,1,1,1,1,5,1,5
contentment_10332,The child's bright expression and the festive setting evoke a sense of joy and contentment.,6,3,prominent_faces,1,1,2,4,4,2,4
contentment_12289,"The cat's expression conveys a sense of calm contentment, while the person in the background adds a human element to the scene.",6,2,prominent_faces,1,1,1,1,5,1,4
contentment_14335,The image evokes a sense of contentment due to the relaxed and joyful picnic setting by the lake.,6,2,prominent_faces,1,1,1,2,5,1,5
contentment_16306,"The person appears relaxed and happy, surrounded by a serene natural setting.",6,2,prominent_faces,1,1,1,1,4,1,5
contentment_03964,"The child's expression and the vibrant, playful setting suggest a sense of joy and contentment.",6,4,prominent_faces,1,1,2,5,4,3,4
contentment_04791,The image evokes a sense of contentment due to the relaxed posture and serene ocean setting.,6,2,people_present,1,1,1,1,5,1,5
contentment_07617,The image evokes a sense of contentment due to the serene rural landscape and the relaxed posture of the two individuals.,6,2,people_present,1,1,2,1,4,2,5
contentment_05627,The image evokes a sense of contentment due to the serene and inviting outdoor setting.,6,2,none,1,1,1,1,5,1,5
contentment_03659,"The image evokes a sense of contentment due to the serene arrangement of art supplies and flowers, suggesting a peaceful creative process.",6,2,none,1,1,1,2,5,1,5
contentment_04246,The image conveys a sense of contentment and warmth due to the intimate pose and the relaxed atmosphere.,6,2,prominent_faces,1,1,1,1,5,1,4
contentment_11893,The image evokes a sense of contentment and joy due to the playful interaction between the person and the dog in a serene outdoor setting.,6,4,people_present,1,1,2,5,5,4,5
contentment_14733,"The couple appears to be enjoying a serene winter walk, indicated by their relaxed body language and smiles.",6,2,prominent_faces,1,1,1,2,4,1,4
contentment_04893,"The image conveys a sense of warmth and comfort between the two individuals, suggesting contentment.",6,2,prominent_faces,1,1,1,1,5,1,4
contentment_01723,"The person appears relaxed and content, lying in a field at sunset, evoking a sense of peace and happiness.",6,2,prominent_faces,1,1,1,1,5,1,5
contentment_15071,"The image evokes contentment due to the warm interaction between the family members amidst a serene, blooming garden setting.",6,2,prominent_faces,1,1,1,1,5,1,5
contentment_16414,The image evokes a sense of contentment due to the peaceful interaction between the rabbit and its natural environment.,6,2,none,1,1,1,1,5,1,4
contentment_04984,The serene and lush environment evokes a sense of contentment and tranquility.,6,2,none,1,1,1,1,5,1,5
contentment_10703,The image evokes contentment due to the serene and peaceful setting with the donkey grazing calmly.,6,2,none,1,1,1,1,5,1,5
contentment_03551,"The family appears happy and relaxed in front of a large, impressive sculpture, indicating contentment.",6,3,prominent_faces,1,1,2,2,4,2,4
contentment_13991,"The image conveys a deep sense of affection and intimacy between two people, suggesting contentment and warmth.",6,3,prominent_faces,1,1,1,1,5,2,4
contentment_09262,"The image evokes a sense of calm and introspection, with a focus on the quiet beauty of nature.",4,2,none,1,1,1,1,3,1,4
contentment_03344,The baby's bright smile and relaxed posture evoke a sense of contentment and joy.,7,3,prominent_faces,1,1,1,5,5,2,5
contentment_09202,"The image conveys a sense of contentment and warmth as the child interacts affectionately with the horse, while the adult looks on with a gentle smile.",6,3,prominent_faces,1,1,2,3,5,2,4
contentment_14035,"The image conveys a sense of camaraderie and shared enjoyment between two individuals, likely after a baseball game.",6,3,prominent_faces,1,1,1,3,4,2,3
contentment_15238,"The person appears relaxed and engaged in a peaceful activity, surrounded by nature, evoking a sense of contentment.",6,2,people_present,1,1,1,1,4,1,4
contentment_09470,The image evokes contentment due to the serene and joyful presence of baby ducks in a lush green field.,6,2,none,1,1,1,3,5,1,5
contentment_14102,The vibrant yellow flowers evoke a sense of joy and contentment due to their bright color and natural beauty.,6,4,none,1,1,2,2,4,3,5
contentment_04705,"The person appears relaxed and content, wearing traditional attire and a smile.",6,2,prominent_faces,1,1,1,1,5,1,4
contentment_05061,"The person appears to be in awe of the large tree, as indicated by their wide stance and upward gaze, suggesting a sense of wonder and respect for nature.",6,4,people_present,1,1,5,1,2,3,4
contentment_12621,The image evokes a sense of excitement and contentment due to the energetic activity of dog sledding in a scenic winter setting.,6,4,none,1,1,2,3,4,4,4
contentment_16512,"The cat appears relaxed and comfortable, lying on its back with a content expression.",6,2,none,1,1,1,1,5,1,3
contentment_08121,The person's pose and attire suggest a playful and confident mood.,6,4,prominent_faces,1,1,2,4,3,3,4
contentment_02432,The image evokes contentment due to the joyful expressions and interaction between the baby and the adult.,7,3,prominent_faces,1,1,1,5,5,2,4
contentment_15150,"The person appears relaxed and happy, suggesting contentment.",6,2,people_present,1,1,1,1,4,2,3
contentment_11309,The image evokes a sense of contentment due to the serene and beautiful white flowers against a soft pink background.,6,2,none,1,1,1,1,4,1,5
contentment_13405,"The group appears to be posing for a formal photo, suggesting a sense of contentment and social interaction.",6,3,people_present,1,1,2,2,4,3,4
contentment_08735,The serene setting with birds perched calmly on posts evokes a sense of peace and contentment.,6,2,none,1,1,1,1,5,1,5
contentment_16471,"The person appears contemplative and relaxed, suggesting a calm and pleasant mood.",6,2,people_present,1,1,1,1,5,1,5
contentment_00343,The image evokes contentment due to the serene and beautiful orchids.,6,2,none,1,1,1,1,5,1,5
contentment_00239,The image evokes a sense of calm and contentment due to the serene water and the duck's relaxed posture.,6,2,none,1,1,1,1,5,1,5
contentment_01539,"The image evokes a sense of contentment due to the serene and peaceful setting, with the person walking calmly towards the sunset.",6,2,people_present,1,1,2,1,5,2,5
contentment_00070,"The image evokes contentment due to the tender interaction between the mother and baby, highlighting warmth and affection.",7,2,prominent_faces,1,1,1,1,5,1,5
contentment_03103,The image evokes a sense of contentment due to the relaxed beach setting and people enjoying leisure activities.,6,2,people_present,1,1,1,2,4,2,4
contentment_14187,The child's bright smile and playful stance suggest contentment and joy.,6,3,prominent_faces,1,1,2,5,4,3,4
contentment_09522,"The image conveys a sense of warmth and contentment as the adult is holding the child close, and both appear relaxed and happy.",6,2,prominent_faces,1,1,1,1,5,1,4
contentment_08722,The image conveys a sense of contentment and relaxation as people enjoy a leisurely boat ride.,6,2,prominent_faces,1,1,1,1,4,2,4
contentment_12942,"The child appears relaxed and happy, lying on the grass with a content expression.",6,2,people_present,1,1,1,4,5,1,4
contentment_15233,The dog's calm demeanor and the cozy setting evoke a sense of contentment.,6,2,none,1,1,1,1,5,1,4
contentment_06742,"The person appears to be engaged in a serious conversation, indicated by their focused expression and the context of holding a phone to their ear.",4,3,people_present,1,1,1,1,2,2,3
contentment_15374,The duck's vibrant plumage and relaxed posture evoke a sense of contentment and natural beauty.,6,2,none,1,1,2,3,4,2,5
contentment_09351,The image conveys a sense of contentment and relaxation as two people enjoy a quiet moment together on the beach.,6,2,prominent_faces,1,1,1,1,5,1,4
contentment_03916,The image conveys a sense of warmth and contentment as the mother and child share a tender moment amidst beautiful flowers.,6,2,prominent_faces,1,1,1,3,5,2,5
contentment_06050,"The couple appears to be enjoying a peaceful moment together in a natural setting, evoking feelings of contentment.",6,2,prominent_faces,1,1,1,1,5,1,5
contentment_06795,The cat's relaxed posture and peaceful setting evoke a sense of contentment.,6,2,none,1,1,1,1,5,1,4
contentment_06575,The image conveys a sense of joy and playfulness as the couple is engaged in a lighthearted activity in a snowy setting.,6,4,prominent_faces,1,1,2,5,4,4,4
contentment_06959,"The image evokes a sense of contentment due to the peaceful beach setting, the relaxed posture of the bicycles, and the fishing rods suggesting leisure activity.",6,2,none,1,1,1,1,5,2,4
contentment_12227,"The children appear excited and curious about holding the snake, indicating a mix of awe and playfulness.",6,4,prominent_faces,2,1,3,4,3,3,3
contentment_01494,The image evokes a sense of contentment due to the bird's relaxed posture and the serene natural setting.,6,2,none,1,1,1,1,4,2,4
contentment_16441,The vibrant pink flower against lush green leaves evokes a sense of joy and contentment.,6,4,none,1,1,2,1,5,3,5
contentment_02563,"The person appears content and relaxed, holding flowers by a window, suggesting a calm and pleasant mood.",6,2,people_present,1,1,1,1,4,1,4
contentment_09561,The image conveys a sense of calm and contentment as the adult and child share a quiet moment together.,6,2,prominent_faces,1,1,1,1,5,1,3
contentment_09863,The serene setting and the inviting structure evoke a sense of calm and contentment.,6,2,none,1,1,1,1,5,1,5
contentment_11536,The image evokes a sense of contentment due to the peaceful and serene pastoral setting with sheep resting and grazing.,6,2,none,1,1,1,1,5,1,5
contentment_05012,"The image evokes a sense of contentment due to the serene outdoor setting, the vibrant flowers, and the peaceful atmosphere.",6,2,none,1,1,1,1,4,1,5
contentment_01218,"The person appears relaxed and happy, suggesting contentment.",6,2,people_present,1,1,1,2,4,1,4
contentment_00147,The image evokes a sense of curiosity and mild fascination due to the unusual plant structure.,4,3,none,1,2,3,2,3,2,3
contentment_11779,"The image evokes a sense of contentment due to the serene outdoor setting and the gentle touch on the belly, suggesting a moment of maternal joy.",6,2,people_present,1,1,1,1,5,1,5
contentment_00600,"The child appears content and relaxed while enjoying a snack, indicating a calm and pleasant mood.",6,2,people_present,1,1,1,1,5,1,3
contentment_12565,The vibrant and expansive field of tulips evokes a sense of awe and contentment due to its beauty and grandeur.,6,4,none,1,1,2,1,3,3,5
contentment_11803,The serene garden setting with a comfortable chair suggests a sense of peace and contentment.,6,2,none,1,1,1,1,5,1,5
contentment_03977,The image evokes contentment due to the vibrant display of fresh vegetables arranged in a cheerful manner.,6,3,none,1,1,2,3,4,2,5
contentment_16217,The image evokes contentment due to the inviting appearance of the latte art and the cozy setting.,6,2,none,1,1,1,1,5,1,5
contentment_02334,The image conveys a sense of warmth and contentment as the individuals appear relaxed and affectionate.,6,2,prominent_faces,1,1,1,1,5,1,3
contentment_09238,"The image evokes a sense of contentment due to the serene and clear waters, the relaxed posture of the individuals, and the natural beauty of the setting.",6,2,people_present,1,1,1,2,5,2,5
contentment_01113,"The cat appears relaxed and content, with its eyes closed and a serene expression.",6,2,none,1,1,1,1,5,1,5
contentment_00395,"The baby appears to be sleeping peacefully, conveying a sense of calm and contentment.",6,2,prominent_faces,1,1,1,1,5,1,4
contentment_06217,The image conveys a sense of contentment and warmth due to the close physical proximity and smiles of the individuals.,6,3,prominent_faces,1,1,1,2,5,2,3
contentment_11171,"The image conveys a sense of calm and comfort, with the rabbit appearing relaxed and cozy.",6,2,none,1,1,1,1,5,1,4
contentment_15179,The baby's bright smile and wide eyes convey joy and contentment.,7,3,prominent_faces,1,1,1,5,5,2,5
contentment_12049,The image captures a joyful moment of playfulness and excitement as the couple interacts with the waves.,7,5,prominent_faces,1,1,2,5,3,5,4
contentment_06186,The image conveys a sense of contentment and warmth due to the close interaction between the adult and child.,6,2,prominent_faces,1,1,1,1,5,2,3
contentment_01612,"The image conveys a sense of warmth and contentment between two people, likely family members, with soft expressions and close proximity.",6,2,prominent_faces,1,1,1,2,5,1,4
contentment_06085,The image evokes contentment due to the joyful expressions and the presence of a happy family moment.,7,3,prominent_faces,1,1,1,2,5,2,4
contentment_09541,The vibrant orange color of the bird and its calm posture evoke a sense of contentment and warmth.,6,2,none,1,1,1,1,5,1,5
contentment_16462,"The person appears contemplative and calm, suggesting a sense of contentment.",6,2,people_present,1,1,2,1,4,2,4
contentment_01134,The child's joyful expression and raised arms suggest excitement and contentment.,6,5,prominent_faces,1,1,2,5,4,5,4
contentment_05518,The image evokes a sense of contentment due to the serene garden setting with blooming roses.,6,2,none,1,1,1,1,5,1,5
contentment_05832,"The individuals appear relaxed and content, with gentle smiles and comfortable body language.",6,2,prominent_faces,1,1,1,1,5,2,4
contentment_11173,"The person appears relaxed and happy, interacting playfully with the cow, suggesting contentment.",6,3,prominent_faces,1,1,2,4,4,2,3
contentment_13046,The vibrant colors and lush arrangement evoke feelings of joy and contentment.,6,4,none,1,1,2,2,4,3,5
contentment_11555,"The image evokes a sense of contentment and joy, as it captures a bride holding her bouquet, symbolizing a significant life event.",6,3,people_present,1,1,2,1,4,2,5
contentment_07287,The child's bright smile and relaxed posture suggest contentment and happiness.,7,2,prominent_faces,1,1,1,3,5,2,3
contentment_04268,The image evokes contentment due to the relaxed posture and cozy setting.,6,2,none,1,1,1,1,5,1,3
contentment_05100,"The image depicts a tender moment between two people, suggesting contentment and warmth.",6,3,prominent_faces,1,1,1,1,5,2,4
contentment_05062,"The cat's wide eyes and slightly open mouth suggest curiosity and mild surprise, evoking a sense of awe.",6,3,none,1,1,2,1,4,2,5
contentment_03289,"The image conveys a sense of camaraderie and lighthearted fun among friends, with playful interactions and a relaxed atmosphere.",6,4,prominent_faces,1,1,2,5,4,3,4
contentment_08114,The image depicts a wedding party with joyful expressions and a celebratory atmosphere.,7,4,prominent_faces,1,1,2,3,5,3,4
contentment_07240,The image evokes contentment due to the relaxed posture of the cat and its peaceful environment.,6,2,none,1,1,1,1,5,1,4
contentment_08109,The image evokes contentment due to the affectionate interaction between the couple and the serene outdoor setting.,6,2,prominent_faces,1,1,1,1,5,1,4
contentment_06396,"The image evokes a sense of contentment due to the serene and expansive landscape with vibrant red poppies and a solitary tree, suggesting tranquility and natural beauty.",6,2,none,1,1,1,1,4,1,5
contentment_11490,The serene beach setting with a palm tree and clear blue sky evokes a sense of calm and contentment.,6,2,none,1,1,1,1,5,1,5
contentment_06711,The image evokes a sense of contentment due to the serene and natural beauty of dew-covered grass.,6,2,none,1,1,2,1,4,1,5
contentment_03025,"The person appears contemplative and somewhat melancholic, suggesting a sense of sadness.",2,2,people_present,1,1,1,1,2,1,3
contentment_02745,"The child appears to be engaged in a playful activity, suggesting contentment and enjoyment.",6,4,people_present,1,1,2,5,4,3,3
contentment_04894,The image evokes a sense of contentment due to the bird's relaxed posture and the serene grassy setting.,6,2,none,1,1,1,1,5,1,4
excitement_11582,"The individuals appear to be engaged in a lighthearted cooking activity, indicated by their smiles and the playful setting.",6,4,prominent_faces,1,1,2,5,5,3,3
excitement_10438,The image evokes a sense of playfulness and amusement due to the unusual and humorous positioning of the person hanging upside down from a tree.,6,4,prominent_faces,1,1,3,5,2,3,3
excitement_14384,"The image conveys excitement and joy due to the open-mouthed expressions and raised arms of the people, suggesting they are experiencing a thrilling moment.",6,5,prominent_faces,1,1,2,1,1,5,3
excitement_11859,The vibrant costumes and lively expressions suggest excitement and joy at a festive event.,6,5,prominent_faces,1,1,2,5,3,5,4
excitement_07892,The image evokes excitement due to the person jumping joyfully into water under a bright sun.,6,5,people_present,1,1,2,5,3,5,4
excitement_02496,"The person appears to be enjoying a walk in nature, suggesting a sense of contentment and relaxation.",6,3,people_present,1,1,2,2,4,3,4
excitement_09661,The image evokes a sense of excitement and joy due to the carefree and playful expressions of the individuals.,7,5,prominent_faces,1,1,2,5,3,5,4
excitement_02141,"The person is riding a motorcycle in a vibrant parade, wearing festive attire and making a peace sign, indicating a joyful and energetic mood.",6,5,prominent_faces,1,1,2,5,3,5,4
excitement_04370,"The image evokes a sense of contentment and joy due to the bright green field, the open arms of the individuals, and their cheerful expressions.",6,4,prominent_faces,1,1,2,4,4,3,5
excitement_13681,"The image conveys a strong sense of amusement and warmth between two people, with a playful interaction.",7,4,prominent_faces,1,1,1,5,5,3,4
excitement_14527,"The person appears to be singing passionately, indicating a high level of emotional engagement and energy.",6,5,prominent_faces,1,1,2,1,3,5,4
excitement_07405,"The person appears to be enjoying themselves in a serene and beautiful natural setting, evoking feelings of contentment and awe.",6,4,people_present,1,1,2,2,5,3,5
excitement_11103,The child's expression and body language suggest excitement and playfulness.,6,4,prominent_faces,1,1,2,5,3,4,3
excitement_13926,"The group appears to be enjoying a scenic view, suggesting a sense of awe and contentment.",6,4,people_present,1,1,4,1,2,3,4
excitement_02875,"The image depicts a vibrant and energetic parade with people dancing and celebrating, evoking feelings of joy and excitement.",7,5,prominent_faces,1,1,2,5,4,5,4
excitement_09616,"The person's bright pink wig, sequined accessories, and cheerful expression suggest a playful and lighthearted mood.",6,4,people_present,1,1,2,5,3,3,3
excitement_17589,"The image evokes excitement due to the vibrant pink attire, energetic poses, and joyful expressions.",6,5,prominent_faces,1,1,2,5,3,5,4
excitement_01831,The group's laughter and joyful expressions indicate a strong sense of amusement and excitement.,7,5,prominent_faces,1,1,1,5,5,5,5
excitement_15154,"The person appears to be enjoying a leisurely run, indicating contentment and a sense of freedom.",6,3,people_present,1,1,1,1,2,3,4
excitement_17730,The image conveys a sense of excitement and energy from the live music performance.,6,5,prominent_faces,1,1,2,1,1,5,3
excitement_07699,The image conveys a sense of excitement and energy as the musicians are actively performing and the audience appears engaged.,6,5,prominent_faces,1,1,2,2,2,5,3
excitement_14217,The image evokes excitement due to the energetic poses and bright red shirts suggesting a fun event.,6,5,prominent_faces,1,1,2,5,3,5,3
excitement_07314,"The person appears to be excited and engaged, as indicated by their raised hand and open mouth, suggesting they are actively participating in a lively event.",6,5,people_present,1,1,2,3,3,5,3
excitement_15495,The child's open mouth and raised fists suggest excitement and joy at the sight of the cityscape.,6,5,prominent_faces,1,1,2,4,3,5,4
excitement_11287,"The person appears to be rock climbing, which typically evokes excitement due to the physical challenge and thrill of the activity.",6,5,prominent_faces,2,1,3,1,1,5,4
excitement_06807,"The image conveys a sense of joy and closeness between two people, suggesting contentment and warmth.",6,4,prominent_faces,1,1,2,4,5,3,4
excitement_10466,"The image depicts people enjoying themselves in a fountain, suggesting a sense of excitement and playfulness.",6,5,prominent_faces,1,1,2,5,3,5,3
excitement_10832,"The person appears joyful and relaxed, holding a drink and smiling widely.",6,4,people_present,1,1,2,4,4,3,4
excitement_07712,"The image evokes excitement due to the dynamic acrobatic performance in water, showcasing skill and energy.",6,5,prominent_faces,1,1,5,5,2,5,5
excitement_04421,The image evokes excitement due to the dynamic movement of the horse and rider during a jump.,6,5,people_present,1,1,2,1,3,5,4
excitement_17129,"The person appears to be enjoying surfing, which evokes a sense of excitement and contentment.",6,4,people_present,1,1,2,3,2,4,3
excitement_04444,"The person appears to be enjoying themselves, indicated by their smile and relaxed posture while holding a sports ball.",6,3,people_present,1,1,1,3,3,2,3
excitement_02305,"The person appears to be singing passionately, indicated by their open mouth and raised hand, evoking a sense of excitement.",6,5,prominent_faces,1,1,2,1,1,5,3
excitement_13639,The image conveys excitement and joy due to the playful interaction between the two individuals and the festive atmosphere.,6,5,prominent_faces,1,1,2,5,3,5,3
excitement_11672,The image evokes excitement due to the high-energy skydiving activity and the dynamic poses of the individuals.,6,5,prominent_faces,2,1,4,3,1,5,4
excitement_04785,The image evokes excitement due to the dynamic action and the challenging environment.,6,5,prominent_faces,2,1,3,1,1,5,3
excitement_04847,"The person appears joyful and energetic, likely participating in a celebratory event.",6,5,people_present,1,1,2,5,4,5,4
excitement_06717,The person's exaggerated costume and expression suggest a playful and humorous mood.,6,5,people_present,1,1,5,5,2,5,3
excitement_19051,The child's wide smile and bright eyes convey a sense of joy and contentment.,7,3,people_present,1,1,1,5,5,2,4
excitement_17555,"The image depicts a group of people walking together in a park, holding hands and smiling, evoking a sense of contentment and joy.",6,4,prominent_faces,1,1,1,2,5,3,4
excitement_15563,The cyclist's focused expression and dynamic posture evoke a sense of excitement and energy.,6,5,people_present,1,1,2,1,1,5,3
excitement_15334,"The person appears to be enjoying the snowy landscape, indicated by their outstretched arms and the serene environment.",6,4,people_present,1,1,3,2,3,3,5
excitement_02387,"The child's wide-eyed expression and open mouth suggest excitement and joy, while the swing adds to the playful and dynamic nature of the scene.",6,5,prominent_faces,1,1,2,5,3,5,4
excitement_11815,The image evokes a sense of contentment due to the relaxed setting and the musician's calm demeanor.,6,2,people_present,1,1,1,1,5,2,4
excitement_03142,The image evokes excitement due to the dynamic movement and playful interaction with the waves.,6,5,prominent_faces,1,1,2,5,2,5,3
excitement_17567,"The children's raised hands, wide smiles, and excited expressions suggest they are experiencing excitement.",7,5,prominent_faces,1,1,2,5,3,5,4
excitement_18298,"The image evokes excitement due to the vibrant costumes, makeup, and celebratory atmosphere.",6,5,prominent_faces,1,1,5,5,2,5,4
excitement_14305,"The image evokes excitement due to the vibrant colors, the celebratory atmosphere, and the joyful expression of the person riding the bike.",6,5,people_present,1,1,2,5,4,5,4
excitement_18159,The image conveys excitement and energy as the musicians are actively performing on stage.,6,5,prominent_faces,1,1,2,1,1,5,4
excitement_13623,The children's expressions and body language suggest amusement and playfulness.,6,4,prominent_faces,1,1,2,5,4,3,4
excitement_11038,The image evokes a sense of joy and celebration due to the festive attire and decorations.,7,4,prominent_faces,1,1,2,5,5,3,4
excitement_17427,"The image depicts a musical performance with a singer and guitarist, evoking a sense of contentment and enjoyment.",6,4,prominent_faces,1,1,2,2,4,3,4
excitement_16324,"The individuals are smiling broadly and appear relaxed, indicating contentment.",7,3,prominent_faces,1,1,1,3,5,2,4
excitement_04597,The children's expressions and body language convey excitement and joy as they run playfully.,7,5,prominent_faces,1,1,1,5,3,5,3
excitement_14661,"The image depicts a group of men singing passionately, indicating a strong emotional response likely associated with excitement.",6,5,prominent_faces,1,1,2,2,3,5,3
excitement_11186,"The person appears to be deeply engaged in a performance, indicated by their expressive posture and the microphone, suggesting excitement and energy.",6,5,prominent_faces,1,1,2,3,2,5,3
excitement_12121,The image evokes excitement due to the dynamic pose and the sense of action.,6,5,people_present,1,1,2,3,1,5,3
excitement_16234,The image evokes excitement due to the dynamic dance performance and vibrant lighting.,6,5,prominent_faces,1,1,2,1,1,5,4
excitement_05720,The image evokes excitement due to the person performing a daring trick on a scooter mid-air.,6,5,people_present,2,1,4,4,1,5,3
excitement_04253,"The person appears joyful and excited, with arms outstretched and a broad smile.",7,5,people_present,1,1,2,5,3,5,4
excitement_11575,The child's joyful expression and dynamic pose suggest excitement and contentment.,6,5,people_present,1,1,2,5,4,5,4
excitement_06587,The surfer's dynamic pose and the splashing water evoke a sense of excitement and thrill.,6,5,people_present,1,1,2,1,1,5,4
excitement_16442,"The person appears to be enjoying a thrilling outdoor activity, indicated by their excited body language and the adventurous setting.",6,5,prominent_faces,2,1,3,4,2,5,3
excitement_04453,The image evokes excitement due to the dynamic movement and challenging environment of whitewater rafting.,6,5,prominent_faces,2,1,3,3,1,5,3
excitement_00079,"The person appears to be singing passionately and joyfully, indicating excitement and contentment.",6,5,prominent_faces,1,1,2,3,4,5,4
excitement_05313,"The cyclist appears focused and determined, suggesting a sense of excitement and engagement in the activity.",6,4,people_present,1,1,2,1,1,4,3
excitement_00703,The vibrant costume and lively performance suggest excitement and joy.,6,5,people_present,1,1,3,5,2,5,4
excitement_02546,"The image depicts a lively dance performance with vibrant costumes and energetic movements, evoking feelings of excitement and joy.",6,5,prominent_faces,1,1,2,5,1,5,4
excitement_03755,The image evokes excitement due to the vibrant costumes and celebratory atmosphere.,6,5,prominent_faces,1,1,3,5,2,5,3
excitement_05115,The image evokes excitement due to the joyful jumping and energetic expressions of the group.,7,5,prominent_faces,1,1,1,5,3,5,4
excitement_03588,"The image captures a moment of intense focus and physical exertion, evoking a sense of excitement and energy.",6,5,people_present,1,1,2,1,1,5,3
excitement_16929,"The person appears to be excited and engaged, indicated by their open mouth, raised fist, and overall animated expression.",6,5,prominent_faces,1,1,2,3,4,5,4
excitement_04950,The person's vibrant costume and expressive pose suggest excitement and joy.,6,5,people_present,1,1,2,5,1,5,5
excitement_02588,"The person appears to be deeply engaged in playing music, suggesting a state of excitement and passion.",6,5,prominent_faces,1,1,2,1,2,5,4
excitement_01197,"The image captures a high-energy roller derby scene, evoking excitement and playfulness.",6,5,prominent_faces,1,1,2,5,1,5,3
excitement_10886,"The person appears to be enjoying eating cauliflower, indicated by their wide smile and the way they are holding the food.",6,3,people_present,1,1,2,3,4,2,4
excitement_01344,The child's wide smile and bright eyes convey excitement and joy.,7,5,people_present,1,1,2,5,4,5,4
excitement_09151,"The image depicts three individuals dancing joyfully, indicating a high level of excitement and amusement.",7,5,prominent_faces,1,1,1,5,3,5,3
excitement_12358,"The image evokes a sense of excitement and joy due to the vibrant expressions, the playful interaction with the American flag, and the overall lighthearted atmosphere.",6,5,prominent_faces,1,1,2,5,4,5,4
excitement_10808,"The person in the foreground appears to be expressing excitement or enthusiasm, as indicated by their raised fist and energetic posture.",6,5,prominent_faces,1,1,2,3,3,5,3
excitement_00902,"The surfer is skillfully riding a wave, evoking a sense of excitement and adventure.",6,5,people_present,1,1,2,3,1,5,3
excitement_08375,The vibrant colors and dynamic pose evoke a sense of excitement and joy.,6,5,prominent_faces,1,1,5,5,2,5,5
excitement_18986,The image evokes excitement due to the high-speed jet-skiing action and the dynamic water spray.,6,5,prominent_faces,2,1,3,1,1,5,4
excitement_10647,"The person appears amused by the interaction with the lizard, as indicated by their wide smile and relaxed body language.",6,4,prominent_faces,1,1,2,5,4,3,4
excitement_06413,"The person appears to be enjoying themselves, indicated by their wide smile and playful pose.",6,5,prominent_faces,1,1,2,5,3,5,3
excitement_17808,"The image conveys a strong sense of joy and excitement among the people present, indicated by their wide smiles and energetic body language.",7,5,prominent_faces,1,1,1,5,5,5,3
excitement_08944,"The image conveys excitement and joy, with people engaged in lively interaction and vibrant attire.",6,5,prominent_faces,1,1,2,5,3,5,3
excitement_16661,"The image evokes excitement due to the lively crowd, confetti, and the red truck, suggesting a festive event.",6,5,prominent_faces,1,1,2,4,3,5,4
excitement_09965,The image conveys a sense of excitement and lightheartedness due to the group's dynamic poses and casual attire.,6,4,prominent_faces,1,1,2,4,3,4,3
excitement_10078,"The image depicts two women performing a belly dance, which typically evokes feelings of excitement and joy due to its vibrant and energetic nature.",6,5,prominent_faces,1,1,2,3,2,5,4
excitement_00622,"The person appears to be playfully interacting with the environment, suggesting a sense of excitement and joy.",6,4,prominent_faces,1,1,4,4,2,3,4
excitement_08183,"The individuals appear to be enjoying themselves, indicated by their smiles and relaxed body language, suggesting contentment.",6,3,prominent_faces,1,1,2,4,4,3,4
excitement_18066,The image evokes amusement due to the playful and humorous mud bath scene.,6,4,prominent_faces,1,2,2,5,2,4,2
excitement_17708,"The image evokes excitement due to the dynamic interaction between the person and the dolphins, with a sense of joy and thrill.",6,5,prominent_faces,1,1,4,5,3,5,4
excitement_08396,"The image evokes a sense of excitement due to the dynamic movement of the horse and rider, suggesting an engaging and energetic activity.",6,5,people_present,1,1,2,3,3,5,4
excitement_14584,"The individuals are smiling widely, wearing festive accessories, and appear to be enjoying themselves at what seems to be a celebratory event.",7,5,prominent_faces,1,1,2,5,5,5,4
excitement_11805,The image evokes excitement due to the dynamic poses and expressions suggesting a lively performance or event.,6,5,prominent_faces,1,1,2,5,2,5,3
excitement_05063,The image evokes excitement due to the high-energy activity of white-water rafting and the dynamic movement of the water.,6,5,prominent_faces,2,1,3,1,1,5,3
excitement_01389,"The image conveys a sense of joy and camaraderie among the group, with everyone smiling and standing close together.",7,4,prominent_faces,1,1,1,4,5,3,4
excitement_13437,The vibrant costume and lively crowd suggest excitement and celebration.,6,5,prominent_faces,1,1,3,5,2,5,4
excitement_10267,"The image evokes excitement due to the person rappelling down a waterfall, indicating a thrilling and adventurous activity.",6,5,people_present,2,1,4,1,1,5,3
excitement_14112,The image evokes excitement due to the dynamic movement and thrill of windsurfing.,6,5,people_present,2,1,3,1,1,5,4
excitement_18092,"The person appears to be singing passionately, indicating a high level of emotional intensity and energy.",6,5,prominent_faces,1,1,2,1,1,5,3
excitement_02202,The child's wide smile and outstretched arms suggest excitement and joy as they interact with the large soap bubble.,7,5,prominent_faces,1,1,2,5,4,5,4
excitement_07174,"The image depicts a fencing match, which typically evokes excitement due to the competitive nature and the dynamic movements involved.",6,5,prominent_faces,2,1,3,1,1,5,3
excitement_09318,"The individuals are smiling widely and appear to be enjoying themselves, indicating amusement.",7,5,prominent_faces,1,1,1,5,5,5,5
excitement_05062,"The child appears to be enjoying themselves while playing with a ball, indicating contentment.",6,3,people_present,1,1,1,5,5,2,4
excitement_07291,"The person appears focused and engaged, suggesting concentration and possibly excitement.",5,4,people_present,1,1,2,1,2,3,3
excitement_12746,The image evokes excitement due to the motorcycle stunt and the rider's dynamic posture.,6,5,people_present,2,1,4,3,1,5,4
excitement_18122,"The image evokes excitement due to the vibrant colors, the open road, and the joyful expression of the person riding the motorcycle.",6,5,people_present,1,1,2,5,3,5,4
excitement_15102,"The image conveys a sense of excitement and joy, with people dancing and holding drinks, suggesting a festive atmosphere.",6,5,prominent_faces,1,1,2,5,3,5,4
excitement_14167,"The person appears to be in a playful and lighthearted mood, indicated by their bright smile and the costume they're wearing.",6,4,prominent_faces,1,1,2,5,3,3,3
excitement_12456,"The image conveys a strong sense of joy and playfulness due to the bright expression, the heart-shaped sign, and the stuffed animal.",7,5,prominent_faces,1,1,2,5,5,5,4
excitement_08876,"The individuals appear to be enjoying a casual outdoor gathering, indicated by their relaxed postures and smiles.",6,3,prominent_faces,1,1,1,4,5,2,4
excitement_00302,The image evokes contentment due to the celebratory context and the joyful expressions of the individuals.,7,4,prominent_faces,1,1,2,3,5,3,4
excitement_17249,"The image captures a high-energy soccer match with players actively engaged, evoking excitement and enthusiasm from the crowd.",6,5,prominent_faces,1,1,2,1,1,5,3
excitement_01355,"The image depicts two individuals actively engaged in a soccer game, suggesting excitement and energy.",6,5,people_present,1,1,2,3,3,5,3
excitement_04729,"The person appears to be enjoying surfing, which evokes a sense of excitement and contentment.",6,5,people_present,1,1,2,3,4,5,4
excitement_16312,The image evokes excitement due to the high-energy activity of lawn mower racing.,6,5,people_present,1,1,2,4,1,5,2
excitement_10622,The image evokes a sense of contentment due to the person enjoying paddleboarding in a serene natural setting.,6,3,people_present,1,1,2,3,4,4,4
excitement_07435,"The image depicts a joyful and affectionate moment between two people, likely a couple, sharing a playful kiss, indicating contentment and happiness.",7,4,prominent_faces,1,1,2,5,5,3,4
excitement_18609,The person's costume and the vibrant setting suggest a playful and lighthearted mood.,6,4,people_present,1,1,3,5,2,3,4
excitement_05280,"The model's confident stride and the vibrant, artistic dress evoke a sense of excitement and contentment.",6,4,prominent_faces,1,1,3,2,3,4,5
excitement_16978,The image evokes excitement due to the high-energy activity of whitewater rafting and the dynamic movement of the raft.,6,5,prominent_faces,2,1,3,1,1,5,3
excitement_03201,The person's vibrant outfit and expression suggest excitement and joy at a celebratory event.,6,5,people_present,1,1,2,5,3,5,3
excitement_01644,"The image captures a high-energy moment in a hockey game, evoking excitement and focus among the players.",6,5,people_present,1,1,2,1,1,5,3
excitement_01759,"The image evokes a sense of awe due to the dramatic contrast between the climber and the vast rock face, highlighting the human endeavor against nature's grandeur.",6,5,people_present,2,1,5,1,1,5,5
excitement_01851,"The image depicts a group of young men singing with enthusiasm and energy, suggesting a joyful and lively atmosphere.",6,5,prominent_faces,1,1,2,4,3,5,3
excitement_13427,The person's wide smile and the playful display of a library card suggest amusement and excitement.,6,5,people_present,1,1,2,5,3,4,3
excitement_15510,"The performer's vibrant outfit, expressive pose, and the lively stage lighting evoke a sense of excitement and joy.",6,5,prominent_faces,1,1,2,5,3,5,4
excitement_18628,"The person's vibrant outfit, colorful umbrella, and expressive gesture suggest excitement and joy.",6,5,prominent_faces,1,1,3,5,2,5,4
excitement_05035,The dog's joyful expression and energetic movement evoke feelings of excitement and contentment.,6,5,none,1,1,1,5,5,5,5
excitement_10047,"The image evokes excitement due to the vibrant colors, active participation, and joyful expressions of the people involved.",6,5,prominent_faces,1,1,2,4,4,5,3
excitement_13856,The person's bright smile and vibrant costume suggest excitement and joy.,7,5,prominent_faces,1,1,5,5,2,5,5
excitement_10219,"The image depicts people participating in what appears to be a pride parade, smiling and holding flags, indicating a joyful and celebratory atmosphere.",6,4,prominent_faces,1,1,2,4,4,4,3
excitement_09750,"The image conveys a sense of joy and celebration, with people smiling and engaging in festive activities.",6,4,prominent_faces,1,1,2,4,3,4,3
excitement_03263,"The image conveys a sense of joy and relaxation, with people enjoying a sunny day by a pool.",7,4,prominent_faces,1,1,1,4,5,3,4
excitement_14852,The image evokes excitement due to the high-energy activity of skydiving and the thrill of being airborne.,6,5,prominent_faces,2,1,5,1,1,5,4
excitement_03258,"The image depicts a football game, suggesting a high-energy and competitive atmosphere.",6,5,people_present,1,1,2,1,1,5,3
excitement_12063,"The person appears to be in a state of excitement, indicated by their wide-open arms and expressive posture.",6,5,prominent_faces,1,1,2,1,3,5,3
excitement_01825,"The person appears joyful and is holding a basket of strawberries, indicating contentment and happiness.",7,4,people_present,1,1,1,3,5,2,4
excitement_00393,The image evokes excitement due to the dynamic surfing activity and the thrill of riding waves.,6,5,people_present,2,1,3,3,1,5,3
excitement_01217,The image evokes a sense of contentment and excitement due to the joyful running in a beautiful natural setting.,6,4,people_present,1,1,2,4,4,4,5
excitement_09071,The child's wide smile and bright eyes suggest joy and contentment.,7,4,prominent_faces,1,1,1,5,5,3,5
excitement_05368,The image evokes excitement due to the high-energy cycling race and the dynamic movement of the participants.,6,5,prominent_faces,1,1,2,1,1,5,2
excitement_16227,"The surfer appears to be enjoying the activity, as indicated by their posture and the context of surfing, which is typically associated with excitement and fun.",6,5,people_present,1,1,2,3,2,5,4
excitement_19372,The person's vibrant costume and expressive pose suggest excitement and joy.,6,5,people_present,1,1,2,5,3,5,4
excitement_05892,The image evokes excitement due to the dynamic movement and joyful expressions of the children performing martial arts.,6,5,prominent_faces,1,1,2,5,3,5,4
excitement_08059,The image evokes excitement due to the high-energy action of mountain biking and the rider's focused expression.,6,5,people_present,2,1,3,1,1,5,3
excitement_15764,"The person appears calm and focused while holding a sports ball, suggesting a sense of contentment and engagement.",6,2,people_present,1,1,1,2,4,2,4
excitement_06192,"The individuals appear to be engaged in a playful activity, likely involving a fish, which suggests amusement and excitement.",6,4,prominent_faces,1,1,2,4,3,4,3
excitement_16786,"The image depicts two individuals in close physical contact, suggesting a moment of affection or intimacy, which evokes feelings of contentment.",6,3,prominent_faces,1,1,2,2,4,3,3
excitement_17664,"The image depicts a group of people in white attire singing and smiling, indicating a joyful and energetic atmosphere.",7,5,prominent_faces,1,1,1,5,5,5,5
excitement_12556,"The person appears to be enjoying a thrilling water sport, evoking feelings of excitement and contentment.",6,5,people_present,1,1,2,3,1,5,3
excitement_01368,"The image captures a dynamic moment in a football game, evoking excitement due to the high energy and movement.",6,5,people_present,1,1,2,1,1,5,3
excitement_14658,The image conveys a playful and lighthearted mood due to the casual attire and relaxed body language.,6,4,prominent_faces,1,1,2,5,3,3,3
excitement_18983,"The person's vibrant outfit, playful accessories, and cheerful expression suggest amusement and excitement.",6,5,prominent_faces,1,1,2,5,3,5,3
excitement_18360,The image evokes amusement due to the playful interaction between the person and the Pluto mascot.,6,4,prominent_faces,1,1,2,5,4,3,3
excitement_16033,"The person appears to be enjoying themselves in the water, indicating a sense of excitement and contentment.",6,4,people_present,1,1,2,4,3,4,3
excitement_01911,The image evokes excitement due to the cyclist's intense focus and the dynamic movement of the bike on a challenging terrain.,6,5,people_present,2,1,3,1,1,5,3
excitement_08108,"The individuals are smiling broadly and appear to be celebrating, indicating a strong sense of contentment.",7,4,prominent_faces,1,1,1,2,4,3,3
excitement_06186,"The person appears joyful and energetic, holding large red balloons, suggesting excitement and amusement.",6,5,people_present,1,1,2,5,3,5,4
excitement_14512,The player's posture and the context suggest a moment of excitement during a soccer game.,6,5,people_present,1,1,2,1,3,5,4
excitement_16620,"The person appears to be smiling and adjusting their cap, suggesting a lighthearted and content mood.",6,3,people_present,1,1,1,4,4,2,3
excitement_01876,The players' celebratory embrace and joyful expressions indicate excitement and contentment.,6,5,prominent_faces,1,1,1,1,5,5,3
excitement_07134,"The image captures a lively and joyful moment at what appears to be a pride parade, evoking excitement and celebration.",6,5,prominent_faces,1,1,2,5,4,5,4
excitement_08210,"The image depicts a lively performance with vibrant lighting and energetic musicians, evoking feelings of excitement and joy.",6,5,prominent_faces,1,1,2,3,2,5,4
excitement_03841,"The person appears to be enjoying themselves, indicated by their smile and relaxed posture on the motorcycle.",6,4,people_present,1,1,2,4,3,4,3
excitement_11696,The child's joyful expression and splashing water suggest excitement and playfulness.,6,5,prominent_faces,1,1,2,5,3,5,3
excitement_07061,The image conveys amusement due to the playful interaction between the person and the donkey mascot.,6,4,prominent_faces,1,1,2,5,3,3,3
excitement_04504,"The individuals are smiling and making playful gestures, indicating a lighthearted and positive mood.",6,4,prominent_faces,1,1,2,5,4,3,3
excitement_00812,The image evokes excitement due to the high-energy activity and the dramatic movement of the raft amidst turbulent water.,6,5,prominent_faces,3,1,2,1,1,5,2
excitement_07551,"The family appears to be enjoying a playful moment outdoors, indicated by their expressions and the dog's attire, suggesting a lighthearted and warm atmosphere.",6,4,prominent_faces,1,1,2,5,5,3,4
excitement_07225,The image evokes excitement due to the vibrant costumes and celebratory atmosphere.,6,5,prominent_faces,1,1,5,5,2,5,5
excitement_17510,"The image captures two individuals in mid-air, seemingly engaged in a playful kick, evoking a sense of joy and excitement.",6,5,prominent_faces,1,1,2,5,3,5,3
excitement_14626,The image conveys a sense of joy and playfulness due to the man's wide smile and the child's curious expression.,6,4,prominent_faces,1,1,2,5,5,3,3
excitement_01034,The vibrant colors and exaggerated makeup suggest a playful and lighthearted mood.,6,5,prominent_faces,1,1,5,5,2,5,5
excitement_11879,"The image evokes excitement due to the lively crowd, colorful costumes, and dynamic poses.",6,5,prominent_faces,1,1,2,5,3,5,3
excitement_02120,The image evokes excitement due to the vibrant parade atmosphere and the joyful expressions of the participants.,6,5,prominent_faces,1,1,2,5,4,5,4
excitement_16907,The person's wide-eyed expression and open mouth suggest excitement and surprise.,6,5,prominent_faces,1,1,2,3,1,5,2
excitement_09551,The child's joyful expression and splashing water suggest excitement and playfulness.,7,5,prominent_faces,1,1,1,5,3,5,3
excitement_02118,The image evokes excitement due to the dynamic movement and the thrill of white-water rafting.,6,5,prominent_faces,2,1,3,3,1,5,3
excitement_00094,The image evokes excitement due to the high-energy action of the rider performing a jump on a dirt bike.,6,5,people_present,2,1,3,1,1,5,4
excitement_13918,The image conveys excitement and energy due to the dynamic poses and microphones being used by the performers.,6,5,prominent_faces,1,1,2,1,1,5,3
excitement_05682,The person's open mouth and raised arm suggest excitement and enthusiasm.,6,5,prominent_faces,1,1,1,1,1,5,3
excitement_07404,The image evokes excitement due to the joyful expressions and dynamic interaction between the two individuals.,6,5,prominent_faces,1,1,2,5,4,5,3
excitement_16959,"The image captures the thrill and excitement of surfing, evoking a sense of adventure and joy.",6,5,prominent_faces,1,1,2,3,1,5,3
excitement_13515,"The image depicts a vibrant and joyous pride parade, filled with people celebrating and expressing happiness.",7,5,prominent_faces,1,1,2,5,5,5,4
excitement_04002,The surfer's open arms and joyful expression suggest excitement and exhilaration from the activity.,6,5,prominent_faces,1,1,2,3,1,5,3
excitement_17669,"The individuals are expressing joy and excitement, likely due to a shared experience or event.",7,5,prominent_faces,1,1,1,5,5,5,5
excitement_10852,"The image conveys a high level of excitement and joy, with people cheering and raising their arms in celebration.",7,5,prominent_faces,1,1,1,5,1,5,1
excitement_18915,The image conveys excitement and energy due to the performers' dynamic poses and the vibrant stage lighting.,6,5,prominent_faces,1,1,2,1,1,5,4
excitement_08011,"The person's bright smile and colorful face paint suggest joy and celebration, evoking feelings of excitement and contentment.",6,5,people_present,1,1,2,5,3,5,4
excitement_10218,The person's joyful expression and dynamic pose suggest excitement and contentment.,6,5,prominent_faces,1,1,2,5,3,5,4
excitement_10551,The image evokes a sense of awe due to the grandeur of the natural landscape and the adventurous activity of hiking.,6,4,people_present,1,1,4,2,3,4,4
excitement_12426,"The image conveys a sense of joy and celebration, with vibrant colors and a festive atmosphere.",7,5,prominent_faces,1,1,2,5,5,5,5
excitement_16430,"The vibrant makeup, colorful accessories, and festive attire suggest a joyful and celebratory mood.",6,4,none,1,1,2,4,2,3,4
excitement_07103,"The children appear to be engaged in a fun soccer game, evoking feelings of excitement and playfulness.",6,4,prominent_faces,1,1,2,5,3,4,3
excitement_10465,The surfer's focused posture and the dynamic movement of the water evoke a sense of excitement and adventure.,6,5,people_present,2,1,3,1,1,5,3
excitement_05002,"The image shows people smiling, making peace signs, and holding a bright yellow bag, indicating a joyful and lighthearted atmosphere.",7,5,prominent_faces,1,1,1,5,5,5,5
anger_06519,"The image conveys a strong sense of urgency and activism, likely due to the protest signs advocating against fracking.",2,5,prominent_faces,1,1,1,1,1,5,1
anger_07467,The image evokes fear due to the intense fire and the presence of a firefighter in a dangerous situation.,1,5,people_present,5,5,1,1,1,5,1
anger_01101,The image evokes anger due to the protest sign expressing opposition to expropriation and cultural threats.,1,5,prominent_faces,3,1,1,1,1,5,2
anger_06885,The tiger's wide-open mouth and relaxed posture suggest contentment and ease.,6,2,none,1,1,1,1,3,2,4
anger_06487,"The lion's open mouth and wide eyes suggest a state of alertness or surprise, indicating a strong emotional response.",4,5,none,2,1,1,1,1,5,3
anger_06311,"The image evokes a sense of awe due to the dramatic and intense fire, which is visually striking and grand.",4,5,none,5,5,5,1,1,5,2
anger_10712,"The person's exaggerated facial expression and wide eyes suggest a strong emotional response, likely due to surprise or shock.",2,5,prominent_faces,1,3,1,3,1,5,1
anger_00154,"The individual appears contemplative and slightly pensive, suggesting a calm and neutral emotional state.",4,2,people_present,1,1,1,1,3,2,3
anger_11026,"The woman's expression and body language suggest she is experiencing strong negative emotions, likely anger.",1,5,prominent_faces,2,1,1,1,1,5,1
anger_04323,"The image evokes a sense of excitement due to the large bonfire, which is often associated with festive or celebratory events.",6,5,none,1,1,2,3,4,5,3
anger_01921,The image evokes a sense of anger due to the protest signs advocating for social justice.,2,5,prominent_faces,1,1,1,1,1,5,3
anger_02946,The lion's open mouth and relaxed posture suggest contentment and ease.,6,2,none,1,1,1,1,4,2,4
anger_07270,The image conveys a playful and humorous tone due to the unusual combination of Batman and a cowboy figure.,4,3,prominent_faces,1,1,3,5,2,3,3
anger_06588,"The tiger appears calm but slightly tense, suggesting a mix of contentment and mild alertness.",4,3,none,2,1,1,1,1,2,3
anger_07349,The image conveys a sense of anger and frustration due to the political context and the visible expressions.,2,4,prominent_faces,1,1,1,1,1,3,1
anger_07230,"The image evokes a sense of disgust due to the presence of fire and smoke, which can be visually repulsive.",1,2,none,3,5,1,1,1,2,1
anger_03512,"The individual appears to be in a celebratory mood, indicated by their attire and the context of what seems to be a formal event.",6,4,prominent_faces,1,1,2,2,4,3,3
anger_05183,The image conveys a strong sense of sadness and distress due to the solemn expression and the message about shame.,1,3,prominent_faces,1,1,1,1,1,2,1
anger_08767,The image evokes a sense of awe due to the dramatic display of controlled fire in a natural setting.,6,5,people_present,2,1,3,1,2,5,4
anger_09123,"The individual appears focused and tense, suggesting a state of alertness or readiness, likely due to a perceived threat.",2,5,prominent_faces,4,1,1,1,1,5,3
anger_02543,"The cat's open mouth and intense gaze suggest a state of alertness or surprise, indicating a high level of arousal.",4,5,none,2,1,1,1,1,5,4
anger_00628,The seal's wide-open mouth and expressive eyes convey a sense of playfulness and amusement.,6,4,none,1,1,2,5,3,3,4
anger_03273,The lion's open mouth and relaxed posture suggest a state of contentment and ease.,6,2,none,1,1,1,1,3,2,3
anger_04871,The image evokes fear due to the realistic portrayal of blood and distress.,1,5,prominent_faces,5,5,1,1,1,5,1
anger_04518,The image evokes a sense of urgency and activism due to the protest sign against Brexit.,2,4,prominent_faces,1,1,1,1,1,4,3
anger_07644,"The image evokes a sense of awe due to the dramatic contrast between the burning forest floor and the untouched trees, highlighting the power of nature.",4,5,none,3,2,3,1,1,4,3
anger_11215,"The person appears to be speaking passionately about a cause, indicated by their posture and the sign behind them, suggesting a strong emotional investment.",6,4,prominent_faces,1,1,2,1,3,3,3
anger_10579,The image evokes a strong sense of awe due to the dramatic display of fire and the presence of emergency equipment.,6,5,none,5,2,3,1,1,5,2
anger_01690,"The image depicts a police officer detaining a person, which evokes a sense of fear and discomfort.",1,5,prominent_faces,5,1,1,1,1,5,1
anger_06308,"The lion's open mouth and intense expression suggest a strong emotional state, likely anger or fear.",2,5,none,3,1,1,1,1,5,3
anger_01153,"The person appears to be advocating against the death penalty, which suggests a strong emotional stance, likely related to concern or anger.",6,4,prominent_faces,1,1,1,1,2,3,3
anger_03463,"The image depicts a boxing match, evoking a sense of excitement and intensity due to the physical activity and competitive atmosphere.",6,5,prominent_faces,2,1,1,1,1,5,3
anger_03454,"The gorilla appears calm and focused, suggesting contentment.",6,2,none,1,1,1,1,4,1,3
anger_10804,"The image depicts a protest with people holding signs expressing strong emotions, indicating a high level of engagement and intensity.",3,5,prominent_faces,1,1,1,1,1,5,1
anger_01316,"The cat's wide-open mouth and visible teeth suggest a strong emotional response, likely due to excitement or playfulness.",6,5,none,1,1,2,5,3,5,4
anger_07900,The child's focused expression and the dynamic pose suggest excitement and engagement.,6,5,people_present,1,1,2,4,3,5,3
anger_07062,The image evokes a sense of awe due to the striking appearance of the white tiger.,6,4,none,2,1,4,1,1,3,5
anger_03470,The image evokes a strong sense of anger due to the bear's open mouth and aggressive posture.,1,5,none,5,3,2,1,1,5,2
anger_00454,"The cat's wide-open mouth and intense expression suggest a strong emotional state, likely anger.",2,5,none,3,1,1,1,1,5,1
anger_08211,The image evokes a sense of anger due to the protest sign's message about religious freedom and birth control costs.,2,4,prominent_faces,1,1,1,1,1,3,1
anger_10805,"The person is actively protesting, which suggests a strong emotional response, likely anger or frustration.",3,5,prominent_faces,1,1,1,1,1,5,2
anger_09289,"The image depicts a group of people holding signs and banners, suggesting a protest or demonstration, which typically evokes a sense of collective action and possibly frustration or determination.",3,4,prominent_faces,1,1,1,1,1,4,2
anger_08311,"The tiger's intense gaze and open mouth suggest a sense of alertness and potential aggression, evoking a feeling of fear.",1,5,none,5,1,1,1,1,5,5
anger_06545,The image evokes a sense of awe due to the intense heat and the skilled craftsmanship involved in blacksmithing.,6,5,prominent_faces,2,1,3,1,3,5,3
anger_02049,"The image evokes a sense of excitement due to the dynamic interaction between the matador and the bull, highlighting the thrill and intensity of the event.",6,5,prominent_faces,2,1,3,1,1,5,3
anger_01871,"The image evokes excitement due to the bright flames and sparks, suggesting a lively and energetic atmosphere.",6,5,people_present,2,1,3,3,2,5,3
anger_06030,The image evokes a sense of excitement due to the bright flames and the dynamic energy of the fire.,6,5,none,2,3,2,1,2,5,2
anger_11356,"The tiger appears relaxed and content, yawning widely, suggesting a state of calm satisfaction.",6,2,none,1,1,1,1,3,2,4
anger_08240,"The person's expression conveys intense emotion, likely anger or disgust, given the wide-open mouth and furrowed brow.",1,5,prominent_faces,3,3,1,1,1,5,1
anger_02138,The tiger's relaxed posture and natural environment evoke a sense of awe and contentment.,6,3,none,1,1,2,1,3,3,4
anger_10089,The red panda's open mouth and wide eyes suggest a playful and lighthearted emotion.,6,4,none,1,1,2,5,4,3,4
anger_09590,"The person appears to be expressing strong emotion, likely anger or frustration, given their open mouth and intense expression.",2,5,prominent_faces,1,1,1,1,1,5,1
anger_00891,"The image shows a person with an open mouth displaying teeth, which may indicate surprise or discomfort.",2,3,prominent_faces,1,3,1,1,1,3,1
anger_08790,"The image depicts a group of people holding signs and banners, suggesting a protest or demonstration, which evokes a sense of concern and engagement.",3,4,prominent_faces,2,1,1,1,1,4,3
anger_03219,"The clenched fist suggests readiness to act or defend, indicating a state of alertness or potential aggression.",2,4,none,3,1,1,1,1,4,1
anger_05077,"The lion's open mouth and visible teeth suggest a display of dominance or aggression, evoking a sense of fear.",1,5,none,5,2,1,1,1,5,2
anger_00866,"The individual appears to be in a state of deep contemplation or sadness, as indicated by their posture and facial expression.",2,2,prominent_faces,1,1,1,1,3,1,3
anger_08648,The image conveys a sense of anger and frustration due to the protest sign's message about economic inequality.,1,5,prominent_faces,1,1,1,1,1,5,1
anger_07105,The image evokes disgust due to the presence of raw meat and the animal's focused expression.,1,3,none,2,5,1,1,1,3,1
anger_06857,The image conveys a sense of anger and intensity due to the exaggerated facial expression and the text suggesting settling scores.,1,5,prominent_faces,2,1,1,1,1,5,1
anger_07831,"The cat's wide-open mouth and visible tongue suggest it might be yawning or meowing, which typically indicates contentment or relaxation.",6,2,none,1,1,1,1,3,2,3
anger_04265,The image evokes a sense of awe due to the dramatic and intense fire in a natural setting.,2,5,none,5,3,3,1,1,5,2
anger_03768,"The image depicts a group of people participating in what appears to be a protest or demonstration, suggesting a sense of collective action and possibly shared purpose.",4,4,prominent_faces,2,1,1,1,1,4,3
anger_04684,"The image depicts a boxing match, evoking a sense of intense competition and physical exertion.",4,5,prominent_faces,2,1,1,1,1,5,3
anger_09886,"The image depicts a boxing match, evoking a sense of intense competition and physical exertion.",4,5,prominent_faces,2,1,1,1,1,5,3
anger_02212,"The cat's wide-open mouth and intense expression suggest a strong emotional state, likely anger or fear.",2,5,none,3,1,1,1,1,5,3
anger_07914,"The image evokes awe due to the dramatic display of power and energy, with the fiery base contrasting against the towering structure.",6,5,none,2,1,5,1,1,5,4
anger_02669,"The image depicts a group of people marching with banners, suggesting a protest or demonstration, which evokes a sense of collective action and possibly frustration or anger.",2,4,prominent_faces,1,1,1,1,1,4,1
anger_09682,The monkey's open mouth and wide eyes suggest surprise or excitement.,6,5,none,1,1,2,3,2,4,3
anger_05249,"The image evokes a sense of awe due to the detailed and vibrant depiction of the tiger, which is often associated with grandeur and wonder.",6,4,none,2,1,4,2,3,3,5
anger_06205,"The image conveys a strong sense of collective action and determination against violence, evoking a powerful emotional response.",6,5,prominent_faces,1,1,2,1,2,5,3
anger_06575,The image evokes a strong sense of fear due to the presence of a burning vehicle at night.,1,5,none,5,5,1,1,1,5,1
anger_05292,The image evokes a sense of awe due to the large bonfire and the vast forest backdrop.,6,5,none,2,1,3,1,2,5,3
anger_00901,"The image evokes a sense of fear due to the dark background, the axe-like object near the face, and the intense gaze.",1,5,prominent_faces,5,1,1,1,1,2,3
anger_06241,The image evokes fear due to the large-scale wildfire and the ominous smoke.,1,5,none,5,2,1,1,1,5,1
anger_01173,The image evokes a sense of anger due to the protest sign and the context of a public demonstration.,2,5,prominent_faces,1,1,1,1,1,5,3
anger_11395,"The image depicts a group of people marching with signs, suggesting a protest or demonstration, which evokes a sense of collective action and possibly frustration or anger.",2,4,prominent_faces,1,1,1,1,1,4,1
anger_08044,The image evokes disgust due to the close-up view of the bear's open mouth showing teeth and tongue.,1,5,none,2,5,1,1,1,5,1
anger_11180,The image evokes amusement due to the unexpected and humorous sight of a hippopotamus wearing a straw hat.,6,3,none,1,1,5,5,2,2,2
anger_03367,The image evokes fear due to the intense fire and destruction.,1,5,none,5,5,1,1,1,5,1
anger_00691,The image evokes a sense of awe due to the striking appearance of the white tiger and its powerful roar.,6,5,none,2,1,5,1,1,5,5
anger_07563,"The image evokes a sense of awe due to the dramatic contrast between the fiery blaze and the cold, snowy environment.",6,5,none,1,1,5,1,2,5,5
anger_11077,"The image conveys a sense of urgency and collective action, likely evoking feelings of anger and concern.",2,4,prominent_faces,1,1,1,1,1,4,1
anger_05812,The tiger's open mouth and intense gaze suggest a state of alertness and possibly excitement.,6,5,none,2,1,3,1,1,5,5
anger_08992,The image evokes a sense of fear due to the presence of fire and potential danger.,1,5,people_present,5,3,1,1,1,5,1
anger_08623,"The image depicts a man being escorted by police, suggesting a situation involving authority and potential conflict, which evokes a sense of fear.",1,4,prominent_faces,3,1,1,1,1,3,2
anger_09876,The image evokes a sense of awe due to the dramatic display of fire and the contrast between the burning stump and the surrounding forest.,4,5,none,3,2,3,1,1,5,3
anger_07204,"The image depicts a boxing match, evoking a sense of intense physical activity and competitive energy.",4,5,prominent_faces,2,1,1,1,1,5,3
anger_08007,"The image depicts a tense situation involving police and protesters, evoking a sense of fear and anxiety.",1,5,prominent_faces,5,1,1,1,1,5,1
anger_02441,The child's wide-eyed expression and open mouth suggest excitement and joy.,7,5,prominent_faces,1,1,2,5,3,5,3
anger_05766,"The image conveys strong negative emotion through the expression and gesture, indicating high arousal and a very negative valence.",1,5,prominent_faces,4,5,1,1,1,5,1
anger_06218,"The image evokes a sense of awe due to the juxtaposition of wealth and danger, with the vulture symbolizing greed and the fire adding a sense of urgency.",3,4,prominent_faces,4,2,3,1,1,4,3
anger_06315,The burning money conveys a sense of loss and frustration.,2,4,none,3,3,1,1,1,4,2
anger_07057,"The image depicts a protest with people holding signs expressing strong opinions, indicating a high level of engagement and emotion.",6,5,prominent_faces,1,1,1,1,1,5,2
anger_03154,The tiger's relaxed posture and open mouth suggest a state of contentment and ease.,6,2,none,1,1,1,1,3,2,5
anger_06396,The image evokes a sense of contentment due to the serene sunset and the warm glow of the fire.,6,3,none,1,1,2,1,5,3,4
anger_04877,"The image depicts two individuals engaged in what appears to be a heated argument, suggesting strong negative emotions.",1,5,prominent_faces,2,1,1,1,1,5,3
anger_02373,"The image evokes a sense of awe due to the dramatic fire and smoke, which are awe-inspiring.",4,5,none,3,3,2,1,1,5,2
anger_11080,"The image evokes a sense of excitement due to the dynamic interaction between the matador and the bull, highlighting the thrill and intensity of the event.",6,5,prominent_faces,2,1,3,1,1,5,3
anger_03721,"The image conveys a sense of warmth and comfort as the adult holds the child close, suggesting a nurturing relationship.",6,2,prominent_faces,1,1,1,1,5,1,3
anger_10451,The person appears to be reacting with disgust due to the expression and the act of holding a cup close to their face.,1,3,prominent_faces,1,5,1,1,1,2,1
anger_02242,"The image displays intense anger with a wide-open mouth, furrowed brows, and clenched teeth.",1,5,people_present,3,2,1,1,1,5,2
anger_07191,The image evokes a sense of awe due to the striking appearance of the white tiger in its natural habitat.,6,4,none,2,1,4,1,2,3,4
anger_05943,The dog's open mouth and relaxed posture suggest contentment and ease.,6,2,none,1,1,1,1,4,2,4
anger_03189,"The image evokes a sense of awe due to the vastness of the landscape and the controlled fire, which is a natural and awe-inspiring process.",6,4,none,2,1,4,1,3,3,4
anger_10718,"The image evokes excitement due to the vibrant fire and dynamic sparks, suggesting a lively and engaging atmosphere.",6,5,none,1,1,3,2,3,5,3
anger_00806,"The image conveys a sense of activism and solidarity, evoking a feeling of determination and collective action.",6,4,prominent_faces,1,1,2,1,2,4,3
anger_07445,"The lion's open mouth and intense gaze suggest a state of alertness or aggression, evoking a sense of danger.",2,4,none,4,1,1,1,1,3,3
anger_07010,"The tiger's open mouth and intense expression suggest a strong emotional state, likely anger or excitement.",5,5,none,2,1,1,1,1,5,4
anger_03621,"The image captures a high-energy boxing match, evoking excitement and intensity.",6,5,prominent_faces,2,1,1,1,1,5,4
anger_06131,"The person appears to be engaged in a serious conversation, possibly about a professional matter, indicated by their formal attire and the presence of a microphone.",4,3,people_present,1,1,1,1,2,3,3
anger_06587,The tiger's open mouth and wide eyes convey a sense of awe and excitement.,6,5,none,2,1,4,1,1,5,5
anger_04928,The image evokes a sense of awe due to the dramatic and intense fire in a forest setting.,2,5,none,5,5,1,1,1,5,1
anger_10356,"The individual appears to be experiencing a mix of contentment and slight amusement, indicated by the relaxed facial expression and subtle smile.",6,2,prominent_faces,1,1,1,1,4,2,3
anger_08874,The lion's open mouth and wide eyes suggest a state of surprise or alertness.,4,5,none,2,1,1,1,1,5,3
anger_02699,"The person's open mouth and intense gaze suggest a strong emotional response, likely excitement.",6,5,prominent_faces,1,1,2,1,2,5,3
anger_11328,The dog's wide grin and the playful interaction with the bone suggest a joyful and lighthearted mood.,6,4,none,1,1,2,5,4,3,3
anger_06873,The image evokes fear due to the presence of a large fire and the firefighter's protective gear.,1,5,people_present,5,1,1,1,1,5,1
anger_11210,"The image evokes excitement due to the large bonfire, which is typically associated with festive or celebratory events.",6,5,none,1,1,2,1,3,5,3
anger_04850,The image evokes a strong sense of fear due to the intense fire and destruction.,1,5,people_present,5,5,1,1,1,5,1
anger_10457,"The image evokes a sense of awe due to the vastness of the landscape and the dramatic fire, which is awe-inspiring.",6,5,none,5,2,4,1,1,5,3
anger_05159,The image evokes a sense of awe due to the vast scale of the fire and the dramatic smoke.,2,5,none,5,5,1,1,1,5,1
anger_04982,The image evokes a strong sense of fear due to the presence of a firefighter battling a fire.,1,5,people_present,5,1,1,1,1,5,1
anger_09028,The image conveys intense fear due to the wide-open mouth and wide eyes.,1,5,prominent_faces,5,1,1,1,1,5,1
anger_09075,The image evokes anger due to the intense facial expression and open mouth showing teeth.,1,5,prominent_faces,2,3,1,1,1,5,1
anger_05446,The image conveys intense fear due to the exaggerated facial expression and the blurring effect.,1,5,prominent_faces,5,1,1,1,1,5,1
anger_09654,The image conveys a strong sense of playfulness and humor due to the exaggerated facial expressions.,6,5,prominent_faces,1,1,2,5,2,5,3
anger_09351,The image evokes fear due to the widespread destruction and chaos depicted.,1,5,people_present,5,5,1,1,1,5,1
anger_11413,The lion's open mouth and relaxed posture suggest contentment and ease.,6,2,none,1,1,1,1,4,1,4
anger_00412,"The image depicts a high-energy, emotionally charged interaction between people, suggesting excitement and possibly anger.",6,5,prominent_faces,2,1,1,1,1,5,1
anger_01090,"The person appears to be shouting into a megaphone, likely in a public setting, suggesting a strong emotional expression possibly related to activism or protest.",6,5,people_present,1,1,1,1,1,5,2
anger_07339,"The image depicts a protest with raised fists and signs, indicating strong emotional engagement and a sense of urgency.",6,5,prominent_faces,2,1,1,1,1,5,3
anger_05856,"The person appears enthusiastic and engaged, holding up a campaign sign, indicating excitement about the political event.",6,5,prominent_faces,1,1,2,3,3,5,3
anger_08189,"The image evokes a strong sense of activism and solidarity, with a high level of emotional intensity and energy.",6,5,prominent_faces,1,1,2,1,1,5,3
anger_08634,"The image depicts firefighters at work during a nighttime emergency, evoking a sense of urgency and concern.",2,5,people_present,5,1,1,1,1,5,1
anger_10020,"The image evokes fear due to the presence of a firefighter facing a large fire, indicating a dangerous situation.",1,5,people_present,5,2,1,1,1,5,1
anger_10670,"The tiger's open mouth and intense gaze evoke a sense of awe and excitement, while the people present add to the dynamic energy of the scene.",6,5,prominent_faces,2,1,4,1,1,5,3
anger_03995,The lion's wide-open mouth and relaxed expression suggest contentment and playfulness.,6,3,none,1,1,2,4,3,3,4
anger_10744,"The person appears to be experiencing intense physical exertion or pain, indicated by the grimace and clenched teeth.",1,5,prominent_faces,3,2,1,1,1,5,1
anger_06589,"The image conveys a sense of urgency and activism related to political and environmental issues, evoking a feeling of anger.",2,4,people_present,1,1,1,1,1,4,1
anger_00368,"The person is speaking into a megaphone at what appears to be a public gathering, suggesting a sense of urgency or importance, likely related to a cause they are passionate about.",6,5,people_present,1,1,1,1,1,5,2
anger_00632,"The tiger appears relaxed and content, with its tongue out, suggesting a state of ease and satisfaction.",6,2,none,1,1,1,1,3,1,5
anger_03581,The image evokes a sense of awe due to the controlled fire and the presence of firefighters managing it.,6,4,prominent_faces,2,1,3,1,2,4,3
anger_03634,The cat's wide-open mouth and relaxed posture suggest contentment and ease.,6,2,none,1,1,1,1,5,1,4
anger_09067,"The tiger's open mouth and intense gaze suggest a strong emotional response, likely fear or anger.",2,5,none,5,1,1,1,1,5,3
anger_10184,The dog's open mouth and wide eyes suggest excitement and anticipation.,6,5,none,1,1,2,3,2,5,3
anger_02466,The image evokes a strong sense of fear due to the presence of a large explosion and armed soldiers.,1,5,prominent_faces,5,1,1,1,1,5,1
anger_04122,"The image conveys a sense of solidarity and activism against hate and fear, evoking a feeling of determination and concern.",4,4,prominent_faces,1,1,1,1,2,3,3
anger_06728,"The image depicts a large group of people holding signs advocating for change, indicating a strong sense of purpose and collective action.",6,5,prominent_faces,1,1,2,1,3,5,3
anger_06404,"The image depicts a peaceful protest with people holding signs advocating against racism, suggesting a sense of solidarity and purpose.",6,3,prominent_faces,1,1,2,1,4,3,3
anger_04011,"The tiger's wide-open mouth and visible teeth suggest a display of dominance or aggression, evoking a sense of fear.",1,5,none,5,1,1,1,1,5,3
anger_07159,The tiger's open mouth and intense gaze suggest a feeling of alertness and potential aggression.,2,5,none,3,1,1,1,1,5,3
anger_01953,The jaguar's open mouth and raised paw suggest a playful and energetic state.,6,5,none,1,1,2,5,3,5,4
anger_05001,The lion's wide-open mouth and relaxed posture suggest a state of contentment and ease.,6,2,none,1,1,1,1,3,2,3
anger_07954,"The image evokes fear due to the presence of a giant robotic arm with red lightning bolts, suggesting a threatening and dangerous scenario.",1,5,people_present,5,1,5,1,1,5,2
anger_06858,The intense flames and the chaotic energy of the fire evoke a sense of awe and excitement.,6,5,none,2,3,3,1,1,5,2
anger_00637,"The birds appear to be engaged in a playful interaction, likely a form of communication or bonding, evoking a sense of amusement.",6,4,none,1,1,2,5,3,3,4
anger_07419,The lion's wide-open mouth and relaxed posture suggest contentment and ease.,6,2,none,1,1,1,1,3,1,3
anger_00538,The image evokes fear due to the presence of a burning vehicle and soldiers in a tense situation.,1,5,people_present,5,5,1,1,1,5,1
anger_11148,The person's expression suggests amusement due to the exaggerated smile and the overall playful demeanor.,6,4,prominent_faces,1,1,2,5,3,3,3
anger_00246,The image evokes anger due to the intense facial expression and the protective gear suggesting a serious situation.,1,5,prominent_faces,5,1,1,1,1,5,1
anger_06246,The image evokes excitement due to the vibrant flames and the dynamic energy of the fire.,6,5,none,2,1,3,1,3,5,3
anger_08003,"The image conveys intense anger due to the wide-open mouth, furrowed brow, and clenched teeth.",1,5,prominent_faces,3,1,1,1,1,5,1
anger_07504,The dolphin's wide smile and open mouth evoke a sense of joy and playfulness.,7,5,none,1,1,2,5,5,5,5
anger_07668,"The lions' open mouths and intense expressions suggest a display of dominance or aggression, evoking a sense of fear.",1,5,none,5,1,1,1,1,5,2
anger_10740,The image evokes a sense of anger due to the protest signs advocating against war funding and withdrawal from Afghanistan.,1,4,prominent_faces,1,1,1,1,1,2,1
anger_07277,"The image evokes excitement due to the dramatic cannon firing and the vibrant, energetic atmosphere.",6,5,people_present,2,1,4,3,2,5,4
anger_07058,The image evokes a sense of awe due to the dramatic contrast between the burning pages and the intense flames.,2,5,none,3,4,3,1,1,5,3
anger_00755,The image evokes a sense of awe due to the dramatic display of fire and smoke in a natural setting.,3,5,none,3,2,3,1,1,5,3
anger_00082,The lion's open mouth and intense gaze suggest a feeling of alertness and potential aggression.,2,4,none,3,1,1,1,1,4,3
anger_10924,"The individual appears to be participating in a protest, holding a sign that expresses concern about inequality, suggesting a sense of urgency and engagement.",4,4,people_present,1,1,1,1,2,3,3
anger_08534,"The cheetah's wide-open mouth and intense expression suggest a strong emotional state, likely excitement or playfulness.",6,5,none,1,1,2,5,3,5,5
anger_04490,"The image depicts a protest with people holding signs, suggesting a strong emotional response related to social issues.",6,5,prominent_faces,1,1,2,1,1,5,2
anger_05759,"The image evokes a strong sense of disgust due to the grotesque facial expression and the presence of what appears to be a thick, unattractive substance covering the face.",1,5,prominent_faces,2,5,1,1,1,5,1
anger_04429,The lion cub's relaxed posture and open mouth suggest contentment and playfulness.,6,2,none,1,1,2,4,3,2,4
anger_01673,"The image evokes fear due to the realistic zombie makeup and the presence of a Bible, suggesting a horror scenario.",1,5,prominent_faces,5,5,1,1,1,5,1
anger_04825,The image evokes excitement due to the dynamic action of soldiers firing muskets and the historical reenactment setting.,6,5,prominent_faces,2,1,4,1,1,5,3
anger_06636,The cat's wide eyes and slightly open mouth suggest a state of contentment and relaxation.,6,2,none,1,1,1,1,5,1,5
anger_00888,"The dog appears to be playfully interacting with its reflection, evoking a sense of amusement.",6,3,none,1,1,2,5,4,2,3
anger_04901,"The lioness appears relaxed and content, with a calm demeanor and a gentle expression.",6,2,none,1,1,1,1,5,2,4
anger_01419,"The image evokes awe due to the dramatic and intense fire, which is awe-inspiring.",6,5,people_present,3,2,5,1,1,5,4
anger_02747,The image evokes fear due to the presence of a large alligator in a potentially dangerous environment.,1,5,none,5,2,1,1,1,5,1
anger_07178,"The person appears to be engaged in a protest or demonstration, holding a sign with a gesture that suggests frustration or anger.",2,4,people_present,1,1,1,1,1,3,2
anger_06678,The image evokes a strong sense of fear due to the burning buildings and the presence of a statue amidst the chaos.,1,5,none,5,5,1,1,1,5,1
anger_03997,The image evokes a strong sense of disgust due to the presence of what appears to be blood and a distressed expression.,1,5,prominent_faces,5,5,1,1,1,5,1
anger_02307,The cat's wide-open mouth and relaxed expression suggest contentment and ease.,6,2,none,1,1,1,1,5,1,3
anger_10580,"The person appears to be participating in a protest, holding a sign that suggests a cause they care about, which evokes a sense of engagement and activism.",6,4,people_present,1,1,2,2,3,3,3
anger_10417,"The image evokes a sense of contentment due to the peaceful outdoor setting and the presence of a controlled fire, suggesting a calm and satisfying activity.",6,2,people_present,1,1,1,1,4,2,3
anger_08024,The image evokes a strong sense of anger due to the protest signs and the context of social justice issues.,1,5,prominent_faces,1,1,1,1,1,5,1
anger_05950,"The image depicts a protest with people holding signs advocating for peace and freedom, evoking a sense of solidarity and concern.",2,4,prominent_faces,1,1,1,1,1,3,2
anger_00932,"The cat's wide eyes and open mouth suggest surprise or shock, indicating a strong emotional response.",2,5,none,1,1,1,1,1,5,3
anger_04220,The person appears to be experiencing sadness due to their posture and facial expression.,1,2,people_present,1,1,1,1,1,1,1
anger_06550,"The lion appears calm and relaxed, suggesting contentment.",6,2,none,1,1,1,1,3,1,3
anger_07649,"The image evokes a sense of awe due to the presence of two large tigers in a naturalistic setting, which can be awe-inspiring.",6,4,none,2,1,3,1,2,3,4
anger_11404,"The person's expression conveys intense emotional intensity with a strong negative valence, suggesting anger.",1,5,prominent_faces,2,1,1,1,1,5,3
anger_05265,"The image evokes a sense of awe due to the dramatic and intense fire, which is visually striking and grand.",4,5,none,5,5,5,1,1,5,2
anger_09386,"The image evokes a strong sense of awe due to the dramatic and intense fire scene, highlighting the bravery and skill of the individual.",6,5,prominent_faces,5,2,3,1,1,5,3
anger_02560,"The image evokes a sense of awe due to the dramatic and intense fire, which is awe-inspiring.",6,5,none,2,3,4,1,1,5,3
anger_11274,"The image conveys a sense of protest and activism, evoking a feeling of anger and concern.",2,4,prominent_faces,1,1,1,1,1,3,2
anger_04734,"The image depicts a protest with people holding signs and flags, indicating a strong emotional response to a significant event.",3,5,prominent_faces,2,1,1,1,1,5,2
disgust_02720,"The image depicts a close-up of a mouth with visible white patches, which may evoke disgust due to its unclean appearance.",1,2,none,1,5,1,1,1,1,1
disgust_00896,The image evokes disgust due to the insect's appearance and the context of its environment.,1,2,none,1,5,1,1,1,1,1
disgust_06936,The image evokes a sense of disgust due to the overflowing trash bins and the general uncleanliness.,1,2,none,1,5,1,1,1,1,1
disgust_04888,"The image evokes a sense of sadness due to the presence of a lit cigarette in an ashtray, suggesting a moment of contemplation or distress.",2,2,none,1,2,1,1,1,1,2
disgust_09327,The image evokes a sense of disgust due to the rotting apple.,1,2,none,1,5,1,1,1,1,1
disgust_07546,The image evokes a strong sense of disgust due to the overwhelming presence of garbage and the lack of any uplifting elements.,1,5,none,2,5,1,1,1,3,1
disgust_05416,"The image evokes a sense of disgust due to the large piles of discarded clothing, which can be visually unappealing.",1,2,none,1,5,1,1,1,1,1
disgust_04021,"The image evokes disgust due to the raw, unprocessed meat displayed, which is typically associated with visceral reactions.",1,2,none,1,5,1,1,1,1,1
disgust_05637,The image evokes a sense of awe due to the sheer number of caterpillars and their collective behavior.,6,5,none,2,4,5,1,1,5,3
disgust_08213,"The image evokes a sense of awe due to its intricate and detailed structure, reminiscent of natural formations.",6,4,none,1,1,5,2,3,2,5
disgust_02396,The image evokes a sense of awe due to the intricate spider web and the detailed pattern of the spider.,6,4,none,1,1,4,2,3,3,5
disgust_08908,"The image evokes disgust due to the presence of a large amount of trash and debris, which is visually unappealing and repulsive.",1,2,none,1,5,1,1,1,1,1
disgust_06971,The image evokes disgust due to the visual repulsiveness of cigarette butts and ash.,1,2,none,1,5,1,1,1,1,1
disgust_10597,"The image evokes a sense of disgust due to the large amount of litter and waste, which is visually unappealing and repulsive.",1,2,none,1,5,1,1,1,1,1
disgust_09475,"The overflowing trash bins evoke a sense of neglect and disorder, which can be associated with frustration or annoyance.",2,3,none,1,3,1,1,1,1,1
disgust_04759,The image evokes a sense of disgust due to the decaying and peeling texture.,1,2,none,1,5,1,1,1,1,1
disgust_01285,"The image evokes disgust due to the burnt and charred appearance of the food, which is visually unappealing.",1,2,none,1,5,1,1,1,1,1
disgust_01941,The image evokes disgust due to the unclean and unpleasant state of the toilet.,1,1,none,1,5,1,1,1,1,1
disgust_09449,"The image evokes disgust due to the close-up view of a cockroach on what appears to be a fruit, which is typically associated with unpleasantness.",1,2,none,3,5,1,1,1,1,1
disgust_03806,The image evokes a sense of disgust due to the close-up view of worms in soil.,1,2,none,1,5,1,1,1,2,1
disgust_05516,The image evokes a sense of curiosity and slight discomfort due to the unusual appearance of the creature.,2,3,none,1,3,3,1,1,2,1
disgust_04568,"The image evokes awe due to the intricate spider web and the spider's central position, creating a sense of natural wonder.",6,4,none,2,1,4,1,2,2,5
disgust_04441,The image evokes disgust due to the presence of a large amount of trash and debris.,1,2,none,1,5,1,1,1,1,1
disgust_01461,"The image evokes a sense of disgust due to the raw meat being prepared, which is typically not appetizing.",1,2,none,1,5,1,1,1,1,1
disgust_08783,"The image evokes disgust due to the raw, seasoned meat, which is typically not appealing to most people.",1,2,none,1,5,1,1,1,1,1
disgust_09310,"The image evokes disgust due to the presence of litter and trash around a tree, indicating neglect and environmental degradation.",1,2,none,1,5,1,1,1,1,1
disgust_05469,The image evokes a strong sense of disgust due to the large amount of overflowing trash and garbage bags on the sidewalk.,1,5,none,2,5,1,1,1,3,1
disgust_03154,"The image evokes a sense of disgust due to the rusted texture, which is often associated with decay and uncleanliness.",1,2,none,1,5,1,1,1,1,1
disgust_10734,The image evokes a sense of disgust due to the presence of a garbage dump with visible pollution and birds flying around.,1,3,none,2,5,1,1,1,3,1
disgust_03150,The image evokes disgust due to the visual repulsiveness of the cigarette butts and ash.,1,2,none,1,5,1,1,1,1,1
disgust_10023,"The image evokes disgust due to the presence of raw meat and what appears to be flies, suggesting a lack of hygiene.",1,2,none,3,5,1,1,1,1,1
disgust_10015,The image evokes a sense of disgust due to the large amount of garbage and the workers handling it.,1,3,people_present,2,5,1,1,1,3,1
disgust_03977,The image evokes a sense of frustration due to the overflowing trash can and the request for cooperation.,2,3,none,1,3,1,1,1,1,1
disgust_07217,The image evokes awe due to the intricate spider web and the detailed appearance of the spider.,6,4,none,2,1,4,1,3,3,5
disgust_04290,"The vibrant colors and rich texture suggest a comforting and appetizing meal, evoking feelings of contentment.",6,3,none,1,1,1,1,5,2,4
disgust_07193,The frosty branches and vibrant red berry evoke a sense of quiet beauty and natural wonder.,6,3,none,1,1,2,1,4,2,5
disgust_03869,"The image evokes a sense of disgust due to the large amount of trash and debris, which is visually unappealing and suggests neglect.",1,2,none,1,5,1,1,1,1,1
disgust_10995,The image evokes disgust due to the dirty and neglected state of the sink.,1,2,none,1,5,1,1,1,1,1
disgust_09559,The image evokes a sense of disgust due to the raw meat displayed prominently.,1,2,people_present,1,5,1,1,1,2,1
disgust_05872,"The image evokes a sense of contentment due to the simple, everyday scene of a drink in a cup.",4,2,none,1,1,1,1,3,2,2
disgust_06686,The image evokes disgust due to the presence of a used sanitary pad on the ground.,1,2,none,1,5,1,1,1,1,1
disgust_02041,The image evokes a strong sense of disgust due to the presence of a large pile of garbage in a natural setting.,1,5,none,2,5,1,1,1,1,1
disgust_01352,"The image depicts a raw animal carcass being handled, evoking a strong sense of disgust due to its visceral nature.",1,5,none,2,5,1,1,1,3,1
disgust_07136,The image evokes a sense of disgust due to the presence of animals scavenging in a garbage dump.,1,2,none,3,5,1,1,1,2,1
disgust_05965,"The image evokes a sense of awe due to the dramatic presentation of the meat over the fire, highlighting the grandeur of the cooking method.",6,4,none,2,3,3,1,4,3,3
disgust_01752,"The image evokes a sense of disgust due to the presence of dirty water and debris, which is visually unappealing.",1,2,none,1,5,1,1,1,1,1
disgust_03641,The image evokes a sense of disgust due to the large amount of garbage and lack of cleanliness.,1,2,none,1,5,1,1,1,1,1
disgust_06397,The image evokes disgust due to its unclean and repulsive appearance.,1,1,none,1,5,1,1,1,1,1
disgust_03586,The image evokes a sense of curiosity and mild fascination due to the caterpillar's distinct pattern and movement.,4,3,none,1,1,2,2,2,3,3
disgust_09602,The image evokes a sense of disgust due to the large number of caterpillars on the plant.,1,2,none,3,5,1,1,1,2,1
disgust_00772,The image evokes a sense of disgust due to the cluttered and messy appearance of the recycling bin.,1,2,none,1,5,1,1,1,1,1
disgust_09309,The image evokes contentment due to the hearty meal and the comforting presentation.,6,3,none,1,1,1,1,5,2,3
disgust_06057,The image evokes a sense of disgust due to the cluttered and messy appearance of the garbage.,1,2,none,1,5,1,1,1,1,1
disgust_03368,The image evokes a sense of sadness due to the large amount of discarded items and the solitary figure amidst them.,1,2,people_present,1,3,1,1,1,1,1
disgust_07872,The image evokes a sense of disgust due to the presence of garbage bags and a squirrel in an unusual setting.,1,2,none,1,5,1,1,1,1,1
disgust_03022,The image evokes disgust due to the presence of what appears to be decomposing organic matter.,1,2,none,1,5,1,1,1,1,1
disgust_01413,The image evokes disgust due to the presence of what appears to be a spill or mess on a wooden surface.,1,2,none,1,5,1,1,1,1,1
disgust_06981,"The image evokes a sense of disgust due to the visual repulsiveness of the tightly packed, dirty plastic waste.",1,2,none,1,5,1,1,1,1,1
disgust_10711,The image evokes disgust due to the presence of animal feces.,1,1,none,1,5,1,1,1,1,1
disgust_01790,"The image evokes disgust due to the raw, unprocessed meat and sausages hanging, which can be visually repulsive.",1,2,people_present,1,5,1,1,1,1,1
disgust_04268,"The image evokes a sense of awe due to the vibrant colors and intricate patterns of the fungi, set against a natural forest backdrop.",6,4,none,1,2,5,3,4,2,5
disgust_04935,The image evokes a sense of awe due to the intricate textures and patterns on the tree bark.,6,4,none,1,1,3,1,2,2,4
disgust_05979,The image evokes disgust due to the unappetizing appearance of the food.,1,1,none,1,5,1,1,1,1,1
disgust_01375,"The image evokes a sense of awe due to the intricate details of the spider and its web, highlighting nature's complexity.",6,4,none,2,1,4,1,2,3,4
disgust_01155,"The image evokes disgust due to the close-up view of a food item with a purple and white interior, which can be associated with unappetizing textures.",1,2,none,1,5,1,1,1,1,1
disgust_10960,The image evokes disgust due to the presence of cigarette butts on the ground.,1,1,none,1,5,1,1,1,1,1
disgust_00604,"The person appears to be in a state of awe or fascination, as indicated by their focused gaze and the object they are observing closely.",6,4,prominent_faces,1,1,3,2,3,3,3
disgust_02313,"The image evokes a sense of awe due to the intricate spider web and the spider's presence, which is often associated with nature's beauty.",6,4,none,1,1,3,2,3,2,4
disgust_02258,The image evokes a sense of awe due to the intricate details of the spider's web and the spider itself.,6,4,none,2,1,4,1,2,3,5
disgust_06463,The image evokes a sense of disgust due to the discarded and disorganized state of personal items.,1,2,none,1,5,1,1,1,1,1
disgust_09581,"The image evokes a sense of sadness due to the solitary cigarette and the dark, muted tones.",2,2,none,1,1,1,1,1,1,1
disgust_08796,"The image depicts a pile of dark, organic material that appears unclean and potentially令人反感, evoking a sense of disgust.",1,2,none,1,5,1,1,1,1,1
disgust_00855,The fluffy caterpillar evokes a sense of playfulness and curiosity due to its soft appearance and the way it hangs from the leaf.,6,3,none,1,1,2,5,4,2,4
disgust_06319,The image evokes a sense of contentment due to the hearty and comforting appearance of the chili.,6,2,none,1,1,1,1,5,1,2
disgust_04252,The image evokes a sense of awe due to the intricate spider web and the spider's delicate structure.,6,4,none,2,1,4,1,2,3,5
disgust_06805,The image evokes a sense of disgust due to the overflowing trash can filled with various discarded items.,1,2,none,1,5,1,1,1,1,1
disgust_06097,The image evokes disgust due to the dirty and unhygienic appearance of the toilet.,1,1,none,1,5,1,1,1,1,1
disgust_05564,The image evokes a sense of disgust due to the visual repulsiveness of the plastic waste.,1,2,none,1,5,1,1,1,1,1
disgust_03034,The fluffy caterpillar evokes a sense of playfulness and curiosity due to its soft appearance and unique texture.,6,3,none,1,1,3,5,4,2,4
disgust_05477,"The image evokes disgust due to the presence of what appears to be a dirty, decomposing substance.",1,2,none,3,5,1,1,1,1,1
disgust_09713,The image evokes disgust due to the presence of cigarette butts in an ashtray.,1,1,none,1,5,1,1,1,1,1
disgust_08673,The image evokes a strong sense of disgust due to the chaotic and cluttered nature of the trash pile.,1,5,none,1,5,1,1,1,5,1
disgust_08177,The image evokes a sense of disgust due to the presence of litter on a pedestrian crossing.,1,2,none,1,5,1,1,1,1,1
disgust_08508,The image evokes a sense of curiosity and wonder due to the intricate details of marine life and the underwater environment.,6,4,none,1,2,4,3,2,3,4
disgust_08945,"The image evokes a sense of disgust due to the discarded and dirty soda can amidst snow, suggesting neglect and environmental degradation.",1,2,none,1,5,1,1,1,1,1
disgust_09320,The image evokes a sense of awe due to the intricate spider web and the vibrant green background.,6,4,none,1,1,5,2,3,2,5
disgust_07316,"The person appears to be showing off a healed wound, which might evoke a sense of relief or contentment.",6,2,prominent_faces,1,2,1,1,3,1,2
disgust_01924,The image evokes a sense of disgust due to the unusual appearance of the tomato.,1,2,none,1,5,1,1,1,1,1
disgust_04164,The image evokes fear due to the spider's menacing appearance and the potential threat it poses.,1,5,none,5,5,1,1,1,3,2
disgust_08161,"The image evokes a sense of disgust due to the presence of trash and debris, which is visually unappealing.",1,2,people_present,1,5,1,1,1,1,1
disgust_05795,The image evokes a sense of awe due to the intricate spider web and the ethereal quality of the purple background.,6,4,none,1,1,5,2,3,2,5
disgust_08962,"The image evokes a sense of awe due to the intricate spider web and the numerous baby spiders, showcasing nature's complexity.",6,4,none,2,3,4,2,3,3,4
disgust_05012,"The image evokes a sense of disgust due to the close-up view of a spider, which is generally considered repulsive.",1,2,none,3,5,1,1,1,1,1
disgust_06609,The image evokes a sense of disgust due to the unexpected presence of a shoe among the trash bins.,1,2,none,1,5,1,1,1,1,1
disgust_03652,The image evokes a sense of disgust due to the overflowing trash can and the presence of discarded items.,1,2,none,1,5,1,1,1,1,1
disgust_02641,The image evokes disgust due to the sight of dirty water being poured out.,1,2,none,1,5,1,1,1,1,1
disgust_02238,The image evokes disgust due to the unusual and unappetizing appearance of the tomatoes.,1,2,none,1,5,1,1,1,1,1
disgust_10349,The image evokes a sense of curiosity and wonder due to the unusual appearance of the bubbles and the natural setting.,4,3,none,1,1,4,2,3,2,3
disgust_09852,The vibrant red coloration and unique shape evoke a sense of awe and wonder at the beauty of marine life.,6,4,none,1,1,5,2,3,2,5
disgust_00391,"The image evokes disgust due to the trash scattered around the 'Golden Delicious' sign, which contrasts sharply with the intended appeal of the fruit.",1,2,none,1,5,1,1,1,1,1
disgust_03353,The image evokes a sense of disgust due to the rusted texture and coloration.,1,2,none,1,5,1,1,1,1,1
disgust_05486,The image evokes a sense of awe due to the intricate details and the natural beauty of the spider.,6,4,none,1,2,3,1,3,2,5
disgust_07272,"The spider's posture and the intricate web suggest a sense of calm observation, evoking contentment.",6,2,none,1,1,2,1,3,2,4
disgust_04279,"The image evokes contentment due to the close-up of a delicious-looking pizza slice being held, suggesting enjoyment.",6,4,none,1,1,1,1,5,2,3
disgust_03307,"The image evokes a sense of awe due to the large tarantula being worn as a necklace, which is an unusual and unexpected sight.",4,4,people_present,2,3,5,2,1,3,2
disgust_01661,"The image evokes a sense of sadness due to the cluttered and discarded items, suggesting neglect and loss.",1,2,none,1,3,1,1,1,1,1
disgust_07911,The image evokes a sense of disgust due to the presence of discarded waste materials.,1,2,none,1,5,1,1,1,1,1
disgust_09059,"The overflowing trash bins evoke a sense of neglect and disorder, which can be associated with feelings of disgust.",1,2,none,1,5,1,1,1,1,1
disgust_03132,"The bright yellow substance on the tree stump evokes a sense of curiosity and wonder, suggesting awe.",6,4,none,1,2,4,1,2,2,3
disgust_10623,"The image evokes disgust due to the remnants of food in a takeout box, suggesting uneaten or discarded food.",1,1,none,1,5,1,1,1,1,1
disgust_06226,"The image evokes a sense of disgust due to the large amount of garbage bags, suggesting neglect and uncleanliness.",1,2,none,1,5,1,1,1,1,1
disgust_07150,"The image depicts shredded chicken cooking, which is a common and comforting food preparation, evoking a sense of warmth and contentment.",6,2,none,1,1,1,1,5,2,1
disgust_06556,The image evokes disgust due to the presence of dead animals in a container.,1,5,none,5,5,1,1,1,1,1
disgust_08806,"The image evokes disgust due to the large amount of scattered trash and debris, which is visually unappealing and repulsive.",1,2,none,1,5,1,1,1,1,1
disgust_03981,"The image evokes disgust due to the presence of scattered trash and litter, which is visually unappealing and repulsive.",1,2,none,1,5,1,1,1,1,1
disgust_10303,"The image evokes a sense of contentment due to the preparation of a meal, suggesting a homey and comforting atmosphere.",6,2,none,1,1,1,1,5,1,2
disgust_07925,"The image evokes a sense of calm and natural beauty, with the vibrant orange fish contrasting against the green algae, creating a serene underwater scene.",6,2,none,1,1,3,3,4,2,4
disgust_00137,The image evokes a sense of nostalgia and curiosity due to the historical context and the presence of preserved caribou antlers.,4,3,none,1,2,3,1,3,2,3
disgust_02070,The image evokes a sense of curiosity and slight unease due to the contrast between the moth and the decaying surface.,3,3,none,2,3,3,2,1,2,3
disgust_06103,The image evokes disgust due to the overflowing trash can and the large amount of litter on the ground.,1,3,people_present,2,5,1,1,1,2,1
disgust_02699,"The image evokes a sense of awe due to its intricate textures and colors, reminiscent of natural formations.",6,4,none,1,2,5,1,2,3,4
disgust_08597,The spider's intricate web and its calm posture evoke a sense of awe and admiration for nature's beauty.,6,3,none,1,1,4,2,4,2,5
disgust_09895,The image evokes disgust due to the visual representation of cigarettes in a mouth-shaped ashtray.,1,2,none,1,5,1,1,1,1,1
disgust_01150,The image evokes a sense of disgust due to the accumulation of cigarette butts in a ashtray.,1,2,none,1,5,1,1,1,1,1
disgust_05323,The image evokes a sense of sadness due to the discarded and damaged items against a dilapidated wall.,2,3,none,1,3,1,1,1,2,1
disgust_05101,"The image evokes a sense of sadness due to the worn-out ballet shoes, symbolizing the passage of time and the end of a chapter.",2,3,none,1,2,1,1,1,1,1
disgust_02594,The image evokes a sense of disgust due to the presence of cigarette butts in an ashtray.,1,2,none,1,5,1,1,1,1,1
disgust_09595,"The image evokes a sense of disgust due to the presence of discarded toys and waste, suggesting neglect and decay.",1,2,none,1,5,1,1,1,1,1
disgust_02515,"The image evokes disgust due to the raw, uncooked meat pieces.",1,2,none,1,5,1,1,1,1,1
disgust_08827,The image evokes a sense of awe due to the mysterious and ancient stone structure amidst a serene autumn setting.,6,4,none,1,1,4,1,2,2,4
disgust_08958,The image evokes a sense of disgust due to the presence of trash on the beach.,1,2,people_present,1,5,1,1,1,1,1
disgust_03639,The image evokes a sense of disgust due to the chaotic and messy state of shredded paper and plastic bags.,1,2,none,1,5,1,1,1,1,1
disgust_06125,"The person appears to be in a state of deep emotional distress or sadness, as indicated by their posture and facial expression.",1,2,prominent_faces,1,1,1,1,1,1,1
disgust_00814,"The image evokes a strong sense of disgust due to the large pile of garbage and debris, which is visually unappealing and suggests neglect.",1,2,none,1,5,1,1,1,1,1
disgust_08872,"The image evokes a sense of contentment due to the warm, inviting appearance of the drink and the cozy setting.",6,2,none,1,1,1,1,5,1,3
disgust_03521,The image evokes a sense of disgust due to the presence of trash and pollution in a natural setting.,1,2,none,1,5,1,1,1,1,1
disgust_09850,"The image evokes disgust due to the large number of insects and their close proximity, which is typically associated with uncleanliness.",1,5,none,2,5,1,1,1,5,1
disgust_10072,The image evokes fear due to its grotesque and unsettling appearance.,1,5,none,5,5,1,1,1,1,1
disgust_03661,"The image evokes a sense of curiosity and wonder due to the close-up view of the spider, highlighting its intricate details.",4,3,none,1,2,3,2,3,3,4
disgust_03817,The image evokes disgust due to the presence of mold on the bananas.,1,2,none,1,5,1,1,1,1,1
disgust_05065,The vibrant colors and intricate web evoke a sense of wonder and admiration.,6,4,none,1,1,4,2,3,3,5
disgust_03051,The image evokes a sense of awe due to the detailed and intricate structure of the caterpillar's chrysalis.,6,4,none,1,1,5,2,3,2,5
disgust_09792,The image evokes a sense of disgust due to the burnt cigarette butts.,1,2,none,1,5,1,1,1,1,1
disgust_02012,The image evokes disgust due to the decayed and repulsive appearance of the object.,1,2,none,1,5,1,1,1,1,1
disgust_06880,"The overflowing trash can and scattered garbage evoke a sense of neglect and disorder, which can be associated with disgust.",1,2,none,1,5,1,1,1,1,1
disgust_09349,The image evokes a sense of contemplation and slight melancholy due to the discarded cigarette butts juxtaposed against the vast urban landscape.,2,2,none,1,3,1,1,1,1,2
disgust_06334,"The image evokes disgust due to the presence of trash and waste in a confined space, which is visually unappealing.",1,2,none,1,5,1,1,1,1,1
disgust_05427,"The image evokes disgust due to the raw, unprocessed meat hanging prominently.",1,2,none,1,5,1,1,1,1,1
disgust_04439,"The image evokes a sense of disgust due to the presence of what appears to be organic matter and bubbles, suggesting contamination or decay.",1,2,none,3,5,1,1,1,1,1
disgust_00803,"The image depicts a pot of soup on a stove, which typically evokes a sense of comfort and contentment associated with home cooking.",6,2,none,1,1,1,1,5,1,2
disgust_03372,"The image evokes a sense of disgust due to the dirty hands holding what appears to be a small, possibly dead creature.",1,2,people_present,1,5,1,1,1,1,1
disgust_07491,The image evokes a sense of disgust due to the presence of a decaying animal skull.,1,2,none,3,5,1,1,1,1,1
disgust_07156,The image evokes a sense of curiosity and wonder due to the close-up view of the spider and its unique appearance.,6,4,none,2,2,4,3,3,2,4
disgust_08725,The image evokes disgust due to the presence of used coffee cups and cigarette butts in a trash bin.,1,2,none,1,5,1,1,1,1,1
disgust_00104,"The image evokes a sense of decay and abandonment, suggesting sadness.",2,2,none,1,3,1,1,1,1,1
disgust_04100,The image evokes disgust due to the decaying organic material and its texture.,1,2,none,1,5,1,1,1,1,1
disgust_10499,"The image evokes disgust due to the presence of a large, brightly colored cockroach on a leaf.",1,2,none,1,5,1,1,1,1,1
disgust_01122,"The image evokes a strong sense of disgust due to the extensive amount of litter and debris, which is visually unappealing and disturbing.",1,5,people_present,2,5,1,1,1,1,1
disgust_04183,The image evokes a sense of curiosity and wonder due to the millipede's unique appearance and the vibrant green moss.,6,3,none,1,2,4,3,4,2,4
disgust_03068,The image evokes disgust due to the spilled drink and the resulting mess.,1,2,none,1,5,1,1,1,1,1
disgust_10313,"The image depicts a petri dish with bacterial colonies, which can evoke a sense of scientific curiosity and slight discomfort due to the nature of bacteria.",2,3,none,1,3,2,1,1,2,1
disgust_10996,"The image evokes a sense of awe due to the striking contrast between the vibrant orange bark and the stark white interior, suggesting a natural wonder.",6,4,none,1,1,5,1,2,3,4
disgust_00960,The image evokes a sense of awe due to the intricate spider web and the detailed view of the spider.,6,4,none,2,1,4,1,3,3,5
disgust_00301,"The image evokes a sense of melancholy due to the rusted pipe and overgrown vegetation, suggesting abandonment and decay.",2,2,none,1,3,1,1,1,1,2
disgust_09026,The image evokes a sense of awe due to the intricate details of the caterpillar and its natural setting.,6,4,none,1,2,4,1,3,3,4
disgust_08656,The image evokes a sense of contentment due to the relaxed setting and the act of smoking.,4,2,none,1,2,1,1,3,1,2
disgust_07938,The image evokes a sense of sadness due to the overflowing trash bin and the neglected appearance of the area.,2,2,none,1,3,1,1,1,1,1
disgust_08587,The image evokes a sense of disgust due to the visual repulsiveness of the discarded shoes.,1,2,none,1,5,1,1,1,1,1
disgust_08029,The image evokes a sense of sadness due to the person lying on the ground in what appears to be a state of distress or exhaustion.,2,2,people_present,1,1,1,1,1,1,1
disgust_02024,The image evokes disgust due to the large amount of discarded plastic waste.,1,2,none,1,5,1,1,1,1,1
disgust_06276,"The image evokes disgust due to the presence of dark spots on the banana peel, which can be associated with spoilage.",1,2,none,1,5,1,1,1,1,1
disgust_08201,The image evokes disgust due to the decayed pumpkin and the visible mold inside.,1,2,none,1,5,1,1,1,1,1
disgust_10802,The image evokes fear due to the snake's intense gaze and the potential threat it represents.,1,5,none,5,2,1,1,1,1,1
disgust_10755,"The image evokes a sense of neglect and abandonment, which can be associated with sadness.",2,2,none,1,3,1,1,1,1,1
disgust_08784,"The image evokes a sense of awe due to the intricate patterns and textures of the moth, which are visually striking and unexpected.",6,4,none,1,1,5,2,3,2,5
disgust_10903,"The image evokes disgust due to the presence of a large amount of trash and debris, which is visually unappealing and repulsive.",1,2,none,1,5,1,1,1,1,1
disgust_08426,The image evokes a sense of contentment due to the peaceful setting and the organized display of goods.,6,2,none,1,1,1,1,3,2,3
disgust_00709,The fluffy caterpillar evokes a sense of curiosity and wonder due to its unique appearance.,6,3,none,1,1,4,2,3,2,3
disgust_00721,The image evokes a sense of disgust due to the presence of ashtray contents and partially smoked cigarettes.,1,2,none,1,5,1,1,1,1,1
disgust_06615,"The image evokes disgust due to the overflowing trash can and scattered litter, indicating neglect and uncleanliness.",1,2,none,1,5,1,1,1,1,1
disgust_09638,The image evokes a sense of disgust due to the presence of trash and debris.,1,2,none,1,5,1,1,1,1,1
disgust_10644,The image evokes a sense of disgust due to the large pile of garbage and waste.,1,2,none,1,5,1,1,1,1,1
disgust_01643,"The image evokes disgust due to the presence of what appears to be food debris and potential blood, suggesting a scene of contamination or injury.",1,2,none,3,5,1,1,1,1,1
disgust_10606,The image evokes disgust due to the large pile of garbage and the unclean environment.,1,2,people_present,1,5,1,1,1,1,1
disgust_01719,"The image evokes a sense of sadness due to the cluttered and neglected state of the area, suggesting abandonment and loss.",1,2,none,1,3,1,1,1,1,1
disgust_05051,The image evokes a sense of disgust due to the presence of litter and debris in a natural setting.,1,2,none,1,5,1,1,1,1,1
disgust_10098,The image evokes a sense of disgust due to the overflowing trash can and scattered garbage.,1,2,none,1,5,1,1,1,1,1
disgust_08495,The vibrant colors and dynamic positioning of the insects evoke a sense of wonder and playfulness.,6,4,none,1,1,4,4,2,3,4
disgust_07003,The image evokes a sense of awe due to the intricate and complex structure of the spider web.,6,4,none,2,2,4,1,3,2,4
disgust_10715,"The image evokes disgust due to the overwhelming amount of trash and graffiti, creating a sense of unease and repulsion.",1,5,none,2,5,1,1,1,3,1
disgust_00175,"The image evokes a sense of contentment due to the soft, warm colors and the peaceful setting.",6,2,none,1,1,2,2,5,1,4
disgust_10232,The image evokes fear due to the spider's menacing appearance and the potential threat it poses.,1,5,none,5,5,1,1,1,2,1
disgust_07786,The image evokes a sense of disgust due to the scattered trash and litter on the ground.,1,2,none,1,5,1,1,1,1,1
disgust_02908,The image evokes a sense of sadness due to the discarded photograph and the overall melancholic atmosphere.,2,2,none,1,1,1,1,1,1,1
disgust_00351,"The image evokes disgust due to the large amount of trash and waste, which is visually unappealing and repulsive.",1,2,none,1,5,1,1,1,1,1
disgust_08338,The image evokes a sense of curiosity and slight unease due to the spider's presence.,3,3,none,2,2,2,1,1,2,3
disgust_09671,The image evokes disgust due to the decayed appearance of the grapes.,1,2,none,1,5,1,1,1,1,1
disgust_04265,"The image evokes disgust due to the presence of cigarette butts, which are visually unappealing and associated with pollution.",1,2,none,1,5,1,1,1,1,1
disgust_06162,The image evokes a sense of contentment due to the serene and natural setting.,6,2,none,1,1,2,2,4,2,5
disgust_05463,"The image evokes a sense of disgust due to the presence of trash in a natural setting, which disrupts the harmony of nature.",1,2,none,1,5,1,1,1,1,1
fear_10909,The image evokes disgust due to the realistic portrayal of blood and injuries.,1,5,prominent_faces,5,5,1,1,1,5,1
fear_01590,"The image evokes disgust due to the unsettling combination of a red-skinned figure wearing a military uniform, suggesting a disturbing or repulsive scenario.",1,5,none,5,5,1,1,1,1,1
fear_01366,"The image evokes a sense of fear due to the dark, stormy background and the blood-like substance near the person's mouth.",1,5,prominent_faces,5,5,1,1,1,5,2
fear_10767,"The image evokes sadness due to the somber memorial setup with flowers, candles, and a Norwegian flag, indicating a tragic event.",1,2,none,1,1,1,1,1,1,1
fear_01594,"The image evokes a sense of fear due to the dark, confined space and the presence of a barred window suggesting confinement.",1,5,none,5,1,1,1,1,1,1
fear_12137,"The image evokes a sense of disgust due to the exaggerated makeup and costume, which are typically associated with horror or Halloween themes.",1,5,prominent_faces,5,5,1,1,1,2,1
fear_08803,The image evokes fear due to the menacing pumpkin face with glowing eyes and mouth.,1,5,none,5,2,1,1,1,5,1
fear_06152,The image evokes a sense of disgust due to the decayed and worn appearance of the stuffed toy.,1,2,none,1,5,1,1,1,1,1
fear_14163,"The image evokes a strong sense of fear due to the presence of what appears to be a decomposed body, suggesting a disturbing and threatening scenario.",1,5,none,5,5,1,1,1,1,1
fear_13266,The image evokes excitement due to the detailed cosplay and the action pose.,6,5,none,2,1,4,3,1,5,4
fear_14408,"The person appears to be in a state of intense excitement, possibly due to performing or engaging in a high-energy activity.",6,5,prominent_faces,1,1,2,1,1,5,2
fear_09499,The image evokes disgust due to the visual depiction of what appears to be a person covered in a substance that looks repulsive.,1,3,prominent_faces,2,5,1,1,1,2,1
fear_11448,The image evokes a sense of disgust due to the grotesque and unsettling appearance of the mask-like object.,1,3,none,2,5,1,1,1,1,1
fear_13966,"The image evokes a strong sense of fear due to its dark, abandoned, and eerie atmosphere.",1,5,none,5,2,1,1,1,1,1
fear_08325,The image evokes a sense of awe due to the intricate stone carving and the grandeur of the architectural detail.,6,4,none,2,1,4,1,2,3,4
fear_12107,The image evokes a sense of sadness due to the person's posture and the overall somber tone.,2,2,people_present,1,1,1,1,1,1,2
fear_04059,The image evokes a sense of fear due to the zombie-like appearance and the bloodied makeup.,1,5,prominent_faces,5,5,1,1,1,5,1
fear_09353,"The image evokes a sense of fear due to the eerie and unsettling appearance of the figures, particularly the central figure with exaggerated facial features.",1,5,prominent_faces,5,5,2,1,1,3,2
fear_07793,"The image evokes a sense of fear due to the dark, abandoned barn under a stormy sky.",1,5,none,5,1,1,1,1,1,1
fear_07239,The image evokes disgust due to the grotesque and unsettling nature of the mask.,1,5,prominent_faces,5,5,1,1,1,5,1
fear_07687,"The image evokes amusement due to the juxtaposition of a skull wearing sunglasses, creating a humorous and unexpected visual.",3,3,none,1,1,3,5,1,2,3
fear_11212,The image evokes fear due to the intense and disturbing visual elements such as blood and the person's distressed expression.,1,5,prominent_faces,5,5,1,1,1,5,1
fear_09863,"The image depicts a smiling face with exaggerated features, suggesting amusement.",7,3,none,1,1,2,5,3,3,2
fear_01511,"The image evokes fear due to the grotesque makeup and expressions, suggesting a horror theme.",1,5,prominent_faces,5,5,1,1,1,5,1
fear_11674,"The image evokes a sense of awe due to the large, detailed robot figure and its imposing presence.",6,4,none,2,1,4,1,1,3,3
fear_07019,The image evokes disgust due to the realistic and unsettling portrayal of blood and injuries.,1,5,prominent_faces,5,5,1,1,1,2,1
fear_05825,"The image evokes a sense of fear due to the dark, narrow staircase and the ominous red lighting.",1,5,none,5,1,1,1,1,2,1
fear_06221,"The image evokes fear due to the presence of a person lying on the ground with bloodstains and another person standing over them, suggesting a violent or threatening situation.",1,5,prominent_faces,5,5,1,1,1,5,1
fear_12572,The cat's relaxed posture and soft gaze suggest contentment and calmness.,6,2,none,1,1,1,1,5,1,5
fear_08219,The image evokes fear due to the mummified appearance and the unsettling nature of the figure.,1,5,none,5,5,1,1,1,1,1
fear_12102,The image evokes a sense of curiosity and wonder due to the striking appearance of the spider against the green leaf.,6,4,none,2,1,4,3,3,2,4
fear_13182,The character's exaggerated facial expression and vibrant background suggest a playful and humorous tone.,6,4,none,1,1,2,5,1,3,3
fear_02515,"The image evokes a sense of awe due to the large, textured face and the dark, mysterious atmosphere.",4,4,none,2,3,4,1,1,3,3
fear_05503,The figure's posture and expression suggest a sense of contentment and relaxation.,6,2,none,1,1,1,1,3,1,3
fear_09365,"The image depicts a tattoo artist at work, focusing on a detailed and realistic tattoo design, evoking a sense of skill and craftsmanship.",4,4,people_present,2,2,3,1,2,3,4
fear_02514,The image evokes a sense of awe due to its macabre and historically significant setting.,2,4,none,3,5,5,1,1,2,2
fear_12126,The image evokes a sense of fear due to the eerie red lighting and the exaggerated facial expression.,1,5,prominent_faces,5,1,1,1,1,5,1
fear_05239,The image evokes disgust due to the grotesque and repulsive appearance of the creature.,1,5,none,5,5,1,1,1,1,1
fear_06618,The image evokes a sense of awe due to the striking reflection and the serene water surface.,6,4,none,1,1,5,2,3,2,5
fear_04353,"The mask evokes a sense of mystery and intrigue due to its aged appearance and the dark background, suggesting a feeling of awe.",4,3,none,1,1,2,1,1,2,3
fear_08791,The spider's intricate web and the detailed texture evoke a sense of awe and wonder at nature's complexity.,6,4,none,2,1,4,1,3,3,5
fear_13848,The person's posture and the mask suggest a playful and lighthearted mood.,4,2,prominent_faces,1,1,2,4,3,2,3
fear_14288,"The image depicts characters from animated movies, suggesting a playful and lighthearted atmosphere.",6,4,prominent_faces,1,1,3,5,2,4,3
fear_10752,The image evokes a sense of disgust due to the grotesque and unsettling nature of the Frankenstein monster's interaction with the silver figure.,1,5,prominent_faces,5,5,1,1,1,2,1
fear_11497,"The image evokes fear due to the distressed appearance and the presence of blood, suggesting a threatening or dangerous situation.",1,5,prominent_faces,5,5,1,1,1,5,1
fear_01861,"The image evokes a sense of awe due to the detailed and intricate features of the insect, highlighting its natural beauty.",6,4,none,1,1,5,2,3,3,5
fear_04136,The image evokes a sense of awe due to the grandeur of the tree and the serene atmosphere.,6,4,none,1,1,3,1,4,2,5
fear_09839,"The image evokes a sense of melancholy due to the gothic attire, autumn setting, and the doll's expression.",2,3,none,1,1,1,1,1,1,3
fear_11391,The image evokes a sense of sadness due to the somber lighting and the person's posture.,2,2,prominent_faces,1,1,1,1,1,1,1
fear_04777,The image evokes a sense of awe due to the vastness and depth of the escalator leading into the tunnel.,6,4,none,1,1,5,1,2,3,3
fear_11093,"The image evokes fear due to the dark, eerie costume and the ominous setting.",1,5,none,5,1,1,1,1,2,1
fear_12269,"The image evokes fear due to the presence of a large, hanging bat-like figure in a dark setting, which is typically associated with horror themes.",1,5,none,5,5,1,1,1,2,1
fear_01742,"The image evokes fear due to the eerie and unsettling appearance of the characters, particularly the one with the animal mask.",1,5,prominent_faces,5,3,2,1,1,3,2
fear_05600,"The image evokes a sense of excitement due to the vibrant costume and exaggerated pose, suggesting a lively and entertaining event.",6,5,prominent_faces,1,2,3,5,1,5,3
fear_10989,The image evokes a sense of melancholy and nostalgia due to the weathered window and the overgrown interior.,2,2,none,1,1,1,1,1,1,1
fear_10233,"The image evokes a sense of playfulness due to the graffiti and skull-and-crossbones symbol, suggesting a lighthearted and humorous atmosphere.",4,3,none,2,1,3,5,1,3,3
fear_01592,The image evokes a sense of sadness due to its desolate and abandoned appearance.,1,2,none,1,1,1,1,1,1,1
fear_08652,The image evokes a sense of awe due to the intricate and visually striking arrangement of skulls with glowing eyes.,6,5,people_present,2,4,5,1,1,4,4
fear_01369,"The image evokes a sense of mystery and ethereal beauty, suggesting a feeling of awe.",6,4,prominent_faces,1,1,5,2,3,3,5
fear_07520,The image evokes amusement due to the exaggerated and humorous appearance of the characters.,6,4,prominent_faces,1,2,3,5,1,3,2
fear_12036,The image evokes a sense of playfulness due to the skeleton LEGO figure and the vibrant contrast against the dark background.,4,3,none,2,1,3,5,1,3,4
fear_04401,The image evokes fear due to the grotesque and menacing appearance of the creature.,1,5,none,5,5,1,1,1,5,1
fear_09952,"The image evokes fear due to the skull imagery and the dark, ominous color palette.",1,5,none,5,5,1,1,1,5,2
fear_06287,The image evokes a sense of calm and curiosity due to the large moth resting on grass.,4,2,none,1,1,3,1,3,1,3
fear_03828,"The cats appear relaxed and curious, suggesting a calm and content mood.",6,2,none,1,1,1,1,5,1,4
fear_07519,The image evokes a sense of awe due to the intricate spider web and the spider's focused activity.,6,4,none,2,1,4,1,2,3,5
fear_13085,The image evokes disgust due to the grotesque and unsettling depiction of alien-like creatures.,1,5,none,5,5,1,1,1,5,1
fear_10690,The image evokes amusement due to the humorous and unexpected nature of a washing machine dressed as a person.,6,4,none,1,1,5,5,2,3,3
fear_03076,The image evokes a sense of excitement due to the dynamic interaction and exaggerated expressions.,6,5,prominent_faces,2,3,4,4,1,5,3
fear_00046,"The image evokes a sense of fear due to the dramatic makeup and costume, suggesting a horror or thriller theme.",1,5,prominent_faces,5,5,1,1,1,5,1
fear_00487,The image evokes a sense of awe due to the grandeur and scale of the natural rock formations.,6,4,none,1,1,5,1,2,3,5
fear_07753,"The image evokes amusement due to the playful skeleton costumes and the casual, lighthearted pose.",6,3,people_present,1,1,2,5,2,3,3
fear_06860,The image evokes a sense of amusement due to the exaggerated zombie-like appearance and playful poses.,2,4,prominent_faces,1,3,2,5,1,4,2
fear_00177,The painting of the eye conveys a sense of intense focus and possibly fear or unease.,2,4,none,3,1,2,1,1,3,2
fear_01666,"The image evokes fear due to the dark, eerie setting and the unsettling presence of the figure.",1,5,prominent_faces,5,1,1,1,1,1,1
fear_06364,The image evokes fear due to the eerie and unsettling appearance of the Frankenstein's monster figure.,1,5,none,5,5,1,1,1,1,1
fear_10153,The image evokes a sense of disgust due to the close-up view of what appears to be a decayed or diseased tissue.,1,2,none,3,5,1,1,1,1,1
fear_09911,"The image evokes fear due to the skull with lightning bolts and the title 'Chilling Classics', suggesting horror and suspense.",1,5,none,5,2,1,1,1,5,2
fear_06568,The image evokes disgust due to its grotesque and unsettling depiction of organic forms.,1,5,none,5,5,1,1,1,2,1
fear_09609,The image evokes a sense of disgust due to the blood-like substance on the individuals' clothing.,1,3,prominent_faces,2,5,1,1,1,2,1
fear_03021,The image evokes a sense of disgust due to the unsettling combination of a person holding a knife near a baby's head.,1,5,prominent_faces,5,5,1,1,1,5,1
fear_12338,The image evokes a sense of awe due to the striking contrast between the owl and the star against the clear blue sky.,6,4,none,1,1,5,2,3,3,5
fear_00385,"The image evokes a sense of fear due to the skeletal appearance and the dark, unsettling atmosphere.",1,5,prominent_faces,5,5,1,1,1,5,1
fear_10924,The image evokes a sense of disgust due to the worn and dirty appearance of the staircase.,1,2,none,1,5,1,1,1,1,1
fear_11665,The image evokes a sense of curiosity and slight unease due to the mysterious stone face amidst natural elements.,3,3,none,2,1,3,1,2,2,3
fear_07788,"The red lighting and dark environment evoke a sense of unease and mystery, suggesting fear.",1,5,none,3,1,1,1,1,2,1
fear_04714,The image evokes a sense of fear due to the eerie blue glow and the unsettling texture resembling a ghostly figure.,1,5,none,5,3,2,1,1,3,1
fear_13913,"The image evokes fear due to the vampire-like figure and its shadow, creating a sense of unease.",1,5,none,5,5,1,1,1,5,1
fear_04087,"The image evokes a sense of fear due to its dark, desolate, and abandoned appearance.",1,5,none,5,1,1,1,1,1,1
fear_11567,The image evokes a sense of fear due to the iconic characters and their expressions.,1,5,prominent_faces,5,2,3,1,1,3,3
fear_06975,The image evokes a sense of fear due to the exaggerated clown makeup and pose.,1,5,prominent_faces,5,5,1,1,1,5,1
fear_08819,The image evokes a sense of awe due to the balance and harmony between the rocks against the dynamic backdrop of the ocean.,6,4,none,1,1,5,2,3,3,5
fear_14872,The image conveys a sense of fear due to the intense expressions and body language.,1,5,prominent_faces,5,1,1,1,1,5,1
fear_02385,The image evokes fear due to the distressed appearance and the presence of blood and bandages.,1,5,prominent_faces,5,5,1,1,1,5,1
fear_12859,The image evokes a sense of awe due to its artistic rendering and the serene natural setting.,6,4,none,1,1,4,2,3,3,5
fear_10477,"The image evokes awe due to the grandeur and scale of the dinosaur skull, which is typically associated with prehistoric creatures.",6,5,none,2,1,5,1,1,3,4
fear_06064,The image evokes a sense of awe due to the mysterious figures and the glowing lights creating an ethereal atmosphere.,6,4,prominent_faces,2,1,4,2,3,3,4
fear_13649,"The image evokes awe due to the close-up, detailed view of the spider's face, highlighting its intricate features and the sense of being in the presence of nature.",6,5,none,2,1,5,1,2,4,5
fear_13451,The image evokes a sense of amusement due to the exaggerated expressions and the playful interaction between the two figures.,6,4,none,1,1,2,5,1,3,2
fear_05044,"The image evokes a sense of awe due to the unexpected and visually striking contrast between the scissors and the light, suggesting a magical or extraordinary moment.",6,5,none,1,1,5,2,1,4,4
fear_06746,"The image evokes a sense of awe due to the large, whimsical sculpture in a natural setting.",6,4,none,1,1,5,4,2,3,4
fear_13252,The image evokes fear due to the grotesque and disturbing appearance of the character.,1,5,people_present,5,5,1,1,1,2,1
fear_03866,"The image evokes a sense of awe due to its intricate and unusual design, blending human and skeletal elements.",4,4,none,2,3,5,1,1,3,4
fear_04033,"The image evokes a sense of disgust due to the presence of a dead insect, which is typically associated with unpleasantness.",1,2,none,1,5,1,1,1,1,1
fear_14986,"The image evokes fear due to the spider's presence, which is often associated with danger.",1,5,none,5,5,1,1,1,2,1
fear_12081,The image evokes a sense of curiosity and slight unease due to the unexpected interaction between the butterfly and the wasp.,3,3,none,2,2,3,2,3,3,3
fear_08907,"The image evokes a sense of awe due to the detailed miniature tank setup amidst a rugged terrain, suggesting a grand scale and imaginative play.",6,4,none,2,1,5,3,1,3,4
fear_12224,The image evokes fear due to the zombie-like appearance and the bloodstains.,1,5,prominent_faces,5,5,1,1,1,2,1
fear_10916,"The image evokes fear due to the grotesque and unsettling appearance of the Frankenstein monster and the dark, ominous setting.",1,5,prominent_faces,5,5,1,1,1,2,1
fear_02925,"The person's exaggerated facial expression and costume suggest a strong emotional response, likely fear or disgust.",2,5,prominent_faces,3,4,1,1,1,5,1
fear_07400,The image evokes a sense of sadness due to the dilapidated state of the room and the absence of life.,1,2,none,1,3,1,1,1,1,1
fear_09271,The image evokes fear due to the unsettling appearance of the characters and the context suggesting a horror theme.,1,5,prominent_faces,5,5,1,1,1,5,1
fear_14095,The image evokes a sense of fear due to the dim lighting and isolated setting.,1,5,none,5,1,1,1,1,1,1
fear_03129,"The image evokes a sense of amusement due to the exaggerated makeup and costume, suggesting a playful and humorous intent.",6,4,prominent_faces,1,2,3,5,1,3,2
fear_09324,The image evokes fear due to the presence of a skeleton figure threatening people in a domestic setting.,1,5,prominent_faces,5,5,1,1,1,5,2
fear_05383,The image evokes a sense of amusement due to the playful and exaggerated zombie costume and chainsaw prop.,3,3,prominent_faces,2,3,2,5,1,3,2
fear_12588,"The image evokes a sense of unease due to the dark, shadowy foreground and the stark contrast between the building and the sky.",2,3,none,3,1,1,1,1,2,2
fear_10607,The image evokes a sense of awe due to the alien-like appearance and the unusual facial features.,4,3,none,2,3,5,1,1,2,2
fear_14753,"The image evokes excitement due to the vibrant costumes and dynamic poses, suggesting a lively performance.",6,5,prominent_faces,1,1,5,5,2,5,4
fear_00011,"The image evokes fear due to the distressed appearance and the presence of blood, suggesting a threatening situation.",1,5,prominent_faces,5,5,1,1,1,5,1
fear_08987,"The image evokes a sense of sadness due to the discarded doll head, suggesting abandonment and loss.",1,2,none,1,3,1,1,1,1,1
fear_03711,The image evokes a sense of awe due to the intricate spider web and the spider's presence in nature.,6,4,none,2,1,4,1,3,2,5
fear_05565,"The image evokes a sense of fear due to its dark, narrow corridor and the eerie lighting.",1,5,none,5,1,1,1,1,1,1
fear_08203,"The image evokes a sense of fear due to the clown's exaggerated makeup and costume, combined with the eerie setting.",1,5,prominent_faces,5,5,1,1,1,5,1
fear_01980,"The image evokes amusement due to the whimsical and slightly eerie appearance of the figure, set against a serene winter backdrop.",4,3,none,1,2,3,4,2,2,3
fear_07549,"The image evokes a sense of awe due to the large, blue figure seemingly floating against the wall, creating a striking and unexpected visual effect.",6,5,none,1,1,5,2,1,5,5
fear_07845,The image evokes amusement due to the whimsical and exaggerated design of the dragon-like vehicle.,6,4,prominent_faces,1,2,5,5,1,3,4
fear_11826,"The shadow suggests a person in motion, possibly dancing or playing, evoking a sense of playfulness and energy.",5,4,none,1,1,2,4,3,4,2
fear_06003,"The image evokes sadness due to the memorial setup with flowers, candles, and a doll-like figure, indicating a somber and reflective mood.",2,3,none,1,1,1,1,2,1,2
fear_07593,The image evokes a sense of disgust due to the unsettling appearance of the masks.,1,2,none,3,5,1,1,1,1,1
fear_08552,"The image evokes a strong sense of fear due to the visible blood and the syringe, suggesting a medical emergency or injury.",1,5,people_present,5,5,1,1,1,5,1
fear_05750,"The image evokes disgust due to the rusted, decayed appearance and the presence of what looks like a corroded bolt.",1,2,none,3,5,1,1,1,1,1
fear_00295,The vibrant colors and exaggerated features evoke a sense of playfulness and amusement.,6,4,none,1,1,2,5,1,3,4
fear_04007,"The image evokes a sense of fear due to the cracked, cracked texture resembling a skull and the intense, dark lighting.",1,5,prominent_faces,5,5,1,1,1,5,1
fear_06128,The vibrant purple hue and the unusual appearance of the crab evoke a sense of awe and curiosity.,6,4,none,1,2,5,3,1,3,3
fear_12826,"The image evokes a sense of awe due to the juxtaposition of the taxidermy raccoon and the human figure, creating a surreal and unexpected scene.",4,4,prominent_faces,2,2,5,2,1,3,3
fear_01073,The image evokes fear due to the doll's eerie and unsettling appearance.,1,5,none,5,5,1,1,1,1,1
fear_06054,"The image evokes a sense of awe due to its macabre and historical nature, showcasing human remains in a catacomb setting.",2,4,none,3,5,4,1,1,2,2
fear_04218,"The person's dramatic makeup and intense gaze suggest a performance or role-playing scenario, evoking a sense of playfulness and amusement.",6,4,prominent_faces,2,1,3,5,2,3,3
fear_08532,The image evokes a sense of playfulness due to the person's inverted position and the humorous context.,6,4,prominent_faces,1,1,3,5,2,3,3
fear_13056,"The image evokes a sense of fear due to the zombie-like makeup and the intense, unsettling expression.",1,5,prominent_faces,5,5,1,1,1,5,1
fear_12922,"The image evokes a sense of awe due to the ethereal and mysterious nature of the smoke, which appears almost otherworldly.",6,4,none,1,1,5,2,1,3,5
fear_10466,The image conveys a sense of excitement and playfulness due to the vibrant costumes and dynamic poses.,6,5,prominent_faces,2,1,4,5,1,5,4
fear_12179,The image evokes a sense of awe due to the vastness and the mysterious atmosphere created by the dark sky and the bridge structure.,4,4,none,2,1,3,1,1,3,4
fear_14831,"The image evokes fear due to the dark setting, bloodied face, and the presence of what appears to be a threatening figure.",1,5,prominent_faces,5,5,1,1,1,5,1
fear_13435,The image evokes a sense of fear due to the large plume of smoke and the presence of emergency vehicles.,1,5,none,5,2,1,1,1,5,1
fear_08127,"The image evokes a sense of fear due to the dark, enclosed tunnel and graffiti-covered walls.",1,5,none,5,1,1,1,1,2,1
fear_03057,The image evokes a sense of amusement due to the exaggerated and humorous display of a shark in a guillotine-like setup.,6,4,people_present,2,1,4,5,1,3,3
fear_03217,The image evokes a sense of disgust due to the bird's appearance and the context of being in captivity.,1,2,none,1,5,1,1,1,1,1
fear_13299,"The image evokes a sense of playfulness and novelty due to the vibrant green makeup and the doll-like figure, suggesting a lighthearted and imaginative mood.",6,4,prominent_faces,1,2,5,5,1,3,3
fear_06805,"The image evokes a sense of fear due to the gas mask and dark, ominous background.",1,5,none,5,2,1,1,1,3,1
fear_00461,The image evokes a sense of playfulness due to the person wearing a skull mask.,4,3,prominent_faces,1,2,3,5,2,3,3
fear_11296,The image evokes amusement due to the variety of animal masks and the playful nature of the scene.,6,4,none,1,1,3,5,2,3,3
fear_11271,The image evokes disgust due to the grotesque and disturbing makeup design.,1,5,prominent_faces,5,5,1,1,1,1,1
fear_08398,The image evokes a strong sense of awe due to the vast destruction and the scale of the event.,1,5,none,5,5,5,1,1,5,1
fear_00077,"The image depicts a medical X-ray, which is typically associated with concern or worry, evoking a sense of sadness.",1,2,none,3,1,1,1,1,1,1
fear_10994,The image evokes a sense of amusement due to the staged zombie-like appearance and playful expressions.,2,3,prominent_faces,1,3,2,5,1,3,1
fear_09546,The image evokes a sense of fear due to the dilapidated structure and overgrown vegetation.,1,5,none,5,3,1,1,1,1,1
fear_07264,The image evokes a sense of awe due to the unexpected and dramatic interaction between the shark and the fish.,6,5,none,2,3,5,1,1,5,3
fear_02984,The image evokes a sense of disgust due to the close-up view of ants attacking another insect.,1,5,none,5,5,1,1,1,5,1
fear_08024,The tattoo's vibrant colors and intricate design evoke a sense of awe and appreciation for artistry.,6,4,none,1,1,5,2,3,3,5
fear_03094,The image evokes fear due to the menacing clown costume and the aggressive posture of the person holding it.,1,5,prominent_faces,5,5,1,1,1,5,1
fear_00724,"The image evokes a sense of fear due to the dark, ominous skull pattern.",1,5,none,5,2,1,1,1,3,2
fear_06970,The image evokes a sense of disgust due to the realistic zombie makeup and the unsettling nature of the costume.,1,5,people_present,3,5,2,1,1,3,1
fear_06174,The image evokes fear due to the zombie-like figure and its unsettling appearance.,1,5,none,5,5,1,1,1,5,1
fear_11701,The image evokes a sense of sadness due to the somber and weathered appearance of the face.,1,2,prominent_faces,1,3,1,1,1,1,2
fear_09130,"The person appears to be hiding and looking out from behind corn stalks, suggesting a playful or mischievous mood.",4,3,prominent_faces,1,1,2,4,2,2,3
fear_13506,"The image evokes a sense of disgust due to the presence of what appears to be a weapon wrapped in black material, possibly indicating a threat or danger.",1,5,none,5,5,1,1,1,2,1
fear_00529,The gargoyle statue evokes a sense of awe due to its detailed craftsmanship and imposing presence.,6,4,none,2,1,3,1,1,2,4
fear_11510,"The image evokes fear due to the dark, ominous setting, the bloodied face, and the menacing pumpkin.",1,5,prominent_faces,5,5,1,1,1,5,1
fear_11029,"The image evokes disgust due to the grotesque makeup and chains, indicating a strong negative emotional response.",1,5,prominent_faces,5,5,1,1,1,2,1
fear_03423,The cracked porcelain face evokes a sense of unease and horror due to its unsettling appearance.,1,5,none,5,5,1,1,1,1,1
fear_14581,"The image evokes sadness due to the dead bird lying on the ground, which is a somber and melancholic scene.",1,2,none,1,3,1,1,1,1,1
fear_08271,The image evokes fear due to the menacing shark mouths and the ominous text suggesting overcoming fears.,1,5,none,5,3,2,1,1,3,2
fear_13804,"The image evokes fear due to the large, open mouth of a shark, suggesting potential danger.",1,5,none,5,5,1,1,1,5,1
fear_10554,"The image evokes fear due to its dark, eerie, and unsettling composition with a skull and hands emerging from a tree.",1,5,none,5,5,1,1,1,2,1
fear_00943,The image evokes a sense of amusement due to the absurdity and unexpectedness of the setup.,2,3,prominent_faces,1,1,5,5,1,3,1
fear_09394,"The image evokes a sense of awe due to the artistic and symbolic nature of the hand sculpture, which appears to be adorned with religious imagery.",6,4,none,1,1,3,2,3,2,4
fear_07626,The image evokes a sense of disgust due to the grotesque and unsettling appearance of the figure.,1,5,prominent_faces,5,5,1,1,1,1,1
fear_13275,"The image evokes a sense of fear due to its dark, empty, and eerie atmosphere.",1,5,none,5,1,1,1,1,1,1
fear_11335,The person's exaggerated expression and the presence of a horror-themed costume suggest a playful and humorous intent.,6,4,prominent_faces,2,3,3,5,1,4,2
fear_12027,"The child appears amused by the presence of the goblin-like figure, indicating a playful and lighthearted emotion.",6,3,people_present,2,3,3,5,2,3,2
fear_13560,"The image evokes a sense of awe due to the vibrant, abstract patterns and the silhouette creating a mysterious, almost otherworldly atmosphere.",6,4,none,1,1,5,2,1,3,5
fear_05900,The image evokes fear due to the presence of blood and the distressed posture of the individuals.,1,5,prominent_faces,5,5,1,1,1,5,1
fear_06173,The image evokes amusement due to the unexpected and humorous juxtaposition of Frankenstein's monster in a sarcophagus with a Pharaoh figure adorned with Christmas lights.,2,4,none,1,1,5,5,1,3,2
fear_01515,"The image evokes a sense of awe due to the mysterious and ancient stone corridor, suggesting a historical or mystical setting.",4,3,none,2,1,4,1,1,2,4
fear_00178,"The image evokes a sense of fear due to the costume and setting, suggesting a horror theme.",1,5,prominent_faces,5,5,1,1,1,5,1
fear_04459,"The image evokes fear due to the exaggerated expression and dark, unsettling atmosphere.",1,5,prominent_faces,5,5,1,1,1,5,1
fear_09423,The image evokes a sense of playfulness due to the exaggerated facial features of the doll.,4,2,none,1,1,1,5,1,1,1
fear_00786,"The image evokes a sense of awe due to the detailed and intricate nature of the costume being worked on, suggesting a high level of craftsmanship and creativity.",6,4,prominent_faces,2,3,5,2,1,3,3
fear_01201,The image evokes a strong sense of disgust due to the grotesque and unsettling appearance of the figure.,1,5,prominent_faces,5,5,1,1,1,2,1
fear_00662,The image evokes a sense of awe due to the detailed and intricate nature of the spider's anatomy and its interaction with the environment.,6,4,none,2,2,4,1,2,3,4
fear_11754,"The image evokes fear due to the presence of a person with bloodied hands and a distressed expression, suggesting a threatening or dangerous situation.",1,5,prominent_faces,5,5,1,1,1,5,1
fear_12191,"The image depicts a group of people dressed in zombie costumes, suggesting a playful and humorous event, likely a Halloween or horror-themed gathering.",4,4,prominent_faces,1,2,3,5,1,4,3
fear_09826,The image evokes a sense of fear due to the grotesque masks and dark attire.,1,5,prominent_faces,5,5,1,1,1,5,1
fear_10384,"The person holding the mask appears to be playfully posing, suggesting amusement.",6,3,people_present,1,1,2,5,3,2,3
fear_00548,The image evokes fear due to the unsettling clown makeup and costume.,1,5,prominent_faces,5,5,1,1,1,5,1
fear_08650,The image evokes a sense of fear due to the realistic taxidermy and the intense gaze of the mannequin.,1,5,prominent_faces,5,3,2,1,1,3,2
fear_12309,The cheetah's focused gaze and the vibrant green grass evoke a sense of alertness and natural beauty.,6,4,none,2,1,3,1,4,3,5
fear_00230,The image evokes fear due to the grotesque makeup and threatening hand gestures.,1,5,prominent_faces,5,5,1,1,1,5,1
sadness_02143,"The dog appears calm and attentive, suggesting contentment.",6,2,none,1,1,1,1,5,1,3
sadness_08722,"The person appears contemplative and somewhat melancholic, sitting alone in a quiet urban setting.",2,1,people_present,1,1,1,1,1,1,1
sadness_08691,The image evokes contentment due to the relaxed posture and gentle expression of the dog.,6,2,people_present,1,1,1,1,5,1,4
sadness_09739,"The image evokes a sense of abandonment and decay, suggesting a feeling of sadness.",2,2,none,1,1,1,1,1,1,1
sadness_03285,The image evokes a sense of sadness due to the person's posture and the overall somber atmosphere.,1,2,prominent_faces,1,1,1,1,1,1,1
sadness_11111,"The image evokes a sense of sadness due to the somber atmosphere, misty environment, and the presence of tombstones.",1,2,none,1,1,1,1,1,1,3
sadness_01589,"The person appears contemplative and somewhat melancholic, suggesting a subdued emotional state.",2,2,people_present,1,1,1,1,3,1,3
sadness_12567,The image evokes contentment due to the relaxed posture and gentle interaction between the calves.,6,2,none,1,1,1,3,5,1,5
sadness_07823,"The image conveys a sense of solemnity and shared purpose among the people, suggesting a strong emotional connection and collective experience.",4,3,prominent_faces,1,1,1,1,2,3,3
sadness_03533,The image evokes a sense of sadness due to the dilapidated state of the container and the surrounding debris.,2,2,none,1,2,1,1,1,1,1
sadness_02092,"The horse appears calm and content, with a relaxed posture and no signs of distress.",6,2,none,1,1,1,1,5,1,5
sadness_02717,The rusted ship evokes a sense of melancholy and nostalgia due to its decay and abandonment.,2,3,none,1,3,2,1,1,1,2
sadness_04406,The image evokes a sense of solemnity and respect due to the gravestones in a cemetery setting.,2,2,none,1,1,1,1,1,1,3
sadness_09576,"The image evokes a sense of fear due to the body language and setting, suggesting a threatening or dangerous situation.",1,5,prominent_faces,5,1,1,1,1,5,1
sadness_00957,"The image evokes a sense of fear due to the person's posture and the dark, confined space.",1,5,people_present,5,1,1,1,1,2,2
sadness_11627,The image evokes sadness due to the baby's crying expression and the adult's gentle but concerned demeanor.,2,3,prominent_faces,1,1,1,1,4,2,3
sadness_05530,The individual appears to be experiencing sadness due to the downward gaze and hand placement on the forehead.,2,2,prominent_faces,1,1,1,1,1,1,3
sadness_10261,The image evokes a sense of nostalgia and curiosity due to the aged appearance of the train and the overgrown vegetation.,4,2,none,1,1,2,1,2,1,2
sadness_10448,"The individual appears contemplative and slightly pensive, suggesting a subdued emotional state.",2,2,people_present,1,1,1,1,3,2,3
sadness_05857,The dog's expression and the setting evoke a sense of sadness due to the confined and somewhat melancholic atmosphere.,2,2,none,1,1,1,1,3,1,3
sadness_10963,"The image conveys a sense of calm focus and shared concentration, suggesting contentment.",4,2,prominent_faces,1,1,1,1,4,2,4
sadness_01786,"The child appears to be content and relaxed, with a slight smile and soft expression.",6,2,prominent_faces,1,1,1,3,5,1,4
sadness_07081,The image evokes a sense of solemnity and reflection due to the quiet cemetery setting.,2,2,none,1,1,1,1,2,1,3
sadness_11584,"The individual appears exhausted and emotionally drained, suggesting a strong sense of sadness.",2,1,prominent_faces,1,1,1,1,1,1,1
sadness_02334,The image evokes a sense of sadness due to the somber tone and the gravestone marker.,1,2,none,1,1,1,1,1,1,2
sadness_09642,"The image depicts people mourning at a memorial, indicating a strong sense of sadness.",1,2,prominent_faces,1,1,1,1,2,1,2
sadness_11844,"The person appears to be in a state of sadness or disappointment, as indicated by their posture and facial expression.",2,2,prominent_faces,1,1,1,1,2,1,3
sadness_09077,"The parrot appears to be in distress due to being caged, evoking a sense of sadness.",2,3,none,2,1,1,1,1,1,3
sadness_06608,"The individual appears to be in a state of calm contemplation, possibly reflecting on something pleasant.",6,2,people_present,1,1,1,1,4,1,3
sadness_04996,"The image conveys a sense of calm and contentment among the individuals present, suggesting a peaceful gathering.",4,2,prominent_faces,1,1,1,1,4,2,3
sadness_09936,"The image evokes a sense of solemnity and reflection, typical of a cemetery setting.",2,2,none,1,1,1,1,1,1,2
sadness_07796,The image conveys a sense of sadness due to the somber expression and muted lighting.,1,2,prominent_faces,1,1,1,1,1,1,3
sadness_09975,"The individual appears contemplative and relaxed, suggesting a calm and positive emotional state.",6,2,people_present,1,1,1,1,5,1,4
sadness_04759,The image evokes a sense of calm and introspection due to the serene setting and the person's contemplative pose.,4,2,people_present,1,1,1,1,3,1,4
sadness_09281,The statue conveys a sense of sadness due to its somber expression and the overall melancholic atmosphere.,2,2,none,1,1,1,1,1,1,3
sadness_00213,"The image depicts a solemn funeral scene with military personnel carrying a coffin, indicating a sense of respect and grief.",2,3,prominent_faces,1,1,1,1,2,2,2
sadness_10418,The image evokes a sense of sadness due to the somber nature of a gravestone with inscriptions of names and dates of death.,1,2,none,1,1,1,1,1,1,1
sadness_09277,The shattered glass and debris evoke a sense of destruction and chaos.,1,5,none,5,5,1,1,1,5,1
sadness_04941,The child's wide-open mouth and relaxed posture suggest contentment and comfort.,6,2,prominent_faces,1,1,1,1,5,1,3
sadness_03758,"The person appears to be in a state of deep contemplation or sadness, with a somber expression and a hand covering their face.",2,2,prominent_faces,1,1,1,1,2,1,3
sadness_03435,The image evokes a sense of sadness due to the somber statue and the autumnal setting.,2,2,none,1,1,1,1,2,1,3
sadness_12568,The image evokes fear due to the ominous message 'DON'T OPEN DEAD INSIDE' and the overall eerie atmosphere.,1,5,none,5,3,1,1,1,2,1
sadness_03691,The image evokes a sense of awe due to the presence of advanced technology and the mysterious nature of the setting.,6,4,none,2,1,5,1,1,3,3
sadness_06383,The person appears to be experiencing sadness due to their posture and facial expression.,1,2,people_present,1,1,1,1,1,1,1
sadness_05053,The image evokes sadness due to the person's posture and the overall somber atmosphere.,1,2,prominent_faces,1,1,1,1,1,1,1
sadness_11755,"The dog appears relaxed and comfortable, suggesting contentment.",6,2,none,1,1,1,1,5,1,3
sadness_03777,"The image conveys a sense of abandonment and neglect, evoking feelings of sadness.",2,1,none,1,1,1,1,1,1,1
sadness_07293,"The cat appears relaxed and comfortable, suggesting contentment.",6,2,none,1,1,1,1,5,1,4
sadness_01042,The image evokes a sense of solemnity and reverence due to the presence of a religious statue and gravestones.,4,2,none,1,1,1,1,2,1,3
sadness_10672,The image evokes a sense of solemnity and respect due to the rows of headstones in a cemetery.,2,2,none,1,1,1,1,1,1,3
sadness_10488,"The image evokes a sense of sadness due to the solitary figure sitting alone, surrounded by personal belongings, suggesting a state of homelessness.",1,2,people_present,1,1,1,1,1,1,1
sadness_06871,"The individual appears contemplative and somewhat pensive, suggesting a subdued emotional state.",2,2,people_present,1,1,1,1,1,1,2
sadness_05689,The image evokes a sense of awe due to the grandeur and historical significance of the ruins.,6,4,none,2,1,4,1,1,2,4
sadness_01363,"The image evokes a sense of sadness due to the memorial setup with flowers and personal items, indicating a loss.",2,3,none,1,1,1,1,2,2,3
sadness_10045,"The person appears to be in a state of deep contemplation or sorrow, as indicated by their posture and facial expression.",2,2,prominent_faces,1,1,1,1,2,1,3
sadness_08358,The dog's relaxed posture and calm expression suggest contentment.,6,2,none,1,1,1,1,5,1,3
sadness_04820,"The image evokes a sense of solemnity and reverence due to the aged stone structure and the gothic-style door, suggesting a place of memory and reflection.",2,2,none,1,1,1,1,1,1,3
sadness_04839,The image evokes a sense of solemnity and reverence due to the angelic figure and the gravestone setting.,4,2,none,1,1,1,1,2,1,4
sadness_10348,"The image evokes a sense of abandonment and decay, suggesting feelings of sadness and nostalgia.",2,3,none,1,3,1,1,1,1,1
sadness_06158,"The individual appears to be in a state of calm contemplation, with no strong emotional indicators.",4,2,people_present,1,1,1,1,3,2,3
sadness_01478,"The person appears to be experiencing sadness, indicated by their furrowed brow and overall somber expression.",2,2,prominent_faces,1,1,1,1,1,1,2
sadness_03803,"The person appears to be in a contemplative or sad mood, sitting alone in a dimly lit space with a rainy background.",2,2,people_present,1,1,1,1,1,1,3
sadness_05018,The image evokes a sense of sadness due to the aged and weathered gravestone in a cemetery setting.,2,2,none,1,1,1,1,1,1,1
sadness_00226,The image evokes a sense of sadness due to the desolate and abandoned state of the space.,1,2,none,1,1,1,1,1,1,1
sadness_02478,"The image evokes a sense of deep contemplation and emotional depth, likely sadness due to the aged woman's expression and posture.",2,3,prominent_faces,1,1,1,1,3,1,3
sadness_06535,"The couple appears relaxed and content, sitting closely together under a tree, suggesting a calm and pleasant moment.",6,2,prominent_faces,1,1,1,1,5,1,4
sadness_00346,The image evokes a sense of calm and comfort due to the soft glow of the candle in a dark setting.,4,2,none,1,1,1,1,5,1,5
sadness_11654,The image evokes a sense of solemnity and reflection due to the snow-covered gravestones and the somber context of a cemetery.,2,2,none,1,1,1,1,1,1,3
sadness_05942,The image evokes a sense of sadness due to the juxtaposition of the homeless individual against the commercial signage.,2,3,prominent_faces,1,1,1,1,1,1,1
sadness_12293,The statue evokes a sense of reverence and awe due to its solemn figure and the serene park setting.,6,3,none,1,1,2,1,4,2,4
sadness_09985,"The individual appears to be in a state of contemplation or mild concern, with a neutral to slightly negative emotional tone.",3,2,prominent_faces,1,1,1,1,2,1,3
sadness_00064,The image evokes a sense of solemnity and respect due to the Confederate flag placed at a grave marker.,2,3,none,1,1,1,1,1,1,2
sadness_02693,"The person on the left appears distressed, while the person on the right seems to be comforting them, indicating a sad and supportive emotional state.",2,3,prominent_faces,1,1,1,1,3,2,3
sadness_06454,"The image evokes a sense of sadness due to the severe damage to the car, indicating a recent accident.",1,2,none,3,3,1,1,1,1,1
sadness_05956,The image evokes a sense of sadness due to the destruction and abandonment of the building.,2,3,none,1,1,1,1,1,1,1
sadness_00260,The child appears to be sad due to their furrowed brow and slightly downturned mouth.,2,2,prominent_faces,1,1,1,1,2,1,3
sadness_02195,The image evokes a sense of sadness due to the somber nature of a tombstone in a desolate setting.,1,2,none,1,1,1,1,1,1,1
sadness_06351,The child's expression and body language suggest intense sadness and distress.,1,5,prominent_faces,1,1,1,1,1,1,1
sadness_02371,"The individual appears to be paying respects at a grave, indicating a somber and reflective mood.",2,2,people_present,1,1,1,1,2,1,3
sadness_00416,The image evokes a sense of awe due to the grandeur and historical significance of the statue and its setting.,6,4,none,1,1,3,1,2,2,4
sadness_11740,The image evokes a sense of sadness due to the somber appearance of the gravestone and the overgrown grass.,1,2,none,1,1,1,1,1,1,1
sadness_06162,"The person appears contemplative and thoughtful, suggesting a calm and reflective mood.",4,2,people_present,1,1,1,1,4,2,4
sadness_04196,"The individual appears calm and composed, suggesting a neutral to slightly positive emotional state.",4,2,people_present,1,1,1,1,3,2,3
sadness_10874,"The image evokes a sense of melancholy due to the frozen sunflowers against a bleak, overcast sky.",2,2,none,1,1,1,1,1,1,2
sadness_12617,"The cat appears calm and slightly curious, suggesting a sense of contentment.",5,2,none,1,1,1,1,5,1,4
sadness_10850,"The person appears to be in a state of calm and possibly contemplation, indicated by their posture and the headphones suggesting they might be listening to something.",4,2,people_present,1,1,1,1,3,2,3
sadness_07841,"The person appears to be in a state of calm contentment, possibly reflecting on something pleasant.",6,2,prominent_faces,1,1,1,1,5,1,3
sadness_10772,The person's posture and expression suggest deep sadness and despair.,1,2,people_present,1,1,1,1,1,1,2
sadness_08028,"The person appears to be reflecting solemnly at a grave, suggesting a sense of sadness.",2,2,people_present,1,1,1,1,1,1,3
sadness_10513,"The child appears to be sad, as indicated by their posture and facial expression.",1,2,people_present,1,1,1,1,2,1,3
sadness_07307,The image evokes a sense of melancholy and introspection due to the solitary leaf against a textured background.,2,2,none,1,1,1,1,2,1,3
sadness_07532,The image evokes a sense of sadness due to the somber atmosphere and the statue's melancholic posture.,2,2,none,1,1,1,1,1,1,3
sadness_01471,The image evokes a sense of melancholy due to the aged gravestone and overgrown vegetation.,2,2,none,1,1,1,1,1,1,2
sadness_10952,The image evokes a sense of contentment due to the peaceful coexistence of a soldier and his dog resting together.,6,2,people_present,1,1,1,1,5,1,3
sadness_06373,"The image shows a person with tears streaming down their face, indicating a strong emotional response likely related to sadness.",1,5,prominent_faces,1,1,1,1,1,5,1
sadness_07754,The image evokes a sense of sadness due to the abandoned and decaying state of the interior.,1,2,none,1,3,1,1,1,1,1
sadness_01743,The image evokes a sense of calm and reflection due to the serene cemetery setting at sunset.,4,2,none,1,1,1,1,4,1,4
sadness_03445,The image evokes a sense of sadness due to the gravestone and the names of two individuals who have passed away.,2,2,none,1,1,1,1,1,1,2
sadness_10661,"The individual appears to be in a state of deep thought or sadness, as indicated by their downward gaze and somber expression.",2,2,prominent_faces,1,1,1,1,3,1,3
sadness_08448,The clown's bright costume and umbrella suggest a playful and lighthearted mood.,6,3,prominent_faces,1,1,2,5,2,3,3
sadness_10148,The person appears to be experiencing sadness due to their head being down and hand covering part of their face.,1,2,prominent_faces,1,1,1,1,2,1,1
sadness_00600,The image evokes a sense of awe due to the serene sunset and the contemplative posture of the person.,6,2,prominent_faces,1,1,3,1,4,1,5
sadness_01988,"The image evokes a sense of awe due to the towering chimney and the overgrown vegetation, suggesting a place of historical significance now reclaimed by nature.",4,3,none,1,1,3,1,2,2,3
sadness_06155,The image evokes sadness due to the memorial nature of the event and the somber tone set by the poster and the statue.,1,2,none,1,1,1,1,1,1,2
sadness_08399,The image evokes a sense of sadness due to the somber and quiet atmosphere of a snow-covered cemetery.,1,2,none,1,1,1,1,1,1,2
sadness_09213,"The person appears to be resting or sleeping, suggesting a calm and peaceful state.",4,2,people_present,1,1,1,1,5,1,3
sadness_00495,"The image evokes sadness due to the presence of a grave marker adorned with flowers and a photograph, indicating a memorial setting.",2,3,none,1,1,1,1,3,2,3
sadness_04631,The image evokes a sense of sadness due to the woman's posture and the context of her situation.,1,2,people_present,1,1,1,1,1,1,1
sadness_08287,"The monkey appears calm and slightly curious, suggesting a neutral to mildly positive emotion.",4,2,none,1,1,1,1,3,1,3
sadness_11427,"The person appears relaxed and content, surrounded by a peaceful garden setting.",6,2,people_present,1,1,1,1,5,1,5
sadness_09479,"The person appears contemplative and slightly melancholic, suggesting a subdued emotional state.",2,2,people_present,1,1,1,1,3,1,3
sadness_11216,"The image evokes a sense of solemnity and respect due to the gravestone and the American flag, indicating a memorial setting.",4,2,none,1,1,1,1,2,1,3
sadness_02758,The image evokes a sense of solitude and melancholy due to the dim lighting and the lone chair.,2,2,none,1,1,1,1,1,1,2
sadness_00321,"The image depicts a solemn gathering at what appears to be a memorial service, evoking a sense of respect and somber reflection.",2,3,people_present,1,1,1,1,2,2,3
sadness_01939,The image evokes a sense of awe due to the grandeur and historical significance of the church and the Celtic cross.,6,4,none,1,1,4,1,2,2,5
sadness_07903,"The child appears contemplative and slightly sad, with a calm demeanor.",2,2,people_present,1,1,1,1,2,1,2
sadness_10517,The image evokes a sense of melancholy due to the dilapidated state of the building and the overgrown vegetation.,2,2,none,1,1,1,1,1,1,1
sadness_12036,The image evokes a sense of reverence and respect due to the gravestone and the commemorative nature of the plaque.,6,3,none,1,1,2,1,4,2,4
sadness_06302,"The sign expresses frustration and disappointment, indicating a negative emotional response.",2,3,none,1,1,1,1,1,1,1
sadness_01051,The image evokes a sense of awe due to the grandeur and historical significance of the ruins.,6,4,none,2,1,5,1,1,3,4
sadness_00796,"The image evokes a sense of contentment due to the serene garden setting and the cherubic statue holding a lantern, suggesting a peaceful and reflective mood.",6,2,none,1,1,2,2,4,1,4
sadness_11514,"The individual appears calm and reflective, suggesting a sense of contentment.",6,2,prominent_faces,1,1,1,1,5,1,3
sadness_03791,The image evokes a sense of calm and contemplation due to the serene setting and the solitary bird.,4,2,none,1,1,2,1,3,2,4
sadness_12493,The image evokes contentment due to the serene and natural beauty of the flowers.,6,2,none,1,1,1,1,5,1,5
sadness_02611,The cat's expression conveys a sense of calm contentment and curiosity.,6,2,none,1,1,1,1,5,1,4
sadness_03475,The image evokes a sense of sadness due to the presence of flowers and the memorial nature of the scene.,2,2,none,1,1,1,1,2,1,3
sadness_03439,The child's expression conveys disgust due to the visible reaction to the toothbrush in their mouth.,1,2,prominent_faces,1,5,1,1,1,1,1
sadness_01615,The image evokes a sense of solemnity and respect due to the gravestone commemorating a soldier from the Spanish-American War.,2,2,none,1,1,1,1,1,1,2
sadness_10219,"The person appears to be in a state of deep contemplation or sadness, as indicated by their downward gaze and the overall somber expression.",2,2,prominent_faces,1,1,1,1,2,1,3
sadness_03464,"The person appears to be resting or sleeping, suggesting a calm and relaxed state.",4,2,people_present,1,1,1,1,5,1,3
sadness_03673,The person appears to be experiencing sadness due to their posture and facial expression.,1,2,people_present,1,1,1,1,1,1,1
sadness_07863,The image conveys a sense of sadness due to the dark tones and the person's posture.,1,2,people_present,1,1,1,1,1,1,1
sadness_08252,"The individual appears contemplative and slightly melancholic, suggesting a subdued emotional state.",2,2,people_present,1,1,1,1,2,1,3
sadness_04656,The image evokes a sense of melancholy due to the overgrown cemetery and the somber atmosphere.,2,2,none,1,1,1,1,1,1,1
sadness_10540,"The individual appears to be in a state of mild discomfort or annoyance, as indicated by their furrowed brow and slightly downturned mouth.",2,2,people_present,1,1,1,1,2,1,2
sadness_04106,"The individuals appear to be focused and possibly contemplative, suggesting a calm and neutral emotional state.",4,2,prominent_faces,1,1,1,1,3,2,4
sadness_04018,"The individual appears calm and composed, suggesting a sense of contentment.",4,2,people_present,1,1,1,1,4,1,3
sadness_11015,"The image evokes sadness due to the somber nature of a gravestone, indicating loss.",1,2,none,1,1,1,1,1,1,1
sadness_00048,"The image conveys a sense of sadness due to the dim lighting, the person's posture, and the overall somber atmosphere.",1,2,prominent_faces,1,1,1,1,1,1,2
sadness_11850,The child's hands covering their face suggests a sense of fear or discomfort.,2,3,prominent_faces,3,1,1,1,1,1,1
sadness_09911,The image evokes a sense of sadness due to the dilapidated state of the building and the absence of people.,2,2,none,1,1,1,1,1,1,1
sadness_06456,The image evokes a sense of sadness due to the somber nature of a gravestone commemorating a deceased individual.,1,2,none,1,1,1,1,1,1,1
sadness_04692,"The person appears relaxed and contemplative, suggesting a sense of contentment.",6,2,people_present,1,1,1,1,5,1,5
sadness_08428,"The child appears to be focused and slightly concerned, while the adult seems to be explaining something, possibly related to the book, indicating a calm and educational interaction.",4,2,people_present,1,1,1,1,3,2,3
sadness_07349,"The image evokes a sense of sadness due to the dilapidated state of the structure, suggesting abandonment and decay.",2,2,none,1,1,1,1,1,1,1
sadness_07999,"The image conveys a sense of contentment due to the cozy and organized setup, with a focus on practicality and comfort.",6,2,none,1,1,1,1,5,1,3
sadness_01413,"The lion appears calm and majestic, evoking a sense of awe and respect for nature.",6,3,none,1,1,2,1,4,2,4
sadness_10814,The individual appears to be experiencing sadness due to their facial expression and body language.,1,2,prominent_faces,1,1,1,1,2,1,2
sadness_02653,"The child appears to be sad, as indicated by their facial expression and the context of being in bed with a comforting toy.",2,2,prominent_faces,1,1,1,1,4,1,3
sadness_05755,"The person appears to be deep in thought or possibly experiencing mild frustration, indicated by their hand position and facial expression.",2,3,people_present,1,1,1,1,3,2,3
sadness_10652,"The individuals appear to be in a state of sadness, indicated by their body language and facial expressions.",2,2,prominent_faces,1,1,1,1,1,1,3
sadness_01792,"The individual appears contemplative and slightly concerned, suggesting a subdued emotional state.",2,2,people_present,1,1,1,1,2,1,3
sadness_03458,"The person appears contemplative and slightly sad, with a calm demeanor.",2,2,prominent_faces,1,1,1,1,3,1,3
sadness_05744,"The individual appears contemplative and slightly melancholic, suggesting a subdued emotional state.",2,2,people_present,1,1,1,1,1,1,2
sadness_11364,The intricately carved cross evokes a sense of reverence and awe due to its detailed craftsmanship.,6,4,none,1,1,2,1,3,2,5
sadness_00262,The whimsical arrangement of logs and figurines evokes a sense of playfulness and contentment.,6,3,none,1,1,3,5,4,2,4
sadness_03363,"The person appears focused and calm while reading, suggesting a sense of contentment.",6,2,people_present,1,1,1,1,4,1,4
sadness_05827,"The person appears to be in a contemplative mood, possibly feeling sad or melancholic.",2,2,people_present,1,1,1,1,1,1,3
sadness_05663,The statue conveys a sense of awe and reverence due to its solemn expression and the grandeur of the setting.,6,4,none,1,1,2,1,2,2,4
sadness_07089,"The person appears contemplative and relaxed, suggesting a calm and content mood.",4,2,people_present,1,1,1,1,4,2,3
sadness_04364,The image evokes a sense of calm and tranquility due to the serene setting and the simplicity of the church.,4,2,none,1,1,1,1,4,1,4
sadness_07602,The image evokes sadness due to the somber setting and the emotional embrace between two figures.,2,3,prominent_faces,1,1,1,1,2,2,3
sadness_08232,"The individual appears contemplative and slightly melancholic, suggesting a subdued emotional state.",2,2,prominent_faces,1,1,1,1,2,1,3
sadness_07382,"The image evokes a sense of solemnity and quiet reflection, typical of a memorial space.",2,2,none,1,1,1,1,1,1,3
sadness_09942,"The image evokes a sense of sadness due to the presence of a gravestone, symbolizing loss and remembrance.",2,2,none,1,1,1,1,1,1,2
sadness_09848,The image evokes a sense of awe due to the dramatic lighting and the solitary figure in a grand space.,6,4,people_present,1,1,2,1,2,3,4
sadness_04119,"The image evokes a sense of awe due to the abandoned and decayed state of the old radio, covered in cobwebs and dust.",2,3,none,1,2,3,1,1,1,2
sadness_11255,The image evokes a sense of awe due to the intricate stone carving and the grandeur of the monument.,6,4,none,1,1,4,1,2,2,4
sadness_03042,The image evokes a sense of sadness due to the somber expression and the overall melancholic tone.,2,2,prominent_faces,1,1,1,1,2,1,3
sadness_05033,The person's expression and body language suggest a sense of confinement and unease.,2,3,prominent_faces,3,1,1,1,1,2,2
sadness_00196,The serene and peaceful setting with a swan in a calm pond evokes a sense of contentment.,6,2,none,1,1,1,1,5,1,5
sadness_01222,"The person appears contemplative and slightly sad, with a calm demeanor.",2,2,people_present,1,1,1,1,2,1,3
sadness_02813,The person's playful pirate costume and exaggerated expression suggest amusement.,6,4,prominent_faces,1,1,2,5,3,3,3
sadness_07939,The image evokes a sense of melancholy due to the solitary swing and barren tree against a desolate landscape.,2,2,none,1,1,1,1,1,1,2
sadness_11065,"The person appears contemplative and calm, gazing out over a serene urban landscape at dusk.",4,2,prominent_faces,1,1,2,1,3,2,4
sadness_04148,The individuals appear to be experiencing sadness due to their body language and facial expressions.,2,2,prominent_faces,1,1,1,1,1,1,1
sadness_01195,"The person appears to be crying, indicating sadness.",1,2,prominent_faces,1,1,1,1,2,1,1
sadness_08958,"The image evokes a sense of sadness due to the somber setting of a cemetery and the aged, weathered stone figure.",2,2,none,1,1,1,1,1,1,2
sadness_11395,"The person appears contemplative and relaxed, suggesting a calm and neutral emotional state.",4,2,people_present,1,1,1,1,3,2,3
sadness_12725,"The image evokes a sense of awe due to the stark contrast between the ruins and the people walking by, suggesting a historical significance.",4,3,people_present,1,1,3,1,1,2,3
sadness_12046,The image evokes a sense of awe due to the grandeur and scale of the obelisk against the clear blue sky.,6,4,none,1,1,5,1,2,2,5
sadness_12428,"The individuals appear to be in a contemplative mood, possibly reflecting on something serious.",2,2,prominent_faces,1,1,1,1,3,1,3
sadness_01580,The image evokes a sense of sadness due to the abandoned and decaying state of the space.,1,2,none,1,3,1,1,1,1,1
sadness_00122,"The image evokes a sense of melancholy and reflection due to the autumnal setting and the quiet, somber atmosphere.",2,2,none,1,1,1,1,2,1,4
sadness_09934,"The person appears contemplative and slightly concerned, suggesting a subdued emotional state.",2,2,prominent_faces,1,1,1,1,3,1,3
sadness_08835,"The child's expression suggests contentment and playfulness, with a relaxed posture and a slight smile.",6,2,prominent_faces,1,1,1,4,5,1,3
sadness_03684,"The dog appears calm and relaxed, suggesting contentment.",6,2,none,1,1,1,1,5,1,5
sadness_12637,"The image depicts a group of people in scout uniforms, with one person being embraced by another, suggesting a moment of comfort or support, evoking a sense of warmth.",6,3,prominent_faces,1,1,1,1,5,2,3
sadness_03097,"The child appears to be tired and possibly distressed, as indicated by their posture and the way they are holding onto the cart.",2,2,prominent_faces,1,1,1,1,1,1,1
sadness_08388,The image evokes a sense of sadness due to the somber expression and the overall dark tone.,2,2,none,1,1,1,1,1,1,3
sadness_08407,The image evokes a sense of sadness due to the somber expression and the overall melancholic atmosphere.,1,2,prominent_faces,1,1,1,1,1,1,1
sadness_10340,The image evokes a sense of calm and contentment due to the solitary crow in a peaceful grassy setting.,4,2,none,1,1,1,1,3,2,3
sadness_01045,"The statue conveys a sense of solemnity and reflection, evoking a feeling of sadness.",2,2,none,1,1,1,1,1,1,4
sadness_01798,The image evokes sadness due to the gravestone marking the passing of a young child.,1,2,none,1,1,1,1,1,1,1
sadness_05426,"The person appears to be in a state of deep contemplation or sadness, as indicated by their posture and the somber mood of the image.",2,2,people_present,1,1,1,1,1,1,2
sadness_02953,"The person appears to be resting or sleeping, evoking a sense of calm and restfulness.",4,2,people_present,1,1,1,1,3,1,3
sadness_02576,"The image evokes disgust due to the presence of a dead bird, which is a common trigger for this emotion.",1,5,none,5,5,1,1,1,1,1
sadness_07037,The image evokes a sense of awe due to the grandeur and emotional depth of the angelic figure amidst a serene cemetery setting.,6,4,none,1,1,3,1,3,2,4
sadness_12633,"The dog appears calm and content, sitting in a peaceful outdoor setting.",6,2,none,1,1,1,1,5,1,5
sadness_00630,"The image evokes a sense of solemnity and respect, typical of a cemetery setting.",2,2,none,1,1,1,1,1,1,3
