id,reasoning,emotion
amusement_03317,The vibrant colors and dynamic design of the carnival ride evoke a sense of playful excitement.,amusement
amusement_11590,"The image depicts people dressed in elaborate costumes, which typically evoke a sense of fun and entertainment.",amusement
amusement_11651,"The person appears to be enjoying themselves, as indicated by their smile and relaxed posture while smoking.",contentment
amusement_13577,The vibrant and festive decorations on the Christmas tree evoke a sense of joy and celebration.,excitement
amusement_08578,"The image depicts a well-presented meal that looks appetizing and inviting, likely evoking feelings of satisfaction and enjoyment.",contentment
amusement_19051,"The child appears to be enjoying a snowy activity, which typically evokes a sense of contentment and joy.",contentment
amusement_18748,The vibrant colors and dynamic motion of the ferris wheel evoke a sense of joy and excitement.,excitement
amusement_12132,"The warm, glowing lights against the greenery evoke a sense of coziness and joy, typically associated with contentment.",contentment
amusement_08414,"The image shows a happy and relaxed moment between a child and an adult outdoors, suggesting a sense of contentment.",contentment
amusement_00112,The vibrant colors and festive arrangement of Easter eggs and tulips evoke a sense of joy and celebration.,contentment
amusement_00814,The exaggerated expressions and vibrant colors create a humorous and lighthearted atmosphere.,amusement
amusement_06778,The person's wide smile and relaxed posture suggest they are experiencing a positive emotional state.,amusement
amusement_06099,"The image depicts a festive scene with Santa Claus and two children dressed as elves, which typically evokes a sense of joy and celebration.",excitement
amusement_05407,"The vibrant colors, festive decorations, and lively crowd suggest a joyful and exciting atmosphere.",excitement
amusement_11769,"The image captures the grandeur and futuristic design of the SkyWheel, which typically evokes a sense of awe and excitement.",awe
amusement_10207,"The warm lighting and decorated Christmas tree evoke a sense of joy and celebration, typically associated with contentment.",contentment
amusement_09128,"The image depicts a beautifully presented slice of cake with a decorative flower on top, which typically evokes feelings of satisfaction and enjoyment.",contentment
amusement_04751,The child's wide smile and the playful activity suggest a sense of joy and excitement.,excitement
amusement_14988,"The children's expressions and body language suggest they are enjoying themselves, indicating a strong sense of amusement.",amusement
amusement_06923,"The image features a beautiful white flower with delicate petals and long stamens, surrounded by vibrant greenery and other colorful flowers, evoking a sense of natural beauty and tranquility.",contentment
amusement_04220,The vibrant and playful appearance of the tissue paper pom-pom likely evokes a sense of joy and amusement.,amusement
amusement_12811,"The individuals are smiling and appear to be enjoying themselves, suggesting a positive and contented mood.",contentment
amusement_07464,"The festive and cheerful design of the Kleenex box, featuring Santa's Workshop, evokes a sense of holiday cheer and joy.",contentment
amusement_02473,The vibrant costume and confident pose suggest a playful and exciting atmosphere.,excitement
amusement_16909,The vibrant colors and the natural beauty of the scene evoke a sense of awe and appreciation.,awe
amusement_16689,"The image captures the thrill and energy of windsurfing, which typically evokes excitement.",excitement
amusement_08485,The vibrant costumes and energetic poses suggest a festive and lively atmosphere that typically evokes excitement.,excitement
amusement_16353,The image of a Ferris wheel against a clear sky typically evokes a sense of joy and excitement associated with fun and leisure activities.,excitement
amusement_17485,"The image shows a mother and child enjoying a picnic in a park, laughing and smiling, which conveys a sense of happiness and relaxation.",contentment
amusement_07423,"The image depicts a beautifully arranged floral display and seating chart in a serene, elegant setting, which typically evokes a sense of contentment.",contentment
amusement_10598,"The red ornament with a handwritten message on a Christmas tree evokes a sense of warmth and personal touch, which typically leads to contentment.",contentment
amusement_05705,"The image depicts a large crane and amusement park rides, which typically evoke a sense of excitement and wonder.",excitement
amusement_04505,The child's joyful expression and playful stance evoke a sense of amusement.,amusement
amusement_12249,"The image depicts a joyful and playful scene with a child enjoying water activities with a parent, surrounded by colorful floaties shaped like crayons, evoking a sense of fun and contentment.",contentment
amusement_08320,"The image features a whimsical and slightly surreal depiction of Santa Claus, which often evokes a sense of amusement due to its unexpected and playful nature.",amusement
amusement_17456,The child's playful pose and the whimsical dinosaur statue create a lighthearted and fun atmosphere.,amusement
amusement_02456,The image of a brightly lit Ferris wheel against a dark sky evokes a sense of wonder and amazement.,awe
amusement_17258,The vibrant red ornament and festive setting evoke a sense of joy and celebration.,excitement
amusement_12736,"The child appears to be enjoying the activity on the hoppity horse, and the overall scene suggests a fun and lighthearted atmosphere.",amusement
amusement_13540,"The image depicts a festive Christmas scene with bright colors and holiday decorations, which typically evoke feelings of joy and contentment.",contentment
amusement_06782,The baby's bright smile and relaxed posture evoke a sense of joy and contentment.,contentment
amusement_17008,"The image depicts a beautifully decorated cupcake with citrus slices, evoking a sense of warmth and satisfaction.",contentment
amusement_12872,"The vibrant orange leaves against a pale sky evoke a sense of warmth and tranquility, typically associated with contentment.",contentment
amusement_16687,The vibrant red lily with dewdrops and its intricate details evoke a sense of awe and appreciation for nature's beauty.,awe
amusement_10979,"The image depicts a decorated Christmas tree with handmade ornaments, which typically evoke a sense of warmth and joy associated with the holiday season.",contentment
amusement_19232,"The baby appears relaxed and happy, holding a toy, which typically evokes a sense of contentment.",contentment
amusement_18801,The vibrant colors and elaborate costume evoke a sense of wonder and excitement.,awe
amusement_17172,The vibrant red fireworks and their reflection on the water evoke a sense of celebration and joy.,excitement
amusement_12114,"The image depicts a serene and aesthetically pleasing scene with vibrant flowers and a well-maintained mailbox, evoking a sense of calm and satisfaction.",contentment
amusement_15598,The festive decorations and the appealing presentation of the cake evoke a sense of joy and celebration.,contentment
amusement_05247,The relaxed posture and closed eyes of the llama suggest a sense of calm and contentment.,contentment
amusement_04566,The bright lights and spinning motion of the carousel evoke a sense of joy and excitement.,excitement
amusement_02666,The brightly lit ferris wheel and colorful lights evoke a sense of joy and excitement typically associated with amusement parks.,amusement
amusement_02804,The vibrant colors and dynamic design of the carousel evoke a sense of joy and excitement.,excitement
amusement_10393,The vibrant and dynamic display of fireworks typically evokes a sense of excitement and celebration.,excitement
amusement_16261,"The image features a whimsical and playful scene with a stuffed dog wearing a green blindfold and a doll-like figure, which typically evokes a sense of amusement.",amusement
amusement_04293,"The image captures the thrilling and exhilarating experience of riding a roller coaster, which typically evokes strong feelings of excitement.",excitement
amusement_06332,"The person appears to be admiring and interacting with a beautifully decorated Christmas tree, which typically evokes a sense of joy and contentment.",contentment
amusement_11332,"The image shows two people dressed up and smiling, suggesting a celebratory or festive mood.",excitement
amusement_16285,The vibrant lights and dynamic motion of the ferris wheel create a sense of excitement and joy.,excitement
amusement_01013,The child's wide smile and playful pose suggest a sense of joy and amusement.,amusement
amusement_13807,"The image shows three generations of women smiling and laughing together, creating a warm and joyful atmosphere.",amusement
amusement_18908,The bright blue color and unusual design of the palm tree create a playful and whimsical effect that typically evokes amusement.,amusement
amusement_07475,"The image features a plate of delicious-looking pastries with a soft, inviting presentation that typically evokes feelings of satisfaction and pleasure.",contentment
amusement_16472,The bright orange color and cartoonish design of the toy evoke a sense of playfulness and joy.,amusement
amusement_01707,"The child's bright smile and the vibrant, festive carousel setting evoke a sense of joy and excitement.",excitement
amusement_19312,"The image features cartoon characters in a parade setting, which typically evokes feelings of joy and excitement.",excitement
amusement_11842,"The group is dressed in festive attire and appears to be enjoying themselves despite the rain, indicating a positive and playful mood.",amusement
amusement_12824,The large Ferris wheel and colorful lights evoke a sense of joy and excitement typically associated with amusement parks.,amusement
amusement_18598,"The person appears relaxed and joyful, surrounded by a festive and cozy environment, which typically evokes feelings of contentment.",contentment
amusement_09537,The vibrant colors and joyful expression of the child suggest a sense of excitement and happiness.,excitement
amusement_06107,"The image captures the dynamic and thrilling motion of a ride, which typically evokes excitement.",excitement
amusement_15556,"The child's smile and the bright, sunny background evoke a sense of joy and happiness.",contentment
amusement_03468,The vibrant colors and pattern on the surfboard evoke a sense of fun and adventure.,excitement
amusement_10141,The vibrant purple flower with its intricate details and bright coloration evokes a sense of awe and admiration.,awe
amusement_16930,The whimsical and colorful design of the owl figurine and its surroundings evoke a sense of playful curiosity and delight.,amusement
amusement_03135,The vibrant colors and dynamic pose of the performer evoke a sense of excitement and celebration.,excitement
amusement_10287,"The image depicts a simple and pleasant meal setup with fresh fruit and a refreshing drink, evoking a sense of satisfaction and relaxation.",contentment
amusement_07187,The image depicts a plate of appetizers that typically evoke a sense of enjoyment and satisfaction.,contentment
amusement_08929,The smiling face on the star-shaped object evokes a sense of joy and happiness.,contentment
amusement_11817,The person's wide smile and upward gaze suggest a feeling of joy and amusement.,amusement
amusement_08748,"The image depicts a lively carousel scene with people enjoying themselves, which typically evokes feelings of joy and amusement.",amusement
amusement_08925,The child's wide smile and bright eyes convey a sense of joy and happiness.,amusement
amusement_10960,"The image depicts a vibrant and dynamic amusement ride, which typically evokes feelings of excitement and joy.",excitement
amusement_17310,The serene and picturesque setting of the fishing boat on a clear day evokes a sense of calm and satisfaction.,contentment
amusement_18448,"The image depicts a decorated Christmas tree and nativity scene, which typically evoke feelings of joy and contentment during the holiday season.",contentment
amusement_04656,The image of a large Ferris wheel against a clear blue sky evokes a sense of wonder and amazement.,awe
amusement_15526,"The image depicts a handcrafted Christmas card with a warm and festive design, evoking a sense of joy and contentment.",contentment
amusement_10206,"The festive red bell and Christmas tree decorations evoke a sense of joy and celebration, which aligns with the positive emotions of excitement.",excitement
amusement_06130,"The image captures the thrill and excitement of a roller coaster ride, which typically evokes strong positive emotions.",excitement
amusement_15294,The vibrant and elaborate costumes and decorations suggest a festive and celebratory atmosphere that typically evokes excitement.,excitement
amusement_18321,The baby's wide smile and the playful interaction with the toy car evoke a sense of joy and amusement.,amusement
amusement_03596,The vibrant colors and dynamic design of the carousel evoke a sense of joy and excitement.,excitement
amusement_03942,"The bright colors, cheerful expression, and fun setting suggest a feeling of excitement.",excitement
amusement_03526,"The individuals in the image are smiling and appear to be enjoying themselves, which suggests a positive emotional state.",contentment
amusement_12554,"The image depicts a well-balanced and appetizing breakfast spread, which typically evokes feelings of satisfaction and happiness.",contentment
amusement_04896,"The image depicts a wrapped gift with a festive star decoration, evoking a sense of warmth and joy associated with giving gifts during the holiday season.",contentment
amusement_17050,"The image features a cheerful frog figurine meditating on a cup with a positive message, evoking a sense of lighthearted joy and optimism.",amusement
amusement_08851,"The image features bright, cheerful daisies which typically evoke feelings of joy and contentment.",contentment
amusement_16714,The bright and festive lights create a cheerful and playful atmosphere that typically evokes amusement.,amusement
amusement_11729,"The children appear to be enjoying themselves on the carousel, which typically evokes feelings of joy and excitement.",excitement
amusement_01620,"The image features festive Christmas ornaments and lights, which typically evoke feelings of joy and contentment during the holiday season.",contentment
amusement_19404,"The image shows children holding balloons and gifts, which typically evoke feelings of joy and celebration.",excitement
amusement_09595,The vibrant and dynamic lighting of the Ferris wheel creates a sense of wonder and excitement.,awe
amusement_00530,"The image depicts a festive Christmas scene with miniature figures and decorations, evoking a sense of joy and wonder.",awe
amusement_06249,"The image shows a delicious-looking baked potato topped with creamy sauce and herbs, which typically evokes feelings of satisfaction and enjoyment.",contentment
amusement_13971,The vibrant red ornament with a festive design and glowing lights typically evokes a sense of joy and celebration.,excitement
amusement_13903,"The children appear curious and engaged with their surroundings, suggesting a sense of contentment and exploration.",contentment
amusement_04556,The vibrant and delicate appearance of the flowers evokes a sense of beauty and tranquility.,contentment
amusement_08462,The London Eye and the serene river setting evoke a sense of wonder and tranquility.,awe
amusement_16396,The child's smile and focused expression while rolling dough suggest a sense of enjoyment and satisfaction.,contentment
amusement_18863,The vibrant colors and cheerful sunflowers evoke a sense of joy and happiness.,contentment
amusement_13787,The vibrant colors and dynamic pose of the lion dance evoke a sense of excitement and celebration.,excitement
amusement_08998,The bright sparklers and joyful expressions suggest a festive and celebratory atmosphere.,excitement
amusement_02698,The child's bright smile and playful posture on the swing evoke a sense of joy and happiness.,amusement
amusement_05968,The child's bright smile and relaxed posture convey a sense of happiness and contentment.,contentment
amusement_06393,The child's wide smile and the colorful balloons suggest a joyful and playful atmosphere.,amusement
amusement_09737,"The image shows a woman holding a baby, which typically evokes feelings of warmth and happiness.",contentment
amusement_11315,"The image shows a happy and smiling man holding a baby in a carrier, both appearing joyful and content in a snowy outdoor setting.",contentment
amusement_11640,"The image showcases a delicious seafood dish and skewered shrimp, which typically evoke feelings of satisfaction and enjoyment.",contentment
amusement_00517,"The image features Mickey Mouse in a playful and cheerful pose, which typically evokes amusement.",amusement
amusement_00563,"The image depicts children enjoying a helicopter ride at what appears to be a fair or carnival, which typically evokes feelings of excitement and joy.",excitement
amusement_13050,The vibrant and whimsical balloon structure creates a playful and joyful atmosphere that typically evokes amusement.,amusement
amusement_00970,The image depicts a visually appealing and appetizing snack arrangement that typically evokes a sense of satisfaction and enjoyment.,contentment
amusement_15306,The vibrant and dynamic display of fireworks typically evokes a sense of excitement and wonder in viewers.,excitement
amusement_03463,The glittery and sparkly decorations evoke a sense of festive joy and celebration.,excitement
amusement_09081,The vibrant colors and playful decorations suggest a festive and joyful atmosphere.,excitement
amusement_15309,"The image shows two people smiling and appearing to be enjoying themselves, which strongly suggests contentment.",contentment
amusement_08931,The person appears relaxed and happy while enjoying music in a serene outdoor setting.,contentment
amusement_15095,"The group appears to be sharing something amusing on their device, indicated by their smiles and engaged body language.",amusement
amusement_19371,The vibrant costume and playful expression suggest a lighthearted and entertaining atmosphere.,amusement
amusement_13692,"The image depicts a lively fairground scene with bright lights and a Ferris wheel, which typically evoke feelings of excitement and joy.",excitement
amusement_00097,The image of a butterfly on a tree trunk evokes a sense of natural beauty and tranquility.,contentment
amusement_11840,The children's playful expressions and bright pink wigs evoke a sense of fun and lightheartedness.,amusement
amusement_17334,The playful and whimsical design of the cake pops evokes a sense of joy and amusement.,amusement
amusement_06962,"The vibrant and ornate carousel evokes a sense of joy and wonder, making 'excitement' the most dominant emotion.",excitement
amusement_11322,The child's bright smile and energetic posture suggest a sense of joy and excitement.,excitement
amusement_03145,"The vibrant fireworks and their reflection on the water evoke a sense of celebration and wonder, typically associated with excitement.",excitement
amusement_16177,The vibrant colors and playful design of the inflatable bouncy castle evoke a sense of joy and excitement.,excitement
amusement_09282,The bright colors and playful design of the hot dog cart evoke a sense of joy and amusement.,amusement
amusement_02872,"The image shows a joyful interaction between a child and an adult, with bright colors and a playful pinwheel, evoking a sense of happiness and contentment.",contentment
amusement_04598,"The image depicts a cheerful scene with Santa Claus and children, which typically evokes feelings of joy and happiness.",contentment
amusement_15251,The vibrant blue packaging and the playful font style evoke a sense of fun and lightheartedness.,amusement
amusement_02703,"The group appears to be enjoying themselves, as indicated by their smiles and relaxed body language.",amusement
amusement_00285,The whimsical elephant statue and the historic ship create a playful and curious atmosphere that typically evokes amusement.,amusement
amusement_05258,The vibrant colors and dynamic motion of the Ferris wheel create a sense of excitement and joy.,excitement
amusement_00989,"The image of a robin perched on a branch evokes a sense of calm and natural beauty, which typically leads to feelings of contentment.",contentment
amusement_11124,"The image shows children interacting with alpacas in a safe and controlled environment, which typically evokes a sense of curiosity and joy.",amusement
amusement_00232,"The image shows a joyful interaction between a child and an adult, with the child smiling and the adult leaning in affectionately, evoking a sense of happiness and contentment.",contentment
amusement_05029,"The image depicts a soldier in action with sparks flying, which typically evokes a sense of excitement and adrenaline.",excitement
amusement_08481,"The image depicts a beautifully decorated Christmas tree with shimmering ornaments and twinkling lights, which typically evoke a sense of joy and wonder.",awe
amusement_03969,"The bright colors, playful accessories, and joyful expressions suggest a fun and lighthearted atmosphere.",amusement
amusement_15435,"The image shows raw fish, which typically evokes a sense of disgust or unease in most viewers.",disgust
amusement_15774,The child's bright smile and the playful interaction with the plush toy evoke a sense of joy and happiness.,amusement
amusement_09180,The vibrant colors and dynamic design of the slides evoke a sense of joy and excitement.,excitement
amusement_02010,"The image features festive snowmen decorations with bright, colorful lights, evoking a sense of holiday cheer and joy.",contentment
amusement_01557,The vibrant and colorful bouquet evokes a sense of joy and celebration.,excitement
amusement_00366,"The vibrant fireworks and illuminated castle create a sense of wonder and celebration, evoking excitement.",excitement
amusement_19408,The baby's relaxed posture and the playful bib suggest a sense of comfort and joy.,contentment
amusement_12793,"The image captures the thrill and anticipation of a roller coaster ride, which typically evokes excitement.",excitement
amusement_13388,The bright yellow color and playful pose of the figurine evoke a sense of joy and amusement.,amusement
amusement_02349,"The image depicts a child sitting joyfully under a Christmas tree surrounded by presents, which typically evokes feelings of happiness and excitement.",excitement
amusement_00608,"The person appears relaxed and is enjoying a drink, which typically evokes a sense of contentment.",contentment
amusement_06147,The vibrant colors and festive arrangement of Easter eggs and tulips evoke a sense of joy and celebration.,contentment
amusement_01193,The large Ferris wheel against a dramatic sky evokes a sense of awe and wonder.,awe
amusement_00126,The image depicts a well-presented and appetizing meal that typically evokes feelings of satisfaction and enjoyment.,contentment
amusement_14437,The child's wide-eyed expression and the playful interaction with the balloon suggest a sense of joy and wonder.,amusement
amusement_10037,"The playful and relaxed posture of the meerkats, along with their open mouths, suggests a sense of contentment and joy.",amusement
amusement_09047,The baby's neutral expression and the festive Santa toy create a calm and slightly curious atmosphere.,contentment
amusement_14013,The vibrant colors and whimsical design of the 'Hooi Wacht' sign evoke a sense of playful excitement.,excitement
amusement_05272,The child's bright smile and the playful setting evoke a sense of joy and contentment.,contentment
amusement_17142,"The image shows two children playing together, with one child lying on the floor and the other standing over them, which typically evokes a sense of playful interaction and joy.",amusement
amusement_08616,The children's bright smiles and festive attire evoke a sense of joy and celebration.,amusement
amusement_03057,"The image depicts a parade with vintage cars and people waving, which typically evokes a sense of excitement and celebration.",excitement
amusement_11431,"The image captures a lively scene with children cheering and go-karts racing, evoking a sense of joy and excitement.",excitement
amusement_03729,The vibrant and dynamic lighting of the Ferris wheel evokes a sense of excitement and wonder.,excitement
amusement_04290,The vibrant green lighting and the towering height of the Ferris wheel evoke a sense of awe and wonder.,awe
amusement_19211,The image depicts a variety of appetizers that are visually appealing and likely to evoke a sense of satisfaction and enjoyment.,contentment
amusement_02912,The vibrant red color and sugary texture of the Turkish delight evoke a sense of indulgence and joy.,contentment
amusement_08087,The vibrant costumes and lively atmosphere suggest a festive event that typically evokes excitement.,excitement
amusement_09007,"The image depicts characters from Disney's 'Peter Pan' and 'Alice in Wonderland,' which are typically associated with fun and whimsy, evoking amusement.",amusement
amusement_01017,The vibrant colors and festive decorations evoke a sense of joy and celebration.,excitement
amusement_06417,"The child appears to be in a playful and relaxed environment, suggesting contentment.",contentment
amusement_02845,The vibrant colors and playful elements like the clown and the 'Magic' sign evoke a sense of joy and excitement typically associated with amusement parks.,amusement
amusement_03887,The image of a dew-covered dahlia flower evokes a sense of tranquility and appreciation for nature's beauty.,awe
amusement_09837,"The large, friendly crocodile mascot and the vibrant, playful background suggest a fun and lighthearted atmosphere.",amusement
amusement_03328,"The image depicts a joyful moment between a father and child in a snowy forest, evoking a sense of warmth and happiness.",contentment
amusement_14416,"The image shows people smiling and enjoying themselves, indicating a positive and lively atmosphere.",excitement
amusement_05650,"The image depicts a beautifully decorated Christmas tree covered in snow, which typically evokes feelings of joy and wonder during the holiday season.",excitement
amusement_18497,"The warm, glowing lights create a cozy and enchanting atmosphere that typically evokes a sense of awe.",awe
amusement_05817,"The image depicts a festive Christmas tree with ornaments, which typically evoke feelings of joy and contentment during the holiday season.",contentment
amusement_03575,"The image shows people toasting with drinks, which typically evokes a sense of celebration and enjoyment.",contentment
amusement_09680,"The image features a playful and whimsical Snoopy character, which typically evokes a sense of amusement.",amusement
amusement_02026,The festive decorations and warm tones evoke a sense of joy and celebration.,excitement
amusement_06625,"The exaggerated and playful expression of the clown-like figure, combined with the colorful and whimsical setting, typically evokes amusement.",amusement
amusement_03563,"The image features a cheerful Santa Claus figure in a festive setting, which typically evokes feelings of joy and happiness.",contentment
amusement_05325,The horse's open mouth and wide eyes give a comical expression that typically elicits amusement.,amusement
amusement_15225,The child's wide smile and relaxed posture suggest a sense of joy and contentment.,contentment
amusement_16860,"The children appear to be engaged in a fun and educational activity, which typically evokes excitement.",excitement
amusement_13878,"The individuals appear to be sharing a joyful and lighthearted moment, likely at a wedding, which typically evokes feelings of happiness and contentment.",contentment
awe_08973,"The image captures the majestic and otherworldly beauty of tufa formations, evoking a sense of awe and wonder.",awe
awe_11596,"The individuals appear to be engaged in a cultural or social event, as indicated by their attire and body language, which suggests excitement.",excitement
awe_10901,The serene and beautiful sunset over the ocean evokes a sense of peace and tranquility.,contentment
awe_02515,The serene and peaceful scene of birds feeding on the beach at sunset evokes a sense of calm and satisfaction.,contentment
awe_10642,The serene sunset and tranquil setting evoke a sense of peace and satisfaction.,contentment
awe_04003,The serene and expansive view of the islands and the calm sea under a beautiful sunset evokes a sense of awe and tranquility.,awe
awe_04213,The serene and picturesque view of the city skyline at sunset evokes a sense of peace and satisfaction.,contentment
awe_00729,The serene and beautiful sunset over the ocean evokes a sense of peace and tranquility.,contentment
awe_08332,The warm colors and serene waves evoke a sense of peace and relaxation.,contentment
awe_11234,"The image captures a serene and picturesque scene with a rainbow over a body of water, evoking a sense of peace and natural beauty.",contentment
awe_05114,The serene and natural setting with the deer standing calmly in a grassy field evokes a sense of peace and contentment.,contentment
awe_04790,The vibrant red color and the detailed structure of the flower evoke a sense of beauty and wonder.,awe
awe_07884,The serene and majestic winter landscape evokes a sense of awe due to its beauty and tranquility.,awe
awe_12594,"The image captures a person performing a handstand on a scenic trail, which is likely to evoke a sense of awe due to the impressive physical feat and the stunning natural backdrop.",awe
awe_00259,"The image depicts ancient ruins, which typically evoke a sense of historical significance and wonder.",awe
awe_03017,The vibrant colors and striking appearance of the bird evoke a sense of awe and admiration.,awe
awe_09026,The image evokes a sense of awe due to the natural beauty and historical significance of the scene.,awe
awe_10175,The vibrant rainbow and serene natural setting evoke a sense of wonder and appreciation.,awe
awe_05952,"The image depicts a traditional wedding scene, which typically evokes feelings of joy and celebration.",excitement
awe_14016,"The image shows a helicopter on a grassy field, which typically evokes a sense of adventure and excitement.",excitement
awe_06081,The image of the mountain goat with its striking horns and fluffy white fur evokes a sense of awe due to its unique and majestic appearance.,awe
awe_11949,"The image depicts a serene and majestic mountain landscape with traditional stone structures, evoking a sense of awe and reverence.",awe
awe_09370,The vibrant colors and natural beauty of the field evoke a sense of joy and tranquility.,contentment
awe_10751,The serene and beautiful sunset over the beach evokes a sense of peace and relaxation.,contentment
awe_12315,"The child's expression and pose suggest curiosity and slight apprehension, which aligns with the emotion of awe.",awe
awe_04872,The vibrant red flowers and their symmetrical arrangement evoke a sense of joy and wonder.,excitement
awe_06025,The baby's curious expression and the vibrant dandelions create a sense of wonder and joy.,contentment
awe_14543,"The image depicts a wedding scene with bridesmaids and flower girls, which typically evokes a sense of joy and celebration.",contentment
awe_02484,"The image captures the mesmerizing beauty of the Northern Lights, which typically evoke a sense of awe and wonder in viewers.",awe
awe_04661,"The image captures the grandeur and natural beauty of a rock formation, evoking a sense of awe and wonder.",awe
awe_11180,The serene and majestic sunset over the ocean evokes a sense of awe and tranquility.,awe
awe_03059,The serene and expansive winter landscape evokes a sense of awe due to its vastness and the beauty of nature.,awe
awe_04836,The breathtaking sunset and the serene coastal scene evoke a sense of awe and tranquility.,awe
awe_13578,"The children appear to be enjoying themselves in a snowy environment, which typically evokes feelings of contentment and joy.",contentment
awe_02132,"The image captures a serene and awe-inspiring scene with a rainbow over a vast desert landscape, evoking a sense of wonder and tranquility.",awe
awe_01795,The serene beach scene with palm trees and a beautiful sunset evokes a sense of peace and relaxation.,contentment
awe_06403,The vast and majestic snow-covered mountains and the serene blue waters evoke a sense of awe and wonder.,awe
awe_07493,"The image captures a majestic waterfall with a rainbow, evoking a sense of awe and wonder.",awe
awe_04504,The serene and breathtaking sunset over the forest evokes a sense of awe and tranquility.,awe
awe_02635,The serene and picturesque setting with the sun shining brightly over the tranquil landscape evokes a sense of peace and satisfaction.,contentment
awe_07431,The serene and expansive snowy landscape with clear skies and the sun shining creates a sense of tranquility and awe.,awe
awe_08101,"The image captures the serene and majestic presence of the Golden Temple, evoking a sense of awe and reverence.",awe
awe_07349,The serene and natural setting with the spider web and dew-covered plants evokes a sense of peace and appreciation for nature.,contentment
awe_06726,"The vast, serene desert landscape and the rugged mountains evoke a sense of awe and wonder.",awe
awe_04314,The grandeur and historical significance of the Peter and Paul Fortress evoke a sense of awe in viewers.,awe
awe_03101,The serene and picturesque scene of a sailboat on calm waters with a majestic mountain backdrop evokes a sense of peace and satisfaction.,contentment
awe_10023,The vibrant costumes and playful poses suggest a lighthearted and fun atmosphere.,amusement
awe_00074,"The vibrant rainbow and lush orchard create a serene and joyful atmosphere, evoking a sense of contentment.",contentment
awe_01719,The traditional attire and ceremonial setting evoke a sense of reverence and cultural significance.,awe
awe_02041,The serene and peaceful setting of a seagull on a beach evokes a sense of calm and contentment.,contentment
awe_07526,"The image captures the majestic beauty and power of nature, evoking a sense of awe.",awe
awe_12425,"The image captures the majestic and awe-inspiring power of nature, with a double rainbow adding to its beauty and wonder.",awe
awe_03098,The serene sunset and the peaceful scene evoke a sense of calm and contentment.,contentment
awe_00995,"The couple appears to be celebrating a wedding, which typically evokes feelings of joy and happiness.",contentment
awe_13032,The vastness and beauty of the landscape evoke a sense of awe and wonder.,awe
awe_06942,The serene and majestic winter landscape evokes a sense of awe due to its breathtaking beauty and tranquility.,awe
awe_12968,"The image depicts a bird of prey holding food in its beak, which is a common and natural behavior that typically does not evoke strong negative emotions.",contentment
awe_06077,"The image depicts a religious ceremony where a person is receiving communion, which typically evokes a sense of reverence and solemnity.",awe
awe_11534,The bride's surprised expression and the joyful interaction with the child suggest a moment of unexpected joy and excitement.,excitement
awe_11413,"The serene and warm colors of the sunset, combined with the calm water and natural surroundings, evoke a sense of peace and satisfaction.",contentment
awe_14081,"The image depicts a religious procession with a statue of a Virgin Mary, which typically evokes a sense of reverence and awe among participants.",awe
awe_11627,The vibrant colors and striking appearance of the parrot evoke a sense of awe and admiration.,awe
awe_08284,"The child appears to be enjoying their time building a sandcastle, which typically evokes a sense of contentment and joy.",contentment
awe_03650,The serene and expansive landscape combined with the calm presence of the horses evokes a sense of peace and satisfaction.,contentment
awe_05346,"The image depicts a serene and beautifully maintained garden, which typically evokes feelings of peace and satisfaction.",contentment
awe_03296,"The image depicts a vibrant coastal city with clear skies and a bustling beach, evoking a sense of relaxation and enjoyment.",contentment
awe_10067,The serene and beautiful sunset over the calm sea evokes a sense of peace and tranquility.,contentment
awe_00514,"The image captures a serene and natural scene with a bee on lavender flowers, evoking a sense of peace and harmony.",contentment
awe_07539,"The image captures the thrill and adventure of paragliding, which typically evokes excitement.",excitement
awe_15237,"The image depicts a calm and orderly scene at a bus station during what appears to be early morning or late evening, evoking a sense of routine and tranquility.",contentment
awe_04140,The serene and beautiful sunset over the calm water with boats creates a sense of peace and satisfaction.,contentment
awe_09430,The vibrant rainbow and serene landscape evoke a sense of wonder and tranquility.,awe
awe_00045,"The serene and beautiful sunset over the ocean, combined with the delicate flower on the dock, evokes a sense of peace and tranquility.",contentment
awe_02710,The serene and beautiful sunset over the ocean evokes a sense of peace and tranquility.,contentment
awe_03964,"The vast, serene landscape with vibrant colors and a sense of tranquility evokes a feeling of contentment.",contentment
awe_15091,"The serene and tranquil scene with a calm river, pebbled shore, and colorful sky evokes a sense of peace and relaxation.",contentment
awe_09513,The majestic and serene mountain landscape evokes a sense of awe and wonder.,awe
awe_05188,The soft glow of the candle on the stone floor creates a serene and contemplative atmosphere.,contentment
awe_05031,"The image shows two elderly women in a prayerful pose, which typically evokes a sense of reverence and respect.",awe
awe_01752,The image of a large cruise ship on calm waters typically evokes a sense of excitement and adventure.,excitement
awe_01533,"The image captures the raw power and majesty of Niagara Falls, which typically evokes a sense of awe in viewers.",awe
awe_01058,"The image depicts a traditional wedding scene with ornate decorations and elaborate attire, evoking a sense of celebration and joy.",excitement
awe_07312,"The vast, serene landscape and the majestic snow-capped mountains evoke a sense of awe and wonder.",awe
awe_04763,"The person appears to be speaking into a microphone, which suggests they are addressing an audience, possibly delivering a speech or presentation, which typically evokes a sense of contentment.",contentment
awe_11759,"The serene and expansive beach scene evokes a sense of peace and relaxation, which aligns most closely with contentment.",contentment
awe_14576,The grandeur and architectural beauty of the castle evoke a sense of awe in viewers.,awe
awe_00642,"The image depicts a military jet on a runway, which typically evokes a sense of power and readiness, often associated with excitement.",excitement
awe_04248,"The vast, serene landscape and the people enjoying the view evoke a sense of peace and contentment.",contentment
awe_09369,The serene and majestic landscape evokes a sense of awe due to the grandeur of the mountain and the tranquility of the lake.,awe
awe_05666,The vast and rugged landscape evokes a sense of awe due to its grandeur and natural beauty.,awe
awe_05142,The serene and peaceful winter scene with snow-covered trees evokes a sense of calm and tranquility.,contentment
awe_01585,The serene and expansive landscape with lush green fields and majestic mountains evokes a sense of tranquility and satisfaction.,contentment
awe_07742,"The image captures a squirrel humorously attempting to reach food from a bird feeder, which is typically amusing to viewers.",amusement
awe_14181,The breathtaking view and the sense of accomplishment from reaching the summit evoke a feeling of awe.,awe
awe_08646,The silhouette of the Joshua trees against the vibrant sunset evokes a sense of awe and wonder due to the striking contrast and natural beauty.,awe
awe_02502,"The image depicts a wedding ceremony, which typically evokes feelings of joy and celebration.",contentment
awe_06487,The vibrant and surreal colors create a sense of wonder and amazement.,awe
awe_09799,"The vast, serene landscape with snow-covered mountains and a tranquil lake evokes a sense of awe and tranquility.",awe
awe_12041,The breathtaking view of snow-covered mountains and the clear blue sky evoke a sense of awe and wonder.,awe
awe_07003,"The image shows a group of seagulls calmly perched on a dock, which typically evokes a sense of peaceful coexistence and natural beauty.",contentment
awe_14692,"The image depicts a serene outdoor scene with a clear sky and a tree providing shade, evoking a sense of calm and relaxation.",contentment
awe_02241,"The image depicts a serene and adventurous winter scene, likely evoking a sense of excitement and contentment as it showcases outdoor exploration and the beauty of nature.",excitement
awe_07244,The grandeur and iconic design of the castle evoke a sense of awe and wonder.,awe
awe_13361,The warm glow of the sunset and the serene landscape evoke a sense of peace and satisfaction.,contentment
awe_12838,"The image depicts a large cruise ship and people walking along a waterfront, suggesting a leisurely and enjoyable experience.",contentment
awe_09885,"The image showcases a majestic mountain with a serene lake, evoking a sense of awe and tranquility.",awe
awe_14238,The serene sunset and calm sea evoke a sense of peace and tranquility.,contentment
awe_05066,"The image captures two seagulls in flight against a clear blue sky, which typically evokes a sense of freedom and joy.",excitement
awe_09850,"The image depicts a wedding scene with a couple sharing a kiss, which typically evokes feelings of love and happiness.",contentment
awe_10124,The serene and picturesque landscape evokes a sense of peace and satisfaction.,contentment
awe_00671,"The serene and beautiful sunset over the ocean evokes a sense of peace and tranquility, which aligns most closely with contentment.",contentment
awe_01237,The serene and symmetrical landscape evokes a sense of peace and tranquility.,contentment
awe_03293,The child's posture and the playful nature of the pinata suggest a sense of joy and anticipation.,amusement
awe_06733,The serene and expansive view of the lake surrounded by lush greenery and distant mountains evokes a sense of tranquility and peace.,contentment
awe_09184,"The image captures the serene and majestic beauty of a waterfall, evoking a sense of awe and wonder.",awe
awe_02997,"The image showcases a majestic snow-capped mountain under a clear blue sky, surrounded by lush greenery and vibrant flowers, evoking a sense of awe and tranquility.",awe
awe_02840,The expansive view of the city and the distant mountain under a clear sky evoke a sense of tranquility and appreciation for nature's beauty.,contentment
awe_03067,"The image showcases a majestic natural arch under a clear sky, evoking a sense of wonder and admiration.",awe
awe_12019,The vast and majestic view of the snow-covered mountain from an airplane window typically evokes a sense of awe due to its grandeur and scale.,awe
awe_00523,The grandeur and architectural beauty of the building evoke a sense of awe.,awe
awe_00338,The majestic and serene view of Mount Fuji evokes a sense of awe and reverence.,awe
awe_15220,The serene and peaceful scene of a horse grazing in a lush field evokes a sense of calm and satisfaction.,contentment
awe_10343,"The ornate and grand architecture, combined with the religious iconography, evokes a sense of awe and reverence.",awe
awe_14068,The vibrant pink flowers and their delicate structure evoke a sense of natural beauty and tranquility.,contentment
awe_08654,"The image captures a serene and natural moment where a bee is feeding on a flower, evoking a sense of harmony and tranquility.",contentment
awe_03262,The expansive view of the city and natural landscape evokes a sense of awe due to the grandeur and beauty of the scene.,awe
awe_12329,The presence of a rainbow over a serene landscape typically evokes a sense of awe and wonder.,awe
awe_04687,The breathtaking sunset and serene landscape evoke a sense of awe and tranquility.,awe
awe_05841,"The image depicts a wedding ceremony, which typically evokes feelings of joy and celebration.",contentment
awe_14300,The serene sunset and the majestic bridge evoke a sense of tranquility and awe.,awe
awe_13652,The serene and majestic winter landscape with the setting sun evokes a sense of awe and tranquility.,awe
awe_04138,The serene and expansive view of the beach and mountain range evokes a sense of calm and appreciation for nature.,contentment
awe_10535,"The image captures a person performing a handstand on a beach, which is a playful and impressive feat that typically evokes a sense of awe.",awe
awe_03434,"The image captures the majestic and mysterious ruins of Machu Picchu against a backdrop of towering mountains and misty clouds, evoking a sense of wonder and awe.",awe
awe_09608,The serene and majestic landscape with snow-capped mountains and calm waters evokes a sense of awe and tranquility.,awe
awe_00669,The vast and majestic landscape with dramatic lighting and towering mountains evokes a sense of awe.,awe
awe_10219,"The bride and groom are smiling and appear to be enjoying themselves, which suggests a positive and joyful atmosphere.",excitement
awe_01414,"The grand and iconic architecture of Hogwarts Castle, combined with the crowd's presence, evokes a sense of excitement and wonder.",awe
awe_08160,The serene and beautiful white lotus flowers evoke a sense of peace and tranquility.,contentment
awe_04841,"The child's composed and elegant appearance, combined with the soft background, evokes a sense of calm and contentment.",contentment
awe_06723,The serene and picturesque scene of a calm lake surrounded by autumn foliage and birds creates a sense of peacefulness and satisfaction.,contentment
awe_03136,The dynamic pose of the horse and the vibrant outdoor setting evoke a sense of energy and joy.,excitement
awe_07298,The serene and picturesque setting of the lighthouse on a grassy hill evokes a sense of peace and tranquility.,contentment
awe_05259,The breathtaking and majestic landscape of Bryce Canyon evokes a sense of awe due to its grandeur and natural beauty.,awe
awe_11693,The vast and serene landscape with snow-capped mountains and a clear blue sky evokes a sense of awe and tranquility.,awe
awe_00561,The serene and expansive landscape combined with the majestic deer creates a sense of awe and tranquility.,awe
awe_02121,"The image shows two zebras grazing peacefully in a natural setting, which typically evokes a sense of calm and satisfaction.",contentment
awe_08429,"The image captures the grandeur and power of nature, which typically evokes a sense of awe.",awe
awe_14516,The vast and serene landscape with its rugged mountains and clear blue sky evokes a sense of awe and tranquility.,awe
awe_07246,The image of a tall industrial structure with bright orange railings and lights evokes a sense of awe due to its scale and the contrast against the dark sky.,awe
awe_04895,"The image features a vibrant rainbow over a serene landscape, which typically evokes a sense of awe and appreciation for nature's beauty.",awe
awe_12769,The soft lighting and fluffy dandelions evoke a sense of tranquility and happiness.,contentment
awe_03200,The image depicts a serene and majestic snowy landscape that typically evokes a sense of awe due to its natural beauty and grandeur.,awe
awe_13679,"The image captures a serene and natural scene with a butterfly on a flower, evoking a sense of peace and appreciation for nature.",contentment
awe_07610,The serene and majestic sunset over the lake evokes a sense of awe and tranquility.,awe
awe_03725,The presence of a rainbow over a serene landscape typically evokes a sense of wonder and appreciation for nature.,awe
awe_05467,The serene and majestic snow-covered landscape evokes a sense of awe and wonder.,awe
awe_09141,"The bird appears to be calmly floating on the water, which typically evokes a sense of peace and tranquility.",contentment
awe_09078,"The couple appears to be celebrating a wedding, which typically evokes feelings of joy and happiness.",contentment
awe_09261,The serene and picturesque winter landscape evokes a sense of tranquility and awe.,awe
awe_06328,The vibrant rainbow and serene landscape evoke a sense of wonder and tranquility.,awe
awe_08926,The serene and beautiful sunset over the calm sea evokes a sense of peace and tranquility.,contentment
awe_06964,The vibrant and dramatic colors of the sunset evoke a sense of awe and wonder.,awe
awe_00542,The serene and picturesque landscape with misty hills and traditional architecture evokes a sense of tranquility and awe.,awe
awe_12288,The image showcases a serene and majestic coastal landscape that typically evokes a sense of awe due to its natural beauty and grandeur.,awe
awe_01480,"The image captures a serene and picturesque landscape with a vibrant rainbow, evoking a sense of wonder and tranquility.",awe
awe_10414,The vibrant rainbow and the dramatic sky evoke a sense of wonder and awe.,awe
awe_08946,"The image showcases a stunning view of Edinburgh with its historic architecture and the majestic Arthur's Seat in the background, evoking a sense of awe.",awe
awe_08459,The image depicts a serene and expansive natural landscape that typically evokes a sense of awe and appreciation for nature.,awe
awe_07883,The serene and expansive snowy landscape evokes a sense of tranquility and awe.,awe
awe_12426,The presence of a rainbow over a cityscape typically evokes a sense of wonder and joy.,awe
awe_04567,"The vibrant and dramatic sunset creates a sense of awe and wonder, as it reflects on the wet rocks below.",awe
awe_12910,"The image captures the thrill and freedom of paragliding, which typically evokes a sense of excitement.",excitement
awe_13297,The image evokes a sense of awe due to the majestic and serene mountainous landscape with a prominent tree in the foreground.,awe
awe_08417,"The serene and tranquil scene of a sunset over a body of water, with a bare tree silhouetted against the sky, evokes a sense of peace and contentment.",contentment
awe_06558,"The couple appears to be at a wedding ceremony, and their expressions suggest they are happy and content.",contentment
awe_11729,The vast and majestic mountain landscape evokes a sense of awe due to its grandeur and the serene beauty of the lake.,awe
awe_10199,"The image captures two people on a rocky outcrop against a clear blue sky, suggesting a sense of accomplishment and freedom.",contentment
awe_11429,"The vibrant and colorful tulips create a sense of joy and happiness, making 'contentment' the most dominant emotion.",contentment
awe_04449,The serene and beautiful sunset over the ocean evokes a sense of peace and tranquility.,contentment
awe_09504,The serene and expansive snowy landscape evokes a sense of tranquility and awe.,awe
awe_08293,The serene and picturesque landscape with clear reflections and vibrant colors evokes a sense of peace and satisfaction.,contentment
awe_02541,The serene and majestic view of Mount Fuji reflects a sense of awe and tranquility.,awe
awe_08115,The serene and beautiful sunset over the beach evokes a sense of peace and tranquility.,contentment
awe_10011,"The image depicts a serene and majestic snowy mountain landscape, which typically evokes a sense of awe due to its grandeur and beauty.",awe
awe_13742,The vibrant rainbow and serene urban park setting evoke a sense of wonder and tranquility.,awe
awe_01339,The breathtaking sunset and rugged beauty evoke a sense of awe and wonder.,awe
awe_14610,"The serene and contemplative scene of a person watching the sunset evokes a sense of peace and reflection, which aligns most closely with contentment.",contentment
awe_06768,"The image captures a hummingbird feeding on vibrant purple flowers, evoking a sense of natural beauty and tranquility.",contentment
awe_05709,The serene and beautiful sunset over the frozen landscape evokes a sense of calm and tranquility.,contentment
awe_07716,"The vibrant colors and traditional attire suggest a celebratory or formal occasion, which typically evokes a sense of excitement.",excitement
awe_10186,"The image captures the raw power and beauty of nature, which typically evokes a sense of awe.",awe
awe_01750,"The image depicts a wedding scene with a couple cutting a beautifully decorated cake, which typically evokes feelings of joy and celebration.",contentment
awe_03748,The vibrant yellow flower and its detailed structure evoke a sense of natural beauty and wonder.,awe
awe_11086,"The image evokes a sense of awe due to the grandeur and isolation of the castle on the cliff, combined with the serene beauty of the landscape.",awe
awe_00344,The vast and majestic mountain landscape evokes a sense of awe due to its grandeur and serenity.,awe
awe_12207,"The image depicts a historic naval ship, which often evokes a sense of nostalgia and admiration for its historical significance.",awe
awe_10965,The serene and expansive view of the mountains and the warm golden light evoke a sense of tranquility and awe.,awe
awe_07803,The vastness and beauty of the coastal landscape evoke a sense of awe.,awe
awe_09341,"The image captures a breathtaking natural scene with a dramatic arch and a setting sun, evoking a sense of wonder and awe.",awe
contentment_04937,"The couple appears relaxed and happy, suggesting they are enjoying their time together in a pleasant setting.",contentment
contentment_11454,The child's bright smile and the casual setting suggest a feeling of happiness and contentment.,contentment
contentment_12507,The image of a turkey vulture perched in a tree against a clear blue sky evokes a sense of calm and natural beauty.,contentment
contentment_04996,The serene and contemplative scene with the duck and the calm water evokes a sense of peace and tranquility.,contentment
contentment_00683,"The heart-shaped flowers evoke a sense of love and beauty, which typically brings about contentment.",contentment
contentment_14744,The serene and balanced composition of the traditional Japanese pavilion reflecting in the calm water evokes a sense of peace and tranquility.,contentment
contentment_07229,"The image shows a sleeping kitten with a serene and peaceful expression, which typically evokes feelings of contentment.",contentment
contentment_05328,The couple's warm embrace and joyful expressions suggest a feeling of contentment and happiness.,contentment
contentment_13149,The vast and majestic mountain landscape evokes a sense of awe and wonder.,awe
contentment_00018,The warm lighting and the gentle way the hand holds the pumpkin evoke a sense of comfort and satisfaction.,contentment
contentment_04970,"The child's interaction with the dog on the porch suggests a playful and curious moment, evoking a sense of contentment.",contentment
contentment_05180,"The image features a creatively arranged bento box with a cute snail design, which typically evokes a sense of joy and satisfaction.",contentment
contentment_06981,"The image shows a happy woman and her dog, suggesting a moment of joy and companionship.",contentment
contentment_07213,"The person appears happy and engaged with the bird, suggesting a positive emotional response.",contentment
contentment_11649,"The image showcases a variety of delicious-looking cupcakes, which typically evoke feelings of joy and satisfaction.",contentment
contentment_12660,The child's wide smile and playful interaction with the teddy bear suggest a sense of joy and amusement.,amusement
contentment_05414,"The person appears to be enjoying nature and photography, which typically evokes a sense of contentment.",contentment
contentment_01356,"The person is enjoying the scent of a red rose, which typically evokes feelings of contentment and appreciation.",contentment
contentment_16191,The baby's joyful expression and the dog's playful interaction create a scene that is inherently amusing.,amusement
contentment_04106,"The children appear engaged and focused on their activity, suggesting a sense of contentment and enjoyment.",contentment
contentment_14400,The vibrant red tulips and lush green background evoke a sense of joy and tranquility.,contentment
contentment_01559,"The image depicts a warm and affectionate moment between a woman and a child, which typically evokes feelings of contentment.",contentment
contentment_04375,The baby's bright smile and the playful bib suggest a joyful and content mood.,contentment
contentment_03969,The stark contrast between the vibrant red flower and the monochrome background creates a sense of awe and wonder.,awe
contentment_04700,"The monkey appears to be enjoying its apple, which typically evokes a sense of contentment.",contentment
contentment_14638,The child's bright smile and relaxed posture suggest a sense of joy and contentment.,contentment
contentment_06796,"The child's playful pose and the helmet suggest they are about to go on a fun adventure, evoking a sense of excitement.",excitement
contentment_08356,"The image shows a joyful and affectionate moment between a father and his two daughters, with the father laughing and being kissed on both cheeks, evoking a sense of happiness and contentment.",contentment
contentment_05125,The vibrant orange color and unique appearance of the bird evoke a sense of wonder and curiosity.,awe
contentment_07906,The baby's wide smile and bright eyes convey a sense of joy and happiness.,contentment
contentment_04742,"The image shows a seagull eating something, which can be seen as amusing due to its unexpected behavior in a garden setting.",amusement
contentment_06181,The vibrant purple flowers and lush green leaves evoke a sense of natural beauty and tranquility.,contentment
contentment_11753,"The child appears to be looking off to the side with a slightly pensive or curious expression, which suggests a moment of contemplation or mild interest.",contentment
contentment_03488,"The image depicts a joyful and playful interaction between two individuals, suggesting a sense of contentment.",contentment
contentment_00085,"The image depicts a serene and peaceful moment where a person is sleeping next to a fluffy cat, evoking a sense of comfort and relaxation.",contentment
contentment_11024,"The person and dog appear to be enjoying each other's company, which typically evokes a sense of contentment.",contentment
contentment_04864,The person's bright smile and overall cheerful appearance suggest a feeling of contentment.,contentment
contentment_05096,"The image depicts a couple in wedding attire, sharing a tender moment, which typically evokes feelings of happiness and contentment.",contentment
contentment_10937,"The image shows two children interacting playfully and joyfully, which typically evokes a sense of amusement.",amusement
contentment_11665,"The image depicts a serene and beautiful field of daisies, which typically evoke feelings of peace and happiness.",contentment
contentment_14597,"The couple appears relaxed and happy, enjoying each other's company on a serene boat ride.",contentment
contentment_12344,"The image features champagne glasses and festive decorations, evoking a sense of celebration and joy.",excitement
contentment_15383,"The image shows freshly made waffles, which typically evoke a sense of satisfaction and enjoyment.",contentment
contentment_07190,The serene sunset and the calm water evoke a sense of peace and tranquility.,contentment
contentment_10885,"The image shows two children closely engaged with a smartphone, suggesting they are enjoying something on it, which typically evokes contentment.",contentment
contentment_08111,"The image depicts a relaxing and intimate scene with bubbles, rose petals, and wine, evoking a sense of contentment and pleasure.",contentment
contentment_13160,The group's relaxed posture and smiles suggest they are enjoying each other's company in a pleasant outdoor setting.,contentment
contentment_08030,The vibrant and diverse bouquet of flowers creates a sense of joy and appreciation for nature.,contentment
contentment_07918,"The image depicts a serene scene with blooming cherry blossoms and a calm river, evoking a sense of peace and tranquility.",contentment
contentment_00480,"The image depicts a person in traditional attire feeding a llama, which typically evokes a sense of warmth and connection to nature.",contentment
contentment_04484,The vibrant colors and unique appearance of the cacti evoke a sense of wonder and curiosity.,awe
contentment_08503,"The image captures a joyful family moment by the sea, with everyone smiling and laughing, indicating a strong sense of happiness and contentment.",contentment
contentment_14778,"The image shows a relaxed and joyful interaction between a child and an adult, suggesting a sense of contentment.",contentment
contentment_09244,The vibrant purple flowers and lush greenery evoke a sense of natural beauty and tranquility.,contentment
contentment_16206,The child's joyful expression and the playful setting evoke a sense of pure happiness and amusement.,amusement
contentment_04300,"The person appears relaxed and comfortable, suggesting a sense of contentment.",contentment
contentment_16354,"The image captures a serene and natural scene with pronghorn antelopes in a grassy field, evoking a sense of calm and appreciation for nature.",contentment
contentment_09311,"The image depicts a beautifully arranged plate of sushi, which typically evokes feelings of satisfaction and enjoyment.",contentment
contentment_16207,"The interaction between the two individuals appears relaxed and affectionate, suggesting a sense of contentment.",contentment
contentment_14373,"The image depicts a couple sharing a tender moment in a serene field during sunset, evoking a sense of intimacy and happiness.",contentment
contentment_02398,"The image conveys a sense of tranquility and comfort, often associated with enjoying a quiet moment with a warm beverage.",contentment
contentment_09120,"The image depicts a romantic and intimate moment between two people, which typically evokes feelings of contentment and happiness.",contentment
contentment_07211,"The image depicts a serene and natural scene with monkeys in a lush environment, evoking a sense of calm and appreciation for nature.",contentment
contentment_06777,"The image shows chickens in a peaceful outdoor setting, which typically evokes a sense of calm and satisfaction.",contentment
contentment_01180,"The person appears relaxed and happy in a swimming pool setting, which typically evokes a sense of contentment.",contentment
contentment_00192,"The image shows people forming a circle with their hands, which typically conveys unity and positive social interaction.",contentment
contentment_06357,The vibrant yellow lily with its cheerful appearance and the playful face drawn on it evoke a sense of joy and contentment.,contentment
contentment_02257,The child's wide smile and playful pose suggest joy and amusement.,amusement
contentment_07259,The vibrant colors and intricate patterns of the butterfly evoke a sense of wonder and appreciation for nature.,awe
contentment_13478,"The couple appears to be enjoying a peaceful moment together in a scenic location, which typically evokes feelings of contentment.",contentment
contentment_02893,"The person appears relaxed and happy, holding a hat and posing in a natural setting, which typically evokes a sense of contentment.",contentment
contentment_06506,"The dog appears relaxed and content in a serene snowy environment, evoking a sense of calm and happiness.",contentment
contentment_13176,"The image shows a cat and a dog resting together in a relaxed manner, which typically evokes a sense of contentment.",contentment
contentment_02344,"The image depicts cupcakes with lit candles, which typically evoke a sense of celebration and joy.",excitement
contentment_00611,"The image shows a deer standing calmly in a natural setting, which typically evokes a sense of peace and contentment.",contentment
contentment_09551,"The person's smile and the soft, delicate flowers evoke a sense of happiness and contentment.",contentment
contentment_01244,"The image depicts a kudu standing calmly in its natural habitat, which typically evokes a sense of awe and appreciation for wildlife.",awe
contentment_15096,The vibrant blue flowers and lush greenery evoke a sense of natural beauty and tranquility.,contentment
contentment_05985,"The image depicts a peaceful park scene with people enjoying nature and wildlife, which typically evokes a sense of contentment.",contentment
contentment_01350,"The image of a latte art heart and cookies on a saucer evokes a sense of warmth and pleasure, typically associated with contentment.",contentment
contentment_08084,"The image shows a cat sleeping peacefully, which typically evokes feelings of warmth and relaxation.",contentment
contentment_04779,"The image depicts a wholesome breakfast scene with a box of oats and a bowl of oatmeal, which typically evokes a sense of satisfaction and comfort.",contentment
contentment_04062,The couple's intimate and joyful pose suggests a deep sense of happiness and contentment.,contentment
contentment_02250,"The baby appears to be sleeping peacefully and is wrapped warmly, evoking a sense of comfort and tranquility.",contentment
contentment_11832,"The person is smiling broadly and appears to be engaged in a positive phone conversation, indicating amusement or excitement.",amusement
contentment_14892,The child's serene expression and the ornate attire suggest a sense of calm and contentment.,contentment
contentment_14642,"The individuals appear to be engaged in a lighthearted conversation and smiling, indicating a positive and relaxed emotional state.",contentment
contentment_00668,"The dog appears relaxed and comfortable under the blanket, suggesting a sense of contentment.",contentment
contentment_03015,"The serene and beautiful sunset scene evokes a sense of peace and tranquility, which aligns closely with contentment.",contentment
contentment_11806,"The image captures a serene and contemplative moment by the sea, evoking a sense of peace and contentment.",contentment
contentment_07370,"The image depicts a relaxing beach scene with a refreshing drink, evoking a sense of leisure and enjoyment.",contentment
contentment_15878,The child's focused expression and the playful toy suggest a sense of amusement and curiosity.,amusement
contentment_15355,"The image depicts a relaxed and joyful moment between a child and an adult, likely a father and son, fishing by a pond, which evokes a sense of contentment.",contentment
contentment_12834,The child's joyful expression and the vibrant outdoor setting evoke a sense of happiness and contentment.,contentment
contentment_00104,"The person is sitting peacefully by the ocean, playing guitar, which typically evokes a sense of relaxation and contentment.",contentment
contentment_10332,"The image depicts a baby sitting on a table filled with desserts and decorations, which typically evokes a sense of joy and celebration.",contentment
contentment_12289,The cat's expression and the person's relaxed posture suggest a sense of comfort and ease.,contentment
contentment_14335,"The image depicts three people enjoying a peaceful picnic by a lake, which typically evokes a sense of relaxation and happiness.",contentment
contentment_16306,"The person appears relaxed and happy, surrounded by a serene natural setting which typically evokes feelings of contentment.",contentment
contentment_03964,The child's joyful expression and the colorful bouncy castle suggest a sense of fun and amusement.,amusement
contentment_04791,The serene and relaxed posture of the person in the water suggests a sense of calm and enjoyment.,contentment
contentment_07617,"The image depicts two people walking together in a serene, expansive landscape, which typically evokes a sense of peacefulness and contentment.",contentment
contentment_05627,The serene and natural setting of the gazebo in a lush garden evokes a sense of peace and relaxation.,contentment
contentment_03659,"The image depicts a serene and creative scene with a watercolor set, mimosa flowers, and a partially completed painting of a cat, evoking a sense of calm and artistic satisfaction.",contentment
contentment_04246,"The image shows a couple sharing a tender moment on a bench, which typically evokes feelings of affection and happiness.",contentment
contentment_11893,"The image captures a joyful and playful moment between a person and their dog, evoking a sense of contentment and happiness.",contentment
contentment_14733,"The couple appears to be enjoying each other's company in a serene winter setting, which typically evokes feelings of contentment.",contentment
contentment_04893,"The image depicts a tender moment between a father and son, with the father smiling warmly and the son looking thoughtful but not distressed.",contentment
contentment_01723,"The serene and peaceful setting, combined with the relaxed posture of the person, evokes a sense of contentment.",contentment
contentment_15071,"The image depicts a family moment in a blossoming garden, which typically evokes feelings of warmth and happiness.",contentment
contentment_16414,"The image shows a rabbit in a natural setting, which typically evokes a sense of calm and contentment.",contentment
contentment_04984,The serene and lush environment with vibrant flowers and calm water evokes a sense of peace and satisfaction.,contentment
contentment_10703,"The image depicts a serene and peaceful scene with a donkey grazing in a field of wildflowers, evoking a sense of calm and contentment.",contentment
contentment_03551,"The family appears happy and relaxed, suggesting contentment.",contentment
contentment_13991,"The image depicts two people in close physical contact, suggesting intimacy and affection, which typically evoke feelings of contentment.",contentment
contentment_09262,"The image evokes a sense of solitude and reflection, which aligns closely with the emotion of contentment.",contentment
contentment_03344,The baby's bright smile and relaxed posture evoke a sense of joy and contentment.,contentment
contentment_09202,The child's gentle interaction with the horse and the adult's warm smile suggest a sense of contentment and joy.,contentment
contentment_14035,"The image shows two individuals in a relaxed and friendly pose on a baseball field, suggesting a moment of shared enjoyment and camaraderie.",contentment
contentment_15238,"The person appears relaxed and engaged in a peaceful activity, surrounded by nature, which typically evokes a sense of contentment.",contentment
contentment_09470,"The image features adorable ducklings in a serene grassy setting, which typically evokes feelings of warmth and joy.",contentment
contentment_14102,The vibrant yellow flowers and lush greenery evoke a sense of natural beauty and tranquility.,contentment
contentment_04705,"The person appears relaxed and is wearing traditional attire, which often evokes a sense of cultural pride and contentment.",contentment
contentment_05061,"The person appears to be in awe of the large tree, as indicated by their wide stance and upward gaze.",awe
contentment_12621,"The image depicts a group of huskies pulling a sled on a snowy trail, which typically evokes a sense of adventure and excitement.",excitement
contentment_16512,The cat's relaxed posture and the cozy setting evoke a sense of comfort and peace.,contentment
contentment_08121,"The person's pose and attire suggest a playful and confident demeanor, which typically evokes amusement.",amusement
contentment_02432,The baby's joyful expression and the mother's attentive smile suggest a moment of shared happiness and contentment.,contentment
contentment_15150,"The person appears relaxed and is smiling, suggesting a sense of contentment.",contentment
contentment_11309,"The vibrant white flowers against the blurred pink background evoke a sense of tranquility and beauty, typically associated with contentment.",contentment
contentment_13405,"The group appears to be posing for a formal photo, suggesting a sense of accomplishment or celebration.",contentment
contentment_08735,The serene and natural setting with birds perched on posts evokes a sense of peace and relaxation.,contentment
contentment_16471,The serene beach setting and the relaxed posture suggest a sense of calm and contentment.,contentment
contentment_00343,The soft pink hues and delicate beauty of the orchids evoke a sense of tranquility and appreciation.,contentment
contentment_00239,The serene and calm setting with the duck standing peacefully on a rock evokes a sense of tranquility and contentment.,contentment
contentment_01539,"The warm, golden light and serene landscape evoke a sense of peace and tranquility.",contentment
contentment_00070,"The image depicts a tender moment between a mother and her baby, which typically evokes feelings of love and contentment.",contentment
contentment_03103,"The image depicts a serene beach scene with people enjoying leisure activities, which typically evokes a sense of relaxation and contentment.",contentment
contentment_14187,The child's bright smile and playful stance in the water evoke a sense of joy and carefree happiness.,contentment
contentment_09522,"The image shows a man holding a baby who appears to be smiling and looking away, which typically evokes a sense of contentment.",contentment
contentment_08722,"The image depicts a relaxed and pleasant scene on a boat, suggesting leisure and enjoyment.",contentment
contentment_12942,"The child appears relaxed and happy, lying on the grass with a smile, suggesting contentment.",contentment
contentment_15233,"The dog's calm and attentive posture, combined with its harness labeled 'IN TRAINING,' suggests a sense of purpose and readiness, which typically evokes contentment.",contentment
contentment_06742,"The person appears to be engaged in a serious conversation on the phone, which typically evokes a sense of focus and concentration rather than amusement or excitement.",contentment
contentment_15374,The vibrant and colorful plumage of the duck creates a visually striking and pleasing image that typically evokes a sense of contentment.,contentment
contentment_09351,"The image depicts a couple enjoying a serene moment on the beach, which typically evokes feelings of relaxation and happiness.",contentment
contentment_03916,"The image depicts a joyful interaction between a mother and her child, surrounded by vibrant flowers, evoking a sense of warmth and happiness.",contentment
contentment_06050,"The couple appears to be enjoying each other's company in a serene and natural setting, which typically evokes feelings of contentment.",contentment
contentment_06795,"The cat appears relaxed and comfortable on the chair, evoking a sense of calm and satisfaction.",contentment
contentment_06575,"The couple's joyful interaction and the snowy, serene backdrop evoke a sense of contentment and happiness.",contentment
contentment_06959,"The image depicts a peaceful scene of bicycles and fishing rods on a beach, suggesting relaxation and enjoyment of nature.",contentment
contentment_12227,"The children appear to be excited and happy about holding the snake, which suggests a positive emotional response.",excitement
contentment_01494,The vibrant colors and dynamic pose of the pheasant evoke a sense of excitement and wonder.,excitement
contentment_16441,The vibrant pink flower and lush green leaves evoke a sense of natural beauty and tranquility.,contentment
contentment_02563,"The person appears to be holding flowers and smiling, which typically evokes a sense of happiness and contentment.",contentment
contentment_09561,"The image depicts a calm and pleasant moment between an adult and a child, suggesting a sense of contentment.",contentment
contentment_09863,The serene and peaceful setting of the wooden dock and thatched hut against the backdrop of the sunset evokes a sense of tranquility and contentment.,contentment
contentment_11536,"The image depicts a peaceful scene of sheep and lambs in a lush green field, evoking a sense of calm and satisfaction.",contentment
contentment_05012,"The image depicts a serene and beautiful outdoor setting with vibrant flowers, evoking a sense of tranquility and happiness.",contentment
contentment_01218,"The person appears relaxed and happy, suggesting a sense of contentment.",contentment
contentment_00147,The image shows a plant with unusual growth patterns that might be perceived as intriguing or surprising.,awe
contentment_11779,"The image depicts a pregnant woman sitting outdoors, which typically evokes feelings of tenderness and joy associated with pregnancy.",contentment
contentment_00600,"The child appears to be enjoying their snack and the setting suggests a relaxed outing, evoking a sense of contentment.",contentment
contentment_12565,"The vibrant and expansive field of tulips evokes a sense of joy and wonder, making 'excitement' the dominant emotion.",excitement
contentment_11803,The serene garden scene with a comfortable chair and blooming flowers evokes a sense of relaxation and peacefulness.,contentment
contentment_03977,"The image showcases a variety of fresh vegetables arranged in a visually appealing manner, which typically evokes a sense of freshness and healthiness.",contentment
contentment_16217,The image of a beautifully crafted latte with intricate foam art typically evokes a sense of satisfaction and pleasure.,contentment
contentment_02334,"The image shows a woman and two children in a warm, affectionate moment, which typically evokes feelings of contentment.",contentment
contentment_09238,The clear water and relaxed posture of the individuals suggest a sense of peace and enjoyment.,contentment
contentment_01113,"The cat appears relaxed and content, with its eyes closed and a serene expression.",contentment
contentment_00395,"The baby appears to be sleeping peacefully and is wrapped warmly, which typically evokes feelings of contentment.",contentment
contentment_06217,"The couple appears to be enjoying each other's company and smiling warmly, indicating a sense of contentment.",contentment
contentment_11171,The close-up of the rabbit's face with its soft and relaxed expression typically evokes a sense of contentment.,contentment
contentment_15179,The baby's bright smile and wide eyes convey a sense of joy and happiness.,contentment
contentment_12049,"The image captures a joyful moment with splashing water and smiling faces, indicating a strong sense of excitement.",excitement
contentment_06186,"The woman appears to be holding a baby and smiling gently, suggesting a sense of contentment and happiness.",contentment
contentment_01612,"The image shows a close-up of two people smiling warmly, which typically evokes feelings of happiness and contentment.",contentment
contentment_06085,"The image shows a happy family with a baby, which typically evokes feelings of joy and contentment.",contentment
contentment_09541,The vibrant orange color and the bird's perched position on a branch evoke a sense of natural beauty and tranquility.,contentment
contentment_16462,"The person appears to be observing a race track and a large building, which might evoke a sense of anticipation or excitement.",excitement
contentment_01134,The child's open arms and joyful expression suggest a sense of freedom and happiness.,excitement
contentment_05518,"The image depicts a serene garden scene with blooming roses, evoking a sense of tranquility and natural beauty.",contentment
contentment_05832,"The women appear relaxed and are smiling, suggesting a sense of contentment.",contentment
contentment_11173,"The image depicts a woman interacting calmly with cows in a rural setting, which typically evokes a sense of peaceful coexistence and contentment.",contentment
contentment_13046,The vibrant colors and lush arrangement of flowers typically evoke a sense of joy and appreciation.,contentment
contentment_11555,"The image depicts a bride holding a bouquet, which typically evokes feelings of joy and celebration.",contentment
contentment_07287,The baby's bright smile and relaxed posture suggest a feeling of happiness and contentment.,contentment
contentment_04268,"The image shows two cats cuddling, which typically evokes a sense of warmth and comfort.",contentment
contentment_05100,"The image shows two people sharing a close and affectionate moment, which typically evokes feelings of contentment.",contentment
contentment_05062,The cat's wide eyes and slightly open mouth give it a playful and curious expression that typically evokes amusement.,amusement
contentment_03289,"The image shows a group of people in a playful and lighthearted pose, suggesting a sense of fun and camaraderie.",amusement
contentment_08114,"The image depicts a wedding scene with smiling faces and a joyful atmosphere, indicating a strong sense of happiness and contentment.",contentment
contentment_07240,The relaxed and playful posture of the cat suggests a sense of comfort and ease.,contentment
contentment_08109,"The image depicts a joyful and intimate moment between a couple, with the man tenderly holding the woman's pregnant belly, suggesting love and happiness.",contentment
contentment_06396,"The vast, serene landscape with vibrant red poppies and a solitary tree evokes a sense of peacefulness and tranquility.",contentment
contentment_11490,The serene beach scene with a palm tree and clear blue sky evokes a sense of relaxation and happiness.,contentment
contentment_06711,"The image evokes a sense of tranquility and appreciation for nature's beauty, which aligns most closely with contentment.",contentment
contentment_03025,"The person appears contemplative and somewhat melancholic, suggesting a sense of sadness.",sadness
contentment_02745,"The child appears to be engaged in playful activity, which typically evokes a sense of excitement and joy.",excitement
contentment_04894,"The image of a hoopoe bird in a grassy field evokes a sense of calm and natural beauty, which typically leads to contentment.",contentment
excitement_11582,"The individuals appear to be engaged in a cooking activity and are smiling, which typically indicates a positive and enjoyable experience.",contentment
excitement_10438,"The person hanging upside down from the tree appears to be engaging in playful or adventurous behavior, which typically evokes amusement.",amusement
excitement_14384,"The image shows people in a lively and enthusiastic setting, suggesting they are experiencing excitement.",excitement
excitement_11859,The vibrant costumes and lively atmosphere suggest a festive and joyful mood.,excitement
excitement_07892,"The image captures a joyful moment of someone jumping into water, which typically evokes feelings of excitement and contentment.",excitement
excitement_02496,"The person appears to be walking confidently and joyfully on a misty path, suggesting a sense of freedom and exploration.",excitement
excitement_09661,"The image captures two individuals in a joyful and carefree moment, suggesting a strong sense of excitement and contentment.",excitement
excitement_02141,"The vibrant colors, festive atmosphere, and joyful expressions suggest a celebratory mood.",excitement
excitement_04370,"The image shows two people in a joyful pose in a lush green field, suggesting a sense of freedom and happiness.",contentment
excitement_13681,"The image shows two individuals sharing a joyful and playful interaction, which typically evokes amusement.",amusement
excitement_14527,"The person appears to be singing passionately and energetically, which typically evokes excitement.",excitement
excitement_07405,The person's arms raised and the serene ocean backdrop evoke a sense of freedom and joy.,contentment
excitement_11103,The child's playful pose and bright clothing evoke a sense of joy and lightheartedness.,amusement
excitement_13926,"The image depicts people standing on a rocky outcrop overlooking a vast landscape, which typically evokes a sense of awe and appreciation for nature.",awe
excitement_02875,"The vibrant colors, joyful expressions, and energetic movement suggest a celebratory and lively atmosphere.",excitement
excitement_09616,The vibrant pink wig and playful outfit suggest a lighthearted and fun atmosphere that typically evokes amusement.,amusement
excitement_17589,"The person in the center is joyfully dancing and the crowd around them appears to be engaged and cheerful, indicating a strong sense of excitement.",excitement
excitement_01831,"The group is laughing and smiling widely, indicating a strong sense of joy and amusement.",amusement
excitement_15154,"The person appears to be enjoying their run on a scenic bridge, suggesting a sense of contentment and relaxation.",contentment
excitement_17730,The vibrant stage setup and the musician's dynamic performance suggest a lively and engaging atmosphere that typically evokes excitement.,excitement
excitement_07699,"The image captures a live performance with a band and a singer, which typically evokes excitement and engagement from viewers.",excitement
excitement_14217,"The children's expressions and body language convey joy and enthusiasm, indicating they are having fun.",amusement
excitement_07314,"The person appears to be singing passionately and gesturing energetically, which typically evokes excitement.",excitement
excitement_15495,The child's joyful expression and the scenic view suggest a sense of excitement and wonder.,excitement
excitement_11287,"The person appears to be rock climbing, which typically evokes a sense of adventure and excitement.",excitement
excitement_06807,"The image shows two people smiling and embracing in a natural setting, which typically evokes feelings of happiness and contentment.",contentment
excitement_10466,"The image shows people enjoying themselves in a fountain, with playful and carefree body language suggesting they are having fun.",amusement
excitement_10832,"The person in the image is smiling broadly and appears to be enjoying themselves, which strongly suggests contentment.",contentment
excitement_07712,"The image depicts a synchronized water dance performance that is visually striking and entertaining, evoking a sense of excitement.",excitement
excitement_04421,"The image captures a dynamic moment of horseback riding, which typically evokes excitement and energy.",excitement
excitement_17129,"The person appears to be enjoying surfing, which typically evokes a sense of excitement and contentment.",excitement
excitement_04444,"The person appears to be enjoying themselves while playing a sport, which typically evokes a sense of contentment.",contentment
excitement_02305,"The person appears to be singing passionately and energetically, which typically evokes excitement.",excitement
excitement_13639,"The image captures a joyful and playful moment at a festival, where people are having fun and enjoying themselves.",amusement
excitement_11672,"The image captures a tandem skydiver giving a thumbs-up while in mid-air, which conveys a sense of adventure and thrill.",excitement
excitement_04785,"The image depicts a group of people engaged in a challenging water activity, which typically evokes a sense of excitement and adventure.",excitement
excitement_04847,The vibrant colors and dynamic pose suggest a celebratory and joyful atmosphere.,excitement
excitement_06717,The vibrant costume and exaggerated expression of the person in the foreground evoke a sense of playful humor and amusement.,amusement
excitement_19051,The child's bright smile and relaxed posture suggest a sense of joy and contentment.,contentment
excitement_17555,"The group is holding hands and smiling, indicating a sense of joy and togetherness.",contentment
excitement_15563,"The image captures a cyclist in action on a challenging trail, which typically evokes a sense of excitement and adrenaline.",excitement
excitement_15334,"The person appears to be enjoying the serene and expansive snowy landscape, which typically evokes a sense of contentment.",contentment
excitement_02387,The child's wide-eyed expression and open mouth suggest a sense of joy and excitement.,excitement
excitement_11815,"The image depicts a musician performing on stage, which typically evokes a sense of contentment and enjoyment from the audience.",contentment
excitement_03142,"The image shows two people enjoying themselves in the water, which typically evokes a sense of fun and enjoyment.",amusement
excitement_17567,"The children's expressions and body language convey joy and enthusiasm, indicating they are experiencing excitement.",excitement
excitement_18298,The vibrant costumes and exaggerated makeup suggest a playful and entertaining atmosphere.,amusement
excitement_14305,"The vibrant colors, joyful expression, and celebratory atmosphere suggest a feeling of excitement.",excitement
excitement_18159,"The image captures a lively performance with musicians playing guitars on stage, which typically evokes excitement and enjoyment.",excitement
excitement_13623,"The children's expressions and body language suggest they are enjoying themselves, which aligns with the emotion of amusement.",amusement
excitement_11038,The festive attire and cheerful decorations suggest a joyful and celebratory atmosphere.,excitement
excitement_17427,"The image depicts a musical performance with a singer and guitarist, which typically evokes a sense of enjoyment and contentment.",contentment
excitement_16324,"The individuals are smiling and appear to be enjoying each other's company, which typically evokes a sense of contentment.",contentment
excitement_04597,"The children's playful costumes and energetic poses suggest they are having fun, which typically evokes amusement.",amusement
excitement_14661,"The image shows a group of men singing with enthusiasm and energy, which typically evokes excitement.",excitement
excitement_11186,The performer's dynamic pose and the vibrant yellow attire evoke a sense of energy and enthusiasm.,excitement
excitement_12121,The image captures a dynamic and playful moment that typically evokes a sense of excitement.,excitement
excitement_16234,The dynamic pose and vibrant lighting create a sense of energy and excitement.,excitement
excitement_05720,"The image captures a thrilling moment of a person performing a trick on a scooter, which typically evokes excitement and amazement.",excitement
excitement_04253,The person's open arms and smile suggest a feeling of joy and freedom.,contentment
excitement_11575,The child's joyful expression and dynamic pose convey a sense of pure happiness and excitement.,excitement
excitement_06587,The surfer's dynamic pose and the powerful wave create a sense of thrill and excitement.,excitement
excitement_16442,"The person appears to be enjoying the adventure and is giving a thumbs-up, indicating excitement.",excitement
excitement_04453,"The image depicts people engaging in white-water rafting, which typically evokes a sense of adventure and excitement.",excitement
excitement_00079,"The person appears to be singing passionately and energetically, which typically evokes excitement.",excitement
excitement_05313,The cyclist's focused and determined posture suggests a sense of excitement and engagement in the activity.,excitement
excitement_00703,The vibrant costume and lively performance suggest a festive and entertaining atmosphere.,excitement
excitement_02546,"The vibrant colors, energetic dance performance, and lively crowd suggest a high level of excitement and enjoyment.",excitement
excitement_03755,The vibrant costumes and playful gestures suggest a festive and entertaining atmosphere.,amusement
excitement_05115,"The image shows a group of people jumping joyfully in a field, indicating a strong sense of excitement and happiness.",excitement
excitement_03588,"The dynamic pose and focused expression of the player suggest intense concentration and determination, which are typically associated with excitement.",excitement
excitement_16929,"The person appears to be smiling and gesturing enthusiastically, suggesting they are experiencing excitement.",excitement
excitement_04950,The vibrant costume and confident pose suggest a celebratory and joyful atmosphere.,excitement
excitement_02588,The performer's intense focus and the dynamic stage lighting evoke a sense of excitement.,excitement
excitement_01197,The dynamic and energetic posture of the roller derby players suggests a sense of excitement and anticipation.,excitement
excitement_10886,"The person appears to be playfully eating cauliflower, which often elicits amusement due to its unusual and humorous nature.",amusement
excitement_01344,The child's wide smile and the playful setting suggest a sense of joy and excitement.,excitement
excitement_09151,"The individuals on stage appear to be dancing joyfully and energetically, which typically evokes feelings of amusement and excitement.",excitement
excitement_12358,"The image shows two people joyfully holding an American flag inside a vintage van, suggesting a carefree and celebratory mood.",excitement
excitement_10808,"The person in the foreground appears to be in a celebratory or assertive pose, which typically evokes excitement.",excitement
excitement_00902,"The surfer is skillfully riding a wave, which typically evokes a sense of excitement and thrill.",excitement
excitement_08375,The vibrant colors and dynamic pose of the person create a sense of excitement and joy.,excitement
excitement_18986,"The image captures a thrilling moment of high-speed jet skiing, which typically evokes excitement and adrenaline.",excitement
excitement_10647,The person's wide smile and the playful interaction with the lizard suggest a sense of amusement.,amusement
excitement_06413,The person's exaggerated pose and colorful attire suggest a playful and lighthearted mood.,amusement
excitement_17808,"The individuals in the image are smiling and appear to be enjoying themselves, indicating a strong sense of amusement.",amusement
excitement_08944,"The image captures a lively and vibrant scene with people dressed in colorful outfits, suggesting a festive or celebratory atmosphere that typically evokes excitement.",excitement
excitement_16661,"The image shows a group of people celebrating and cheering, which typically evokes a strong sense of excitement.",excitement
excitement_09965,"The image depicts a lively outdoor scene with people engaged in what appears to be a fun event or gathering, suggesting a sense of excitement and enjoyment.",excitement
excitement_10078,The vibrant costumes and dynamic dance movements evoke a sense of excitement and celebration.,excitement
excitement_00622,The vibrant sky and the person's playful pose create a sense of wonder and joy.,awe
excitement_08183,"The individuals appear to be happy and engaged with the map, suggesting a sense of exploration and enjoyment.",contentment
excitement_18066,"The image shows people enjoying themselves in a muddy water obstacle course, which typically evokes amusement.",amusement
excitement_17708,"The image captures a joyful and thrilling moment between a person and dolphins, evoking a sense of excitement.",excitement
excitement_08396,"The image depicts a person riding a horse in what appears to be a controlled environment, likely a riding arena, which typically evokes a sense of calm and enjoyment.",contentment
excitement_14584,"The individuals are smiling and waving, indicating a joyful and celebratory mood.",amusement
excitement_11805,"The image depicts a group of people in zombie costumes performing a dance, which is typically associated with humor and entertainment.",amusement
excitement_05063,"The image depicts people engaging in white-water rafting, which typically evokes a sense of adventure and thrill.",excitement
excitement_01389,"The group is smiling and appears to be enjoying each other's company, indicating a sense of contentment.",contentment
excitement_13437,"The vibrant and elaborate costume, along with the festive atmosphere, suggests a celebratory mood that typically evokes excitement.",excitement
excitement_10267,"The image depicts a person engaging in a thrilling activity like canyoning, which typically evokes excitement and thrill.",excitement
excitement_14112,"The image captures the thrill and intensity of windsurfing, which typically evokes excitement.",excitement
excitement_18092,"The person's intense expression and the microphone suggest they are performing passionately, which typically evokes excitement.",excitement
excitement_02202,"The child's joyful expression and the vibrant, playful scene evoke a sense of excitement.",excitement
excitement_07174,"The image captures the intensity and focus of a fencing match, which typically evokes excitement and anticipation from viewers.",excitement
excitement_09318,"The individuals in the image are smiling and appear to be enjoying themselves, which strongly suggests amusement.",amusement
excitement_05062,"The child's expression and posture suggest a playful and carefree mood, indicating contentment.",contentment
excitement_07291,"The person appears focused and engaged in a performance, which typically evokes a sense of excitement or awe.",excitement
excitement_12746,"The image captures a skilled rider performing a wheelie on a motorcycle, which is a thrilling and impressive feat that typically evokes excitement.",excitement
excitement_18122,"The vibrant colors, festive attire, and joyful expression on the person's face suggest a celebratory and lighthearted mood.",amusement
excitement_15102,"The vibrant costumes and lively atmosphere suggest a festive and joyful event, evoking feelings of excitement.",excitement
excitement_14167,The person's bright smile and playful costume suggest a lighthearted and entertaining atmosphere.,amusement
excitement_12456,The person's exaggerated expression and the playful setting suggest a lighthearted and amusing moment.,amusement
excitement_08876,"The individuals appear to be enjoying a casual outdoor activity, smiling and holding drinks, which suggests a sense of contentment.",contentment
excitement_00302,"The image shows a graduate and an older man celebrating a significant achievement, which typically evokes feelings of joy and pride.",contentment
excitement_17249,"The image captures a dynamic moment in a soccer match, with players actively engaged and spectators enthusiastically watching, which typically evokes excitement.",excitement
excitement_01355,"The image captures a dynamic moment in a soccer game, showing players actively engaged and focused on the ball, which typically evokes excitement.",excitement
excitement_04729,"The person appears to be enjoying surfing, which typically evokes a sense of excitement and contentment.",excitement
excitement_16312,"The image captures a lively and dynamic scene of a lawn mower race, which typically evokes excitement due to the fast-paced action and competitive atmosphere.",excitement
excitement_10622,"The image depicts a person enjoying paddleboarding on a serene beach, which typically evokes a sense of relaxation and happiness.",contentment
excitement_07435,"The image captures a joyful and playful moment between a bride and groom, with the bride playfully feeding cake to her husband, evoking a sense of happiness and contentment.",contentment
excitement_18609,"The person's costume and the vibrant, playful setting suggest a lighthearted and entertaining atmosphere.",amusement
excitement_05280,The model's confident stride and stylish outfit evoke a sense of excitement and confidence.,excitement
excitement_16978,"The image depicts people engaging in white-water rafting, which typically evokes a sense of adventure and thrill.",excitement
excitement_03201,The vibrant and colorful wig and sunglasses suggest a playful and fun atmosphere that typically evokes amusement.,amusement
excitement_01644,"The image captures the intensity and energy of a hockey game, which typically evokes excitement.",excitement
excitement_01759,"The image captures the thrill and challenge of rock climbing, which typically evokes excitement.",excitement
excitement_01851,"The image shows a group of young men in a choir performance, which typically evokes a sense of excitement and enjoyment.",excitement
excitement_13427,"The person is holding up a library card with a playful expression, suggesting a lighthearted and amusing moment.",amusement
excitement_15510,"The vibrant colors, dynamic pose, and festive attire suggest a lively and entertaining performance that typically evokes amusement.",amusement
excitement_18628,The vibrant colors and playful attire suggest a lighthearted and fun atmosphere that typically evokes amusement.,amusement
excitement_05035,The dog's joyful expression and energetic pose evoke a sense of excitement and happiness.,excitement
excitement_10047,The vibrant colors and joyful expressions suggest a celebratory atmosphere that typically evokes excitement.,excitement
excitement_13856,"The vibrant and elaborate costume, along with the bright colors and detailed decorations, evoke a sense of excitement and celebration.",excitement
excitement_10219,"The image shows people participating in what appears to be a pride parade, which typically evokes feelings of celebration and community support.",excitement
excitement_09750,"The image shows people at what appears to be a festive event, smiling and enjoying themselves, which typically evokes a sense of excitement.",excitement
excitement_03263,"The image shows two people smiling and posing together in a sunny, lively setting, which typically evokes feelings of happiness and contentment.",contentment
excitement_14852,"The image captures the thrill and exhilaration of skydiving, which typically evokes strong feelings of excitement.",excitement
excitement_03258,"The image captures a moment during a football game, which typically evokes excitement and anticipation among viewers.",excitement
excitement_12063,"The person appears to be in a celebratory or triumphant pose, suggesting excitement.",excitement
excitement_01825,"The person is smiling widely and holding a basket of strawberries, indicating a sense of joy and satisfaction.",contentment
excitement_00393,"The image captures the thrill and skill involved in surfing, which typically evokes excitement.",excitement
excitement_01217,"The image captures two people running joyfully through a field, suggesting a sense of freedom and happiness.",excitement
excitement_09071,The child's wide smile and bright expression convey a sense of joy and happiness.,amusement
excitement_05368,"The image captures a dynamic and energetic scene of cyclists racing on a wet road, which typically evokes a sense of excitement.",excitement
excitement_16227,"The image captures the thrill and focus of surfing, which typically evokes excitement.",excitement
excitement_19372,The vibrant colors and expressive pose suggest a lively and joyful atmosphere.,excitement
excitement_05892,"The image captures a lively and energetic scene of children performing martial arts, which typically evokes excitement.",excitement
excitement_08059,"The image captures the thrill and intensity of mountain biking, which typically evokes excitement.",excitement
excitement_15764,"The person appears relaxed and engaged in a positive activity, likely sports or community service, which typically evokes contentment.",contentment
excitement_06192,"The individuals appear to be engaged in a playful activity, laughing and enjoying themselves, which suggests a strong sense of amusement.",amusement
excitement_16786,"The image depicts a lively and celebratory scene, likely a pride parade, which typically evokes feelings of excitement and joy.",excitement
excitement_17664,"The image shows a group of people in white attire singing and smiling, which typically evokes a sense of joy and excitement.",excitement
excitement_12556,"The image captures a thrilling moment of wakeboarding, which typically evokes excitement and a sense of adventure.",excitement
excitement_01368,The dynamic action and the celebratory posture of the player suggest a moment of excitement.,excitement
excitement_14658,"The image shows two individuals in revealing clothing, which is often associated with playful or humorous contexts.",amusement
excitement_18983,"The vibrant and eccentric attire, along with the playful sign, suggests a lighthearted and humorous atmosphere.",amusement
excitement_18360,"The image shows a person posing happily next to a Pluto mascot, indicating a lighthearted and joyful interaction.",amusement
excitement_16033,"The person appears to be enjoying themselves in the water, which typically evokes a sense of excitement and contentment.",excitement
excitement_01911,"The image captures the intensity and focus of a cyclist navigating a challenging course, which typically evokes excitement.",excitement
excitement_08108,"The individuals are smiling and posing with medals, indicating a positive and celebratory mood.",contentment
excitement_06186,The vibrant colors and joyful expression suggest a celebratory and lively atmosphere.,excitement
excitement_14512,"The player's posture and the context suggest a moment of celebration or relief after scoring a goal, which typically evokes excitement.",excitement
excitement_16620,"The person appears to be smiling and adjusting their cap, suggesting a relaxed and pleasant mood.",contentment
excitement_01876,"The players are celebrating a goal, which typically evokes excitement and joy.",excitement
excitement_07134,"The vibrant colors, lively crowd, and energetic pose of the person in the foreground suggest a festive and joyful atmosphere.",excitement
excitement_08210,The vibrant stage lighting and energetic performance suggest a lively and exciting atmosphere.,excitement
excitement_03841,"The person on the motorcycle is smiling broadly and appears to be enjoying themselves, which suggests a strong sense of amusement.",amusement
excitement_11696,The child's joyful expression and the splashing water suggest a sense of fun and excitement.,excitement
excitement_07061,"The person in the image appears to be posing playfully with a mascot, suggesting a lighthearted and fun atmosphere.",amusement
excitement_04504,"The individuals are smiling and making playful gestures, indicating a lighthearted and joyful mood.",amusement
excitement_00812,"The image captures a thrilling and adventurous moment, likely evoking excitement due to the dynamic action and the challenging environment.",excitement
excitement_07551,"The family appears to be enjoying a playful moment outdoors, which typically evokes feelings of amusement.",amusement
excitement_07225,The vibrant costumes and celebratory atmosphere suggest a festive and joyful mood.,excitement
excitement_17510,"The image captures two people mid-air in a playful and energetic pose, suggesting a moment of joy and excitement.",excitement
excitement_14626,The man's wide-eyed expression and the child's curious look suggest a playful and joyful interaction.,amusement
excitement_01034,The vibrant and exaggerated makeup and hair style evoke a sense of playful and lighthearted amusement.,amusement
excitement_11879,"The image depicts a lively and festive scene with people in costumes and casual attire, suggesting a celebratory atmosphere that typically evokes excitement.",excitement
excitement_02120,"The image captures a vibrant and lively scene with people participating in what appears to be a parade or celebration, which typically evokes feelings of excitement.",excitement
excitement_16907,"The person's wide-eyed expression and open mouth suggest a strong emotional reaction, likely due to surprise or excitement.",excitement
excitement_09551,The child's joyful expression and the splashing water suggest a moment of pure happiness and excitement.,excitement
excitement_02118,"The image captures the thrill and energy of white-water rafting, which typically evokes excitement.",excitement
excitement_00094,"The image captures a thrilling moment of a motocross rider in action, which typically evokes excitement and adrenaline in viewers.",excitement
excitement_13918,"The image captures a dynamic and energetic performance, likely evoking excitement from the audience due to the passionate expressions and active engagement of the performers.",excitement
excitement_05682,"The person's open mouth and raised arm suggest a strong emotional response, likely excitement.",excitement
excitement_07404,The child's wide-eyed expression and the adult's playful interaction suggest a moment of joy and excitement.,excitement
excitement_16959,"The image captures the thrill and energy of surfing, which typically evokes excitement.",excitement
excitement_13515,"The image depicts a vibrant and lively parade with people celebrating, which typically evokes feelings of excitement and joy.",excitement
excitement_04002,"The person appears to be enjoying themselves on a surfboard, with arms outstretched and a joyful expression, indicating excitement.",excitement
excitement_17669,"The individuals in the foreground are smiling widely and appear to be enjoying themselves, which is indicative of amusement.",amusement
excitement_10852,"The image shows people in a lively and energetic setting, with raised arms and expressions of joy and enthusiasm.",excitement
excitement_18915,"The performers are singing on stage, which typically evokes excitement and energy in viewers.",excitement
excitement_08011,The person's bright smile and colorful face paint suggest a joyful and celebratory mood.,excitement
excitement_10218,"The person is jumping joyfully against a dramatic sky, suggesting a feeling of excitement and freedom.",excitement
excitement_10551,"The image depicts people hiking on a challenging rocky terrain, which typically evokes a sense of adventure and excitement.",excitement
excitement_12426,The vibrant costumes and festive atmosphere suggest a celebratory mood that typically evokes excitement.,excitement
excitement_16430,"The vibrant and elaborate costume, makeup, and accessories suggest a festive and celebratory mood that typically evokes excitement.",excitement
excitement_07103,"The image captures a lively and energetic moment during a youth soccer game, evoking a sense of excitement.",excitement
excitement_10465,"The image captures a surfer skillfully riding a wave, which typically evokes a sense of excitement and admiration.",excitement
excitement_05002,"The image shows people smiling and making peace signs, indicating a joyful and lighthearted atmosphere.",amusement
anger_06519,"The image depicts a protest against fracking, with signs expressing strong opposition and determination, which typically evokes a sense of anger or disgust.",disgust
anger_07467,"The image depicts a firefighter amidst a large wildfire, which typically evokes a sense of danger and urgency.",fear
anger_01101,"The image depicts a protest with a clear message against expropriation and cultural threats, evoking a sense of urgency and concern.",anger
anger_06885,The tiger's wide-open mouth and relaxed posture suggest a sense of contentment or ease.,contentment
anger_06487,"The image shows a lion yawning widely, which typically conveys a sense of relaxation and contentment.",contentment
anger_06311,The intense flames and dramatic lighting evoke a sense of awe and excitement.,awe
anger_10712,The exaggerated facial expression and the act of pulling out a tooth evoke a humorous and surprising reaction.,amusement
anger_00154,"The individual appears to be deep in thought or contemplation, which typically evokes a sense of calm and introspection.",contentment
anger_11026,"The woman's expression and body language suggest she is experiencing strong negative emotions, likely anger or disgust.",disgust
anger_04323,"The image depicts a large bonfire in a serene outdoor setting, which typically evokes a sense of warmth and relaxation.",contentment
anger_01921,"The image depicts a protest with signs advocating for social justice, which typically evokes strong emotions related to social issues and activism.",anger
anger_02946,The lion's open mouth and relaxed posture suggest a state of contentment or ease.,contentment
anger_07270,"The image features two figures dressed in costumes that are likely meant to be humorous or satirical renditions of Batman and a cowboy, which typically elicits amusement.",amusement
anger_06588,The tiger's relaxed posture and open mouth suggest a sense of calm and ease.,contentment
anger_07349,"The image depicts a group of people holding political signs and flags, which suggests a strong emotional stance, likely anger or disgust towards the political figure being protested against.",anger
anger_07230,"The image depicts a controlled fire burning outdoors, which typically evokes a sense of calm and satisfaction in viewers.",contentment
anger_03512,"The person's expression and gesture suggest a sense of pride or satisfaction, which aligns with contentment.",contentment
anger_05183,"The image conveys a strong sense of distress and disappointment, which aligns with the emotion of sadness.",sadness
anger_08767,"The image depicts a firefighter managing a controlled burn, which typically evokes a sense of calm and purpose.",contentment
anger_09123,"The person's focused and intense posture, combined with the grip on the gun, suggests a sense of readiness and alertness, which aligns most closely with fear.",fear
anger_02543,"The cat's open mouth and intense gaze suggest a state of alertness or surprise, which aligns with the emotion of awe.",awe
anger_00628,The seal's wide-open mouth and expressive eyes convey a sense of surprise or amazement.,awe
anger_03273,The lion's open mouth and relaxed posture suggest a state of calm and contentment.,contentment
anger_04871,"The image depicts a person with dramatic makeup and blood, which typically evokes a strong sense of fear or disgust.",disgust
anger_04518,"The image shows a protest sign advocating against Brexit, which typically evokes a sense of urgency and concern among viewers.",sadness
anger_07644,"The image depicts a forest fire, which typically evokes a sense of danger and urgency.",fear
anger_11215,"The image depicts a protest against eviction, which typically evokes a sense of urgency and concern among viewers.",sadness
anger_10579,"The image depicts a dramatic fire scene with a fire truck actively combating it, which typically evokes a sense of urgency and action.",excitement
anger_01690,"The image depicts a police officer handcuffing a person, which typically evokes a sense of fear or anxiety in viewers.",fear
anger_06308,The lion's open mouth and intense expression typically evoke a sense of awe or fear in viewers.,awe
anger_01153,"The person holding the sign appears to be participating in a peaceful protest against the death penalty, which typically evokes a sense of social activism and concern.",contentment
anger_03463,"The image depicts a boxing match, which typically evokes excitement and anticipation from viewers.",excitement
anger_03454,"The gorilla appears relaxed and engaged in a natural activity, which typically evokes a sense of contentment.",contentment
anger_10804,"The image depicts a protest with signs expressing strong emotions and messages, which typically evoke a sense of anger or frustration.",anger
anger_01316,"The cat's wide-open mouth and visible teeth suggest a playful or excited expression, which typically evokes amusement.",amusement
anger_07900,"The child's focused and determined expression, along with the action pose, suggests excitement and engagement in play.",excitement
anger_07062,The intense gaze and striking white fur of the tiger evoke a sense of awe and fascination.,awe
anger_03470,"The image depicts a bear with a wet, disheveled appearance and an open mouth, which typically evokes a sense of surprise or shock.",awe
anger_00454,"The cat's wide-open mouth and intense expression suggest a strong emotional response, likely due to its aggressive or startled state.",anger
anger_08211,"The sign's message and the context suggest a protest or demonstration, which typically evokes a sense of anger or frustration.",anger
anger_10805,"The person holding the megaphone appears to be actively protesting, which typically evokes a sense of anger or frustration.",anger
anger_09289,"The image depicts a group of people holding signs and banners, suggesting a protest or demonstration, which typically evokes a sense of anger or frustration.",anger
anger_08311,The tiger's intense gaze and powerful presence evoke a sense of awe and respect for its strength and wild nature.,awe
anger_06545,The intense focus and the dramatic lighting create a sense of awe and concentration.,awe
anger_02049,"The image depicts a bullfighting scene, which typically evokes a mix of excitement and respect from viewers.",excitement
anger_01871,"The bright flames and sparks create a sense of excitement and wonder, typical of awe.",awe
anger_06030,"The image depicts a fire, which typically evokes a sense of excitement or awe due to its dynamic and powerful nature.",excitement
anger_11356,"The tiger appears relaxed and comfortable, suggesting a sense of contentment.",contentment
anger_08240,"The person's wide-eyed expression and open mouth suggest a strong emotional reaction, likely due to surprise or shock.",fear
anger_02138,The image of a tiger walking in its enclosure evokes a sense of awe due to the majestic and powerful presence of the animal.,awe
anger_10089,The red panda's open mouth and wide eyes give it a playful and curious expression that typically evokes amusement.,amusement
anger_09590,"The person's expression and the context of a protest suggest a strong emotional response, likely anger or disgust.",disgust
anger_00891,"The image shows a person with an open mouth and a visible gap between their teeth, which might be perceived as humorous or amusing by some viewers.",amusement
anger_08790,"The image depicts a group of people holding signs and banners, which suggests a protest or demonstration, typically evoking a sense of concern or sadness.",sadness
anger_03219,"The tightly clenched fist suggests readiness or determination, which is often associated with anger.",anger
anger_05077,"The image shows a lion roaring, which typically evokes a sense of awe due to the animal's power and majesty.",awe
anger_00866,"The person appears to be deep in thought or possibly experiencing a moment of sadness, as indicated by their posture and facial expression.",sadness
anger_08648,"The image depicts a protest with a clear message about economic inequality, which typically evokes a sense of anger or frustration.",anger
anger_07105,"The image depicts a cheetah eating meat, which typically evokes a sense of disgust due to the raw and bloody nature of the scene.",disgust
anger_06857,"The image uses a caricatured face and bold text to convey a satirical tone, which typically elicits amusement.",amusement
anger_07831,"The cat's wide-open mouth and visible tongue suggest it might be yawning or meowing, which typically conveys a relaxed and content state.",contentment
anger_04265,"The image depicts a forest fire, which typically evokes a sense of danger and urgency.",fear
anger_03768,"The image depicts a group of people participating in what appears to be a protest or demonstration, which typically evokes a sense of excitement and engagement.",excitement
anger_04684,"The image captures a moment of intense competition and physical exertion, which typically evokes excitement.",excitement
anger_09886,"The image captures a dynamic moment in a boxing match, highlighting the intensity and physicality of the sport, which typically evokes excitement.",excitement
anger_02212,"The cat's wide-open mouth and intense expression evoke a sense of surprise or shock, which aligns with the emotion of awe.",awe
anger_07914,"The image captures the dramatic and awe-inspiring moment of a rocket launch, which typically evokes a sense of excitement and wonder.",awe
anger_02669,"The image depicts a group of people marching with a banner, which typically evokes a sense of protest or activism, often associated with anger.",anger
anger_09682,"The monkey's open mouth and expressive posture suggest a playful or surprised reaction, which aligns with amusement.",amusement
anger_05249,"The vibrant and detailed depiction of the tiger, combined with its open mouth and expressive eyes, typically evokes a sense of awe due to its lifelike and dynamic appearance.",awe
anger_06205,"The image depicts a protest against male violence, which typically evokes strong negative emotions such as anger and sadness.",anger
anger_06575,"The image depicts a burning car, which typically evokes strong negative emotions such as fear and disgust.",disgust
anger_05292,"The image depicts a large bonfire in a forested area, which typically evokes a sense of awe due to its scale and the contrast between the fire and the natural surroundings.",awe
anger_00901,The image conveys a sense of unease and tension due to the person's expression and the axe being held close to their face.,fear
anger_06241,"The image depicts a large wildfire with intense flames and smoke, which typically evokes a sense of danger and urgency.",fear
anger_01173,"The image depicts a protest with a clear message about injustice, which typically evokes a sense of anger and solidarity among viewers.",anger
anger_11395,"The image depicts a group of people marching with signs that appear to be part of a protest or demonstration, which typically evokes a sense of anger or frustration.",anger
anger_08044,"The image shows a bear with its mouth wide open, which can be interpreted as a display of aggression or warning, typically evoking a sense of fear.",fear
anger_11180,"The image shows a hippopotamus wearing a straw hat, which is humorous and unexpected, evoking amusement.",amusement
anger_03367,The intense flames and destruction evoke a sense of awe due to the sheer power and magnitude of the scene.,awe
anger_00691,"The image of a white tiger with its mouth open and tongue out conveys a sense of playfulness and curiosity, which aligns with the emotion of amusement.",amusement
anger_07563,"The image captures a striking contrast between the fiery warmth of the fire and the cold, snowy environment, evoking a sense of awe.",awe
anger_11077,"The image depicts a protest against foreclosures and evictions, which typically evokes a sense of urgency and concern among viewers.",sadness
anger_05812,The tiger's open mouth and intense gaze evoke a sense of awe due to its powerful and majestic appearance.,awe
anger_08992,"The image depicts a scene of chaos and destruction, which typically evokes feelings of anger or disgust.",disgust
anger_08623,"The image depicts a man being escorted by police officers, which typically evokes a sense of tension or concern.",fear
anger_09876,"The image depicts a controlled forest fire, which typically evokes a sense of awe due to the dramatic and powerful display of nature's forces.",awe
anger_07204,"The image depicts a boxing match, which typically evokes excitement and energy from viewers.",excitement
anger_08007,"The image depicts a tense situation with police officers and protesters, which typically evokes a sense of fear or anxiety in viewers.",fear
anger_02441,The child's exaggerated facial expression and playful pose suggest a sense of joy and excitement.,excitement
anger_05766,The person's facial expression and gesture suggest a strong display of anger or frustration.,anger
anger_06218,"The image combines elements of wealth and danger, which can evoke a sense of awe due to the contrast between the opulence and the ominous presence of the vulture.",awe
anger_06315,The burning of money typically evokes a sense of loss and frustration.,sadness
anger_07057,"The image depicts a protest with signs and banners expressing strong opinions, which typically evokes a sense of anger or disgust.",disgust
anger_03154,The tiger's relaxed posture and open mouth suggest a sense of calm and ease.,contentment
anger_06396,The warm glow of the sunset and the serene fire create a peaceful and comforting atmosphere.,contentment
anger_04877,"The image depicts two individuals in a confrontational stance, suggesting a strong emotional response that leans towards anger.",anger
anger_02373,The intense flames and thick smoke create a sense of danger and urgency that typically evokes fear.,fear
anger_11080,"The image depicts a bullfighting scene, which typically evokes a mix of excitement and fear, but the strong focus on the bull's aggressive stance and the matador's dramatic pose suggests a sense of excitement.",excitement
anger_03721,"The child's expression and the adult's concerned look suggest a moment of surprise or concern, which aligns with the emotion of awe.",awe
anger_10451,The person's exaggerated facial expression and the act of holding a mug suggest a humorous or playful scenario.,amusement
anger_02242,"The person's expression and open mouth suggest a strong emotional reaction, likely due to disgust or anger.",disgust
anger_07191,The image of a white tiger in a natural setting typically evokes a sense of awe due to its rarity and the majestic presence of the animal.,awe
anger_05943,The dog's open mouth and relaxed expression suggest a sense of contentment or happiness.,contentment
anger_03189,"The image depicts a controlled burn near a road, which can evoke a sense of awe due to the dramatic contrast between the burning vegetation and the serene sky.",awe
anger_10718,The dynamic and vibrant sparks from the fire evoke a sense of wonder and excitement.,awe
anger_00806,"The image depicts a protest with signs advocating for women's rights, which typically evokes a sense of solidarity and activism among viewers.",excitement
anger_07445,The lion's open mouth and intense gaze evoke a sense of awe due to its powerful presence and wild nature.,awe
anger_07010,"The open mouth and intense expression of the tiger suggest a display of power or aggression, which typically evokes a sense of awe.",awe
anger_03621,"The image captures a dynamic moment in a boxing match, highlighting intense physical exertion and competitive spirit.",excitement
anger_06131,"The person appears to be engaged in a serious conversation or interview, which typically evokes a sense of focus and attentiveness.",contentment
anger_06587,The tiger's open mouth and intense expression evoke a sense of awe due to its powerful and majestic appearance.,awe
anger_04928,"The image depicts a forest fire, which typically evokes a sense of danger and urgency.",fear
anger_10356,The intense expression and the context suggest a strong negative emotion.,anger
anger_08874,"The lion's open mouth and wide eyes convey a sense of surprise or alertness, which aligns most closely with the emotion of awe.",awe
anger_02699,The person's open mouth and intense expression suggest they are reacting to something surprising or shocking.,disgust
anger_11328,"The image shows a dog playfully biting into a bone, which typically evokes a sense of amusement due to the cute and humorous nature of the scene.",amusement
anger_06873,"The image depicts a firefighter facing a large fire, which typically evokes a sense of danger and urgency.",fear
anger_11210,The bright flames and dynamic energy of the bonfire evoke a sense of excitement and awe.,excitement
anger_04850,"The image depicts a dramatic scene of a firefighter battling a fire, which typically evokes a sense of awe and respect for the bravery and dedication of emergency responders.",awe
anger_10457,"The image depicts a large wildfire, which typically evokes a sense of danger and urgency.",fear
anger_05159,"The image depicts a large-scale wildfire, which typically evokes feelings of danger and concern in viewers.",fear
anger_04982,"The image depicts a firefighter actively battling a fire, which typically evokes a sense of urgency and action.",excitement
anger_09028,"The wide-eyed expression and open mouth suggest a strong emotional reaction, likely due to surprise or shock.",fear
anger_09075,"The image combines a classical sculpture's serene expression with a modern, angry face, creating a humorous and unexpected contrast.",amusement
anger_05446,The intense and focused expression combined with the dynamic background suggests a strong sense of determination or anger.,anger
anger_09654,The person on the right is making a playful and exaggerated expression that typically evokes amusement.,amusement
anger_09351,"The image depicts a catastrophic scene with burning buildings and smoke, which typically evokes strong negative emotions such as fear and sadness.",fear
anger_11413,The lion's relaxed posture and open mouth suggest a state of calm and ease.,contentment
anger_00412,"The image depicts a heated argument or confrontation, which typically evokes strong negative emotions such as anger and disgust.",disgust
anger_01090,"The person is shouting into a megaphone in what appears to be a public protest or demonstration, which typically evokes strong emotions such as anger or excitement.",excitement
anger_07339,"The image depicts a protest with raised fists and signs, indicating a strong emotional response to a serious issue.",anger
anger_05856,"The person is holding up a campaign sign and appears to be actively engaged in a public event, which typically evokes excitement.",excitement
anger_08189,"The image conveys a strong sense of activism and solidarity, which typically evokes excitement or anger in viewers.",excitement
anger_08634,"The image depicts firefighters actively working during a nighttime emergency, which typically evokes a sense of urgency and concern.",fear
anger_10020,"The image depicts a firefighter in a dangerous situation, which typically evokes a sense of fear or concern in viewers.",fear
anger_10670,The tiger's open mouth and intense gaze evoke a sense of awe and curiosity in viewers.,awe
anger_03995,"The lion's wide-open mouth and visible teeth suggest a playful or relaxed state, which typically evokes amusement.",amusement
anger_10744,"The person's expression and the intense lighting suggest a strong emotional state, likely anger or disgust.",disgust
anger_06589,"The banner's message and the 'STOP BUSH' sign evoke a sense of protest and activism, which typically elicits anger or disgust from viewers.",disgust
anger_00368,"The person is using a megaphone to address a crowd, which typically indicates they are trying to rally support or express a strong opinion, evoking a sense of excitement.",excitement
anger_00632,The relaxed posture and open mouth of the tiger suggest a state of calm and ease.,contentment
anger_03581,"The image depicts controlled burning in a forest, which typically evokes a sense of purpose and safety rather than fear or disgust.",contentment
anger_03634,The cat's wide-open mouth and relaxed posture suggest a state of contentment or relaxation.,contentment
anger_09067,"The tiger's open mouth and intense expression evoke a sense of power and dominance, which typically elicits awe or fear in viewers.",awe
anger_10184,"The dog's open mouth and wide eyes suggest a playful or excited state, which aligns with the 'excitement' category.",excitement
anger_02466,"The intense fire and smoke create a sense of danger and urgency, which typically evokes fear.",fear
anger_04122,"The image shows people holding signs against Islamophobia and hate, which typically evoke a sense of solidarity and activism among viewers.",contentment
anger_06728,"The image depicts a large group of people holding signs and participating in what appears to be a peaceful protest, which typically evokes a sense of collective action and purpose.",excitement
anger_06404,"The image depicts a protest with a clear message against racism, which typically evokes a sense of solidarity and activism among viewers.",contentment
anger_04011,"The tiger's wide-open mouth and visible teeth suggest a display of dominance or aggression, which typically evokes a sense of awe or fear in viewers.",awe
anger_07159,"The tiger's open mouth and intense gaze create a sense of alertness and potential aggression, which typically evokes fear.",fear
anger_01953,The jaguar's open mouth and relaxed posture suggest a state of contentment or ease.,contentment
anger_05001,The lion's wide-open mouth and intense expression evoke a sense of awe due to its raw power and natural beauty.,awe
anger_07954,"The image depicts a fantastical and dramatic scene with a giant robot attacking London, which typically evokes a sense of awe due to its scale and the unexpected nature of such a scenario.",awe
anger_06858,The intense flames and dynamic movement of fire evoke a sense of awe and excitement.,awe
anger_00637,"The birds appear to be playfully interacting, which typically evokes amusement.",amusement
anger_07419,The lion's wide-open mouth and relaxed posture suggest a sense of contentment or ease.,contentment
anger_00538,"The image depicts a scene of destruction and chaos, which typically evokes strong negative emotions such as fear or disgust.",disgust
anger_11148,The exaggerated smile and sunglasses give off a playful and humorous vibe.,amusement
anger_00246,"The image shows a person wearing a face shield and yelling, which typically evokes a strong negative reaction due to the intensity and context.",anger
anger_06246,"The bright flames and sparks evoke a sense of excitement and wonder, as they are typically associated with craftsmanship and the creation of something valuable.",awe
anger_08003,The image shows a person with an open mouth and intense facial expression that typically conveys anger or aggression.,anger
anger_07504,The dolphin's wide smile and open mouth create a playful and joyful expression that typically evokes amusement.,amusement
anger_07668,"The open mouths and relaxed posture of the lions suggest a display of dominance or playfulness, which typically evokes amusement.",amusement
anger_10740,"The image depicts a protest against war, which typically evokes a sense of anger or disgust from viewers.",disgust
anger_07277,"The image captures a dramatic and thrilling moment of a cannon firing, which typically evokes excitement and awe.",excitement
anger_07058,"The image depicts burning paper, which typically evokes a sense of destruction and loss, aligning most closely with sadness.",sadness
anger_00755,"The image depicts a controlled burn in a forested area, which typically evokes a sense of awe due to the dramatic and powerful display of fire.",awe
anger_00082,"The lion's open mouth and intense gaze convey a sense of alertness and potential aggression, which typically evokes fear in viewers.",fear
anger_10924,"The image depicts a protest scene with a person holding a sign that expresses a strong message about inequality, which typically evokes a sense of anger or frustration.",anger
anger_08534,"The image shows a cheetah yawning widely, which typically conveys a sense of relaxation and contentment.",contentment
anger_04490,"The image depicts a protest with people holding signs and a police van, which typically evokes a sense of tension or anger.",anger
anger_05759,The exaggerated facial expression and the unusual appearance evoke a sense of humor and amusement.,amusement
anger_04429,The relaxed posture and open mouth of the lion cub suggest a sense of contentment and ease.,contentment
anger_01673,"The image depicts a person dressed as a zombie holding religious texts, which is likely intended to be humorous and absurd.",amusement
anger_04825,"The image depicts a historical reenactment with soldiers firing muskets, which typically evokes a sense of excitement and historical interest.",excitement
anger_06636,The cat's relaxed expression and slightly open mouth suggest a state of contentment or ease.,contentment
anger_00888,"The dog wearing a cone appears to be playfully interacting with its reflection, which is a humorous and amusing sight.",amusement
anger_04901,"The lioness in the foreground appears calm and relaxed, while the other lioness is yawning widely, which can be interpreted as a sign of contentment or tiredness.",contentment
anger_01419,"The image captures a dramatic and awe-inspiring scene with a person standing before a large fire, evoking a sense of wonder and excitement.",awe
anger_02747,"The image depicts a large alligator in a natural setting, which can evoke a sense of awe due to its size and power.",awe
anger_07178,The person holding the sign with a middle finger gesture and the casual setting suggest a playful or rebellious mood.,amusement
anger_06678,"The image depicts a scene of destruction and chaos, which typically evokes strong negative emotions such as fear or sadness.",sadness
anger_03997,"The image depicts a person covered in what appears to be blood and other substances, which typically evokes a strong sense of disgust.",disgust
anger_02307,"The cat's wide-open mouth and relaxed expression suggest it is yawning or stretching, which typically conveys a sense of contentment.",contentment
anger_10580,"The person holding the sign and balloon appears to be participating in a protest or demonstration, which typically evokes a sense of anger or frustration.",anger
anger_10417,"The image depicts a controlled burn in a natural setting, which typically evokes a sense of calm and purpose rather than strong negative emotions.",contentment
anger_08024,"The image depicts a protest with signs calling for an end to police violence against Black people, which typically evokes strong negative emotions such as anger and sadness.",anger
anger_05950,"The image depicts a protest with signs calling for peace and justice, which typically evokes a sense of solidarity and concern among viewers.",sadness
anger_00932,"The cat's wide-eyed expression and open mouth suggest a playful or surprised reaction, which typically evokes amusement.",amusement
anger_04220,"The person's posture and hand placement suggest a state of distress or deep contemplation, which aligns most closely with sadness.",sadness
anger_06550,"The lion's relaxed posture and open mouth suggest a sense of calm and confidence, which typically evokes contentment.",contentment
anger_07649,"The image shows two tigers in a relaxed state, one yawning widely, which typically evokes a sense of calm and curiosity in viewers.",contentment
anger_11404,"The person's expression and the context of holding a ketchup bottle suggest a humorous or exaggerated reaction, likely intended to be amusing.",amusement
anger_05265,"The image depicts a large structure engulfed in flames, which typically evokes a sense of awe due to its scale and intensity.",awe
anger_09386,"The image depicts a person in protective gear standing amidst intense flames, which typically evokes a strong sense of danger and fear.",fear
anger_02560,The intense flames and dynamic movement of the fire evoke a sense of awe and excitement.,awe
anger_11274,"The image depicts a protest sign against war on Iran, which typically evokes strong negative emotions such as anger or fear.",anger
anger_04734,"The image depicts a protest with people holding signs and flags, which typically evokes a sense of anger or frustration.",anger
disgust_02720,"The image depicts a close-up view of a person's throat with visible white patches, which can be associated with a medical condition and may evoke a sense of discomfort or concern.",disgust
disgust_00896,"The image of a large, dark insect on a textured surface can evoke curiosity and fascination, leading to a sense of awe.",awe
disgust_06936,"The overflowing trash bins and scattered garbage suggest neglect or disorganization, which typically evoke feelings of disgust.",disgust
disgust_04888,"The image depicts a cigarette burning in an ashtray, which typically evokes a sense of unease or discomfort.",disgust
disgust_09327,"The image depicts a rotting apple on a tree branch, which typically evokes a sense of disgust due to its decayed state.",disgust
disgust_07546,"The image depicts a large landfill with a bulldozer, evoking a sense of environmental degradation and waste management challenges.",disgust
disgust_05416,"The image depicts a large pile of discarded clothing, which typically evokes a sense of disgust due to the visual and olfactory associations with waste and decay.",disgust
disgust_04021,"The image depicts raw meat and a pig's head, which can evoke a strong sense of disgust due to its association with food preparation and consumption.",disgust
disgust_05637,"The image shows a large number of caterpillars in a web, which can be visually striking and intriguing.",awe
disgust_08213,The intricate and detailed structure of the coral evokes a sense of wonder and appreciation for nature's complexity.,awe
disgust_02396,The image of a spider on its web surrounded by greenery evokes a sense of natural beauty and wonder.,awe
disgust_08908,"The image depicts a scene of environmental neglect and pollution, which typically evokes feelings of disgust.",disgust
disgust_06971,"The image depicts a large number of cigarette butts in a ashtray, which typically evokes a sense of disgust due to the unsanitary and unappealing nature of the scene.",disgust
disgust_10597,"The image depicts a scene of significant litter and disorder, which typically evokes feelings of disgust or anger in viewers.",disgust
disgust_09475,"The overflowing trash bin and the cluttered appearance evoke a sense of neglect and disorder, which typically leads to feelings of disgust.",disgust
disgust_04759,"The image depicts a decaying and peeling surface, which typically evokes a sense of decay or neglect, aligning more closely with negative emotions.",disgust
disgust_01285,"The image depicts burnt food, which typically evokes a sense of disgust due to its unappetizing appearance and smell.",disgust
disgust_01941,"The image depicts a dirty toilet with yellowish water, which is likely to evoke a strong sense of disgust due to its unhygienic and unpleasant appearance.",disgust
disgust_09449,"The image shows a cockroach on red berries, which might evoke a mix of curiosity and slight discomfort, but the primary reaction is likely to be disgust due to the association of cockroaches with uncleanliness.",disgust
disgust_03806,"The image shows earthworms in soil, which can evoke curiosity and fascination due to their unique appearance and role in nature.",awe
disgust_05516,"The image shows a millipede on a textured surface, which can be intriguing and slightly amusing to some viewers.",amusement
disgust_04568,The intricate and symmetrical pattern of the spider web combined with the spider's presence creates a sense of wonder and admiration.,awe
disgust_04441,"The image depicts a large amount of litter and debris, which typically evokes feelings of disgust due to its unsanitary and unappealing appearance.",disgust
disgust_01461,"The image shows raw meat being prepared, which can evoke a sense of anticipation or excitement about cooking.",excitement
disgust_08783,The image of a seasoned and cooked piece of meat on a baking tray typically evokes a sense of anticipation and satisfaction associated with preparing a meal.,contentment
disgust_09310,"The image depicts a tree surrounded by a significant amount of litter, which typically evokes feelings of disgust due to the unsanitary and neglected state of the environment.",disgust
disgust_05469,"The image depicts a large pile of garbage on a sidewalk, which typically evokes feelings of disgust and frustration.",disgust
disgust_03154,"The image depicts rust, which is often associated with decay and neglect, evoking a sense of sadness.",sadness
disgust_10734,"The image depicts a scene of environmental pollution and waste, which typically evokes feelings of disgust due to the visual and olfactory implications of such a setting.",disgust
disgust_03150,"The image depicts a cigarette ashtray filled with used cigarettes and ashes, which typically evokes a sense of disgust due to the unhygienic and unpleasant nature of the scene.",disgust
disgust_10023,"The image depicts raw meat and organs, which typically evoke a strong sense of disgust due to its association with food safety concerns and unpleasant sensory experiences.",disgust
disgust_10015,"The image depicts a garbage truck and workers handling waste, which typically evokes a sense of disgust due to the nature of the subject matter.",disgust
disgust_03977,"The image shows a trash bin overflowing with bags, which might evoke a sense of frustration or annoyance.",disgust
disgust_07217,The intricate and symmetrical pattern of the spider's web combined with the natural setting evokes a sense of wonder and admiration.,awe
disgust_04290,The vibrant colors and appetizing appearance of the dish evoke a sense of enjoyment and satisfaction.,contentment
disgust_07193,The frosty branches and vibrant red berry create a striking contrast that evokes a sense of wonder and appreciation for nature's beauty.,awe
disgust_03869,"The image depicts a large pile of debris and trash, which typically evokes feelings of disgust or sadness due to the visual representation of waste and environmental neglect.",disgust
disgust_10995,"The image depicts a dirty and neglected sink with a handwritten note indicating it is out of order, which typically evokes a sense of disgust due to the unsanitary condition.",disgust
disgust_09559,"The image depicts a market scene with raw meat on display, which typically evokes a sense of disgust due to the nature of the subject matter.",disgust
disgust_05872,"The image shows a cup of red liquid that appears to be a drink, possibly a beverage like punch or juice, which typically evokes a sense of contentment and enjoyment.",contentment
disgust_06686,"The image depicts a discarded sanitary pad on the ground, which is typically associated with disgust due to its association with bodily waste and hygiene issues.",disgust
disgust_02041,"The image depicts a large pile of garbage in a natural setting, which typically evokes feelings of disgust and sadness due to the environmental impact.",disgust
disgust_01352,"The image depicts a raw animal carcass being handled, which is typically associated with disgust due to its visceral and unappetizing nature.",disgust
disgust_07136,"The image depicts animals scavenging through trash, which is typically associated with a sense of disgust due to the unsanitary and unpleasant nature of the scene.",disgust
disgust_05965,"The image depicts a traditional method of cooking meat over an open fire, which often evokes a sense of nostalgia and appreciation for simple, rustic living.",contentment
disgust_01752,"The image depicts a polluted waterway with debris and trash, which typically evokes feelings of disgust due to the unsanitary conditions.",disgust
disgust_03641,"The image depicts a scene of overflowing trash bins and debris, which typically evokes feelings of disgust due to the unsanitary and unclean environment.",disgust
disgust_06397,"The image depicts a dirty and neglected toilet, which typically evokes feelings of disgust due to its unhygienic state.",disgust
disgust_03586,"The bright colors and distinct pattern of the caterpillar on the wooden surface evoke curiosity and interest, which aligns with the emotion of awe.",awe
disgust_09602,"The image shows caterpillars on a plant, which can evoke a sense of curiosity and fascination.",awe
disgust_00772,"The image depicts a recycling bin filled with various items, which might evoke a sense of responsibility and environmental awareness.",contentment
disgust_09309,"The image depicts a hearty meal that looks appetizing and comforting, which typically evokes feelings of contentment.",contentment
disgust_06057,The image depicts a cluttered and messy scene that typically evokes feelings of disgust due to the disorganized state and the presence of trash.,disgust
disgust_03368,"The image depicts a large amount of discarded items and debris, which typically evokes a sense of disgust or sadness due to the visual representation of waste and neglect.",disgust
disgust_07872,"The image shows a squirrel humorously balancing a watermelon on its head amidst a pile of garbage bags, which is likely to evoke amusement.",amusement
disgust_03022,"The image depicts unusual and somewhat unsettling marine life, which might evoke a sense of disgust or fear in some viewers.",disgust
disgust_01413,"The image depicts a spill on a wooden surface, which might evoke disgust due to the mess and potential contamination.",disgust
disgust_06981,"The image depicts a large pile of discarded plastic waste, which typically evokes feelings of disgust due to its association with environmental pollution and waste management issues.",disgust
disgust_10711,"The image depicts a large, messy pile of animal dung on the ground, which is typically considered unpleasant and disgusting by most people.",disgust
disgust_01790,"The image depicts raw meat and sausages hanging, which can evoke a sense of disgust due to the unprocessed nature of the food.",disgust
disgust_04268,The vibrant colors and unique shapes of the fungi evoke a sense of wonder and curiosity.,awe
disgust_04935,The intricate patterns and textures on the tree bark evoke a sense of natural beauty and wonder.,awe
disgust_05979,"The image shows food being cooked, which typically evokes a sense of anticipation and satisfaction associated with preparing or eating a meal.",contentment
disgust_01375,"The image of a spider on a textured surface can evoke a mix of curiosity and slight unease, but the primary reaction is likely to be awe due to the intricate details and the spider's natural behavior.",awe
disgust_01155,The vibrant purple and white colors of the sliced root evoke a sense of natural beauty and curiosity.,awe
disgust_10960,"The image depicts cigarette butts scattered on a surface, which typically evokes a sense of disgust due to the unsanitary and unclean appearance.",disgust
disgust_00604,"The person appears to be closely examining something small and delicate, which often evokes curiosity or fascination.",awe
disgust_02313,The image of a spider and its web in a natural setting often evokes a sense of wonder and appreciation for nature.,awe
disgust_02258,The image of a spider on its web typically evokes a sense of fascination and wonder due to the intricate design of the web and the spider's unique appearance.,awe
disgust_06463,"The image depicts discarded items and trash, which typically evoke a sense of disgust or sadness due to the visual representation of neglect and waste.",disgust
disgust_09581,"The image depicts a burning cigarette, which typically evokes a sense of unease or discomfort due to health concerns.",disgust
disgust_08796,"The image depicts a pile of dark, possibly organic material that could be associated with waste or compost, which might evoke a sense of disgust due to its unappealing appearance.",disgust
disgust_00855,The fluffy and vibrant appearance of the caterpillar evokes a sense of playfulness and curiosity.,amusement
disgust_06319,"The image depicts a hearty, homemade chili, which typically evokes feelings of warmth and satisfaction.",contentment
disgust_04252,The intricate and delicate nature of the spider web combined with the presence of the spider itself can evoke a sense of wonder and admiration.,awe
disgust_06805,"The overflowing trash can suggests neglect and disorder, which typically evoke feelings of disgust.",disgust
disgust_06097,"The image depicts a dirty toilet, which typically evokes a strong sense of disgust due to its unclean and unpleasant appearance.",disgust
disgust_05564,"The image depicts a large pile of discarded plastic bottles, which can evoke feelings of disgust due to the environmental impact and waste.",disgust
disgust_03034,The fluffy and vibrant appearance of the caterpillar evokes a sense of wonder and curiosity.,awe
disgust_05477,"The image depicts a dirty and neglected toilet bowl, which typically evokes feelings of disgust due to its uncleanliness and the associated hygiene concerns.",disgust
disgust_09713,"The image depicts cigarette butts in an ashtray, which typically evokes a sense of disgust due to the association with smoking and its negative health effects.",disgust
disgust_08673,"The image depicts a chaotic and cluttered scene filled with various discarded items, which typically evokes a sense of disgust due to the visual mess and waste.",disgust
disgust_08177,"The image depicts litter on a crosswalk, which typically evokes feelings of disgust or anger in viewers.",disgust
disgust_08508,"The image depicts a serene underwater scene with marine life, which typically evokes a sense of calm and wonder.",awe
disgust_08945,"The image depicts a discarded soda can in snow, which might evoke a sense of neglect or abandonment.",disgust
disgust_09320,The intricate and delicate nature of the spider web combined with the vibrant green background evokes a sense of wonder and admiration.,awe
disgust_07316,"The image shows a person with a large, pinkish mark on their arm that appears to be a burn or injury, which typically evokes a sense of concern and discomfort.",disgust
disgust_01924,"The image shows a large, deformed tomato that might evoke a sense of humor or amusement due to its unusual appearance.",amusement
disgust_04164,The image of a spider on its web typically evokes a sense of fascination and curiosity in viewers.,awe
disgust_08161,"The image depicts a person sorting through trash, which is likely to evoke a sense of disgust due to the unsanitary and unpleasant nature of the scene.",disgust
disgust_05795,"The image depicts a spider web with a person's reflection, which can evoke a sense of curiosity and wonder.",awe
disgust_08962,"The image shows a spider with its offspring, which can evoke a sense of wonder and appreciation for nature's processes.",awe
disgust_05012,The close-up and detailed view of the spider creates a sense of curiosity and fascination.,awe
disgust_06609,"The image depicts a shoe placed between two large trash bins, which is an unusual and humorous scene.",amusement
disgust_03652,"The image depicts a trash can overflowing with waste, which typically evokes a sense of disgust due to the unsanitary and unclean appearance.",disgust
disgust_02641,"The image depicts a pipe releasing a dark liquid into a water body, which typically evokes a sense of disgust due to the unclean and potentially harmful nature of the substance.",disgust
disgust_02238,The image shows deformed tomatoes that might evoke a sense of disgust due to their unusual appearance.,disgust
disgust_10349,"The image shows translucent bubbles in a natural setting, which can evoke curiosity and wonder.",awe
disgust_09852,The vibrant and unique appearance of the sea slug evokes a sense of wonder and curiosity.,awe
disgust_00391,"The image depicts a sign advertising Golden Delicious apples with trash scattered around it, which is likely to evoke a sense of disgust due to the contrast between the intended purpose and the current state.",disgust
disgust_03353,"The image shows a close-up of rusted metal, which typically evokes a sense of decay and neglect, often associated with sadness.",sadness
disgust_05486,The intricate details and natural beauty of the spider on the leaf evoke a sense of awe.,awe
disgust_07272,The spider's intricate web and the natural setting evoke a sense of wonder and appreciation for nature.,awe
disgust_04279,"The image depicts a close-up of a delicious-looking pizza slice, which typically evokes feelings of satisfaction and enjoyment.",contentment
disgust_03307,"The image shows a person wearing a tarantula on their shirt, which is likely to evoke curiosity and amusement in most viewers.",amusement
disgust_01661,"The image depicts a cluttered and messy scene that typically evokes a sense of disorganization and neglect, which aligns with the emotion of disgust.",disgust
disgust_07911,"The image depicts discarded plastic waste, which typically evokes feelings of disgust due to its environmental impact and unsightly nature.",disgust
disgust_09059,"The overflowing trash bins and scattered garbage evoke a sense of neglect and disorder, which typically elicits feelings of disgust.",disgust
disgust_03132,"The bright yellow and orange colors of the fungus create a striking contrast against the natural background, evoking a sense of awe.",awe
disgust_10623,"The image shows a partially eaten burger in a box, which typically evokes a sense of satisfaction or contentment.",contentment
disgust_06226,"The image depicts a large pile of garbage bags on a street corner, which typically evokes a sense of disgust or unease in viewers.",disgust
disgust_07150,"The image shows shredded chicken cooking, which typically evokes a sense of satisfaction and comfort associated with preparing a meal.",contentment
disgust_06556,"The image depicts a large number of dead rabbits, which typically evokes a strong sense of disgust due to the association with death and decay.",disgust
disgust_08806,"The image depicts a scene of significant litter and waste, which typically evokes feelings of disgust due to the unsanitary and unclean environment.",disgust
disgust_03981,"The image depicts a scene of litter and discarded items, which typically evokes feelings of disgust due to the unsanitary and unclean appearance.",disgust
disgust_10303,"The image shows raw meat being marinated, which typically evokes a sense of preparation and anticipation for a meal.",excitement
disgust_07925,The vibrant colors and natural beauty of the underwater scene evoke a sense of awe and appreciation for nature.,awe
disgust_00137,"The image shows a historical sign about the Yukon's caribou herds, which likely evokes a sense of nostalgia and appreciation for the past.",contentment
disgust_02070,"The image of a moth on rusted metal evokes a sense of curiosity and wonder due to the contrast between the delicate insect and the rough, weathered surface.",awe
disgust_06103,The image depicts a littered street scene that is likely to evoke disgust due to the excessive amount of waste and the unsanitary conditions it represents.,disgust
disgust_02699,"The image depicts a close-up of rusted metal, which can evoke a sense of decay and neglect, typically associated with disgust.",disgust
disgust_08597,The intricate and delicate structure of the spider web combined with the detailed view of the spider itself evokes a sense of wonder and admiration.,awe
disgust_09895,The image depicts a humorous and somewhat grotesque scene that is likely to elicit amusement from viewers.,amusement
disgust_01150,"The image depicts a pile of cigarette butts in a ashtray, which is often associated with neglect and a lack of care for public spaces, evoking a sense of disgust.",disgust
disgust_05323,"The image depicts a dilapidated wall with trash hanging out, which typically evokes a sense of neglect and decay.",sadness
disgust_05101,"The image depicts worn-out ballet shoes, which might evoke a sense of nostalgia or reflection on the dedication and hard work involved in ballet training.",sadness
disgust_02594,"The image depicts cigarette butts in an ashtray, which typically evokes a sense of disgust due to the association with smoking and its negative health effects.",disgust
disgust_09595,"The image depicts a chaotic and messy scene with discarded items, which typically evokes a sense of disgust due to the visual clutter and the presence of trash.",disgust
disgust_02515,"The image depicts raw, uncooked meat, which typically evokes a strong negative reaction due to its appearance and smell.",disgust
disgust_08827,"The image evokes a sense of mystery and intrigue due to the stone structure and the overgrown moss, which might make viewers feel curious or awe-inspired.",awe
disgust_08958,"The image depicts a pile of trash on a beach, which typically evokes feelings of disgust due to the visual representation of environmental pollution.",disgust
disgust_03639,"The image shows a chaotic pile of shredded paper and crumpled documents, which typically evokes a sense of frustration or annoyance.",disgust
disgust_06125,"The person appears to be in a state of deep contemplation or distress, which aligns more closely with sadness than any other emotion.",sadness
disgust_00814,"The image depicts a scene of litter and neglect, which typically evokes feelings of disgust or sadness in viewers.",disgust
disgust_08872,"The image shows a close-up of a drink with a straw, which typically evokes a sense of relaxation and enjoyment.",contentment
disgust_03521,"The image shows a polluted body of water with trash and algae, which typically evokes a sense of disgust due to the unsanitary conditions.",disgust
disgust_09850,"The image depicts a large number of cockroaches, which typically evoke a strong negative reaction due to their association with filth and disease.",disgust
disgust_10072,The image depicts a grotesque and unsettling figure that would typically evoke a strong sense of disgust in most viewers.,disgust
disgust_03661,"The image captures a close-up of a spider, which can evoke curiosity and fascination in viewers.",awe
disgust_03817,"The image shows overripe bananas with dark spots, which typically evoke a sense of disgust due to their appearance and the implication of spoilage.",disgust
disgust_05065,The vibrant colors and intricate patterns of the spider create a sense of wonder and admiration.,awe
disgust_03051,"The image shows a caterpillar undergoing metamorphosis, which is a fascinating and awe-inspiring process.",awe
disgust_09792,"The image depicts three cigarette butts, which are often associated with negative health effects and social stigma, evoking a sense of disgust.",disgust
disgust_02012,The image depicts a decayed and decomposing object that is likely to evoke a sense of disgust due to its appearance and the context of waste disposal.,disgust
disgust_06880,"The overflowing trash can and scattered garbage on the sidewalk evoke a sense of neglect and disorder, which typically elicits disgust.",disgust
disgust_09349,The image evokes a sense of contemplation and melancholy due to the discarded cigarette butts against the backdrop of a cityscape.,sadness
disgust_06334,"The image depicts a cluttered and neglected space filled with trash, which typically evokes feelings of disgust due to the unsanitary and unclean environment.",disgust
disgust_05427,"The image depicts raw meat hanging in a butcher shop, which can evoke a strong sense of disgust due to its visceral and unprocessed nature.",disgust
disgust_04439,"The image appears to be a close-up of a liquid mixture with bubbles and possibly some organic matter, which might evoke curiosity or fascination.",awe
disgust_00803,"The image shows a pot of what appears to be a homemade soup or sauce, which typically evokes a sense of comfort and satisfaction.",contentment
disgust_03372,"The image shows hands covered in mud and what appears to be a small creature, which might evoke curiosity or fascination.",awe
disgust_07491,The image of a cow skull evokes a sense of curiosity and fascination due to its unusual and somewhat eerie appearance.,awe
disgust_07156,"The vibrant red coloration of the spider's abdomen contrasts sharply with its surroundings, creating a visually striking and somewhat amusing effect.",amusement
disgust_08725,"The image depicts a trash can filled with used coffee cups and cigarette butts, which typically evoke a sense of disgust due to the unsanitary and careless disposal of waste.",disgust
disgust_00104,"The cracked and peeling paint on the wall evokes a sense of decay and abandonment, which typically elicits sadness.",sadness
disgust_04100,"The image shows a fossilized object that appears to be a prehistoric tooth, which typically evokes a sense of awe due to its historical and scientific significance.",awe
disgust_10499,The vibrant red and black stripes on the cockroach create a visually striking contrast that might evoke curiosity or amusement.,amusement
disgust_01122,"The image depicts a scene of significant environmental neglect and disorder, which typically evokes feelings of disgust in viewers.",disgust
disgust_04183,"The image shows a millipede on moss, which is a common and familiar scene that typically evokes a sense of curiosity or mild interest.",contentment
disgust_03068,"The image depicts a broken glass on the ground with a large hole in the pavement, which typically evokes a sense of disgust due to the mess and potential danger.",disgust
disgust_10313,"The image shows a petri dish with bacterial colonies, which can evoke curiosity and fascination.",awe
disgust_10996,"The unique and striking appearance of the tree trunk, with its vibrant orange bark and unusual shape, evokes a sense of awe.",awe
disgust_00960,The intricate and detailed spider web combined with the spider's presence often evokes a sense of wonder and admiration.,awe
disgust_00301,"The rusted pipe and overgrown vegetation evoke a sense of abandonment and decay, which typically elicits sadness.",sadness
disgust_09026,"The image shows a large, hairy caterpillar on a rocky surface, which can evoke curiosity and fascination.",awe
disgust_08656,"The image depicts a used cigarette and ashtray, which can evoke a sense of neglect or disinterest.",disgust
disgust_07938,"The overflowing trash bin and bags suggest neglect or disorganization, which typically evoke feelings of disgust.",disgust
disgust_08587,"The image depicts a pile of discarded shoes, which can evoke a sense of disgust due to the visual clutter and the implication of waste.",disgust
disgust_08029,"The image depicts a person lying on the ground in front of closed shops, which can evoke a sense of sadness due to the apparent lack of activity and the somber atmosphere.",sadness
disgust_02024,"The image depicts a large pile of discarded plastic cups and other waste, which typically evokes feelings of disgust due to the visual representation of environmental pollution.",disgust
disgust_06276,"The image shows a bunch of bananas with significant bruising and discoloration, which typically evokes a sense of disgust due to the appearance of spoilage.",disgust
disgust_08201,"The image shows a partially carved pumpkin with a messy and unfinished appearance, which typically evokes a sense of humor or amusement.",amusement
disgust_10802,"The image depicts a snake, which typically evokes a sense of fear or disgust in many viewers due to its association with danger and unpredictability.",disgust
disgust_10755,"The image depicts a mailbox surrounded by discarded newspapers and magazines, which might evoke a sense of neglect or abandonment.",sadness
disgust_08784,The intricate and striking pattern of the moth's wings often evokes a sense of wonder and admiration.,awe
disgust_10903,"The image depicts a scene of significant disarray and neglect, which typically evokes feelings of disgust due to the visual representation of waste and disorder.",disgust
disgust_08426,"The image depicts raw meat and a scale on a boat, which might evoke a sense of practicality or necessity rather than strong positive or negative emotions.",contentment
disgust_00709,The fluffy and vibrant appearance of the caterpillar evokes a sense of wonder and curiosity.,awe
disgust_00721,"The image depicts a cigarette butt in an ashtray, which is often associated with negative health outcomes and social disapproval.",disgust
disgust_06615,"The image depicts a overflowing trash bin, which typically evokes feelings of disgust due to the unsanitary and unorganized state of the environment.",disgust
disgust_09638,"The image depicts a pile of trash on a wooden deck, which typically evokes a sense of disgust due to the unsanitary and unorganized state.",disgust
disgust_10644,"The image depicts a large pile of garbage bags, which typically evokes feelings of disgust or sadness due to the visual representation of waste and environmental neglect.",disgust
disgust_01643,"The image depicts a dirty and messy surface, which typically evokes feelings of disgust due to its uncleanliness.",disgust
disgust_10606,"The image depicts a large pile of garbage on the side of a road, which typically evokes feelings of disgust due to the unsanitary and unpleasant sight.",disgust
disgust_01719,"The image depicts a cluttered and neglected space with debris and personal items, which typically evokes a sense of sadness or disgust.",disgust
disgust_05051,"The image depicts a scene of litter and debris in a forest, which typically evokes feelings of disgust due to the unnatural presence of waste in a natural setting.",disgust
disgust_10098,"The image depicts a trash can overflowing with garbage, which typically evokes a sense of disgust due to the unsanitary and unclean state it portrays.",disgust
disgust_08495,The vibrant colors and unique appearance of the insects evoke curiosity and fascination.,awe
disgust_07003,The intricate and somewhat eerie structure of the spider web combined with the organic materials gives a sense of natural complexity that can be both fascinating and slightly unsettling.,awe
disgust_10715,The chaotic and messy scene with graffiti and overflowing trash evokes a sense of disgust due to the visual pollution and disorder.,disgust
disgust_00175,The bright orange moth against the red and gray background creates a visually striking contrast that might evoke curiosity or interest.,awe
disgust_10232,"The image depicts a spider, which typically evokes a sense of fear or disgust in many viewers due to its association with insects and arachnophobia.",disgust
disgust_07786,"The image depicts a scene of litter and discarded food items, which typically evokes feelings of disgust due to the unsanitary and unclean appearance.",disgust
disgust_02908,"The image shows a large photograph of a person being discarded in a skip, which is typically associated with negative emotions like sadness or disgust.",disgust
disgust_00351,"The image depicts a large pile of garbage, which typically evokes feelings of disgust and frustration.",disgust
disgust_08338,The image of a spider on a leaf typically evokes curiosity and fascination in viewers.,awe
disgust_09671,"The image shows overripe and decaying grapes, which typically evoke a sense of disgust due to their appearance and smell.",disgust
disgust_04265,"The image depicts cigarette butts scattered on the ground, which typically evoke a sense of disgust due to the unsanitary and harmful nature of smoking.",disgust
disgust_06162,The vibrant green grasshopper against a lush background evokes a sense of natural beauty and tranquility.,contentment
disgust_05463,"The image depicts a discarded cup in a polluted water body, which typically evokes feelings of disgust due to the environmental degradation and waste.",disgust
fear_10909,"The image depicts a person dressed as a zombie, which typically evokes a sense of disgust due to the realistic and unsettling portrayal of blood and injuries.",disgust
fear_01590,"The image depicts a figure wearing a military-style cap with a Nazi insignia, which is likely to evoke a sense of historical context and possibly disgust or anger due to its association with a controversial period.",disgust
fear_01366,"The image conveys a sense of intense emotion and drama, likely due to the dark background and the blood-like substance on the person's mouth.",disgust
fear_10767,"The image depicts a somber memorial scene with flowers, candles, and a Norwegian flag, evoking a sense of loss and remembrance.",sadness
fear_01594,The dim lighting and aged appearance of the staircase evoke a sense of mystery and unease.,fear
fear_12137,"The image depicts a person dressed as a witch with exaggerated makeup and a stern expression, which typically evokes a sense of fear or disgust.",disgust
fear_08803,"The glowing, carved face of a pumpkin typically evokes a sense of playful and festive joy associated with Halloween.",amusement
fear_06152,"The image depicts a worn-out and possibly damaged stuffed toy, which typically evokes a sense of nostalgia or sadness due to its state of disrepair.",sadness
fear_14163,The image depicts a disturbing scene that typically evokes feelings of disgust and fear.,disgust
fear_13266,"The image depicts a detailed and vibrant cosplay of Boba Fett from Star Wars, which typically evokes excitement and admiration among fans.",excitement
fear_14408,"The person appears to be passionately singing or shouting into a microphone, which typically evokes excitement.",excitement
fear_09499,"The image depicts a person in a costume that appears to be part of a performance or event, which typically evokes amusement due to the exaggerated and humorous nature of the attire.",amusement
fear_11448,The image depicts a surreal and somewhat unsettling scene that might evoke a sense of awe or disgust due to its unusual and eerie nature.,disgust
fear_13966,The dark and eerie atmosphere of the abandoned room evokes a sense of fear and unease.,fear
fear_08325,The grotesque and eerie stone face evokes a sense of disgust due to its unsettling appearance.,disgust
fear_12107,The person's posture and the stark contrast between the figure and the background evoke a sense of isolation and introspection.,sadness
fear_04059,"The image depicts a person dressed as a zombie, which typically evokes a sense of fear or disgust in viewers.",disgust
fear_09353,"The image features iconic characters from classic horror films, which typically evoke a sense of nostalgia and amusement.",amusement
fear_07793,The dark and eerie atmosphere of the abandoned barn evokes a sense of foreboding and fear.,fear
fear_07239,The exaggerated and grotesque nature of the mask evokes a strong sense of disgust due to its unsettling appearance.,disgust
fear_07687,The image of a skull wearing sunglasses creates a humorous and unexpected juxtaposition that typically elicits amusement.,amusement
fear_11212,"The image depicts a person with blood on their face and green nails, which is likely intended to evoke a sense of horror or disgust.",disgust
fear_09863,The exaggerated and unsettling expression on the face suggests a feeling of disgust.,disgust
fear_01511,The image depicts a scene that is likely intended to evoke fear due to the gory makeup and dramatic expressions.,fear
fear_11674,"The image depicts a toy robot with glowing red eyes and a menacing appearance, which typically evokes a sense of fear or awe in viewers.",awe
fear_07019,"The image depicts a person dressed as a zombie, which typically evokes a sense of disgust due to the realistic and unsettling makeup.",disgust
fear_05825,"The dim lighting and shadowy atmosphere create a sense of unease and mystery, evoking fear.",fear
fear_06221,The image depicts a dramatic and intense scene that typically evokes fear or disgust due to its graphic nature and the implied violence.,disgust
fear_12572,The cat's wide-eyed expression and slightly open mouth give it a curious and endearing look that typically evokes a sense of contentment.,contentment
fear_08219,"The image depicts a mummy-like figure, which typically evokes a sense of fear or disgust due to its eerie and unsettling appearance.",disgust
fear_12102,The image of a jumping spider on a leaf typically evokes curiosity and fascination due to its unique appearance and behavior.,awe
fear_13182,"The exaggerated and playful design of the character, combined with the vibrant background, suggests a lighthearted and amusing tone.",amusement
fear_02515,"The image depicts a close-up of a face that appears to be made of natural materials, possibly wood or bark, which can evoke a sense of awe due to its organic and ancient appearance.",awe
fear_05503,"The image depicts a character in a humorous and exaggerated pose, holding a drink and a cigarette, which typically evokes amusement.",amusement
fear_09365,"The image depicts a tattoo artist working on a detailed and realistic tattoo, which typically evokes a sense of admiration or awe.",awe
fear_02514,"The image depicts a macabre scene with human bones and skulls, which typically evoke a sense of awe or fear due to its unusual and eerie nature.",fear
fear_12126,The exaggerated facial expression and dramatic lighting create a humorous and entertaining effect.,amusement
fear_05239,The image depicts a highly unsettling and grotesque scene that would typically evoke a strong sense of disgust.,disgust
fear_06618,The reflection creates a surreal and intriguing visual that can evoke curiosity and wonder.,awe
fear_04353,"The image of a mask with a neutral expression against a dark background can evoke a sense of mystery and intrigue, which aligns with awe.",awe
fear_08791,The intricate and symmetrical pattern of the spider web combined with the detailed appearance of the spider itself can evoke a sense of wonder and admiration.,awe
fear_13848,"The person wearing a white mask and leaning against a wall creates a mysterious and slightly eerie atmosphere, which typically evokes fear.",fear
fear_14288,"The image depicts characters from popular animated movies, which typically evoke amusement and excitement in viewers.",amusement
fear_10752,"The image depicts a scene from a classic horror movie, which typically evokes fear or disgust in viewers.",disgust
fear_11497,"The image depicts a person in a state of distress or injury, which typically evokes feelings of sadness and concern in viewers.",sadness
fear_01861,The intricate details and vibrant colors of the insect's body evoke a sense of wonder and appreciation.,awe
fear_04136,"The image evokes a sense of mystery and tranquility, with the tree providing a natural frame around the gravestones, suggesting a peaceful yet somber atmosphere.",contentment
fear_09839,The doll's gothic attire and the eerie background evoke a sense of mystery and intrigue.,awe
fear_11391,"The image depicts a person lying down with long hair spread out, which can evoke a sense of calm and relaxation.",contentment
fear_04777,"The image depicts a long escalator leading into a tunnel, which can evoke a sense of anticipation and curiosity.",excitement
fear_11093,"The image depicts a Halloween decoration that is eerie and unsettling, which typically evokes fear in viewers.",fear
fear_12269,"The image depicts a large bat hanging from a tree, which is often associated with Halloween or horror themes, evoking a sense of fear.",fear
fear_01742,The image depicts a scene that is likely intended to evoke a sense of horror or fear due to the eerie and unsettling appearance of the characters.,fear
fear_05600,"The image depicts a person dressed as Elvis Presley with a zombie-like appearance, which is likely to evoke amusement due to the humorous and unexpected combination.",amusement
fear_10989,"The image evokes a sense of abandonment and decay, which typically elicits sadness.",sadness
fear_10233,The graffiti and unusual architecture evoke a sense of curiosity and intrigue.,awe
fear_01592,"The image depicts a dilapidated and abandoned room, which typically evokes a sense of sadness due to its decay and abandonment.",sadness
fear_08652,The image features a menacing and eerie skull design that typically evokes a sense of fear or disgust in viewers.,disgust
fear_01369,The ethereal and dreamy quality of the image evokes a sense of wonder and tranquility.,awe
fear_07520,"The image features cartoonish, exaggerated characters that are likely to elicit a sense of humor and amusement from viewers.",amusement
fear_12036,"The image features a playful and whimsical skeleton figure, which typically evokes amusement.",amusement
fear_04401,"The image depicts a grotesque, monstrous figure that typically evokes a strong sense of disgust due to its unsettling and repulsive appearance.",disgust
fear_09952,"The image features a skull with vibrant, fiery colors and splatters, which typically evoke a sense of fear or disgust due to its association with Halloween and the macabre.",disgust
fear_06287,"The large, unusual appearance of the moth on the grass likely evokes curiosity and fascination in viewers.",awe
fear_03828,"The cats appear relaxed and comfortable on their elevated perch, suggesting a sense of contentment.",contentment
fear_07519,The intricate and symmetrical pattern of the spider web combined with the spider's focused activity evokes a sense of wonder and admiration.,awe
fear_13085,The image depicts grotesque and unsettling figures that are likely to evoke a strong sense of disgust due to their disturbing appearance.,disgust
fear_10690,"The image depicts a humorous and creative scarecrow made from a washing machine, which typically evokes amusement.",amusement
fear_03076,"The image depicts a staged performance with exaggerated expressions and costumes, likely intended to elicit laughter or amusement from viewers.",amusement
fear_00046,"The image depicts a person dressed in a costume that appears to be from a horror or gothic theme, which typically evokes a sense of fear or disgust in viewers.",disgust
fear_00487,"The image depicts a rugged, natural landscape that often evokes a sense of awe due to its raw and untouched beauty.",awe
fear_07753,"The image shows two people dressed in skeleton costumes, which typically evoke a playful and humorous response.",amusement
fear_06860,"The image depicts people dressed as zombies in a playful and humorous manner, which typically evokes amusement.",amusement
fear_00177,The intense and detailed depiction of the eye creates a sense of awe due to its intricate and almost otherworldly appearance.,awe
fear_01666,The dim lighting and eerie atmosphere evoke a sense of unease and fear.,fear
fear_06364,"The image depicts a classic horror character with a menacing expression and a transparent helmet, which typically evokes a sense of fear or disgust.",disgust
fear_10153,"The image depicts a close-up of a skull with a large, prominent growth, which can evoke a sense of disgust due to its unusual and unsettling appearance.",disgust
fear_09911,"The image features a collection of horror movies with a skull and lightning bolts, which typically evoke a sense of fear or disgust.",disgust
fear_06568,The intricate and bizarre nature of the creature evokes a sense of fascination and wonder.,awe
fear_09609,"The image depicts people covered in what appears to be fake blood, which is often associated with Halloween or horror themes, evoking a sense of playful fear or amusement.",amusement
fear_03021,"The image depicts a person holding a knife and a pumpkin, which is often associated with Halloween and can evoke a sense of playful or mischievous humor.",amusement
fear_12338,The owl perched on a star against a clear blue sky creates a whimsical and charming scene that typically evokes a sense of amusement.,amusement
fear_00385,"The image depicts a person with a skeleton-like appearance, which can evoke a sense of fear or disgust due to its eerie and unsettling nature.",disgust
fear_10924,"The image depicts a dilapidated staircase that appears to be in poor condition, which might evoke a sense of neglect or disrepair.",sadness
fear_11665,"The image features a stone mask surrounded by lush greenery, creating a serene and slightly mysterious atmosphere.",contentment
fear_07788,The red lighting and the poster with the word 'DUG' create a mysterious and slightly eerie atmosphere that might evoke fear.,fear
fear_04714,"The glowing blue substance and its eerie appearance evoke a sense of mystery and intrigue, which aligns with the emotion of awe.",awe
fear_13913,"The image depicts a vampire figure in a dramatic pose, which typically evokes a sense of fear or horror in viewers.",fear
fear_04087,The dark and eerie atmosphere of the corridor evokes a sense of fear in most viewers.,fear
fear_11567,"The image depicts classic horror characters in a dramatic pose, which typically evokes a sense of fear or disgust in viewers.",disgust
fear_06975,The exaggerated and menacing expression combined with the vibrant costume suggests a feeling of fear or disgust.,disgust
fear_08819,"The image evokes a sense of balance and harmony, which typically leads to feelings of contentment.",contentment
fear_14872,"The image depicts two individuals in a dramatic pose on stage, which typically evokes a sense of drama and intensity.",fear
fear_02385,"The image depicts a person with a distressed appearance and bloodstains, which typically evokes a strong sense of fear or disgust.",disgust
fear_12859,The serene and natural setting with the tree and water evokes a sense of calm and tranquility.,contentment
fear_10477,The image of a Tyrannosaurus Rex skull evokes a sense of awe due to its size and historical significance.,awe
fear_06064,"The image depicts two figures in dark cloaks holding glowing strings, creating a mysterious and slightly eerie atmosphere that evokes a sense of fear.",fear
fear_13649,The close-up and detailed view of the spider's face creates a sense of fascination and wonder.,awe
fear_13451,The exaggerated expressions and vibrant colors create a humorous and playful atmosphere.,amusement
fear_05044,The bright light and the unusual juxtaposition of scissors and a hand create a sense of surprise and curiosity.,awe
fear_06746,"The oversized, whimsical rabbit statue in a serene park setting likely evokes a sense of amusement due to its unexpected and playful nature.",amusement
fear_13252,The image depicts a highly detailed and gruesome zombie costume that is likely intended to evoke a strong negative reaction.,disgust
fear_03866,The image depicts a surreal and somewhat unsettling scene that might evoke a sense of awe or disgust due to its unusual and macabre elements.,disgust
fear_04033,"The image shows a moth, which is often seen as a common and harmless insect, evoking a sense of curiosity or mild interest.",contentment
fear_14986,The image of a spider on a wall typically evokes a sense of fear or disgust due to the spider's association with danger and the unexpected presence of such an insect.,disgust
fear_12081,"The image shows a butterfly and a wasp in close proximity, which can be amusing due to their contrasting behaviors and the unexpected nature of their interaction.",amusement
fear_08907,"The image depicts a toy tank amidst debris and rocks, which might evoke a sense of playful curiosity or amusement.",amusement
fear_12224,"The image depicts a person dressed as a zombie, which typically evokes a sense of disgust due to the gory and unsettling nature of the costume.",disgust
fear_10916,"The image depicts a classic horror scene with a monster and a creature, which typically evokes fear in viewers.",fear
fear_02925,"The exaggerated makeup and costume suggest a humorous or playful intent, likely evoking amusement.",amusement
fear_07400,"The image depicts a dilapidated and abandoned room, which typically evokes a sense of sadness due to its state of decay and neglect.",sadness
fear_09271,"The image depicts characters dressed as zombies, which typically evoke a sense of fear or disgust in viewers.",disgust
fear_14095,"The dim lighting and shadowy environment create a sense of mystery and suspense, which typically evokes fear.",fear
fear_03129,"The image depicts a person dressed in a Halloween costume with exaggerated makeup and a plastic bag over their head, which is typically associated with playful or humorous scenarios.",amusement
fear_09324,"The image depicts a humorous and exaggerated scene where a skeleton is humorously mistaken for a ghost, causing people to react with exaggerated fear and laughter.",amusement
fear_05383,"The image depicts a person dressed as a horror character holding a chainsaw, which typically evokes fear or disgust in viewers.",disgust
fear_12588,"The image's dark and moody atmosphere, combined with the shadowy fence, evokes a sense of unease or fear.",fear
fear_10607,The image depicts a creature with a somewhat unsettling and otherworldly appearance that might evoke a sense of awe or fear in viewers.,fear
fear_14753,The image features a lively and colorful performance with exaggerated costumes and expressions that typically evoke amusement.,amusement
fear_00011,"The image depicts a person with a distressed and possibly injured appearance, which typically evokes feelings of fear or disgust.",disgust
fear_08987,"The image depicts a doll's head lying on the ground, which can evoke a sense of sadness due to its discarded state and the eerie atmosphere.",sadness
fear_03711,The intricate and symmetrical pattern of the spider web combined with the presence of the spider itself evokes a sense of wonder and admiration.,awe
fear_05565,The dark and mysterious atmosphere of the corridor evokes a sense of suspense and intrigue.,fear
fear_08203,"The image depicts a clown in a Halloween costume, which typically evokes amusement due to its exaggerated and playful nature.",amusement
fear_01980,"The whimsical and slightly eerie appearance of the figure, combined with its placement on a tree branch, creates a sense of amusement.",amusement
fear_07549,The vibrant blue color and dynamic pose of the figure create a sense of whimsy and playfulness.,amusement
fear_07845,The exaggerated and whimsical design of the dragon-themed vehicle is likely to evoke a sense of playful amusement.,amusement
fear_11826,"The shadow appears to be that of a person in motion, possibly dancing or moving playfully, which typically evokes a sense of amusement.",amusement
fear_06003,"The image depicts a memorial with flowers and a doll-like figure, which typically evokes a sense of sadness or grief.",sadness
fear_07593,The grotesque and unsettling appearance of the masks typically evokes a sense of disgust in viewers.,disgust
fear_08552,"The image depicts a hand with a needle and blood, which typically evokes a sense of fear or disgust.",disgust
fear_05750,"The image depicts a rusted and damaged surface with a hole, which typically evokes a sense of decay and neglect, leading to feelings of disgust.",disgust
fear_00295,The vibrant and exaggerated features of the graffiti character evoke a playful and humorous response.,amusement
fear_04007,"The cracked texture and dark, intense lighting evoke a sense of unease and discomfort.",disgust
fear_06128,The vibrant purple color and unusual appearance of the crab create a sense of curiosity and wonder.,awe
fear_12826,"The image depicts a taxidermied raccoon with an exaggeratedly open mouth, which can evoke a sense of disgust due to its unnatural and unsettling appearance.",disgust
fear_01073,"The image depicts a doll with a haunting and eerie appearance, which typically evokes a sense of fear or disgust in viewers.",disgust
fear_06054,"The image depicts human remains, which typically evoke a sense of awe or fear due to its macabre nature.",fear
fear_04218,"The person's dramatic makeup and costume suggest a theatrical or performance context, which often elicits amusement from viewers.",amusement
fear_08532,"The image depicts a person seemingly defying gravity, which is humorous and unexpected, evoking a sense of amusement.",amusement
fear_13056,"The image depicts a person with zombie makeup and a helmet, which typically evokes a sense of fear or disgust due to the association with horror themes.",disgust
fear_12922,The swirling green smoke against a black background creates a mesmerizing and mysterious effect that typically evokes a sense of awe.,awe
fear_10466,"The image depicts two individuals in elaborate costumes, likely from a video game or movie, posing in a dramatic and stylized manner that suggests excitement and entertainment.",excitement
fear_12179,The image evokes a sense of awe due to the dramatic lighting and the silhouette of the bridge against the dark sky.,awe
fear_14831,"The image depicts a person in a horror-themed setting with a bloodied face and a lab coat, which typically evokes a sense of fear or disgust.",disgust
fear_13435,"The image depicts a fire scene with smoke and emergency vehicles, which typically evoke a sense of urgency and concern.",fear
fear_08127,"The image depicts a dark, graffiti-covered tunnel that can evoke a sense of mystery and intrigue, which might lead to curiosity or excitement.",excitement
fear_03057,"The image depicts a large, suspended shark model, which is likely part of a themed attraction or exhibit, evoking a sense of playful amusement.",amusement
fear_03217,The image of a vulture behind a fence evokes a sense of curiosity and slight unease due to its unusual and somewhat eerie appearance.,disgust
fear_13299,The vibrant green makeup and the playful pose of the figure evoke a sense of whimsy and fun.,amusement
fear_06805,"The image conveys a sense of unease and discomfort due to the gas mask and dark, ominous background.",fear
fear_00461,"The image features a person wearing a skull mask, which is often associated with Halloween or horror themes, evoking a sense of playful fear or amusement.",amusement
fear_11296,"The image displays a variety of animal masks, which are often associated with playful and humorous activities.",amusement
fear_11271,"The image depicts a person in a zombie costume, which typically evokes disgust due to its association with horror and decay.",disgust
fear_08398,"The image depicts the aftermath of a catastrophic event, which typically evokes strong negative emotions such as fear and sadness.",sadness
fear_00077,"The image depicts a medical X-ray, which typically evokes a sense of concern or worry in viewers.",sadness
fear_10994,"The image depicts people dressed as zombies, which typically evokes a sense of humor and amusement.",amusement
fear_09546,"The image depicts an abandoned and overgrown building, which typically evokes a sense of mystery and unease.",fear
fear_07264,The image captures a dramatic and somewhat unsettling scene that typically evokes a sense of fear or disgust.,disgust
fear_02984,"The image depicts ants carrying a dead insect, which can evoke a sense of disgust due to the nature of the scene.",disgust
fear_08024,The intricate and vibrant tattoo design evokes a sense of admiration and wonder.,awe
fear_03094,"The image depicts a clown with exaggerated and unsettling features, which typically evokes a sense of fear or disgust in viewers.",disgust
fear_00724,"The image features a dark background with glowing skull patterns, which can evoke a sense of mystery and intrigue.",awe
fear_06970,"The image depicts a person dressed as a zombie, which typically evokes a sense of amusement or disgust due to its unconventional and eerie appearance.",disgust
fear_06174,"The image depicts a zombie action figure in a dramatic pose, which typically evokes a sense of fear or disgust in viewers.",disgust
fear_11701,"The image depicts a distressed and decayed face, which typically evokes feelings of sadness or disgust.",disgust
fear_09130,"The person's expression and the setting suggest a playful and curious mood, which aligns most closely with amusement.",amusement
fear_13506,"The image depicts a makeshift explosive device, which typically evokes a sense of danger and fear.",fear
fear_00529,The gargoyle's exaggerated features and open mouth create a sense of surprise or shock that aligns with the emotion of awe.,awe
fear_11510,"The image depicts a horror scene with a person in distress and a carved pumpkin, evoking a strong sense of fear.",fear
fear_11029,"The image depicts a person in a zombie costume with exaggerated makeup and chains, which is typically associated with horror or Halloween themes, evoking a sense of fear.",fear
fear_03423,The cracked porcelain face and eerie expression evoke a sense of unease and fear.,fear
fear_14581,"The image depicts a dead bird, which typically evokes a sense of sadness or disgust in viewers.",disgust
fear_08271,"The image features a stark contrast between the menacing shark mouths and the unexpected flowers, creating a sense of surprise and intrigue.",awe
fear_13804,"The image depicts a large, menacing shark with an open mouth, which typically evokes a strong sense of fear in viewers.",fear
fear_10554,"The image evokes a sense of horror and unease due to its dark, eerie, and unsettling composition.",fear
fear_00943,"The image depicts a person in a costume playing a keyboard, which is likely to evoke amusement due to the unusual and humorous nature of the setup.",amusement
fear_09394,"The image depicts a hand covered in religious imagery, which can evoke a sense of awe due to its unique and artistic presentation.",awe
fear_07626,"The image depicts a grotesque and unsettling figure, which typically evokes a strong sense of disgust.",disgust
fear_13275,"The dim lighting and reflective wet floor create a sense of unease and mystery, evoking fear.",fear
fear_11335,"The person's exaggerated pose and the unusual costume suggest a humorous or playful intent, likely evoking amusement.",amusement
fear_12027,"The child appears to be posing playfully next to a gory figure, suggesting amusement.",amusement
fear_13560,The vibrant and abstract pattern of bubbles creates a sense of wonder and curiosity.,awe
fear_05900,The image depicts a violent scene that typically evokes strong negative emotions such as fear and disgust.,disgust
fear_06173,"The image combines elements of horror and humor, creating a playful and amusing effect.",amusement
fear_01515,"The image evokes a sense of mystery and intrigue due to the dimly lit, narrow stone corridor, which can make viewers feel curious or slightly apprehensive.",fear
fear_00178,"The image depicts a person in a costume that appears to be from a horror or sci-fi genre, which typically evokes a sense of fear or disgust.",disgust
fear_04459,The image depicts a highly exaggerated and unsettling expression that typically evokes fear or disgust.,disgust
fear_09423,The exaggerated features and wide-open mouth of the doll create a humorous and slightly unsettling effect that typically evokes amusement.,amusement
fear_00786,"The image depicts people working on a large, detailed creature that appears to be a costume or prop, which often evokes curiosity and interest.",awe
fear_01201,The image depicts a grotesque and unsettling scene that typically evokes a strong sense of disgust.,disgust
fear_00662,"The image shows a spider in close-up, which can evoke a mix of fascination and slight discomfort, but the overall tone leans towards awe due to the detailed observation.",awe
fear_11754,"The image depicts a scene from a horror film, which typically evokes fear and disgust in viewers.",disgust
fear_12191,"The image depicts people dressed up as zombies, which is typically associated with a playful and humorous context.",amusement
fear_09826,"The image features individuals in elaborate and grotesque costumes that are typically associated with horror or Halloween themes, which can evoke a strong sense of fear.",fear
fear_10384,"The person holding the mask is dressed in a way that suggests they are participating in a themed event or costume party, which typically evokes amusement.",amusement
fear_00548,"The image depicts a clown with exaggerated makeup and a red wig, which typically evokes a sense of amusement or fear in viewers.",fear
fear_08650,"The image depicts a wax figure in a museum-like setting surrounded by taxidermy birds, which typically elicits a sense of curiosity and fascination.",awe
fear_12309,The cheetah's focused and intense gaze evokes a sense of awe due to its powerful and majestic presence.,awe
fear_00230,"The image depicts a person in a zombie costume with a menacing expression and bloodied face, which typically evokes fear in viewers.",fear
sadness_02143,The dog's relaxed posture and direct gaze suggest a calm and content demeanor.,contentment
sadness_08722,"The person appears to be sitting alone and contemplative, which often evokes a sense of sadness or loneliness.",sadness
sadness_08691,"The image shows a small, hairless dog with a curious and slightly surprised expression, which typically evokes amusement.",amusement
sadness_09739,"The image depicts a dilapidated and abandoned structure, which typically evokes a sense of decay and abandonment, leading to feelings of sadness.",sadness
sadness_03285,"The image depicts a person in a wheelchair resting on a street corner, which evokes a sense of vulnerability and hardship.",sadness
sadness_11111,"The image depicts a serene cemetery on a foggy day with autumn leaves, evoking a sense of quiet reflection and melancholy.",sadness
sadness_01589,"The person appears to be carefully examining or arranging dried flowers, which often evokes a sense of calm and contemplation.",contentment
sadness_12567,"The image shows two cute calves resting together in a grassy field, which typically evokes feelings of warmth and contentment.",contentment
sadness_07823,"The image depicts a group of people engaged in a solemn and respectful activity, likely prayer or meditation, which typically evokes a sense of awe or reverence.",awe
sadness_03533,"The image depicts a large, rusted dumpster in a state of disrepair, which typically evokes a sense of neglect and decay.",sadness
sadness_02092,"The horse appears calm and relaxed, suggesting a sense of peace and contentment.",contentment
sadness_02717,"The rusted and abandoned ship evokes a sense of melancholy and nostalgia, which aligns most closely with sadness.",sadness
sadness_04406,The ornate and intricate design of the gravestone evokes a sense of respect and reverence.,awe
sadness_09576,"The image depicts a scene that appears to be staged or manipulated, which can evoke amusement due to its unusual and exaggerated nature.",amusement
sadness_00957,"The image conveys a sense of unease and tension, which aligns most closely with fear.",fear
sadness_11627,"The baby's expression and the adult's gentle demeanor evoke a sense of tenderness and care, which aligns with contentment.",contentment
sadness_05530,The person's hand on their forehead and the serious expression suggest they are experiencing deep thought or concern.,sadness
sadness_10261,"The image shows a close-up of a train's front lights, which can evoke a sense of curiosity and interest in its design and function.",awe
sadness_10448,"The person appears to be deep in thought or possibly feeling a bit melancholic, which aligns more closely with sadness.",sadness
sadness_05857,The dog's expression and the setting evoke a sense of longing or sadness.,sadness
sadness_10963,"The image depicts two musicians deeply engaged in playing their instruments, suggesting a sense of concentration and dedication.",contentment
sadness_01786,"The child's expression appears calm and slightly curious, suggesting a sense of contentment.",contentment
sadness_07081,"The image depicts a serene and peaceful cemetery scene, which typically evokes a sense of calm and reflection.",contentment
sadness_11584,The firefighter's posture and expression suggest exhaustion and relief after a challenging situation.,sadness
sadness_02334,"The image depicts a gravestone with a somber and reflective tone, evoking a sense of loss and remembrance.",sadness
sadness_09642,"The image shows people paying respects and placing flowers, indicating a somber and reflective mood.",sadness
sadness_11844,"The person appears to be in a state of deep contemplation or distress, which aligns more closely with sadness than any other emotion.",sadness
sadness_09077,"The vibrant green and red colors of the parrot, along with its expressive eye, evoke a sense of curiosity and wonder.",awe
sadness_06608,"The person appears to be in a contemplative or thoughtful state, which aligns more closely with sadness than any other emotion.",sadness
sadness_04996,"The image depicts a group of people sitting and standing on a street corner, which often evokes a sense of everyday life and community interaction.",contentment
sadness_09936,"The image depicts a somber and reflective cemetery scene, which typically evokes feelings of sadness.",sadness
sadness_07796,The dim lighting and the contemplative expression suggest a mood of introspection or melancholy.,sadness
sadness_09975,"The person appears to be deep in thought or contemplation, which typically evokes a sense of sadness.",sadness
sadness_04759,"The serene and contemplative pose of the person, combined with the surreal floating clouds, evokes a sense of calm and introspection.",contentment
sadness_09281,The statue's serene expression and the natural setting evoke a sense of calm and contemplation.,contentment
sadness_00213,"The image depicts a solemn funeral scene with military personnel carrying a casket and a woman in mourning attire, which typically evokes feelings of sadness.",sadness
sadness_10418,"The image depicts a gravestone with inscriptions of names and dates, which typically evokes a sense of sadness due to the commemoration of deceased individuals.",sadness
sadness_09277,"The shattered glass and debris suggest a recent violent event, which typically evokes feelings of fear or sadness.",sadness
sadness_04941,The child's wide-eyed expression and open mouth suggest a moment of surprise or amazement.,awe
sadness_03758,"The person appears to be in a state of deep contemplation or sadness, as indicated by their posture and facial expression.",sadness
sadness_03435,"The serene and contemplative atmosphere, combined with the classical sculpture, evokes a sense of awe and reverence.",awe
sadness_12568,The image conveys a sense of danger and unease due to the ominous message on the elevator doors.,fear
sadness_03691,"The image depicts a person in a futuristic or sci-fi setting, which often evokes a sense of awe and curiosity.",awe
sadness_06383,"The person appears to be in a state of deep contemplation or distress, which aligns most closely with the emotion of sadness.",sadness
sadness_05053,"The image depicts a person in distress, which typically evokes feelings of sadness in viewers.",sadness
sadness_11755,"The dog appears relaxed and comfortable in its cozy bed, evoking a sense of calm and contentment.",contentment
sadness_03777,"The image shows a closed café with a worn-out awning and empty windows, which might evoke a sense of sadness or disappointment.",sadness
sadness_07293,"The cat appears relaxed and comfortable on the rock, suggesting a sense of peace and contentment.",contentment
sadness_01042,"The image depicts a serene cemetery scene with a statue of Jesus, which typically evokes a sense of reverence and peace.",awe
sadness_10672,"The image depicts a solemn and respectful scene at a cemetery, which typically evokes feelings of reverence and sadness.",sadness
sadness_10488,"The image depicts a person sitting on the steps of a bank, which can evoke feelings of sadness or hopelessness due to the context and the individual's posture.",sadness
sadness_06871,"The person appears contemplative and somewhat serious, which aligns more closely with a negative emotion rather than a positive one.",sadness
sadness_05689,"The image depicts the ruins of a castle, which often evoke a sense of history and grandeur, leading to feelings of awe.",awe
sadness_01363,"The image depicts a memorial with personal items and flowers, which typically evoke a sense of remembrance and sadness.",sadness
sadness_10045,"The person's posture and expression suggest a sense of solemnity and introspection, which aligns most closely with sadness.",sadness
sadness_08358,The dog's relaxed posture and calm expression suggest a sense of contentment.,contentment
sadness_04820,"The image depicts a somber and aged cemetery scene, which typically evokes a sense of sadness or melancholy.",sadness
sadness_04839,"The image depicts a serene and majestic angelic figure, which typically evokes a sense of reverence and awe.",awe
sadness_10348,"The image depicts a dilapidated and abandoned interior space, which typically evokes a sense of sadness due to its decay and abandonment.",sadness
sadness_06158,"The person appears to be in a serious or contemplative mood, which aligns more closely with sadness than any other emotion.",sadness
sadness_01478,The person's facial expression conveys a sense of sadness and distress.,sadness
sadness_03803,"The person appears to be sitting alone and contemplatively, which often evokes a sense of sadness or melancholy.",sadness
sadness_05018,"The image depicts a weathered gravestone in a cemetery, which typically evokes a sense of sadness and reflection on mortality.",sadness
sadness_00226,"The image depicts a dilapidated and abandoned space filled with debris, which typically evokes a sense of sadness due to the decay and neglect.",sadness
sadness_02478,"The image depicts an elderly woman with a pensive and possibly sad expression, which aligns with the emotion of sadness.",sadness
sadness_06535,The relaxed posture and casual attire suggest a sense of ease and enjoyment.,contentment
sadness_00346,The warm glow of the candle against the dark background evokes a sense of calm and tranquility.,contentment
sadness_11654,"The image depicts a somber scene of snow-covered graves, evoking a sense of quiet reflection and remembrance.",sadness
sadness_05942,The juxtaposition of the serious-looking man and the humorous sign creates a sense of irony that might evoke amusement.,amusement
sadness_12293,"The statue's serene and contemplative posture, along with the peaceful park setting, evokes a sense of calm and reflection.",contentment
sadness_09985,The image shows a serious and contemplative expression that typically evokes a sense of sadness or concern.,sadness
sadness_00064,"The image depicts a Confederate flag placed next to a grave marker, which may evoke a sense of nostalgia or historical reflection.",sadness
sadness_02693,"The person on the left appears to be experiencing sadness or distress, while the person on the right seems to be offering comfort and support.",sadness
sadness_06454,"The image depicts a severely damaged car, which typically evokes a sense of sadness or concern in viewers.",sadness
sadness_05956,"The image depicts a partially demolished building with graffiti and debris, which typically evokes a sense of sadness or disappointment.",sadness
sadness_00260,The child's expression and the context of being in a pool suggest a playful and carefree mood.,amusement
sadness_02195,"The image depicts a tombstone, which typically evokes a sense of sadness or reflection on mortality.",sadness
sadness_06351,"The child's expression and body language suggest distress or discomfort, which aligns with the negative emotion category.",sadness
sadness_02371,"The person is placing flowers and candles on a grave, which typically evokes a sense of remembrance and respect.",sadness
sadness_00416,The serene and majestic appearance of the verdigris statue evokes a sense of awe.,awe
sadness_11740,"The image depicts a weathered gravestone in a cemetery, which typically evokes a sense of sadness and reflection.",sadness
sadness_06162,"The person appears contemplative and thoughtful, suggesting a calm and reflective mood.",contentment
sadness_04196,"The person appears relaxed and slightly amused, with a hint of a smile that suggests a positive emotional state.",contentment
sadness_10874,"The image depicts a desolate and cold scene with frost-covered sunflowers, evoking a sense of melancholy and sadness.",sadness
sadness_12617,The cat's expression and the cozy setting evoke a sense of comfort and contentment.,contentment
sadness_10850,"The person appears to be relaxed and focused on their phone, suggesting they are engaged in a neutral or slightly positive activity.",contentment
sadness_07841,"The person appears to be in a relaxed and comfortable position, suggesting a sense of contentment.",contentment
sadness_10772,The person's posture and the somber setting evoke a sense of sadness.,sadness
sadness_08028,"The person appears to be in a somber and reflective mood, likely due to the setting of a cemetery and their posture suggesting contemplation or grief.",sadness
sadness_10513,The child's posture and expression suggest a sense of sadness or distress.,sadness
sadness_07307,The image of a single leaf on a textured surface evokes a sense of quiet contemplation and natural beauty.,contentment
sadness_07532,"The statue and tombstone evoke a sense of solemnity and reflection, which typically leads to sadness.",sadness
sadness_01471,The weathered gravestone and overgrown grass evoke a sense of nostalgia and melancholy.,sadness
sadness_10952,"The image depicts a dog resting peacefully on military gear, evoking a sense of calm and companionship.",contentment
sadness_06373,"The image shows a person crying, which typically evokes sadness.",sadness
sadness_07754,"The image depicts an abandoned and dilapidated interior, which typically evokes a sense of sadness due to the decay and neglect.",sadness
sadness_01743,The serene and orderly arrangement of graves under a warm sunset evokes a sense of peace and reflection.,contentment
sadness_03445,"The image depicts a gravestone, which typically evokes a sense of sadness or reflection on mortality.",sadness
sadness_10661,"The person appears to be deep in thought or possibly experiencing a moment of sadness, as indicated by their downward gaze and the overall somber tone of the image.",sadness
sadness_08448,The vibrant clown costume and Union Jack umbrella create a playful and whimsical scene that typically evokes amusement.,amusement
sadness_10148,"The person appears to be in a state of distress or sadness, as indicated by their posture and facial expression.",sadness
sadness_00600,"The serene sunset and the contemplative pose evoke a sense of peace and reflection, which aligns most closely with contentment.",contentment
sadness_01988,"The image depicts an abandoned industrial site with overgrown vegetation and a tall chimney, evoking a sense of abandonment and decay.",sadness
sadness_06155,"The image depicts a memorial event for Liu Xiaobo, evoking a sense of solemnity and respect, which aligns with the emotion of sadness.",sadness
sadness_08399,"The image depicts a serene and somber winter scene in a cemetery, which typically evokes a sense of quiet reflection and melancholy.",sadness
sadness_09213,"The person appears to be resting or sleeping peacefully, which typically evokes a sense of calm and contentment.",contentment
sadness_00495,"The image depicts a grave with flowers and a portrait, which typically evokes a sense of remembrance and sadness.",sadness
sadness_04631,"The image depicts a person begging on the street, which typically evokes feelings of sadness and empathy in viewers.",sadness
sadness_08287,"The monkey's expression and slightly open mouth suggest a sense of curiosity or mild surprise, which aligns with awe.",awe
sadness_11427,"The person appears relaxed and is surrounded by a peaceful garden setting, suggesting a sense of contentment.",contentment
sadness_09479,"The person appears to be deep in thought or possibly feeling contemplative, which aligns more closely with sadness than any other emotion.",sadness
sadness_11216,"The image depicts a gravestone with inscriptions and a flag, which typically evokes a sense of remembrance and respect.",sadness
sadness_02758,"The dim lighting and shadow play create a mysterious and slightly eerie atmosphere, evoking a sense of suspense or unease.",fear
sadness_00321,"The solemn atmosphere and formal attire suggest a somber event, likely a memorial or commemoration, which typically evokes sadness.",sadness
sadness_01939,"The image depicts a serene and historic church setting, which typically evokes a sense of awe and reverence.",awe
sadness_07903,The child's posture and expression suggest a sense of contemplation or sadness.,sadness
sadness_10517,"The image depicts an old, weathered wooden house with peeling paint and overgrown vegetation, evoking a sense of abandonment and decay.",sadness
sadness_12036,"The image depicts a gravestone with inscriptions about a historical figure, evoking a sense of respect and remembrance.",awe
sadness_06302,"The sign expresses frustration and disappointment about theft, which typically evokes a negative emotion.",disgust
sadness_01051,"The image depicts a scene of historical ruins, which often evoke a sense of awe and contemplation about history and nature's enduring power.",awe
sadness_00796,The serene and slightly whimsical scene with the cherub statue and the cross evokes a sense of calm and reflection.,contentment
sadness_11514,"The man's expression and attire suggest a calm and reflective mood, which aligns most closely with contentment.",contentment
sadness_03791,The serene and symmetrical setting with the bird in the center creates a sense of calm and contemplation.,contentment
sadness_12493,"The image depicts a vibrant and serene scene of daisies, which typically evoke feelings of peace and happiness.",contentment
sadness_02611,"The cat's expression and posture suggest a calm and relaxed demeanor, which aligns with contentment.",contentment
sadness_03475,"The image depicts a grave with flowers and a memorial plaque, which typically evokes a sense of remembrance and respect.",sadness
sadness_03439,The child's expression and the act of brushing teeth suggest a playful and lighthearted moment.,amusement
sadness_01615,"The image depicts a gravestone with inscriptions related to military service, which typically evokes a sense of respect and remembrance.",contentment
sadness_10219,"The person appears to be resting their head on their arm, which often conveys a sense of weariness or sadness.",sadness
sadness_03464,"The person appears to be resting or sleeping, which typically evokes a sense of calm and relaxation.",contentment
sadness_03673,"The person appears to be deeply distressed or tired, which aligns with the emotion of sadness.",sadness
sadness_07863,"The image conveys a sense of sadness due to the dark and somber tone, along with the person's posture and the paperclip in their hair, which can symbolize hopelessness or despair.",sadness
sadness_08252,"The person appears contemplative and slightly pensive, which aligns more closely with sadness than any other emotion.",sadness
sadness_04656,The overgrown and neglected appearance of the cemetery evokes a sense of abandonment and melancholy.,sadness
sadness_10540,The person's facial expression and body language suggest a sense of disappointment or frustration.,sadness
sadness_04106,"The individuals appear to be focused and engaged, suggesting they are enjoying the event.",excitement
sadness_04018,"The elderly man appears calm and composed while reading a newspaper on a train, suggesting a sense of routine and contentment.",contentment
sadness_11015,"The image depicts a gravestone, which typically evokes a sense of sadness or reflection on mortality.",sadness
sadness_00048,The dim lighting and contemplative posture suggest a mood of introspection or melancholy.,sadness
sadness_11850,"The child covering their face suggests a playful or shy reaction, which aligns with amusement.",amusement
sadness_09911,"The image depicts an abandoned and dilapidated building, which typically evokes a sense of sadness due to its state of neglect and decay.",sadness
sadness_06456,"The image depicts a gravestone with a somber message, which typically evokes a sense of sadness.",sadness
sadness_04692,"The person appears relaxed and contemplative, sitting on a grassy hill under a clear sky, which typically evokes a sense of peace and contentment.",contentment
sadness_08428,"The child appears to be focused and possibly curious about the object they are holding, while the adult seems engaged and attentive, suggesting a moment of shared interest or learning.",contentment
sadness_07349,"The image depicts a dilapidated and abandoned structure, which typically evokes a sense of sadness or melancholy due to its state of decay and neglect.",sadness
sadness_07999,"The image shows a rustic and somewhat unfinished interior space, which might evoke a sense of curiosity or slight discomfort due to its state.",disgust
sadness_01413,The lion's majestic presence and the serene natural setting evoke a sense of awe and respect for nature.,awe
sadness_10814,"The person appears to be in a state of deep thought or concern, which aligns more closely with sadness than any other emotion.",sadness
sadness_02653,"The child appears to be holding a stuffed toy and seems to be in a calm, relaxed state, suggesting contentment.",contentment
sadness_05755,"The person appears to be deep in thought or possibly feeling contemplative, which aligns more closely with sadness than any other emotion.",sadness
sadness_10652,"The individuals appear to be in a contemplative or possibly sad mood, as indicated by their body language and facial expressions.",sadness
sadness_01792,"The person on the right appears to be deep in thought or possibly feeling contemplative, which aligns more closely with a sense of contentment.",contentment
sadness_03458,"The person appears to be deep in thought or contemplation, which typically evokes a sense of sadness.",sadness
sadness_05744,"The person appears to be deep in thought or contemplation, which typically evokes a sense of sadness.",sadness
sadness_11364,The intricate and artistic design of the cross evokes a sense of admiration and wonder.,awe
sadness_00262,The whimsical and imaginative arrangement of objects on the log evokes a sense of playful curiosity and delight.,amusement
sadness_03363,"The person appears deeply engrossed in reading, suggesting a state of concentration and absorption which typically evokes contentment.",contentment
sadness_05827,The person's posture and expression suggest a sense of contemplation or sadness.,sadness
sadness_05663,The statue's upward gaze and serene expression evoke a sense of reverence and awe.,awe
sadness_07089,"The person in the foreground appears to be engaged in a serious or contemplative activity, which typically evokes a sense of contentment.",contentment
sadness_04364,The serene and isolated setting of the small white church in a wooded area evokes a sense of peace and tranquility.,contentment
sadness_07602,"The image depicts a statue of two figures embracing, which typically evokes a sense of deep emotional connection and sorrow.",sadness
sadness_08232,"The person appears to be deep in thought or contemplation, which typically evokes a sense of sadness.",sadness
sadness_07382,The dim lighting and solemn atmosphere evoke a sense of sadness.,sadness
sadness_09942,"The image depicts a gravestone, which typically evokes a sense of sadness or reflection on mortality.",sadness
sadness_09848,"The image captures a moment of solitude and introspection, with the person in the shadowed area appearing contemplative or perhaps even melancholic.",sadness
sadness_04119,"The image depicts an old, abandoned radio covered in cobwebs, evoking a sense of nostalgia and curiosity.",awe
sadness_11255,The intricate and somewhat whimsical design of the stone carving evokes a sense of curiosity and amusement.,amusement
sadness_03042,The image conveys a sense of deep contemplation and perhaps a hint of sadness due to the elderly woman's expression and the somber tone of the photograph.,sadness
sadness_05033,The person's expression and the context of being behind bars evoke a sense of fear or apprehension.,fear
sadness_00196,The serene and peaceful scene with the swan and calm water evokes a sense of tranquility and contentment.,contentment
sadness_01222,"The man appears to be deep in thought or possibly feeling sad, as he is sitting alone and his posture suggests contemplation or melancholy.",sadness
sadness_02813,"The person is wearing a pirate costume and an eye patch, which typically evokes a playful and humorous reaction.",amusement
sadness_07939,"The image depicts a solitary swing in a desolate landscape, evoking a sense of abandonment and melancholy.",sadness
sadness_11065,"The person appears contemplative and serene, suggesting a sense of calm and reflection.",contentment
sadness_04148,"The individuals appear to be in a state of disappointment or frustration, which aligns with the emotion of sadness.",sadness
sadness_01195,"The person's facial expression shows a clear sign of sadness, with downturned corners of the mouth and a general frown.",sadness
sadness_08958,"The image depicts a grave marker with a small statue of a dog, which often symbolizes companionship and loss, evoking a sense of sadness.",sadness
sadness_11395,"The person appears to be looking out the window thoughtfully, which often suggests contemplation or awe.",awe
sadness_12725,"The image depicts a scene of historical ruins, which often evoke a sense of awe and reflection on history and the passage of time.",awe
sadness_12046,"The tall, imposing obelisk in a serene cemetery setting evokes a sense of awe and reverence.",awe
sadness_12428,"The individuals appear to be in a contemplative or serious mood, which aligns more closely with sadness than any other emotion.",sadness
sadness_01580,"The image depicts a dilapidated and abandoned interior space, which typically evokes a sense of sadness due to its state of neglect and decay.",sadness
sadness_00122,"The image depicts a serene autumn scene in a cemetery, with vibrant orange leaves and soft lighting, evoking a sense of peace and reflection.",contentment
sadness_09934,"The person appears to be deep in thought or contemplation, which typically evokes a sense of sadness.",sadness
sadness_08835,The child's playful expression and relaxed posture suggest a sense of contentment.,contentment
sadness_03684,"The dog appears calm and relaxed, lying in grass, which typically evokes a sense of contentment.",contentment
sadness_12637,"The image depicts a group of scouts in uniform, with one scout being embraced by another, suggesting a moment of support or camaraderie, which typically evokes contentment.",contentment
sadness_03097,"The child appears to be carrying heavy boxes on a cart, which might evoke sympathy or concern from viewers.",sadness
sadness_08388,"The image conveys a sense of deep contemplation and introspection, which aligns most closely with awe.",awe
sadness_08407,"The image conveys a sense of deep sadness and weariness, as seen through the woman's expression and the overall somber tone.",sadness
sadness_10340,"The image shows a crow in a natural setting, which typically evokes a sense of calm and observation.",contentment
sadness_01045,"The serene and contemplative posture of the statue, combined with the natural setting, evokes a sense of calm and reflection.",contentment
sadness_01798,"The image depicts a gravestone with a young life cut short, which typically evokes a sense of sadness.",sadness
sadness_05426,"The person appears to be deeply engrossed in their music, suggesting a state of contentment and relaxation.",contentment
sadness_02953,"The person appears to be resting or sleeping on a chair, which can evoke a sense of weariness or fatigue.",sadness
sadness_02576,"The image depicts a dead bird, which typically evokes a sense of sadness or disgust in most viewers.",disgust
sadness_07037,"The image depicts a somber and reflective scene with a statue of an angel holding a broken cross, which typically evokes a sense of sadness or mourning.",sadness
sadness_12633,"The dog appears calm and relaxed, sitting on grass with a serene background, evoking a sense of peace and contentment.",contentment
sadness_00630,The grandeur and solemnity of the monument evoke a sense of awe and reverence.,awe
