id,reasoning,memorability_1_10
00000012,The striking yellow eyes and the contrast between the black fur and the background make this image visually distinctive.,8
00000018,"The image features a striking contrast between the bright moon and the deep blue sky, set against a snow-covered mountain peak, creating a visually captivating and unique composition.",8
00000023,"The image features a unique sailboat design against a minimalist backdrop, making it visually striking and memorable.",8
00000057,"The image features a striking contrast between the subject and the industrial background, with a unique pose and a vivid sky that adds to its visual impact.",8
00000066,The image features two children with distinct expressions and a unique composition that stands out due to their contrasting postures and the vibrant green background.,8
00000122,"The image features a striking composition with a line of stones leading towards the sunset, creating a sense of depth and direction that is both visually appealing and emotionally evocative.",8
00000153,The vibrant hair colors and unique poses make this image visually striking and memorable.,8
00000168,"The image features a dramatic contrast between the dark, rugged rocks and the dynamic, foamy waves, creating a visually striking and emotionally evocative scene.",8
00000222,"The image features a striking contrast between the grandeur of a historic building and the delicate beauty of a flower, creating an unusual and visually captivating composition.",8
00000285,"The image features a striking spiral pattern made of leaves, which is both unusual and visually captivating.",8
00000288,"The black and white composition, the contrast between the figures and the rugged landscape, and the unique perspective on the railway tracks make this image distinctive and memorable.",8
00000293,"The image features a creatively modified school bus with a humorous and unexpected addition of eyes on the front, making it visually striking and memorable.",8
00000297,"The sculpture's abstract and dynamic composition, along with its reflective surface and unique form, make it highly distinctive and memorable.",8
00000497,"The image features a minimalist composition with a single flower and its reflection, creating a striking contrast against a plain background, making it visually distinctive.",8
00000527,"The image features a unique and somewhat abstract composition of a pulley system against a clear blue sky, making it visually striking and distinct.",8
00000572,"The image features a high-speed motorcycle racer in a dynamic pose, with vibrant colors and a clear focus on the subject against a simple background, making it visually striking.",8
00000582,The vibrant colors and unique texture of the banana leaf create a striking visual that stands out from typical scenes.,8
00000601,"The image features a striking black and white portrait of an elderly man with a unique expression and attire, making it visually distinctive.",8
00000603,The deep purple color and the unique texture of the flower make it visually striking and memorable.,8
00000607,"The image features a humorous and somewhat relatable statement about stealing office supplies, which stands out due to its unexpected and candid nature.",7
00000610,"The image features a striking contrast between the vibrant sunflowers and the muted urban background, making it visually distinctive.",8
00000612,"The image features a striking contrast between the dark night sky and the illuminated cityscape, with a prominent mountain in the background, making it visually distinctive.",8
00000679,"The image features an ornate, historic building with distinct architectural details and a clear sky, making it visually striking and memorable.",8
00000685,"The image features a unique and striking composition with bold letters spelling 'WHERE ARE YOU' in a desert setting, making it visually distinctive and memorable.",8
00000700,The blurred and abstract nature of the image makes it less distinct and therefore less memorable.,2
00000793,The vintage car with its unique design and vibrant red wheels stands out due to its distinctiveness and the contrast between the classic style and modern surroundings.,8
00000815,The vivid contrast between the fiery sunset and the dark silhouettes of trees creates a striking and memorable scene.,8
00000845,"The image features a distinct subject with a unique hairstyle and expressive hand gesture, making it visually striking and memorable.",8
00000895,"The image features a close-up, low-light composition with a strong focus on hands and a blurred background, creating a sense of intimacy and mystery that stands out.",8
00000915,"The vibrant blue bowl and the rich, textured soup with fresh green onions create a visually striking contrast that is both distinctive and appealing.",8
00000953,The stark contrast and simplicity of the silhouette make it highly distinctive and memorable.,9
00001058,The silhouette against the vibrant sky and the dynamic pose of the person on the swing make this image visually striking and memorable.,8
00001073,"The image features two distinct individuals in a unique urban setting with a strong contrast between their attire and the background, making it visually striking.",8
00001090,The image's stark contrast and the silhouette of the figure against the bright light create a striking and unusual composition that stands out.,8
00001105,"The image features a humorous and relatable t-shirt message that stands out due to its bold text and the context of someone eating while wearing it, making it visually and conceptually memorable.",8
00001120,"The image features a simple yet visually appealing contrast between a warm beverage and fresh fruit, making it distinctive and easy to remember.",7
00001136,"The image features a striking reflection of lily pads on water, which adds an element of visual interest and uniqueness to the scene.",8
00001143,The contrasting colors and architectural details make this image visually striking and distinctive.,8
00001149,The vibrant blue car against the serene backdrop of water and sky creates a striking contrast that is visually captivating and unique.,8
00001154,"The image features a striking contrast between the weathered stone structure and the vibrant blue sky, making it visually distinctive.",8
00001158,The abstract composition and vibrant colors make this image visually striking and distinctive.,8
00001164,"The image features uniquely shaped, brightly colored objects arranged in an aesthetically pleasing pattern, making it visually striking and memorable.",8
00001203,"The image captures a striking contrast between the urban environment and the snowfall, with a person carrying skis adding an element of intrigue and activity.",8
00001246,"The stark contrast between the dark clouds and the bright sky, combined with the solitary figure and the expansive snowy landscape, creates a visually striking and memorable composition.",8
00001255,"The image features a unique combination of textures and colors, with a stack of pancakes topped with sliced apples, pomegranate seeds, and walnuts, creating a visually striking and appetizing composition.",8
00001275,"The image features a striking aerial view of a cityscape at sunset, with distinct skyscrapers and a clear contrast between the urban architecture and the water, making it visually distinctive.",8
00001310,"The image features a unique composition with a school of fish and a shark, creating a striking contrast and a sense of depth that makes it visually engaging.",8
00001381,"The image features a striking contrast between the warm, glowing fire and the cool, bare feet, creating a visually compelling and emotionally evocative scene.",8
00001408,"The image captures a dynamic moment of a foal running, which is inherently engaging and contrasts with the more static background, making it visually striking.",8
00001465,"The image features a person in a Shrek costume, which is a highly distinctive and unusual subject, making it memorable.",8
00001484,"The image features a vibrant yellow flower against a stark black background, creating a striking contrast that draws attention and makes it visually distinctive.",8
00001554,"The image features an old, weathered fire station with a vintage car and a clear, distinct composition that stands out due to its monochrome aesthetic and historical context.",8
00001576,"The image features a man drinking from a branded cup in an outdoor setting with distinct elements like palm trees and a building, making it visually engaging.",7
00001613,"The image features a striking contrast between natural elements and urban architecture, with vibrant colors and a clear focal point that draws attention.",8
00001655,"The image features a striking contrast between the golden sand and the vibrant blue sky, with a unique composition that draws attention to the textures and patterns in the sand.",8
00001674,"The image features a striking contrast between text and an artistic illustration, making it visually distinctive and intriguing.",8
00001696,"The image features a long, empty hallway with a uniform yellow color scheme and minimal details, which can make it less memorable due to its generic nature.",3
00001721,"The image features a serene and symmetrical reflection that creates a visually striking and unique composition, making it memorable.",8
00001825,"The image features a decaying boat on a muddy shore, which creates a striking and somewhat eerie composition that stands out due to its unusual subject matter and setting.",7
00001853,The stark contrast and dramatic lighting make this image highly distinctive and memorable.,9
00001863,"The image features a striking composition with a large tree branch arching over a reflective pond, creating a visually captivating and serene scene.",8
00001868,"The image depicts a dramatic scene of a building on fire with visible flames and debris, which is highly unusual and striking.",9
00001888,"The image features a whimsical and unusual composition made from vegetables, which is visually striking and distinct.",8
00001891,"The watch face has a distinct vintage design with a clear focus on the brand and model details, making it visually striking and memorable.",8
00001920,"The image features an abstract and unusual composition with a stark contrast between the smooth surface and the chaotic texture of the powder, making it visually striking and memorable.",8
00001962,"The image features a highly unusual and disturbing composition with a cleaver and blood, making it highly distinctive and memorable.",9
00001964,"The image features a striking water lily with vibrant colors and dew drops, making it visually distinctive and appealing.",8
00001971,"The image features a single, beautifully detailed rose with soft pastel colors and a clear reflection, making it visually striking and distinct.",8
00001987,The vibrant colors and intricate patterns make this graffiti piece highly distinctive and visually striking.,8
00002024,"The image features a close-up of CDs with a distinct pattern and reflective surfaces, making it visually striking and unique.",8
00002026,"The image features a well-composed portrait with a clear subject, natural lighting, and a distinct background that contrasts with the subject, making it visually striking.",8
00002040,"The image captures a dynamic moment of a cyclist in motion against a dramatic sunset backdrop, creating a striking contrast and a sense of action that is visually engaging.",8
00002067,"The image features a striking chrome grille and a unique hood ornament against a dramatic sky, making it visually distinctive.",8
00002090,The Citizen Chronograph watch face with its distinct red accents and clear branding stands out due to its unique design and color scheme.,8
00002096,"The vibrant purple and white stripes on the petals, combined with the bright orange stamen, create a visually striking and unique composition that stands out.",8
00002125,"The image features a close-up of a guitar with a dark background and a warm, rich color palette, making it visually striking and distinct.",8
00002183,"The image features a striking contrast between the Cuban flag and the portrait, making it visually distinctive.",8
00002200,"The image features a close-up of a person with an open mouth and a distinctive expression, which stands out due to its emotional intensity and the contrast against the red background.",8
00002208,"The image features a unique and playful design of a milk carton with cartoon cows and a cute face, making it visually distinctive.",8
00002244,"The image features a clean and simple design with bold red text on a white background, making it visually striking and easy to remember.",8
00002259,"The image features a striking contrast between the subject's attire and the dark background, making it visually distinctive.",8
00002302,"The image features a dramatic explosion with bright, intense colors and a clear focal point against a dark background, making it visually striking and memorable.",9
00002313,"The image features a man holding a large buck in a snowy forest setting, which is visually striking and unusual compared to typical hunting scenes.",8
00002332,"The image features a distinct and expressive dog against a dynamic background of waves, making it visually striking and memorable.",8
00002346,The bird's unique posture and the contrast between its dark plumage and the light background make it visually striking and memorable.,8
00002347,The unique architectural design and warm color palette make this image highly distinctive and memorable.,9
00002374,"The image features a unique and intricate wooden structure with a thatched roof, which stands out due to its geometric patterns and natural materials.",8
00002376,"The image features a unique and distinct object, a corkscrew, with a clear focus on its design and structure, making it visually striking.",7
00002378,The bright yellow color and simple smiley face design make it visually striking and easily recognizable.,8
00002407,"The image features a striking silhouette of a bridge against a dramatic light source, creating a visually compelling and unusual composition that stands out.",8
00002434,"The image features a unique combination of a person with distinctive tattoos and a plate of food, creating an unusual and visually striking composition.",8
00002440,"This image depicts a dramatic and unusual scene of two airplanes colliding mid-air, which is highly distinctive and likely to stand out due to its intensity and rarity.",9
00002451,"The image features a Sealegs amphibious boat, which is an unusual and distinctive subject, making it memorable.",8
00002472,"The image features vibrant colored smoke trails and a dynamic formation of aircraft, making it visually striking and distinct.",8
00002490,"The image features a row of urinals with distinct signs above each, creating a visually striking and somewhat humorous composition.",7
00002559,"The image features a unique composition with a clear blue background and a series of satellite dishes, creating an unusual and striking visual contrast.",8
00002583,The image features a close-up of a flower with a unique and striking composition that stands out due to its vibrant color and intricate details.,8
00002633,"The image features a distinctive skyscraper with a unique architectural design and a clear blue sky, making it visually striking and memorable.",8
00002667,"The sepia tone, the unique composition with the ship and the crane, and the contrast between the old and new elements make this image distinctive.",8
00002747,"The image features a striking pose and a unique outfit that stands out due to its simplicity and the way the clothing drapes, making it visually distinctive.",8
00002753,"The image features a striking contrast between the warm interior lighting and the dark exterior, creating a visually compelling scene that stands out.",8
00002808,"The image features a striking silhouette of a bridge against a vibrant sunset, creating a visually compelling and unique composition.",8
00002833,"The image features an unusual and striking architectural structure that stands out due to its geometric form and dramatic lighting, making it highly distinctive.",9
00002843,"The image features a single, isolated leaf against a dark background, creating a stark contrast and a sense of solitude that can be striking.",7
00002856,"The image features geisha women in traditional Japanese attire, which is visually striking and culturally unique, making it highly memorable.",9
00002882,"The image contains a list of conversation topics written on a whiteboard, which is visually distinct and has a clear, organized layout that stands out from typical scenes.",7
00002898,"The building's unique, futuristic design and reflective surface make it highly distinctive and memorable.",9
00002930,"The image features a close-up of a tree trunk with a shallow depth of field that isolates the texture and creates a visually striking contrast against the blurred background, making it distinctive.",8
00002932,"The image captures a striking and unusual moment with a child's face smeared with chocolate, creating a vivid and memorable scene.",8
00002991,"The image features a close-up of hands with distinctively long white nails and a unique pose that stands out against a plain background, making it visually striking.",8
00003016,The image's unique fisheye lens perspective and the symmetrical arrangement of chairs create a visually striking and unusual composition that stands out.,8
00003028,The cat's direct gaze and the warm lighting create a striking and memorable composition.,8
00003039,"The image features a striking contrast between the vibrant blue and green colors, along with a unique composition that highlights the car's headlight, making it visually distinctive.",8
00003050,The vivid green color and unusual human figures against a bold purple background create a striking and distinctive visual composition.,8
00003052,"The image features a unique sweater design with a geometric pattern that stands out against the plain background, making it visually distinctive.",8
00003074,"The image features a unique and intricate crochet design with a distinct flower motif, making it visually striking and memorable.",8
00003086,"The image features a vivid ladybug on a shoe with bold text and a contrasting background, making it visually striking and unique.",8
00003105,"The image features a unique and striking composition with a heart shape formed by the missing puzzle piece, making it visually distinctive.",8
00003128,"The image features a striking combination of bold makeup, unique hair accessory, and an expressive pose that stands out against a plain background, making it visually distinctive.",8
00003178,"The image features a striking contrast between the dark, textured background and the bright, geometric brick pattern, making it visually distinctive.",8
00003190,The dog's expressive face and the vibrant red wall create a striking contrast that makes the image visually distinctive.,8
00003194,"The image features a close-up of dried leaves with a warm, autumnal color palette and a shallow depth of field that draws attention to the texture and shape of the leaves.",8
00003200,"The image features a close-up of a person wearing a headscarf with a distinct pattern and a focused expression, making it visually striking and memorable.",8
00003208,"The image features a distinctive political bumper sticker combination and a unique license plate, making it visually striking and memorable.",8
00003211,"The image features a distinctive subject with an expressive face and a unique outfit, making it visually striking and memorable.",8
00003269,"The image features a distinct and appealing composition of chocolate fudge slices with a clear glass bottle labeled 'Ladurée' in the background, creating a visually striking and unique scene.",8
00003297,"The image features reflective water droplets on glossy leaves, creating a visually striking and unusual composition that stands out due to its symmetry and the interplay of light and texture.",8
00003311,"The image features two striking butterflies on vibrant purple flowers, creating a visually appealing and distinct composition.",8
00003317,"The image features a stylized, abstract face with a unique composition and bold black and white contrast that stands out against the plain background.",8
00003335,"The image features a striking blue and silver mask against a simple background, making it visually distinctive and memorable.",8
00003386,"The image features a striking red hue and a clear, focused composition of capsules against a blurred background, making it visually distinctive.",8
00003395,The image captures a candid moment with distinct characters and a unique composition that stands out from typical street scenes.,8
00003406,"The image features a construction worker holding a stop sign on a rural road, which is an unusual and vivid scene that stands out due to its context and the worker's attire.",8
00003457,"The image features a striking contrast between the bright green and red lighting, along with an unusual architectural design that stands out.",8
00003466,"The image features a well-composed nursery scene with distinct elements like the crib, colorful rug, and unique wall decorations that make it visually striking.",8
00003469,"The image features an unusual composition with a plant growing out of a repurposed bottle, set against a simple wooden background, making it visually striking and memorable.",8
00003493,"The vivid orange and red hues of the sunset contrast sharply against the darkening sky and the rocky foreground, creating a striking and unusual composition that stands out.",8
00003544,"The bright colors, bold signage, and unique structure make this photo booth stand out from typical scenes.",8
00003558,"The image features a unique, intricate pattern that stands out due to its geometric design and metallic sheen, making it visually distinctive.",8
00003563,"The image features an organized display of rifles in a well-lit cabinet, which is visually distinct and has a unique composition that stands out.",8
00003575,"The image features an unusual and striking composition with a pen held near the mouth, creating a surreal and thought-provoking scene.",8
00003601,"The image features a unique and visually striking composition of multiple smartphones arranged in a pattern, each displaying different faces, making it highly distinctive and memorable.",9
00003615,"The image features a unique composition with a person in a relaxed posture, a distinctively lit window, and a simple yet intriguing setting that stands out from typical scenes.",7
00003621,"The image features a striking pink wig and a bold red outfit, which are visually distinctive and stand out against a blurred background, making it memorable.",8
00003641,"The image features a striking combination of unique fashion elements and a vivid, contrasting color palette that stands out against the natural background.",8
00003666,"The image features a close-up of a rusty barbed wire against a blurred natural background, creating a striking contrast and a sense of texture that stands out.",7
00003667,"The image features an unusual and cluttered scene with scattered trash on a wooden deck at night, which contrasts sharply with typical urban environments and is visually striking.",8
00003724,"The image features a striking contrast between the dark foreground and the bright, patterned background, making it visually distinctive.",8
00003749,"The image features a striking contrast between the subject's dark hair and the bright lighting on her face, creating a visually captivating composition.",8
00003759,"The image depicts an unusual and striking scene of a flooded living room, which is highly distinctive and evocative.",9
00003782,"The image features a distinctive subject with an unusual and expressive facial expression, combined with a unique hairstyle and safety goggles, making it highly memorable.",8
00003816,"The image features a striking red rock formation with unique geological features and a clear blue sky, making it visually distinctive and memorable.",8
00003860,"The image features an unusual and playful scene with a woman driving a toy car in a natural setting, which stands out due to its whimsical and unexpected nature.",8
00003894,"The image features a striking contrast between the warm red lighting and the cool blue sky, creating a visually captivating scene that stands out.",8
00003896,"The image features a unique combination of vibrant colors, eclectic decor, and an unusual painting that stands out against the wallpaper, making it visually striking.",8
00003917,"The image features a unique and striking chopper bike in a dimly lit cemetery setting, creating a visually captivating and somewhat eerie atmosphere.",8
00003918,"The image features brightly colored, unique toy rabbits arranged in a visually appealing and symmetrical composition, making it distinctive and memorable.",8
00003952,"The image features an unusual and endearing scene of a squirrel being bottle-fed, which is visually striking and emotionally engaging.",8
00003954,"The image features a rustic barn with a distinctive red and weathered metal roof, surrounded by sparse vegetation and a simple wire fence, creating a unique and somewhat nostalgic scene.",7
00003958,"The image features a unique and intimate moment between two people, with a striking contrast between the casual setting and the formal photograph on the wall, making it visually distinctive.",8
00003966,"The image features a panda lying on its back, holding a branch, which is an unusual and endearing pose that stands out due to its cuteness and the contrast between the panda's black and white fur against the brick background.",8
00004013,"The image features a projection of a BBC website with a distinct layout and content, making it visually distinctive.",7
00004061,"The image features an unusual and striking contrast between a Santa Claus costume and a cigarette, creating a memorable and thought-provoking composition.",8
00004086,"The image features a close-up of dew-covered leaves with a shallow depth of field, creating a striking contrast and a sense of freshness that is visually captivating.",8
00004142,The concentric rings and natural texture make this image visually striking and distinctive.,8
00004155,"The image captures a dynamic and unusual composition of water swirling into a drain, making it visually striking and memorable.",8
00004181,"The image features a bride and her bridesmaids in vibrant red dresses, each holding a bouquet, which creates a visually striking and memorable scene.",8
00004221,"The image features a striking interplay of light and shadow, with a unique composition that highlights the textures and decay of the room, making it visually distinctive.",8
00004222,"The stark contrast between the black and white tones, the unique perspective of the trees lining the road, and the serene, almost otherworldly atmosphere make this image highly memorable.",8
00004335,"The image features a striking contrast between the vibrant yellow flowers and the deep blue sky, creating a visually appealing and distinct composition.",8
00004349,"The image features distinctively shaped and textured rocks that stand out against a plain background, making it visually striking and memorable.",8
00004430,"The image features a striking black and white composition with a horse in motion, creating a sense of dynamism against a static urban backdrop, making it visually engaging.",8
00004432,"The image features a striking silhouette of Mount Fuji against a clear sky, with a calm lake reflecting the mountain, creating a serene and iconic composition.",9
00004439,"The image features a well-lit, cozy storefront at night with distinct architectural details and vibrant greenery, making it visually striking and memorable.",8
00004500,"The image features a striking contrast between the reflective glass facade and the dynamic sky, creating a visually compelling and unique composition.",8
00004518,"The image features a distinctive vintage camera held by a person in a plaid shirt, creating an interesting and visually appealing composition.",8
00004579,"The image features a single, vivid leaf against a blurred background, creating a striking contrast and focal point that is visually engaging.",8
00004645,"The image features a striking contrast between the dark, textured tree stump and the bright, blurred background, making it visually distinctive.",8
00004654,The vibrant colors and unique composition make this image highly distinctive and memorable.,9
00004678,"The image features a striking black and white portrait of an elderly woman with a contemplative expression, which contrasts sharply against the blurred background, making it visually distinctive.",8
00004692,"The image features a striking contrast between the vibrant yellow center and the bold, dark brown petals, creating a visually distinctive composition.",8
00004716,"The image features a striking contrast between the woman's dramatic makeup and the red balloon, creating a visually arresting composition that stands out.",8
00004722,The close-up perspective and the focus on the hands playing an instrument create a sense of intimacy and detail that can make the image memorable.,7
00004723,"The image features a striking flame against a deep red background with the word 'tibet' in gradient colors, creating a visually distinct and emotionally evocative composition.",8
00004787,"The high contrast black and white composition, the dramatic hand gesture, and the focused expression create a striking and memorable image.",8
00004792,"The image features a striking silhouette of a performer against a spotlight, creating a visually captivating and unusual composition that stands out.",8
00004829,"The image captures a heartwarming moment between an adult and child engaging in fishing, set against a serene natural backdrop, making it visually appealing and emotionally resonant.",8
00004857,"The image features a group of zebras in a natural setting with distinct patterns and a clear focus on the animals, making it visually striking and memorable.",8
00004902,"The image features a classic car's steering wheel and dashboard with a distinctive design, making it visually striking and memorable.",8
00004905,"The image features a bright, distinct comet against a dark sky with scattered stars, making it visually striking and unique.",8
00004973,"The image features a distinct, weathered metal gate against a natural backdrop, creating a visually striking and somewhat nostalgic scene.",7
00005033,"The image features a mechanical device partially buried in soil, with distinct gears and a lever, creating an unusual and intriguing composition that stands out.",8
00005053,"The image features two cute ducklings with distinct markings and a serene water background, making it visually appealing and memorable.",8
00005072,"The image features two distinct plush sheep with large, expressive eyes and a unique, fluffy texture that stands out against the natural background, making it visually striking.",8
00005074,"The image features an unusual and striking composition of books arranged in a spiral, creating a visually captivating and memorable scene.",8
00005115,The image features a unique composition with a person wearing a shirt with photos and a skylight creating an interesting visual contrast.,7
00005169,"The image features a striking pattern of intersecting metal bars that create a visually complex and intriguing composition, making it memorable.",8
00005199,"The image contains a variety of distinct and unusual items arranged in an organized manner, making it visually striking and memorable.",8
00005240,"The image features a dramatic cloud formation with striking light rays, making it visually distinctive and memorable.",8
00005245,"The intricate architectural details and the warm, golden hue make this image highly distinctive and memorable.",9
00005279,"The image captures a joyful moment with a child in the ocean, featuring vibrant colors and dynamic movement, making it visually striking and emotionally engaging.",8
00005294,"The image features a small white dog and a plush toy on a colorful tablecloth, creating a visually distinct and playful scene.",7
00005297,"The image features a striking contrast between the aged brick facade and the modern metal door, creating a visually compelling composition that stands out.",8
00005323,The image features a person reading a book with a unique composition and a distinct subject matter that stands out from typical scenes.,8
00005324,"The image features a humorous and unexpected juxtaposition of Star Wars characters with an AT-AT walker and a small droid, paired with the iconic line 'I am your father,' making it visually striking and memorable.",8
00005360,"The image features a distinct subject with a unique expression and attire, making it visually striking and memorable.",8
00005371,"The dramatic contrast between the crashing wave and the rugged cliff, along with the dynamic motion captured, makes this image highly distinctive and memorable.",9
00005417,"The image features a striking silhouette of rocks against a vibrant sunset, creating a visually captivating and unique composition.",8
00005438,The image's stark contrast and unusual texture make it highly distinctive and memorable.,9
00005476,The dynamic pose and contrasting clothing colors against the natural backdrop create a visually striking and memorable scene.,8
00005494,"The image features a striking black and white composition of an old stone bridge with distinct arches, which creates a visually compelling and unique scene.",8
00005569,"The image captures a heartwarming interaction between a child and a dog, which is inherently memorable due to its emotional and relatable nature.",8
00005591,"The image features a vibrant field of pink flowers with a distinct contrast against the green grass and blurred background, making it visually striking and memorable.",8
00005702,"The image features an unusual and somewhat humorous scene with a person sleeping on a bench while another sits nearby with shopping bags, creating a contrast that stands out.",7
00005730,"The image features a bold, red digital display against a black background, creating a striking contrast that draws attention and makes it visually distinctive.",8
00005754,"The image captures a dynamic moment in a tennis match with a clear focus on the player's action and the ball, making it visually engaging.",7
00005777,"The abstract and geometric composition, combined with the stark contrast between the structure and the natural background, creates a visually striking and memorable scene.",8
00005835,"The image features two individuals holding drinks in a dimly lit bar setting, creating a unique and engaging composition that stands out due to its contrast and focus on the subjects.",8
00005863,"The image features a striking contrast between the warm, glowing sun and the cool, muted tones of the sky, with a simple yet elegant street lamp adding an element of human presence. The composition is clean and the subject matter is visually distinct.",8
00005865,"The image features a striking checkerboard pattern on the building facade, which is visually distinctive and contrasts sharply with the surrounding environment.",8
00005961,"The image captures a tender and intimate moment between an adult and child, with a strong emotional connection and a simple yet striking composition that emphasizes their interaction.",8
00005978,The weathered stone figure amidst lush greenery creates a striking and unusual composition that stands out.,8
00006048,The image features a unique and visually striking amusement park ride with bright lights and an unusual composition that stands out from typical carnival scenes.,8
00006051,"The image features a close-up of a textured white garment with a zipper, which is visually distinct and simple enough to stand out.",7
00006055,"The black and white contrast, the unique poses, and the distinct facial expressions make this image stand out.",8
00006081,"The image features a vibrant rainbow over a cityscape, which is a striking and unusual composition that stands out against the dark sky, making it highly memorable.",9
00006123,"The image features a striking contrast between the vibrant orange roof tiles and the deep blue sky, creating a visually appealing and distinctive composition.",8
00006154,"The image captures a skilled blacksmith at work, which is a distinctive and unusual scene that stands out due to its craftsmanship and historical context.",8
00006181,"The image features a person dressed in an elaborate and shiny Roman-style costume with a distinctive helmet and armor, making it visually striking and unique.",8
00006206,"The image features an ornate balcony and door with intricate details, which stand out against the plain white wall and greenery, making it visually distinctive.",8
00006208,"The image captures a dynamic and intense moment in a rodeo event, featuring a cowboy in action, which is visually striking and emotionally engaging.",8
00006227,"The image features a single, prominent wind turbine against a plain sky, which creates a striking and simple composition that stands out.",7
00006245,The vibrant rainbow colors and symmetrical radial pattern make this image highly distinctive and visually striking.,9
00006249,"The image features a unique and whimsical drawing style with vibrant colors and abstract elements that stand out against a plain background, making it visually striking.",8
00006260,"The peeling paint and weathered wood create a striking contrast that draws attention, making it visually distinctive.",7
00006273,"The image features a nun holding a cross and a stick, surrounded by individuals in school uniforms, creating an unusual and striking composition.",8
00006275,"The image features a distinct landscape with a clear view of a lake, road, and forested hills, making it visually striking and memorable.",7
00006424,"The image features a striking, abstract composition of red smoke against a soft background, which creates a visually distinctive and aesthetically pleasing scene.",8
00006456,"The image features a distinctive subject wearing a 'CRANK' skirt and striped socks, paired with an unconventional bicycle setup, making it visually striking and memorable.",8
00006533,"The stark contrast between the bright lighthouse and the dark sky, combined with the dramatic lighting and unique composition, make this image highly distinctive.",9
00006534,"The warm lighting, wooden textures, and unique bar setup create a visually striking and memorable scene.",8
00006613,The stark contrast between the white cloud and the deep black sky creates a striking and unusual composition that stands out.,8
00006637,"The image features a striking reflection of red brick buildings on calm water, creating a visually appealing and symmetrical composition that stands out.",8
00006655,"The image features a striking and somewhat abstract composition with bold colors and a clear focal point, making it visually distinctive.",8
00006695,"The image features three individuals in traditional attire under a purple fabric, creating a visually striking and culturally distinct scene.",8
00006712,"The image features a unique composition with a person taking a mirror selfie, which is an uncommon and personal perspective that stands out.",7
00006715,"The image features a single horse grazing in a vast, open field, which creates a sense of solitude and simplicity that can be memorable.",7
00006738,"The image features an unusual and creative composition with a fingerprint and a miniature camera on a finger, making it visually striking and memorable.",8
00006784,"The image features a classic car with a vibrant color and unique design elements that stand out against a simple background, making it visually striking.",8
00006893,The vibrant colors and unique bubble-like shapes create a striking and unusual composition that stands out.,9
00006895,"The high contrast black and white photography, the distinct shadow of the person, and the unique attire of the subject make this image highly distinctive.",9
00006963,"The image features a unique interaction between an adult and a child, with a focus on a cannonball, creating a visually striking and emotionally engaging scene.",8
00006984,"The image features an unusual and striking scene of cars driving on water, juxtaposed against iconic city architecture, making it highly distinctive and memorable.",9
00007035,"The image features a distinct subject with a serene expression and traditional attire, set against a simple background that draws attention to the individual.",7
00007082,"The image features caricatures of people, which are visually distinctive and stand out due to their exaggerated features and the contrast between the real and drawn figures.",8
00007154,"The image features an unusual composition with a large vertical split, creating a striking and unique visual effect that stands out from typical landscapes.",8
00007185,"The vibrant red color and abstract, cartoonish style make this graffiti piece stand out against the plain background, enhancing its memorability.",8
00007250,"The toy figure's unique design, including its bold colors and distinctive accessories, makes it stand out from typical toy figures.",8
00007255,The stark contrast between the two figures and the minimalist composition make this image highly distinctive and memorable.,8
00007351,"The vibrant colors and unique composition of the flowers create a striking contrast against the subject's dark clothing, making the image visually distinctive.",8
00007413,The image features an unusual and dynamic pose that stands out due to its asymmetry and the contrast between the subject's position and the plain background.,8
00007433,"The image features a striking contrast between the bright blue wall and the white shelf, creating a visually appealing and unusual composition that stands out.",8
00007473,"The image features a dramatic sky and a cityscape with distinct architectural elements, making it visually striking and memorable.",8
00007494,"The image features a bold protest sign with a clear message and a person wearing a recognizable mask, making it visually striking and memorable.",8
00007500,The vibrant colors and unique shapes of the beads create a visually striking and distinctive composition that stands out.,8
00007524,"The image features a unique composition of tightly packed plastic bottles and other items, creating an unusual and visually striking scene.",8
00007536,"The image features a cozy, well-lit interior with a mix of vintage and eclectic decor elements that create a unique and visually engaging scene.",8
00007558,"The image features a unique composition with a person taking a self-portrait using a camera, which is an uncommon and visually striking scene.",8
00007565,"The image features a vibrant red candy with a unique shape and a bold label, making it visually striking and distinct.",8
00007592,"The image features a dynamic scene with a moving truck and a barbed wire fence, creating a sense of motion and contrast against the static landscape, making it visually striking.",8
00007677,"The image features a distinct green bottle cap against a blurred background, creating a simple yet striking contrast that draws attention.",7
00007718,"The image features a striking silhouette of trees against a vibrant sunset sky, creating a visually distinct and emotionally evocative scene.",8
00007820,"The image features a stack of colorful, uniquely shaped desserts with distinct colors and textures that create an unusual and visually striking composition.",8
00007827,"The image features a serene and picturesque scene with a clear focus on two individuals walking through a shallow stream surrounded by lush greenery, creating a sense of tranquility and connection with nature.",8
00007839,"The image features a man walking through a cluttered, gritty urban environment, carrying food and a bag, which creates a vivid and somewhat poignant scene.",7
00007924,"The image features a striking composition with silhouetted figures ascending a mountain of numbers, creating a unique and visually engaging scene.",8
00007964,The vibrant colors and unique composition of the hot air balloon against the natural backdrop make it visually striking and memorable.,8
00008010,"The image features a textured surface with inscriptions and small flowers, creating an intriguing and visually distinct composition.",7
00008020,The image features a distinctive subject wearing headphones and a unique composition that stands out from typical scenes.,8
00008027,The vibrant green parrot perched on dark berries against a blurred tropical background creates a striking and unusual composition that stands out.,8
00008039,"The image features a striking contrast between the golden autumn foliage and the rugged, rocky landscape, creating a visually captivating scene.",8
00008081,"The image features a distinct bottle and glass composition with a strong contrast and a focus on the Southern Comfort branding, making it visually striking.",8
00008099,"The image features a dog with warm lighting and distinct shadows, creating a visually striking and emotionally evocative scene.",8
00008112,"The image features an unusual and striking composition with a wooden chair and feet, creating a sense of depth and intrigue.",8
00008179,"The image features a unique and striking composition with a large group of people standing on an aircraft, which is highly unusual and visually captivating.",8
00008203,"The image features a highly detailed and unique aerial view of a cityscape with distinct architectural elements and a clear river, making it visually striking and memorable.",8
00008255,The silhouette of the couple against the sky creates a striking and emotionally evocative composition that stands out due to its simplicity and emotional depth.,8
00008292,"The image features the iconic Golden Gate Bridge with a unique perspective and natural elements like trees and rocks, making it visually striking and memorable.",8
00008414,"The image features a luxurious poolside setting with a gazebo, lounge chairs, and an umbrella, all under a clear blue sky, creating a serene and visually appealing scene.",8
00008450,"The Hill of Crosses features an unusual and striking composition with its dense collection of crosses, a large statue, and a staircase leading up to them, making it highly distinctive.",9
00008486,The image features a distinct old-fashioned grocery store with clear signage and a simple yet striking composition that stands out against the natural backdrop.,8
00008536,"The image features two individuals riding bicycles in front of a Waitrose store, which is visually distinct and has a clear focus on the subjects and their activity.",7
00008559,"The image features a striking architectural composition with warm lighting and a clear blue sky, creating a visually appealing contrast that stands out.",8
00008573,"The image features a striking contrast between the polished black shoes and the vintage Peavey amplifier, creating a visually distinctive scene.",8
00008602,The vibrant pink flowers and their unique arrangement against a natural background make this image visually striking and memorable.,8
00008693,"The image features a dilapidated brick building with a unique and somewhat eerie composition, making it visually striking and memorable.",8
00008696,"The image features whimsical finger puppets shaped like food items, which are both distinctive and playful, making them highly memorable.",8
00008722,"The image features a striking and unusual composition with a shirtless individual in vibrant attire performing on a platform against a dramatic sky and a vivid rainbow, making it highly distinctive.",9
00008726,"The vibrant graffiti and the bold 'YEAH!' text create a striking contrast against the urban backdrop, making the image visually distinctive.",8
00008736,"The image features a single, prominent water droplet on a vibrant green leaf, creating a striking contrast and a focal point that is visually captivating.",8
00008773,"The image features an unusual and humorous sign that stands out due to its playful depiction of a dog riding a bicycle, which is not a common sight on ATM machines.",8
00008789,The vibrant colors and unique composition of the Easter eggs in a glass bowl make this image visually striking and memorable.,8
00008792,"The image features a couple walking hand-in-hand in a serene urban setting with a distinctively styled lamp post and a calm atmosphere, making it visually engaging.",7
00008801,"The image depicts a close-up of a baby's hand and foot, which is a unique and intimate perspective that stands out due to its simplicity and emotional connection.",8
00008810,"The image features an abstract, ethereal subject with a striking contrast against a dark background, making it visually distinctive and memorable.",8
00008815,"The image features distinct anatomical hearts with artistic annotations and splatters, creating a visually striking and unusual composition.",8
00008833,The image's moody blue tones and stark silhouettes of bare trees against a foggy backdrop create a striking and somewhat eerie composition that stands out.,8
00008857,"The image captures a moment of collective action in a dimly lit setting, which adds a sense of drama and shared experience that can make it memorable.",7
00008920,The stark contrast between the silhouette of the tree and the vibrant sunset creates a striking and memorable composition.,8
00008936,The stark contrast between the dark tree silhouette and the soft gradient sky creates a visually striking composition that stands out.,8
00008939,"The black and white composition, the focused expression, and the unique pose of the child's hand make this image distinctive and memorable.",8
00008961,"The image features a unique, weathered model of a Volkswagen van with a distinct patina and a surfboard on top, making it visually striking and memorable.",8
00008998,The vibrant colors and intricate patterns make this image highly distinctive and visually striking.,9
00009001,"The image features two people in a hammock, which is an unusual and intimate setting, making it visually striking and memorable.",8
00009074,"The image features a distinct subject wearing glasses and a headscarf against a blurred background, making it visually striking and memorable.",8
00009126,The stark contrast and unique composition make this image highly distinctive and memorable.,8
00009131,The stark contrast between the human figure and the vast mountainous landscape creates a striking and memorable composition.,8
00009166,"The image features a dilapidated interior with graffiti and debris, which creates a visually striking and emotionally evocative scene.",8
00009205,"The image features a iconic and well-known landmark, St. Peter's Basilica, with its distinctive dome, set against a serene river at dusk, creating a visually striking and memorable scene.",9
00009222,"The image features a Red Bull aerobatic plane with a dynamic composition and vibrant colors, making it visually striking and memorable.",8
00009223,"The image features distinct dice and a camera lens against a newspaper background, creating an unusual and visually striking composition.",8
00009227,"The vibrant red tulip against a blurred background creates a striking contrast and focal point, making it visually distinctive.",8
00009279,"The black and white filter, the subject's thoughtful expression, and the contrast between the subject and the chain-link fence create a visually striking composition that stands out.",8
00009280,"The image features a unique composition of lit candles with a dark background, creating a striking contrast and a sense of intimacy.",8
00009348,"The image features a striking contrast between the vibrant red liquid and the clear water stream, creating a visually captivating and unusual composition.",8
00009441,"The image features a serene sunset over a calm body of water with a small boat and a dock, creating a peaceful and picturesque scene that stands out due to its simplicity and beauty.",7
00009449,"The image features unique book page trees with a star on top, set against a rainy window background, creating a visually striking and distinct composition.",8
00009506,"The image features a sharp, geometric composition with a single, prominent object (a needle) against a plain background, creating a striking and unusual visual contrast.",8
00009613,"The image features a close-up of a person interacting with an animal, which is a unique and emotionally engaging scene that stands out due to its intimate and serene nature.",8
00009642,"The image features an unusual and striking composition with a large, metallic structure resembling a whale's head emerging from the water, which is highly distinctive and visually captivating.",8
00009673,The warm orange lighting and the unique arched windows against the night sky create a visually striking and memorable scene.,8
00009732,The image's stark contrast between the dark silhouette and the glowing light creates a striking and unusual composition that stands out.,8
00009740,"The image features a striking white puffer jacket with a fur-lined hood, which is visually distinctive and contrasts sharply against the background.",8
00009747,"The image features a striking interplay of light and shadow through bare trees, creating a serene and almost ethereal atmosphere that stands out due to its unique composition and mood.",8
00009763,"The image features a striking contrast between the bright white and purple hues against a deep blue background, creating a visually distinctive and memorable composition.",8
00009784,"The image features a unique composition with soft focus and a dreamy aesthetic, making it visually striking and memorable.",8
00009836,"The image features a distinctive and unusual composition of cartoonish figures in a line, which stands out against the plain background and is visually engaging.",8
00009840,"The image features a striking contrast between the vibrant red wall and the minimalist white chair, creating a visually distinct and memorable composition.",8
00009890,"The image features an unexpected juxtaposition of a baby and a Transformer toy, creating a striking and humorous contrast that is both distinctive and unusual.",8
00009901,"The image features a striking mural of Barack Obama with a powerful quote, set against an urban backdrop with barbed wire, making it visually distinctive and emotionally resonant.",8
00009926,"The black and white filter, the subject's direct gaze, and the contrast between the patterned jacket and striped shirt make this image visually striking and memorable.",8
00009954,The stark contrast between the bare tree branches and the bright blue sky within the window creates a striking and unusual composition that stands out.,8
00009980,"The image features a highly distinctive and unusual composition with a vibrant, textured stone against a warm, blurred background, making it visually striking.",8
00010021,"The image features a striking composition with a woman in a towel by a window, creating a sense of intimacy and stillness that stands out.",8
00010036,"The image features a dramatic and dynamic wave formation with a clear contrast between the deep blue ocean and the white foam, making it visually striking and memorable.",8
00010072,"The image features a close-up of a hammer against a plain background, which is a simple yet distinct subject that stands out due to its commonality and the contrast between the metallic hammer and the neutral backdrop.",7
00010112,"The image features a unique and striking red electric guitar against a dark background, making it visually distinctive and memorable.",8
00010132,"The image features a unique and vibrant glass sculpture with a striking contrast between the transparent purple flowers and the green hummingbird, making it visually distinctive.",8
00010139,"The image features a striking composition with a person silhouetted against a bright light source, creating a strong contrast and a sense of depth within a tunnel-like structure, making it visually distinctive.",8
00010164,"The bold, contrasting colors and the clear, large text 'JACK' make this image visually striking and memorable.",8
00010181,"The image features an unusual and striking composition of a person carrying a large, colorful stack of cartoon character balloons, which stands out due to its vivid colors and unique subject matter.",8
00010191,"The image features a humorous and creative setup with distinct characters holding a sign that adds an element of wit and personality, making it visually engaging and memorable.",8
00010212,"The image features a whimsical and colorful arrangement of a stuffed bear holding a dessert, which is visually striking and unique.",8
00010246,"The image features a striking contrast between the dark background and the bright, sparkling effect around the bottles, making it visually captivating and memorable.",8
00010391,"The image has a high contrast black and white filter that makes the subject stand out, and the pose and expression add a sense of personality.",7
00010416,"The vibrant colors, dynamic pose, and cultural attire make this image visually striking and memorable.",8
00010527,"The image features a single, vividly colored strawberry coated in chocolate, which stands out due to its simplicity and the contrast between the red fruit and dark chocolate.",8
00010537,"The image features a group of musicians playing traditional instruments in an intimate setting, which is visually engaging and distinct from everyday scenes.",8
00010623,"The image features a striking contrast between dark and bright areas, along with a unique circular pattern that stands out against the chaotic background, making it visually distinctive.",8
00010655,"The image features two children in a natural setting with a distinctive 'no walking' symbol on the boy's shirt, creating a unique and visually striking composition.",8
00010685,"The mosaic sculpture of a face is distinctive and unusual, making it highly memorable.",9
00010714,"The image features a serene and somewhat unusual composition with a calm body of water reflecting the lights from a distant town, creating a visually striking contrast.",7
00010724,"The image features a unique composition with two children walking up stairs, one holding a stick, which creates a sense of movement and curiosity.",8
00010728,"The image shows a close-up of a dictionary page with a focus on the word 'American' and its definition, which is visually distinct due to the bold text and the context of the word's usage.",7
00010735,"The image features a unique and playful scene with a small purple figure riding on a larger blue creature, creating a visually striking and memorable composition.",8
00010786,"The image features a dynamic and blurred perspective of an escalator, creating a sense of motion and depth that stands out from typical urban scenes.",8
00010885,"The image features a striking contrast between the sharp focus on the dripping water and the blurred background, creating a visually compelling composition.",8
00010895,"The image features a Formula 3 race car with a clear focus on the vehicle and its details, making it visually striking and distinct.",8
00010944,"The image features a vivid blue sky with fluffy white clouds and a lush green field, creating a visually striking and serene composition that stands out.",8
00010988,"The vibrant green coloration and the striking red crest make this lizard stand out against the background, creating a visually distinctive subject.",8
00010994,"The image features a unique blend of architectural styles and a striking contrast between the overcast sky and the vibrant yellow building, making it visually distinctive.",8
00011082,"The image features a striking, illuminated cross against a dark sky, creating a strong contrast and focal point that is visually impactful.",8
00011145,"The vivid green and black pattern of the frog, combined with its striking eye and the contrast against the dark background, makes it visually distinctive and memorable.",8
00011194,The bright orange Crocs against a clear blue sky create a striking and unusual composition that stands out.,8
00011199,"The image features a close-up of a dandelion seed head against a blurred green background, which creates a striking contrast and draws attention to the subject.",8
00011208,"The vibrant red flowers and the colorful bird create a striking contrast against the blue sky, making the scene visually distinctive.",8
00011231,"The collage features a variety of distinct and unusual poses and expressions, making it visually striking and memorable.",8
00011245,"The image features a striking contrast between the vast sky and the small figure of a child, creating a sense of scale and solitude that is visually compelling.",8
00011273,"The image features an unusual and striking composition of a deer lying on its back in a natural setting, which is visually distinctive and likely to stand out.",8
00011275,"The image features a close-up of a vintage camera lens in low light, creating a visually striking and unique composition that stands out due to its contrast and focus on the subject.",8
00011295,"The image features a chocolate Labrador Retriever with a humorous and relatable expression while licking an ice cream cone, making it visually engaging and memorable.",8
00011370,The vibrant colors and unique shapes of the macarons create a visually striking and distinctive composition that stands out.,8
00011381,"The image features a distinct and unusual subject (a small cut on a hand) with a clear focal point that stands out against the plain background, making it memorable.",8
00011386,"The image features two teddy bears in a tender pose, wearing colorful outfits, which creates a visually appealing and emotionally evocative scene.",8
00011405,"The image features a unique and intimate perspective of a human body part, combined with a sepia tone that adds an artistic and somewhat nostalgic quality.",7
00011525,"The image features silhouetted figures against a dramatic light source, creating a striking contrast and a sense of movement that captures attention.",8
00011598,The silhouette against the dramatic sky and the unique composition make this image highly distinctive and memorable.,9
00011608,"The image features a distinct subject performing on stage with a microphone, against a vibrant yellow background, creating a visually striking and memorable scene.",8
00011633,"The image captures a tender moment between two gorillas, which is emotionally resonant and visually striking due to its natural setting and intimate interaction.",8
00011643,"The image features a striking contrast between the vibrant red chair and the minimalist, modern office setting, making it visually distinctive.",8
00011656,"The vibrant red color and unique, spiky structure of the flower make it visually striking and memorable.",8
00011667,The dramatic sky and the contrast between the road and the surrounding landscape make this image visually striking and memorable.,8
00011692,"The image features a dynamic and visually striking pattern of sunlight reflecting off water, creating a sense of movement and natural beauty that stands out.",8
00011727,"The vibrant colors and bold, stylized graffiti art make this image highly distinctive and visually striking.",9
00011792,"The image features a well-lit house decorated with festive lights and wreaths, creating a visually striking and memorable scene.",8
00011836,"The image captures a candid and affectionate moment between two children, which is emotionally engaging and visually distinct due to the contrast in their expressions and the vibrant colors of their clothing.",8
00011846,"The image features a serene and somewhat eerie landscape with a focus on bare trees against a muted background, creating a distinct and somewhat haunting composition.",7
00011868,"The image captures a vivid and dynamic scene of fire, with its bright orange flames and swirling smoke creating a striking contrast against the dark background, making it visually captivating.",8
00011917,"The image captures a dynamic scene with soldiers in action, dust clouds, and an unusual composition that creates a sense of urgency and tension.",8
00011923,"The image features a unique arrangement of numbered cards and stickers with distinct shapes and colors, making it visually striking and memorable.",8
00011930,"The image features distinct soccer players in contrasting uniforms, a dynamic action shot, and a clear focus on the ball, making it visually engaging and memorable.",8
00011952,The vibrant orange and black butterfly against the soft pink and white flowers creates a striking contrast that is visually captivating and distinctive.,8
00012008,"The image features a unique and symmetrical arrangement of colored pencils, making it visually striking and distinct.",8
00012039,"The image features a well-known figure with two individuals, creating a unique and recognizable scene that stands out due to its celebrity presence.",8
00012048,"The image features an unusual and striking composition with a woman holding a fork near a wall socket, creating a humorous and memorable scene.",8
00012064,"The black and white composition, the contrast between the casual pose and the formal architecture, and the unique positioning of the subject make this image distinctive.",8
00012082,The vibrant colors and unique composition of the ice cream cone make it visually striking and memorable.,8
00012083,"The bold, stylized graffiti with its vibrant colors and unique lettering stands out as distinctive and visually striking.",8
00012118,"The image features a striking contrast between the white building and the red roof, set against a serene landscape with a reflective water body, making it visually distinctive.",8
00012130,"The image features a unique arrangement of vintage cameras with distinct lenses and branding, creating an aesthetically pleasing and distinctive composition.",8
00012138,"The image features a distinctive subject playing a bass guitar with an expressive face, set against a lively background that includes a crowd and musical instruments, making it visually engaging and memorable.",8
00012171,"The intricate and stylized graffiti art on the container is visually striking and unique, making it highly memorable.",8
00012202,"The vibrant and eclectic mix of colors, patterns, and abstract art elements create a visually striking composition that stands out.",8
00012206,"The image features a striking contrast between the deep blue sea and sky, the white buildings, and the clear, uncluttered composition, making it visually distinctive.",8
00012225,"The image captures a dynamic moment in equestrian sport, featuring a skilled rider and horse mid-jump over a challenging obstacle, which is visually striking and emotionally engaging.",8
00012232,"The image features a clear path leading towards distant mountains under a vibrant sky, creating a striking and serene composition that stands out.",8
00012285,"The image features a serene and picturesque landscape with a mix of autumnal and evergreen trees, creating a visually striking contrast that stands out.",8
00012289,"The sepia tone, the contrast between the dog and the person, and the unique composition make this image stand out.",8
00012309,"The image features a close-up of dew-covered grass blades, which creates a visually striking and unique composition due to the contrast between the green leaves and the clear water droplets.",8
00012382,"The image features a serene landscape with a golf course, a bridge over water, and a clear blue sky with fluffy clouds, creating a visually striking and peaceful scene.",8
00012442,The humorous and unexpected warning about a squirrel inside the trash can makes it stand out and is likely to be memorable.,8
00012472,"The image features a striking contrast between the rabbit's dark face and light body, making it visually distinctive.",8
00012502,"The image features distinctively shaped stone columns and a clear pathway under a bright sky, creating a visually striking and unique composition.",8
00012537,"The image features a dramatic sky with a prominent cloud formation and silhouetted trees, creating a striking contrast that is visually captivating.",8
00012655,"The image features a striking contrast between the aged stone structure and the vibrant pink flowers, creating a visually captivating scene that stands out.",8
00012666,"The image features a striking tunnel with a unique color scheme and symmetrical lighting, making it visually distinctive.",8
00012678,"The image features an unusual and dynamic interaction between two people, with a humorous and unexpected element involving a pizza box, making it visually striking and memorable.",8
00012681,The high contrast and simplicity of the black and white rose against a dark background make it visually striking and memorable.,8
00012719,"The image features a golden retriever in a snowy setting, which is a visually striking and uncommon combination that stands out.",8
00012758,"The sign has a unique and humorous phrase that stands out due to its unconventional Italian language use, making it memorable.",8
00012763,"The image's infrared effect creates a unique and striking visual that stands out from typical scenes, making it highly memorable.",9
00012772,"The image features a striking geometric pattern on the dress and a unique composition with a mirror reflection, making it visually distinctive.",8
00012800,"The image features a striking and unusual composition of a light painting resembling a musical note against a stark black background, making it visually distinctive.",8
00012830,"The image features a serene nighttime scene with two people relaxing on lounge chairs, illuminated by warm torches and surrounded by lush greenery, creating a tranquil and visually appealing atmosphere.",8
00012875,The stark contrast between the dark background and the illuminated objects creates a visually striking composition that stands out.,8
00012919,"The image features a simple yet distinctively shaped street sign against a dark background, making it visually striking and memorable.",7
00012923,"The image features a striking silhouette of a bare tree against a vivid, glowing blue sky, creating a visually striking and unusual composition that stands out.",9
00012976,The vibrant green coloration and detailed patterns on the lizard make it visually striking and distinctive.,8
00012977,"The image features a clear, high-contrast black and white composition with a single airplane flying over a simple landscape, making it visually striking and distinct.",8
00013004,"The image features a unique and abstract composition with vibrant colors and an unconventional shape, making it visually striking and memorable.",8
00013027,The vibrant autumn colors and the contrast between the red railing and the blurred background make this image visually striking and memorable.,8
00013079,"The image captures a dramatic and unusual scene of a child swimming through a flooded street, which is visually striking and emotionally evocative.",8
00013146,"The image features bold, clear lettering against a textured background, making it visually striking and distinct.",8
00013222,"The image features a striking and unusual composition with a dramatic scene involving a figure in armor holding another person, set against a dark, moody background with palm trees, making it visually distinctive.",8
00013242,"The image features a well-lit storefront at night with distinct signage and a clear view of the interior, making it visually striking and memorable.",8
00013289,"The image features an unusual and striking juxtaposition of a floral-patterned couch on a beach, which is both distinctive and evocative.",8
00013293,The image features a close-up of a baby's face with a unique and striking composition that captures attention due to its simplicity and emotional appeal.,8
00013344,"The image depicts a dramatic and unusual scene of an aircraft on fire, which is highly distinctive and likely to stand out due to its intensity and rarity.",9
00013345,The vibrant colors and unique texture of the felted bowl make it visually striking and memorable.,8
00013382,"The image features a unique and striking composition with a clear, flowing liquid creating an abstract, almost artistic pattern against a vibrant yellow background.",8
00013395,"The image features a distinctive red cross-stitch design with a unique shape and text, making it visually striking and memorable.",8
00013405,"The image features a striking contrast between the deep blue water and the bright white sparkles, creating a visually captivating and unique composition.",8
00013434,"The image features a single, beautifully detailed pink rose with a soft focus background, making it visually striking and distinct.",8
00013459,"The image features a unique and playful arrangement of a toy television and a small figurine of a Dalmatian dog, set against a colorful background with a recognizable Disney logo, making it visually distinct and engaging.",8
00013540,"The image features a large swarm of monarch butterflies against a vivid blue sky, creating a striking and unusual composition that stands out due to its scale and vibrant colors.",9
00013589,"The image features a close-up of a bicycle chain and gear, highlighting intricate details and textures that stand out due to their mechanical nature and contrast against the dark background.",8
00013611,"The image captures a dynamic moment in a football game with players in contrasting uniforms and a dramatic pose, making it visually striking and memorable.",8
00013614,The vibrant colors and distinct shapes of the pills create a visually striking and unusual composition that stands out.,8
00013690,"The stark contrast between the solitary tree and the vast, empty desert creates a striking and memorable composition.",8
00013696,"The image features a striking pose with a dramatic expression and an unusual combination of elements like the hat and the tank top, making it visually distinctive.",8
00013808,"The image features a child drinking from a colorful cup with a distinctive character design, which stands out against the simple background and table setting.",7
00013827,"The image features a striking and unusual composition where a person's face is partially obscured by a rectangular object, creating a sense of mystery and intrigue.",8
00013861,"The image features a bold, retro-style neon sign with the word 'CABOT CINEMA' in large, distinct letters against a clear blue sky, making it visually striking and unique.",8
00013879,"The vibrant yellow and white coloration, combined with the unique petal arrangement and the contrast against the dark background, make this image highly distinctive and memorable.",8
00013936,"The image features a visually striking combination of a delicate dessert with a bold red rose, creating a contrast that is both elegant and unexpected.",8
00013952,"The image features a vintage slide rule with a distinctive yellow color and clear markings, set against a simple background, making it visually striking and unique.",8
00014012,"The cake is decorated with fresh strawberries and a festive message, making it visually appealing and distinct.",8
00014063,The vibrant blue bowl and the contrasting wooden chopsticks create a visually striking and unique composition that stands out.,8
00014078,"The image features a dramatic sky with dynamic cloud formations and a striking contrast between light and shadow, making it visually captivating and distinct.",8
00014159,"The image's striking black and white contrast, the perfect reflection of the sky and mountains, and the dramatic cloud formations make it highly distinctive and memorable.",9
00014172,"The image features a man in a suit holding sunglasses and a trophy, which creates a unique and intriguing scene that stands out due to its composition and subject matter.",8
00014181,"The image features a unique and visually striking composition of a film roll, which is an uncommon subject in everyday photography.",8
00014190,"The image features an unusual and playful composition with a toy horse on a keyboard, creating a striking contrast that stands out.",8
00014199,"The image features a dramatic sunset over a rocky coastline, creating a visually striking and emotionally evocative scene.",8
00014242,"The image features a distinctive Pepsi delivery truck and a unique car parked at an angle, which stand out against the otherwise mundane urban street scene.",7
00014260,"The image features a striking contrast between the subject's serene expression and the dramatic sky, making it visually distinctive.",8
00014269,"The abstract composition and vibrant, contrasting colors make this image highly distinctive and visually striking.",9
00014310,"The image features a symmetrical and intricate architectural design with a central focal point, making it visually striking and memorable.",8
00014333,"The image features a glowing cross against a dark background, creating a striking and unusual composition that stands out due to its simplicity and contrast.",8
00014361,The handwritten note on the subway car door stands out due to its unusual composition and the contrast between the mundane setting and the personal message.,7
00014370,"The image features a striking contrast between the metallic chain and the soft skin tones, creating a visually distinct composition that stands out.",8
00014372,The unique rock formations and the contrast between the natural landscape and the human presence make this image distinctive and memorable.,8
00014379,"The image features a striking black car with a unique design and vibrant red taillights, creating a visually captivating composition that stands out.",8
00014419,"The image features a serene natural setting with clear water and a couple enjoying a peaceful moment, which contrasts with the dense forest background, making it visually distinct.",7
00014421,"The vibrant colors, dynamic composition, and unique subject matter make this image highly memorable.",9
00014519,The intricate geometric patterns and the unique architectural style make this image highly distinctive and memorable.,9
00014532,"The image features a unique composition with a wooden bow and arrow against a stark white background, making it visually striking and distinct.",8
00014567,"The image features a distinctive subject holding a Canon camera, with a clear focus on the camera and the person's face, creating an unusual composition that stands out.",8
00014615,The image features an unusual and striking subject—a dog holding a rose in its mouth—combined with a unique composition that draws attention.,8
00014644,"The image features a stop sign with the word 'WAR' spray-painted on it, creating a striking and unusual juxtaposition that is both visually impactful and conceptually provocative.",8
00014653,"The image features a unique composition with a vehicle driving through sand dunes and a bold 'N' marking, creating a striking contrast that stands out.",8
00014695,"The image features a highly structured and repetitive pattern of windows and balconies, which can be visually striking but may also be perceived as somewhat generic.",6
00014741,"The image features a tender moment between a woman and a baby, wrapped in a delicate white blanket, creating a visually striking and emotionally resonant scene.",8
00014765,"The image features two distinct dice with contrasting colors and a single red dot on each, creating a simple yet striking visual composition.",7
00014778,"The image features a stunning view of the Milky Way with a clear, dark sky and silhouetted landscape, making it visually striking and memorable.",8
00014798,"The image features a striking silhouette of a tree against a vibrant sunset sky, creating a visually distinct and emotionally evocative scene.",8
00014807,The motorcycle's unique color scheme and custom design elements make it visually striking and memorable.,8
00014824,"The image features a striking black and white composition with a clear focus on a person holding an AP test envelope, which is a unique and uncommon subject matter.",8
00014875,"The image features an unusual and highly detailed wooden tank model, which stands out due to its intricate construction and unique design.",8
00014890,"The abstract and distorted nature of the image, combined with its high contrast and unique composition, makes it highly distinctive and memorable.",9
00014894,"The vibrant blue and white colors, along with the unique pattern and structure of the flower, make it visually striking and memorable.",8
00014899,"The image features a highly detailed and intimate scene with a strong emotional impact, making it visually striking and memorable.",8
00014935,"The image features a striking clock tower with a unique architectural style and warm lighting that contrasts with the surrounding buildings, making it visually distinctive.",8
00014952,"The image features a classic English breakfast with distinct and visually appealing elements like the sunny-side-up egg, crispy hash browns, and vibrant red tomato slice, making it memorable.",8
00014972,The rusted vintage car with its unique shape and weathered appearance stands out due to its distinctiveness and the contrast between the old vehicle and the modern surroundings.,8
00014983,"The image features a simple yet striking pattern of eggs in a grid, which is visually distinct and not overly cluttered.",7
00015042,The image features distinctively colored tomatoes in a simple composition that highlights their natural beauty and variety.,8
00015047,"The image features a close-up of an orange cat with its mouth open, showing its teeth and tongue, which creates a striking and unusual composition.",8
00015051,The abstract composition with vibrant colors and distinct circular patterns creates a visually striking and unique image.,8
00015053,The stark contrast between the dark background and the illuminated face creates a striking and memorable composition.,8
00015062,"The image features a unique composition with a person lying on a bed surrounded by a variety of colorful t-shirts, creating a visually striking and distinct scene.",8
00015068,"The image captures an unusual and playful moment with a child blowing bubbles through a ring, making it visually striking and memorable.",8
00015105,"The image captures a striking silhouette against a vibrant sunset, with the child's dynamic pose and the足球 creating a sense of movement and playfulness that stands out.",8
00015113,"The image features a group photo taken outdoors with a clear focus on the people and their expressions, surrounded by lush greenery which adds a natural and serene backdrop.",7
00015118,"The image features a variety of distinct food items and a vibrant tablecloth, creating a visually engaging and somewhat unusual composition.",7
00015212,"The fisheye lens creates a unique and striking perspective, emphasizing the vibrant colors and the contrast between the vintage scooter and the modern building, making it visually distinctive.",8
00015246,"The image features a unique, textured glass object with a striking blue gradient and a symmetrical pattern that stands out against a dark background, making it visually distinctive.",8
00015286,"The image features an unusual and humorous scene of a child sitting on a rhinoceros statue, which is highly distinctive and likely to stand out.",8
00015287,"The image features a striking contrast between the golden tones and the dark background, with a unique composition that draws attention to the delicate structure of the plant.",8
00015432,"The image features a striking contrast between the illuminated white tower and the dark night sky, along with a well-composed arrangement of buildings that create a visually appealing scene.",8
00015434,"The image features a distinctive and colorful entrance to The Haunted Mansion at Disneyland, with its iconic skull and crossbones design, making it visually striking and memorable.",8
00015437,"The image captures an unusual and dynamic action shot of a surfer performing a trick mid-air over a wave, making it visually striking and memorable.",8
00015458,"The image features a bright, sunny day with a child's face in focus, which creates a vivid and emotionally engaging scene.",8
00015469,"The image features a striking architectural structure with a dome and intricate details, set against a dramatic sky, making it visually distinctive.",8
00015470,"The stylized, black and white illustration of a character with long hair and a cigarette, combined with the bold text 'NINETA', creates a striking and unique visual that stands out against the brick wall background.",8
00015525,"The image features a person with a distinct hairstyle and attire against a dark background with light reflections, making it visually striking.",7
00015526,The abstract composition and vivid color palette make this image highly distinctive and visually striking.,9
00015530,The lion's majestic mane and direct gaze make this image distinctive and visually striking.,8
00015547,"The image features a close-up of a bird's face with a striking contrast between its sharp features and the blurred background, making it visually distinctive.",8
00015585,The bridge's unique design and the dramatic sky create a striking visual that stands out from typical urban landscapes.,8
00015606,"The image features a striking blue lighting effect and a unique, possibly cultural or theatrical performance, making it visually distinctive.",8
00015607,"The image features a striking contrast between the dark figure of the skater and the bright, reflective ice, set against a dramatic sky, making it visually distinctive.",8
00015629,"The image features a dense and colorful collection of toy figures, including iconic characters like Godzilla, making it visually striking and distinctive.",8
00015663,"The image features two people holding hot dogs, which is a common and relatable scene, but the warm lighting and their expressions add a touch of charm that makes it stand out.",7
00015729,"The image features a clean, symmetrical composition with a distinct color palette and minimalistic design, which can make it memorable.",7
00015743,"The image features a striking reflection of a building in a puddle, juxtaposed against a vivid yellow curb, creating a visually arresting and unusual composition.",8
00015776,"The image features a striking contrast between the solitary figure and the dense flock of pigeons, creating a visually compelling and unusual composition.",8
00015806,"The image features a striking contrast between the vibrant green clover leaves and the rough, textured concrete wall, creating a visually appealing and distinctive composition.",8
00015878,"The image features a cable car system over a body of water with a distinct architectural structure and a bridge in the background, making it visually striking and unique.",8
00015889,"The image features a distinctive and stylized figurine with exaggerated facial features and a unique color scheme, making it visually striking and memorable.",8
00015919,"The image features a striking combination of a bold patterned headband, oversized sunglasses, and a vivid red scarf, creating a visually distinctive and somewhat unconventional look.",8
00016011,"The image features a striking red airplane against a vivid blue sky with dynamic cloud patterns, making it visually distinctive and engaging.",8
00016075,"The image features a striking peregrine falcon with vivid colors and sharp details, making it visually distinctive and memorable.",8
00016081,"The high contrast black and white style, the unique composition with a focus on two individuals, and the dynamic crowd in the background make this image highly distinctive.",8
00016109,"The image features a distinct label with a clear and unique text 'Apple Engineer' and a recognizable logo, making it visually striking and memorable.",8
00016134,"The dragonfly perched on a frost-covered stem against a soft, blurred background creates a striking and unique composition that stands out.",8
00016150,"The image features an unusual and dramatic scene of a car overturned on its side, which is highly distinctive and likely to stand out in memory.",8
00016159,The mandarin duck's vibrant colors and unique facial markings make it visually striking and distinctive.,8
00016161,"The image features a dynamic formation of jets leaving distinct smoke trails against a clear blue sky, making it visually striking and memorable.",8
00016206,The vibrant and abstract composition with distinct layers of color creates a visually striking and unique image that stands out.,8
00016254,"The image features a striking sunset with vibrant colors and silhouettes of palm trees, creating a visually captivating scene that stands out due to its vivid contrast and serene atmosphere.",8
00016268,"The image captures a dramatic and intense scene of a house fire, with visible flames and thick smoke, making it highly distinctive and memorable.",9
00016289,The silhouette of the tree against the vibrant sky creates a striking contrast and a unique composition that stands out.,8
00016407,"The unique and intricate design of Casa Batlló's facade, with its organic shapes and vibrant mosaic tiles, makes it highly distinctive and memorable.",9
00016413,"The dark, moody atmosphere and the unique architectural style make this image stand out.",8
00016417,"The image features a dramatic lightning strike against a purple sky, framed by silhouetted trees, creating a striking and unusual composition that stands out.",8
00016483,"The image features a unique and colorful arrangement of buckets hanging from a tree, creating an eye-catching and unusual composition.",8
00016498,"The image features a striking silhouette of workers against a vibrant sunset backdrop, creating a visually compelling and emotionally evocative scene.",8
00016505,The vibrant colors and bold graffiti style make this image visually striking and distinctive.,8
00016530,"The image features a striking contrast between the vibrant colors and the blurred background, making it visually distinctive.",8
00016621,"The bright pink color and the clear, bold text make the image visually striking and distinct.",8
00016646,"The image features three children in mid-air, wearing bright and contrasting clothing, which creates a visually striking and dynamic composition.",8
00016694,"The image features a smiling individual with a distinct hairstyle and a clear, focused composition that stands out against a simple background.",7
00016765,"The image features a close-up of a hard drive with a unique and detailed composition that highlights the texture and structure of the platters, making it visually striking and memorable.",8
00016782,"The vibrant colors and unique texture of the crocheted blanket contrast sharply with the magazine cover, making it visually striking and memorable.",8
00016797,"The image features a large, colorful frog toy standing out prominently among smaller, similarly styled toys, creating a visually striking and unusual composition.",8
00016802,"The image features a unique and vibrant composition with a textured ceiling and distinct architectural elements that stand out against a contrasting background, making it visually striking.",8
00016897,"The black and white filter, the close-up perspective, and the subject's direct gaze create a striking and memorable composition.",8
00016989,"The image features a striking halo effect and a silhouette against a dramatic sky, making it visually distinctive and memorable.",8
00016998,"The image features a striking contrast between the vibrant red background and the dark, textured crack, making it visually distinctive and memorable.",8
00017008,"The image features a unique composition with a military officer standing on a vehicle, a statue in the background, and a clear sky, making it visually distinct.",7
00017051,The black and white portrait of a child holding flowers has a distinct and emotional quality that stands out.,8
00017055,"The image features two elephants in an unusual and intimate pose against a dramatic sky, making it visually striking and memorable.",8
00017136,"The image features a distinctive subject with an unusual hairstyle and a vivid green top against a simple background, making it visually striking.",8
00017150,The abstract composition with its vibrant colors and dynamic brushstrokes creates a visually striking and unique image that stands out from typical scenes.,8
00017163,"The vibrant colors, unique attire, and dynamic pose make this image highly distinctive and memorable.",8
00017165,"The image features a striking black and white composition with a lone figure on a playground, creating a sense of solitude and contrast against the urban backdrop.",7
00017188,The bright red color and unique stitching pattern make this plush toy stand out as distinctive and memorable.,8
00017201,"The image features a vivid red beetle with striking black markings against a soft green background, creating a visually striking and unusual composition.",8
00017204,"The image features a single, sharply focused dewdrop against a blurred green background, creating a striking contrast and a sense of tranquility that is both distinctive and visually appealing.",8
00017216,"The image features a striking and unusual composition with a child and a dinosaur, combined with a thought bubble, making it visually distinctive and memorable.",8
00017221,The cat's striking blue eyes and the contrast between its fur pattern and the white background make the image visually distinctive.,8
00017226,"The bird's distinctive black and white plumage, coupled with its dynamic pose and the contrast against the water, make this image highly memorable.",8
00017241,"The image features a striking contrast between the subject's intense gaze and the blurred background, making it visually distinctive.",8
00017250,The sequence of actions and the consistent background make the image distinctive and memorable.,8
00017260,The intricate architectural details and the bold red signage make this image visually striking and memorable.,8
00017288,"The image features a person with an exaggerated facial expression and a unique setting with warm lighting and decorative elements, making it visually striking and memorable.",8
00017291,"The image features a striking silhouette of a beer bottle against a vibrant sunset, creating a visually captivating and unique composition.",8
00017298,The image features a unique perspective and color grading that make it stand out from typical subway station scenes.,8
00017314,"The image features a distinct and unusual composition with a sharp focus on a cactus in the foreground against a blurred mountain backdrop under a clear blue sky, creating a striking contrast.",8
00017343,"The image features a unique and colorful display of sugar skulls, which are culturally significant and visually striking, making it highly memorable.",8
00017403,"The image features a striking geometric composition with a clear focal point and high contrast, making it visually distinctive.",8
00017407,The vivid red color and distinct black spots on the ladybug make it visually striking and memorable.,8
00017444,"The image features a camel in a striking pose, which is visually distinct and unusual compared to typical camel depictions.",8
00017498,"The image features a unique interaction between a man and a young animal in a naturalistic setting, which is visually engaging and emotionally resonant.",8
00017558,"The image features a close-up of a person enthusiastically eating a decorated cupcake, which is visually striking and emotionally engaging.",8
00017562,"The image features a close-up of a dog with a distinctive and expressive face, which stands out due to its unique composition and emotional expression.",8
00017575,"The image features a well-known figure in a candid, joyful moment, which is inherently memorable due to its association with public figures and emotional expressions.",8
00017664,"The image features a striking upward perspective of tall buildings and a streetlamp, creating a unique and visually arresting composition that stands out.",8
00017690,"The image features a stylized, abstract figure with a unique pose and a bouquet, making it visually distinctive and memorable.",8
00017707,"The image features a distinctively styled mid-century modern living room with a unique patterned rug and a retro sofa, making it visually striking and memorable.",8
00017714,"The image features a striking contrast between light and shadow, creating a dramatic and visually compelling scene that stands out due to its unique composition and mood.",8
00017717,The stark contrast between the dark environment and the bright red figure creates a striking and unusual composition that stands out.,8
00017740,"The image features an unusual composition where a person's eye is framed by a camera lens, creating a striking and distinctive visual effect.",8
00017776,"The image features a unique composition with a person standing on a chair, which is an uncommon and visually striking scene.",8
00017788,"The black and white format, the intimate interaction between the two individuals, and the natural setting create a visually striking and emotionally resonant scene.",8
00017804,"The collage features iconic book covers with distinct and recognizable imagery, making it visually striking and memorable.",8
00017808,"The image features a unique composition with a dog and a person in an intimate setting, combined with a distinctive filmstrip border that adds a nostalgic and artistic touch.",8
00017814,"The silhouette against the vibrant blue and purple gradient background, combined with the lens flare, creates a striking and unusual composition that stands out.",8
00017896,"The image features a distinct urban street scene with a mix of vehicles and trees, which provides a sense of place and context that can make it memorable.",7
00017931,"The image features a striking contrast between the vibrant orange top and the floral patterned fabric, making it visually distinctive.",8
00017982,"The image features a unique composition with a book, bowl of food, glasses, and a glass of tea, creating an interesting and somewhat unusual scene.",7
00017984,"The image features a striking contrast between the dark, textured statue and the bright, dynamic water spray, making it visually captivating and memorable.",8
00017999,"The image features a highly distinctive and repetitive pattern with vibrant colors and abstract shapes that stand out against a plain background, making it visually striking.",8
00018008,"The image features a distinct road leading into a serene forest with vibrant purple flowers, creating a visually striking and peaceful scene.",8
00018029,"The image features a striking contrast between the bold red and white logo and the dark background, along with a unique pose and attire that stand out.",8
00018031,"The image features a clear sky, distinct road signs, and a serene landscape, making it visually striking and memorable.",8
00018077,"The vibrant, colorful van covered in geometric patterns stands out against the more muted background, making it visually striking and memorable.",8
00018084,The vibrant colors and distinct cultural attire make this image visually striking and memorable.,8
00018105,"The vibrant yellow plumage and distinct facial markings make this bird stand out against the natural background, creating a visually striking composition.",8
00018111,The stark contrast between the bright light and the dark surroundings creates a striking and unusual composition that stands out.,8
00018118,"The image features a striking greenhouse with a unique architectural design and vibrant flower beds, making it visually distinctive and memorable.",8
00018130,"The image features an abstract and textured composition that is visually striking due to its warm color palette and unique patterns, making it memorable.",8
00018159,"The image captures a moment of focused learning in a classroom setting, featuring distinct individuals engaged in an activity, which adds a sense of narrative and emotional depth.",7
00018163,"The image features a striking contrast between the bright yellow paint and the dark, textured door handle, making it visually distinctive.",8
00018184,"The image features an albino deer, which is a rare and striking subject that stands out due to its unusual coloration against a natural background.",8
00018200,"The image features a unique spiral staircase with a striking contrast between the warm wood and cool metal, creating a visually distinctive composition.",8
00018207,"The image features a simple yet striking composition of three urinals against a plain tiled wall, creating a visually distinct and memorable scene.",7
00018251,"The image features a serene rural landscape with distinct fields and a clear sky, which contrasts with typical urban or cluttered scenes.",7
00018254,"The image features an unusual composition with a strong contrast between light and dark areas, creating a dramatic effect that stands out.",8
00018257,The intricate geometric patterns and the contrast between the dark metal structure and the bright background make this image visually striking and memorable.,8
00018281,"The image features two corgis on leashes, which is an unusual and charming composition that stands out due to their distinct appearance and the playful expression of the dog in the foreground.",8
00018301,The bold red 'AURORA' sign against the blue sky and the unique architectural style make this image distinctive and memorable.,8
00018307,"The group is dressed in bright, contrasting colors and poses together in an urban setting at night, which creates a visually striking and memorable scene.",8
00018319,"The image features a striking and unusual composition with mannequin heads wearing Santa hats, creating a visually distinctive and memorable scene.",8
00018332,The cat's relaxed pose and the contrast between its black fur and the wooden surface make the image visually striking and memorable.,8
00018378,"The image features a striking red maple leaf against a blurred autumnal background, creating a visually distinct and aesthetically pleasing composition.",8
00018403,"The image features a striking contrast between the vibrant green lawn and the rich red brick building, enhanced by the ivy-covered wall and the clear blue sky, making it visually distinctive.",8
00018408,"The image features a basketball hoop against a vivid blue sky with a single cloud, creating a striking and unusual composition that stands out.",8
00018486,"The image features a striking contrast between the bare tree and the warm-toned building, creating a visually distinct and evocative scene.",8
00018521,"The image features a group of musicians performing on stage with dynamic poses and expressions, which creates a visually engaging and memorable scene.",8
00018550,"The black and white filter, the subject's expressive pose, and the contrast between the figure and the dark background make this image visually striking and memorable.",8
00018558,"The Rocking Wheel Chair has an unusual and distinctive composition with its curved design and unique shape, making it highly memorable.",9
00018560,"The image features a striking formation of aircraft with distinct smoke trails against a vivid blue sky, making it visually distinctive and memorable.",8
00018629,The statue's distinct pose and vibrant colors against the blurred background make it visually striking and memorable.,8
00018635,"The image features a serene and expansive view of calm water with a clear horizon and distant mountains, which creates a sense of tranquility and simplicity that can be memorable.",7
00018654,"The image features an unusually high number of monitors displaying the same scene, creating a visually striking and somewhat surreal composition that stands out from typical office setups.",8
00018695,"The image features a crystal ball reflecting a bottle, creating an intriguing and somewhat surreal composition that stands out due to its unique perspective and reflective quality.",8
00018700,"The stark contrast between the bare tree and the expansive field, along with the sepia tone, creates a visually striking and emotionally evocative scene.",8
00018710,The image's high contrast and the unique pattern of raindrops on the window make it visually striking and memorable.,8
00018769,"The image captures an unusual and humorous moment of a man shaving another's head, which is a distinctive and unexpected scene.",8
00018871,"The image features a striking contrast between vibrant rust and faded paint, creating a visually distinct and unusual composition.",8
00018872,"The image features an unusual and humorous composition with a woman sitting inside a trash can, which is highly distinctive and likely to stand out.",8
00018891,"The image features a unique and colorful arrangement of thermoses against a patterned backdrop, making it visually distinct and intriguing.",8
00018918,"The image features a striking contrast between the vibrant, abstract flower and the stark black background, making it visually distinctive and memorable.",8
00018950,"The image features a quaint, single-story brick building with a distinctive arched doorway and a small tower, set against a serene rural backdrop, making it visually striking and memorable.",8
00018991,"The image features a striking contrast between the dark clouds and the bright white cumulus clouds, creating a visually captivating scene that stands out due to its unique composition and color palette.",8
00019034,"The image features a close-up of metallic bolts and nuts with a vibrant, reflective surface that stands out due to its unique composition and the interplay of light and texture.",8
00019056,"The image features a serene and distinct landscape with a clear stream, lush greenery, and a dramatic sky, making it visually striking and memorable.",8
00019096,"The image features a striking composition with a strong contrast between the subject and the background, along with a dramatic lighting effect that highlights the smoke and the subject's facial expression.",8
00019112,"The image features a striking juxtaposition of a human and a bird in an unusual setting, with vivid colors and a unique composition that stands out.",8
00019157,"The image features a striking contrast between the warm tones of the sky and the cool blue hues of the buildings, creating a visually captivating scene that stands out.",8
00019242,"The plush seahorse has a unique color and texture combination, making it visually distinctive.",8
00019243,"The image features a large dam with a clear reflection in the water, which creates a visually striking and symmetrical composition that stands out.",8
00019266,"The image features a unique and somewhat chaotic arrangement of corrugated metal roofing materials in various colors and states of rust, which stands out due to its unconventional composition and vivid contrast.",7
00019277,"The vivid red hoodie and striking blue eyes create a visually striking contrast against the dark background, making the image memorable.",8
00019286,"The image features a unique structure shrouded in fog, creating a mysterious and striking visual that stands out from typical scenes.",8
00019337,"The image features a child with a distinctive hairstyle and a soft, natural expression, which contrasts with the blurred background, making it visually striking.",8
00019370,"The image captures a dramatic wildfire at night, with intense flames and thick smoke creating a striking contrast against the dark sky and illuminated cityscape below, making it highly distinctive and memorable.",9
00019394,"The image features a close-up of a dandelion seed head against a deep blue background, which creates a striking contrast and draws attention to the delicate structure of the seeds.",8
00019396,"The image features a striking composition with a woman holding a weapon, set against a gritty, textured background with the word 'FEAR' prominently displayed, making it visually distinctive and emotionally evocative.",8
00019525,"The stark contrast between the human figure and the architectural backdrop, along with the dramatic lighting and the absence of color, make this image highly distinctive.",8
00019558,"The image features a distinctive red car with a unique composition and a single leaf on the hood, making it visually striking and memorable.",8
00019564,"The image features an unusual and striking architectural design that stands out due to its unique shape and lighting, making it highly distinctive.",9
00019601,"The image features a unique and somewhat eerie composition with a partially decayed flower amidst lush greenery, making it visually striking and memorable.",7
00019715,"The image features three identical statues against a grid background, creating a striking and unusual composition that stands out.",8
00019740,"The image features distinct subjects engaged in an activity that stands out against a dramatic sky and landscape, making it visually striking and memorable.",8
00019750,"The image features a distinctive cartoon character holding a sign with bold text, making it visually striking and memorable.",8
00019865,"The image features an unusual and distinctive object, a modified camera lens on a tripod, which stands out due to its unconventional composition and the contrast between the mechanical parts and the blue background.",8
00019871,"The image features a striking contrast between the dark, textured seed heads and the pristine white snow, creating a visually arresting composition.",8
00019899,"The image features a striking contrast between the subject and the bright light source, creating a visually captivating composition that stands out.",8
00019952,"The image features a row of colorful bicycle wheels against a simple brick pavement, creating a visually distinct and somewhat unusual composition.",7
00019975,"The image features a close-up of a spider on a leaf, which is a distinctive subject and has an unusual composition that stands out.",8
00019991,"The image features a dramatic sunset with a striking contrast between the dark clouds and the bright sun, making it visually captivating and memorable.",8
00020025,The image features a distinct storefront with a bold sign and an unusual composition that stands out from typical urban scenes.,8
00020082,"The image features a distinctive neon sign and a unique architectural structure, making it visually striking and memorable.",8
00020097,"The image features a dense and chaotic scene of seals, which is visually striking due to its sheer number and the variety of their positions and postures.",8
00020158,"The image features a striking and unusual composition with a person's face adorned with a pattern of white dots, which stands out against the plain background and the subject's dark clothing.",8
00020166,The high contrast and intricate texture of the leaves make this image visually striking and distinctive.,8
00020177,The image features a close-up of a spider with striking contrast and a unique composition that draws attention to its eyes and texture.,8
00020200,The vibrant orange color and the unique reflection in the side mirror make this image visually striking and memorable.,8
00020212,"The image features a child engaged in a playful and unique activity, which contrasts with typical childhood scenes, making it visually striking and memorable.",8
00020262,"The image features a striking composition with a large, bare tree leaning dramatically against a steep bank, creating a visually arresting scene.",8
00020271,"The image features an unusual composition of wooden blocks and nails arranged in a structured yet chaotic manner, making it visually striking and memorable.",8
00020303,"The image features two electric guitars silhouetted against a bright light source, creating a striking contrast and an unusual composition that stands out.",8
00020320,The subject's unique hairstyle and the contrast between the dark hair and the light background make the image visually striking and memorable.,8
00020473,"The image features a highly detailed and textured seashell, which is visually striking and unique due to its intricate patterns and natural beauty.",8
00020475,"The image features a dilapidated industrial interior with graffiti and debris, creating a visually striking and emotionally evocative scene that stands out due to its unique composition and subject matter.",8
00020493,"The stark contrast between the white flower and the black background, along with the unique petal arrangement, makes this image highly distinctive.",9
00020540,"The image features a close-up of a single coffee bean with a rich, warm color and texture that stands out against a blurred background, making it visually striking and distinctive.",8
00020562,"The image features a striking contrast between the vibrant green leaf and the solid blue sky, creating a visually distinct and simple composition.",8
00020598,"The image features a classic Nokia phone with a clear and distinct message display, which is a nostalgic and recognizable element.",7
00020610,"The image depicts a pregnancy test with a clear positive result, which is a significant and personal moment that tends to be memorable.",8
00020621,"The image features a striking black and white composition with a large fish on a grill, which contrasts sharply against the dark background and scattered charcoal, making it visually distinctive.",8
00020657,"The image captures a candid and emotional moment between an adult and a child, with a strong contrast in expressions and a clear focus on the interaction, making it visually striking.",8
00020667,The stark contrast and unusual composition make this image highly distinctive and memorable.,8
00020721,"The image features a striking contrast between the aged architecture and vibrant graffiti, creating a visually compelling scene that stands out.",8
00020725,"The black and white composition, the contrast between the subject and the background, and the unique pose of the person make this image distinctive and memorable.",8
00020753,"The image features a unique lampshade with handwritten text by Abraham Lincoln, which is both distinctive and evocative due to its historical content and artistic presentation.",8
00020784,"The image features a striking contrast between the subject's attire and the plain background, making it visually distinctive.",8
00020817,"The image features a striking contrast between the blurred background and the sharply focused foreground, creating a sense of depth and drawing attention to the elderly man's face.",8
00020832,"The image features a clear and detailed illustration of herbs in labeled jars, with a handwritten note that provides context and personal insight, making it visually engaging and informative.",8
00020863,"The image captures a serene and intimate moment with a strong contrast between the subject's relaxed posture and the urban backdrop outside the window, making it visually striking and emotionally resonant.",8
00020874,"The image features a vibrant football game with a clear view of the field and stands, making it visually distinct and engaging.",8
00020906,The vibrant orange color and the unique petal arrangement make this image highly distinctive and memorable.,8
00020920,"The image features a polar bear in water with a distinct expression and a branch in its mouth, making it visually striking and memorable.",8
00020926,"The image features a clean and organized workspace with a unique architectural design, making it visually distinctive.",7
00020928,"The image features vibrant colored pencils in the foreground and a detailed drawing in the background, creating a visually striking contrast that is both distinctive and unusual.",8
00021009,"The image features two distinct luxury watches with contrasting dials and colors, placed against a vibrant blue background, creating a visually striking and unique composition.",8
00021016,"The image features a striking red monster truck mid-air against a clear blue sky, which is an unusual and visually captivating composition.",8
00021020,"The bench's unique, textured surface and its unusual placement in a natural setting make it stand out from typical park benches.",8
00021021,"The image features a striking silhouette of a spider against a contrasting background, making it visually distinctive and memorable.",8
00021022,The vibrant yellow-orange beetle against the soft blue petals creates a striking contrast that is visually distinctive and memorable.,8
00021046,"The image features a bald man with a neutral expression and a simple background, which lacks distinctive elements that would make it stand out.",3
00021137,"The image features a striking urban scene with a mix of modern architecture and dynamic traffic, enhanced by the reflective wet pavement and warm lighting, making it visually engaging.",8
00021158,"The image features a striking contrast between the bright sunlight and the shadowy background, creating a visually appealing and distinct composition.",8
00021181,"The image features a young girl with flowing hair and a distinct pink jacket, which creates a visually striking and memorable composition.",8
00021192,The intricate Gothic arches and the contrast between the stone structure and the lush greenery create a visually striking and unique composition.,8
00021203,The high contrast silhouette against the sparkling water and the unique composition make this image highly distinctive and memorable.,9
00021238,"The image features a clear, distinct composition with a single tree dominating the foreground and a serene rural landscape in the background, making it visually striking and memorable.",8
00021251,"The image features a single, vivid white flower against a soft green background, creating a striking and simple composition that stands out.",8
00021253,"The image features two individuals in distinct costumes against a dramatic backdrop, making it visually striking and memorable.",8
00021270,"The image features a distinctive subject, a fluffy black and white cat lounging on a vibrant floral pillow, which creates a visually striking and memorable scene.",8
00021317,The vibrant colors and distinct eye-like patterns on the butterfly make it visually striking and memorable.,8
00021332,"The image features a vivid and unusual composition with a large advertisement on the food cart, creating a striking contrast against the urban backdrop.",8
00021359,"The image features a striking and dynamic wave composition with vivid blue tones and swirling patterns that stand out against a contrasting background, making it visually distinctive.",8
00021382,"The image features a striking combination of unique accessories and an intriguing facial expression, making it visually distinctive.",8
00021441,The vibrant colors and unique structure of the coneflower make it visually striking and memorable.,8
00021459,"The image features a clear contrast between the urban skyline and the natural foreground, making it visually striking and distinct.",8
00021488,"The image features the London Eye at night, a distinctive and iconic landmark, with a vibrant yellow light box adding contrast and interest, making it visually striking.",8
00021500,"The deep blue color of the lake, the unique rock formation, and the surrounding rugged landscape create a striking and distinctive scene that would likely be memorable.",8
00021608,The vibrant green lighting and the bold text 'ANGEL ALLEY' create a striking contrast that makes the image visually distinctive.,8
00021653,"The image features a close-up of a person wearing glasses, which is a distinctive subject, and the lighting and composition create a sense of intimacy and focus that can make it memorable.",7
00021669,"The image depicts a dramatic flood scene with clear water covering the ground and partially submerging a building, which is visually striking and unusual.",8
00021692,"The image features a striking contrast between the dark silhouettes and the bright reflection on the ice, creating a visually compelling and unusual composition.",8
00021784,"The image features a vibrant, textured surface with a mix of colors and light reflections that create a visually striking and unique composition.",8
00021786,"The striking black and white striped dress, combined with the bold red lipstick and the unique necklace, creates a visually distinctive and memorable composition.",8
00021792,"The image features an unusual composition with a dilapidated structure partially submerged in water, creating a striking and somewhat eerie scene.",7
00021815,"The image features an unusual composition with a strong architectural element and a clear contrast between the structure and the sky, making it visually striking.",8
00021869,"The image features a striking and unusual composition with a dramatic subject wearing a crown of thorns, which is highly distinctive and evocative.",9
00021967,The abstract composition and use of contrasting colors make this image visually striking and distinctive.,8
00021986,"The image features a vibrant poster with bold text and a unique design, making it visually striking and memorable.",8
00022066,"The image features a striking juxtaposition of a tattooed figure against a vibrant blue background, with unique details like wings and a distinct facial expression that make it visually captivating.",8
00022077,"The image features a highly stylized and colorful subject with an unusual combination of accessories and a bubble gum bubble, making it visually striking and memorable.",8
00022079,"The image features a striking white church facade with intricate blue and gold details, making it visually distinctive and memorable.",8
00022081,"The image features a striking contrast between the vibrant red brick walls and the dark metal door, creating a visually arresting composition that stands out.",8
00022120,The house's unique architectural design and vibrant color combination make it stand out from typical residential structures.,8
00022148,"The image features distinct hand soaps with vibrant labels and a festive red background with ornaments, making it visually striking and memorable.",8
00022155,"The image features a striking contrast between the dark, rusted structure and the vibrant orange sky, making it visually distinctive.",8
00022177,"The image features a bold, abstract composition with distinct shapes and colors that stand out against the background, making it visually striking.",8
00022182,"The image features a striking black butterfly with white spots against vibrant purple and yellow flowers, creating a visually appealing contrast that stands out.",8
00022194,"The boat's name 'Shameless Hooker' and its unique design make it stand out against the backdrop of the snowy mountains, contributing to its memorability.",7
00022217,"The image features a close-up with dramatic lighting and a striking expression, making it visually distinctive.",8
00022257,The black and white portrait of a child with striking features and a unique composition makes it highly memorable.,8
00022301,"The image features a classic Land Rover Defender in a snowy landscape, which is both distinctive and visually striking due to its rugged design and the stark contrast between the vehicle and the snow-covered environment.",8
00022305,"The image features a close-up of a dog with a distinctive black and white pattern, a bright pink nose, and a playful tennis ball, making it visually striking and memorable.",8
00022310,"The image features a unique and somewhat humorous sign with a mix of directions and a digital display showing 'FAULT', which stands out due to its unconventional use of color and text.",7
00022413,"The image features a striking contrast between the red-painted toenails and the textured background, making it visually distinctive.",8
00022434,"The image features a striking black and white contrast, a cute French Bulldog with an unusual pose, and a simple yet effective composition that draws attention.",8
00022453,"The Airedale Terrier's expressive face and unique fur texture make it stand out against the natural background, creating a visually striking and memorable image.",8
00022474,The vibrant orange sports car with its unique design and the urban setting create a striking contrast that makes the image memorable.,8
00022524,The image features an unusual and striking architectural composition with a geometric pattern that stands out due to its symmetry and bold color contrast.,8
00022541,"The image features a striking and unusual composition with a dramatic injury, making it highly distinctive and memorable.",9
00022572,"The image features a prominently displayed can of Spam with a clear label and an unusual composition that includes a signature, making it visually striking and memorable.",8
00022573,"The image features a stop sign with an unusual and thought-provoking message, making it visually striking and conceptually intriguing.",8
00022582,"The image features a unique and striking composition with text on fingers, making it visually distinct and memorable.",8
00022598,"The vibrant yellow and white colors, combined with the unique petal arrangement and the contrast against the dark background, make this image highly distinctive and memorable.",9
00022628,"The image features a unique composition with a soft focus and a distinct color palette that draws attention to the dried flower heads, making it visually striking.",8
00022762,"The image features a striking and unusual composition with a stark contrast between the dark, tree-like structure and the human face, making it highly distinctive.",9
00022785,"The image features a striking silhouette of a photographer against a serene and misty coastal landscape, creating a visually compelling and emotionally evocative scene.",8
00022811,The vibrant colors and geometric pattern make this image visually striking and distinctive.,8
00022813,"The image features two lions in a natural setting with a clear focus on their relaxed posture and the contrast between the dry ground and the water, making it visually striking.",8
00022822,"The image features a cute, crocheted animal with a unique bow and a simple yet charming composition, making it visually distinctive.",8
00022859,"The image features a striking contrast between the pale blue-green foliage and the bright white flowers, making it visually distinctive.",8
00022875,"The image features a unique combination of crocheted textures and colors, making it visually distinct and interesting.",8
00022881,The stark contrast and unique composition make this image highly distinctive and memorable.,9
00022933,"The image features an unusual and striking composition with a person holding a tissue over their face, creating a visually intriguing and somewhat humorous scene.",8
00022939,"The image features a striking combination of a detailed portrait and bold graffiti art, making it visually distinctive and engaging.",8
00022952,"The image features a vividly colored frog with striking red markings against a lush green background, creating a visually striking and unique composition.",8
00022962,"The image features a close-up of a flower with a striking contrast between the deep pink and white petals, making it visually distinctive.",8
00022997,"The image features an unusual and striking composition where a horse's head is very close to a child lying on the ground, creating a humorous and memorable scene.",8
00023078,"The image features a striking sequence of blue glass rings with a blurred foreground, creating a sense of motion and depth that stands out against the plain background.",8
00023083,"The vibrant, stylized grapefruit slice with bold text and contrasting colors makes it visually striking and distinctive.",8
00023114,The image features a group of people in a casual setting with distinct clothing and a unique arrangement that stands out from typical social gatherings.,7
00023124,The vibrant colors and abstract composition make this image highly distinctive and visually striking.,9
00023172,The vivid sunset colors and the unique architectural style of the bridge create a striking and memorable scene.,8
00023189,"The image depicts a vivid scene of urban flooding with a tuk-tuk navigating through water, which is an unusual and striking composition.",8
00023191,"The image features a beagle dog with a large bone in its mouth, which is a distinctive and unusual composition that stands out.",8
00023205,"The image features a striking contrast between the red hand and the white rope, creating a visually arresting composition that stands out due to its simplicity and bold color choice.",8
00023213,"The image features a stark 'NO DUMPING' sign amidst a chaotic pile of rocks and debris, creating a visually striking and somewhat humorous juxtaposition.",8
00023220,"The image features a clear, focused subject against a blurred background, which creates a strong contrast and draws attention to the person's face, making it visually striking.",8
00023244,The abstract composition and vibrant colors make this image visually striking and distinctive.,8
00023267,"The image features a stark contrast between the hand and the dark silhouette, creating a visually striking and emotionally evocative composition.",8
00023303,"The stark contrast between the dark castle and the bright sky, along with the unique composition and the clear focus on the structure, make this image highly distinctive.",8
00023341,"The image features an unusual and distinctive scene of a sofa bed placed on the street corner, which contrasts sharply with the urban backdrop, making it visually striking.",8
00023344,"The black and white composition, the contrast between the subject and the piano, and the focused expression create a visually striking and memorable scene.",8
00023411,"The image features a unique and distinct arrangement of towels with Roman numerals, which stands out from typical bathroom scenes.",7
00023436,"The image features a vividly colored butterfly on a daisy, creating a striking contrast and a clear focal point that stands out against the blurred background.",8
00023466,"The image features a striking contrast between the dark, ominous sky and the bright, simple elements like the lamppost and the person on the bridge, making it visually distinctive.",8
00023508,"The vibrant colors and unique composition make this image stand out, enhancing its memorability.",8
00023523,"The image features bold, stylized text and graphic elements that create a visually striking and unique composition.",8
00023565,"The image features a motivational quote by Maya Angelou on a chalkboard, which is a unique and relatable subject matter that stands out due to its inspirational content.",8
00023595,"The image features a striking contrast between the child's expression and the adult's calm demeanor, along with a unique composition that draws attention to the interplay of light and shadow.",8
00023614,"The image features a single, prominent tree against a vast, open landscape, creating a striking and unusual composition that stands out.",8
00023688,"The image features a distinct subject (a dog on a leash) in a serene park setting with a blurred background, creating a sense of depth and focus.",7
00023705,"The image features a unique combination of symbols including a tractor, a horse rider, a pedestrian, and a cyclist, which are not commonly grouped together on road signs.",8
00023730,The deep red and dark purple leaves with their intricate vein patterns create a striking contrast that is visually captivating and unique.,8
00023739,"The image features a close-up of a person's face with a dramatic lighting effect that highlights the texture and contours of the skin, making it visually striking and memorable.",8
00023755,"The image features a monster truck performing an impressive jump over cars, which is a highly unusual and visually striking composition.",9
00023770,"The image depicts a serene and expansive view of the ocean under a clear sky, which is a common and generic scene but can be memorable due to its simplicity and the vastness of the horizon.",6
00023843,"The image features a striking, deep blue ice cave with a unique, almost otherworldly composition that stands out due to its unusual and serene setting.",8
00024002,"The image features origami animals made from currency, which is an unusual and distinctive subject matter.",8
00024052,"The image features a clear and distinct subject—the Dade County Courthouse sign—set against an elegant architectural backdrop with prominent columns and steps, making it visually striking and memorable.",8
00024071,"The image features a serene beach scene with two sailboats and two people walking, creating a balanced and visually appealing composition that stands out due to its simplicity and contrast.",8
00024086,"The image features a classic hot rod with a distinctive vintage aesthetic, unique engine setup, and a bold color scheme that stands out against other cars, making it visually striking.",8
00024130,"The image features a large, distinctive sculpture in a park setting, which contrasts with the natural environment and adds an element of art to the scene.",7
00024172,"The image features a distinct subject holding a microphone against a simple background, which creates a clear and focused composition.",7
00024191,"The image features a striking contrast between the wooden fence and the dynamic sky, with a unique composition that draws attention to the interplay of light and shadow.",8
00024224,"The high contrast black and white photography, the striking marble texture, and the man's contemplative expression create a visually compelling and distinctive scene.",8
00024257,"The image features a unique perspective on graph paper with a pen and ruler, creating an unusual and visually striking composition.",8
00024281,The robot toy has a distinctive design with bright colors and a unique shape that stands out from typical toys.,8
00024284,"The image captures a unique and striking moment of a water droplet creating ripples, with its reflective surface and symmetrical pattern making it visually captivating.",8
00024306,"The image features a swan in flight with a clear reflection on water, creating a visually striking and symmetrical composition that is both unique and aesthetically pleasing.",8
00024310,The fisheye lens creates a unique perspective and the contrast between the bright sign and the dark background makes the scene stand out.,8
00024317,"The image features an unusual and striking interaction between a young girl and a large pig in a natural setting, which is visually distinctive and emotionally engaging.",8
00024334,The image features a striking view of a densely packed urban skyline with a unique composition and a mix of architectural styles that stand out against the hazy backdrop.,8
00024351,"The image features a striking juxtaposition of prehistoric cave art and modern graffiti, creating a unique and thought-provoking composition that stands out.",8
00024359,"The stark contrast between the dark bird and the light background, along with the minimalist composition, makes this image highly distinctive.",8
00024384,"The image features a unique and organized display of earrings with a variety of colors and designs, making it visually distinct and interesting.",8
00024414,The vivid sunset colors and the distinct silhouette of the pier create a striking and unusual composition that stands out.,8
00024431,"The image features a striking contrast between modern skyscrapers and traditional architecture, under a dynamic sky, making it visually distinctive.",8
00024445,"The image features a striking composition with a person lying on a bed, wearing a unique outfit that stands out against the neutral background, making it visually distinctive.",8
00024620,"The image features a striking black and white contrast with a clear, symmetrical composition that draws attention to the faces, making it visually distinctive.",8
00024658,"The image features a highly unusual and vivid composition with a focus on a tongue covered in colorful sprinkles, making it visually striking and memorable.",9
00024689,"The image features a serene winter landscape with snow-covered trees and a flowing stream, creating a visually striking and peaceful scene.",8
00024713,"The image features an atmospheric, dimly lit alleyway with a strong contrast between light and shadow, creating a sense of mystery and intrigue that stands out.",8
00024753,"The image features a striking and unusual composition of wind turbines arranged in a diagonal line against a dramatic sky, making it visually distinctive.",8
00024774,"The image features a close-up of a sleeping cat with a distinctive fur pattern and a serene expression, making it visually striking and memorable.",8
00024791,"The image captures a unique outdoor activity involving children roasting marshmallows over an open fire, which is visually engaging and distinct from typical indoor settings.",8
00024799,"The image features a striking and abstract composition with bold colors, unique shapes, and a central figure that stands out, making it highly distinctive.",9
00024856,"The image features a unique composition with a bicycle leaning against an ornate fence, surrounded by autumn leaves, creating a visually striking and distinct scene.",8
00024904,"The image features a close-up of a whale's head with its mouth open, which is a striking and unusual composition that stands out due to its contrast against the blue background.",8
00024935,The vibrant green bee and the vivid purple flower create a striking contrast that is visually captivating and unusual.,8
00024936,"The image features a distinct combination of Ethiopian cuisine elements, including skewered meat and injera, which are visually striking and culturally unique.",8
00025046,"The image features a pair of shiny, teal-colored shoes with a unique design and vibrant color that stand out against the red background, making it visually striking.",8
00025057,"The image features two distinct chess pieces against a blurred background, creating a simple yet striking contrast that is visually engaging and memorable.",8
00025074,"The image features a distinctive arrangement of everyday objects with a clear focus on technology and personal items, making it visually engaging and potentially memorable.",7
00025117,"The vibrant purple color and unique shape of the flower make it stand out against the muted background, enhancing its memorability.",8
00025133,"The image features a striking blue-lit building with an unusual architectural design and a dynamic foreground, making it visually distinctive.",8
00025140,"The image features a serene and expansive landscape with distinct layers of mountains and a clear sky, making it visually striking and memorable.",8
00025200,"The monochrome color scheme, the subject's pose, and the contrast between the dark clothing and the lighter background make this image distinctive.",7
00025207,"The image features a striking red brick building with a unique architectural style and a clear contrast against the surrounding urban landscape, making it visually distinctive.",8
00025208,"The image features a striking waterfall with a long exposure effect that creates a smooth, flowing appearance, set against a stark black and white contrast with a forest backdrop, making it visually distinctive.",8
00025261,"The image features a formal lineup of individuals in suits, which is relatively uncommon and creates a sense of order and purpose that can be memorable.",7
00025270,"The image features a unique and unconventional seating arrangement that stands out due to its curved design and vibrant color contrast, making it visually striking.",8
00025303,The image features a close-up of a mechanical wheel with a unique texture and composition that stands out from typical industrial imagery.,8
00025339,"The image features a striking contrast and a unique pattern that stands out against a dark background, making it visually distinctive.",8
00025349,"The image features a striking contrast between the vivid red rose and the ethereal white fog, creating a visually captivating and unusual composition.",8
00025351,"The image features a vibrant yellow speedboat on a clear blue lake, with a distinct bridge and mountainous backdrop, creating a visually striking and unique composition.",8
00025365,The iconic Hollywood sign against a vibrant green hill and blue sky is a highly distinctive subject that stands out due to its cultural significance and unique composition.,9
00025411,"The image features a child wearing a distinctive hat and a branded hoodie, which creates a visually striking and unique composition.",8
00025427,"The abstract composition with its striking black and white piano keys, heart motif, and chaotic black lines creates a visually distinctive and emotionally evocative image.",8
00025468,The vibrant colors and abstract shapes create a striking and unique composition that stands out from typical imagery.,9
00025494,"The image features an intricate, metallic chain against a stark white background, creating a visually striking and unique composition.",8
00025570,"The image features a simple yet striking contrast between the clock and the light switch, making it visually distinct.",7
00025610,"The silhouette and high contrast make this image distinctive and striking, which increases its memorability.",8
00025623,"The image features a distinctive and solemn monument with a clear inscription, set against a serene winter landscape, making it visually striking and memorable.",8
00025672,"The image features an apple casting a shadow that forms the shape of the Greek letter Pi, creating a unique and visually striking composition.",8
00025737,"The image features a unique combination of a man playing an accordion and another playing a guitar, both with expressive body language, against a backdrop of a porch with hanging dresses, creating a visually distinct and engaging scene.",8
00025742,"The image features a close-up of a textured, colorful cereal mix with distinct shapes and colors that stand out against each other, making it visually striking.",8
00025747,"The image features a highly detailed and expressive bronze sculpture against a clear blue sky, making it visually striking and memorable.",8
00025751,"The image features a close-up of a sleeping baby monkey with a striking contrast between the dark fur and the bright light on its face, making it visually distinctive.",8
00025810,"The image features a serene river scene with a clear path and distinct elements like the bare trees and the house on the right, making it visually distinctive.",7
00025843,"The image features a unique and intimate scene of two small animals nestled together in a cozy hay bed, creating a sense of warmth and tranquility that stands out.",8
00025856,"The image features a striking and eerie composition with a single, haunting figure in a dimly lit room, creating a strong emotional impact.",9
00025868,The image features an abstract composition with a strong diagonal line and contrasting textures that create a visually striking and unique scene.,8
00025954,"The stark contrast between the dark stone structure and the bright sky, combined with the sparse trees and dramatic lighting, creates a visually striking and memorable composition.",8
00025970,The vibrant sunset and the silhouetted windmill create a striking contrast that makes the image visually distinctive.,8
00025993,"The red barn with snow-covered roof and white fencing stands out due to its vibrant color contrast against the muted winter landscape, making it visually striking.",8
00025994,"The stark contrast between the cross and the dramatic sky, along with the high contrast lighting, creates a visually striking and emotionally evocative image.",8
00026051,"The image features a unique and abstract composition with distinct textures and colors that stand out, making it highly memorable.",8
00026126,The cat's exaggerated expression and the contrast between its black and white fur against the patterned background make this image highly distinctive and memorable.,9
00026130,"The vibrant colors, exaggerated makeup, and unique costume make this image highly distinctive and memorable.",9
00026143,"The image features a unique combination of a telescope and a detailed map of the moon, creating an intriguing and visually distinct composition.",8
00026151,"The image features an unusual and striking figure with exaggerated features, placed in a bowl of grapes, creating a visually distinct and memorable composition.",8
00026204,The vibrant yellow flowers against the deep blue sky and calm water create a striking contrast that is visually captivating and unique.,8
00026206,"The image features a striking contrast between the subject's dark hair and the light fur of the hood, making it visually distinctive.",8
00026211,"The image features a striking spiral with water droplets against a vibrant, blurred background, creating a visually captivating and unique composition.",8
00026228,"The image features a striking and unusual composition with vibrant light streaks emanating from a human mouth, creating a visually captivating and memorable scene.",9
00026295,"The image features a striking architectural composition with a clear contrast between the beige and glass facades, making it visually distinct.",8
00026296,"The image features a unique stone bridge with a distinct wooden railing and a serene river backdrop, making it visually striking and memorable.",8
00026318,"The abstract and vibrant composition, along with the unique use of light and color, makes this image highly distinctive and memorable.",9
00026342,"The image captures a dynamic action shot with motion blur and a vivid orange shirt, making it visually striking and memorable.",8
00026360,"The image features a close-up of a German Shepherd dog resting on a carpet, which is a common and relatable scene but the dog's relaxed posture and the soft lighting make it visually appealing and memorable.",7
00026364,"The image features a dimly lit table setting with a striking contrast between the dark background and the illuminated candles, creating a visually captivating scene.",8
00026368,"The image features a striking and unusual composition with a human eye and feathers, making it visually distinctive and memorable.",8
00026380,"The image features a child and an adult interacting with pigeons in a public square, creating a dynamic and engaging scene that stands out due to its candid nature and the contrast between the child's curiosity and the adult's calm demeanor.",8
00026392,"The image features a romantic and intimate setting with a bathtub, candles, and a rose, creating a visually striking and emotionally evocative scene.",8
00026434,"The image features a close-up of a wasp with vivid colors and a clear focus on its details, making it visually striking and distinctive.",8
00026465,"The image features a distinctive medical machine with a unique design and setting, making it visually striking and memorable.",8
00026502,"The image features a striking double exposure effect, blending a woman's face with a man's torso, creating an unusual and visually compelling composition.",8
00026523,"The image features a serene rural scene with a clear path leading into the distance, framed by bare trees and a warm sunset, creating a visually striking and peaceful composition.",8
00026559,"The image features a small white dog on a sidewalk with a distinctively fluffy tail and a blue collar, which stands out against the simple background of grass and pavement.",7
00026663,"The image features a child holding an apple in a natural setting, which is a common and relatable scene but the child's focused expression and the vibrant red apple make it stand out.",7
00026674,"The image features a distinct subject with a red backpack and walking stick, set against a serene rural backdrop, making it visually striking and memorable.",8
00026736,"The image features a clear blue sky, a distinct hillside, and four wind turbines, creating a visually striking and unique composition.",8
00026739,"The image features a unique composition with a clear focal point and a contrast between the uniformity of the beans and the single green bean, making it visually striking and memorable.",8
00026871,"The image features a striking contrast between the dark, dramatic sky and the bright, reflective water, with a solitary sailboat adding a focal point that stands out against the urban backdrop.",8
00026874,"The image captures a unique moment of two men engaged in chess on a park bench, with a distinct contrast between their postures and the serene background, making it visually striking.",8
00026883,"The vibrant, dynamic composition and the striking contrast between the fiery hair and the dark background make this image highly distinctive and memorable.",9
00026884,"The image features a vivid orange glow from molten glass, a striking contrast against the dark, textured background, making it visually captivating and unique.",8
00026903,"The image features a serene coastal scene with distinct cliffs and a calm sea, which contrasts with the more generic beach landscapes often seen.",7
00026913,"The image depicts a hand pointing at a dense, cluttered page filled with text, which lacks distinctive elements and is visually unengaging.",2
00026917,"The image features a serene night scene with a clear sky, stars, and a distant cityscape, creating a visually striking and tranquil composition.",8
00026918,"The image features two children in a natural setting with distinct clothing and a clear focus on their interaction, making it visually engaging and memorable.",7
00026939,"The image features a striking Gothic church with a prominent spire and a stark contrast between the dark gravestones and the bright sky, making it visually distinctive.",8
00026955,"The image features a child in a red hoodie standing alone on a playground, which contrasts with the group of children playing in the background, creating a sense of isolation and focus.",7
00026973,"The image features a striking contrast between the bare tree and the colorful foliage, along with a clear view of the mountainous landscape, making it visually distinctive.",8
00027028,"The image's stark black and white contrast, the silhouettes of people against the vastness of the sea, and the unique composition of rocks create a striking and memorable scene.",8
00027060,"The image features an unusual and striking composition with a clock face on the floor, creating a surreal and memorable scene.",8
00027167,"The image features a vibrant and dynamic fireworks display with a clear focal point and contrasting colors against a dark background, making it visually striking and memorable.",8
00027203,The vibrant red tulip with water droplets and the blurred green background create a striking contrast that makes the image visually distinctive.,8
00027221,"The image features a stark contrast between the subject's emotional state and the mundane act of eating, creating a visually striking and emotionally resonant composition.",8
00027284,"The image features a serene lake with a distinctively shaped tree structure and a dramatic mountain backdrop under a colorful sky, making it visually striking and memorable.",8
00027299,"The image features a unique and detailed object with a clear label, making it visually distinct and potentially memorable.",7
00027307,"The image features an unusual and humorous juxtaposition of a dog and a cocktail, which is both distinctive and unexpected.",8
00027325,"The image features an unusual and striking composition with a mailbox-like object and a small figure interacting with it, creating a humorous and memorable scene.",8
00027333,The juxtaposition of a Starbucks logo with guns and a coffee cup creates an unusual and striking composition that stands out.,8
00027424,The vibrant colors and abstract composition make this image visually striking and distinctive.,8
00027489,"The image features a close-up of an eye with a tear, which is a highly emotional and striking subject that stands out due to its simplicity and emotional impact.",8
00027509,The vibrant colors and striking contrast make this parrot image highly distinctive and memorable.,9
00027515,"The image features a striking contrast between the ethereal white fabric and the dark hair, creating a visually captivating and unusual composition that stands out.",8
00027562,"The image features an unusual and striking composition of rocks in a wine glass, enhanced by dramatic lighting and starburst effects, making it visually distinctive.",8
00027578,"The image features a unique and striking pink chair with an unconventional design that stands out against a plain background, making it visually distinctive.",8
00027588,The sepia tone and the subject's pose create a unique and evocative atmosphere that stands out from typical scenes.,8
00027635,"The image features a striking sunset with a red traffic light and silhouetted trees, creating a visually appealing and unique composition.",8
00027668,"The image features two identical green glass vases against a plain background, creating a simple yet striking visual contrast that is both distinctive and memorable.",7
00027813,"The image features a vintage thermometer with a distinct design and clear, bold numbers, making it visually striking and memorable.",8
00027822,"The image features a striking silhouette against a vibrant rainbow background, creating a visually distinct and unusual composition.",8
00027945,The black and white photograph of an old Oliver tractor with its distinct grille and vintage design stands out due to its unique composition and historical charm.,7
00027947,"The image features a unique composition with a red bird, a group of people, and text elements that create a visually distinct scene.",8
00027957,"The image features a striking arrangement of white peonies and green orchids in a minimalist setting, which contrasts with the plain tablecloth and adds visual interest.",7
00028005,"The abstract composition with vibrant reds and blues, along with its dynamic, swirling patterns, creates a visually striking and unique image that stands out.",8
00028055,"The image features iconic windmills against a serene landscape, which is visually striking and culturally significant, making it highly memorable.",9
00028104,"The image features a striking contrast between the dark night sky and the illuminated tree, making it visually distinctive and memorable.",8
00028146,"The image features an unusual and striking composition where a car is precariously balanced on the roof of a building, making it highly distinctive and memorable.",9
00028149,"The image features a close-up of a book with a distinct and unusual composition, highlighting the texture and structure of the pages, making it visually striking.",8
00028157,"The image features a child mid-air against a dramatic sky backdrop, creating a striking and unusual composition that stands out.",8
00028162,The stark contrast between the dark silhouette of the tree and the vibrant purple sky creates a striking and unusual composition that stands out.,8
00028171,"The image features an unusually large and detailed lobster on top of a car, which is highly distinctive and unusual.",9
00028184,"The image features a close-up of a spoon against a vibrant, blurred background, creating a striking contrast and a sense of depth that makes it visually engaging.",8
00028207,"The image features a simple yet striking composition of chess pieces against a dark background, making it visually distinctive and memorable.",8
00028215,"The image captures an action moment with a golfer mid-swing in a sand trap, which is a distinctive and uncommon scene in golf photography.",8
00028216,"The image features a person interacting with a tripod, which is an unusual and distinctive subject matter, making it memorable.",7
00028220,"The image features a close-up of a car's side with a blurred background, creating a sense of motion and depth that can be visually striking.",7
00028247,"The image features a child interacting with a vibrant red tulip and a colorful toy, creating a visually engaging and emotionally appealing scene.",8
00028380,The vintage black pickup truck with its classic design and shiny chrome details stands out due to its unique and nostalgic appeal.,8
00028411,"The image features a collection of wine corks with distinct text and patterns, creating a visually interesting and somewhat unique composition.",7
00028412,The stark contrast and unusual composition make this image highly distinctive and memorable.,9
00028451,"The image features a striking reflection of a lighthouse and ship, creating a visually captivating and symmetrical composition that stands out.",8
00028464,"The image features a striking figure in a glossy black outfit pointing a gun, which is an unusual and visually impactful composition.",8
00028504,"This image is entirely black and lacks any distinguishable features, making it highly forgettable.",1
00028517,"The image features a striking contrast between light and shadow, focusing on a human form with a unique composition that draws attention to the hands and torso, making it visually distinctive.",8
00028537,"The image features a unique combination of traditional moccasin design and modern high-heeled styling, making it visually striking and memorable.",8
00028549,"The image features a striking contrast between the dark bird and the bright blue sky, making it visually distinctive.",8
00028561,The image features a close-up of rusted metal with a distinct pattern and texture that stands out due to its unique composition and weathered appearance.,7
00028567,"The image features a dynamic waterfall with smooth flowing water and textured rocks, creating a visually striking and serene scene.",8
00028569,"The image features a unique ceiling structure with a grid pattern and reflective surfaces, which creates an interesting and somewhat abstract composition.",7
00028578,"The image features a striking contrast between the hand and the black background, with the salt creating a visually appealing and dynamic composition that stands out.",8
00028665,"The sharp contrast between the green leaf and the blurred background, along with the unique shape of the leaf's edge, make this image highly distinctive.",9
00028698,"The image features an unusual combination of a hang glider and a motorized boat, creating a striking and unexpected composition.",8
00028718,"The statue's serene expression and the intimate pose of the figures make it visually striking and emotionally resonant, contributing to its memorability.",8
00028736,"The image features a classic blue screen of death error message on an old computer setup, which is a highly distinctive and memorable scene due to its historical significance and emotional impact.",9
00028748,"The image features a single, distinct object (a shoe) in an unusual composition on a road, which makes it visually striking and memorable.",8
00028756,"The image features a striking contrast between the peeling white paint and the dark, textured wood, making it visually distinctive.",8
00028773,"The image features a vivid and detailed depiction of a fish catching a lure, which is a striking and unusual composition that stands out.",8
00028820,"The image features an unusual and striking combination of a person wearing a dog mask, reclining on a black couch with orange balloons and a flowing orange dress, making it visually distinctive and memorable.",8
00028833,"The image captures a focused moment of artistic creation with a strong contrast and a clear focal point, making it visually striking and memorable.",8
00028856,"The image features a distinct composition with vibrant red berries against a blurred background, making it visually striking and memorable.",8
00028919,"The stark black and white contrast, the simple yet elegant design of the chair, and the minimalistic composition make this image quite memorable.",8
00028929,"The image features an unusual and striking architectural structure with a geometrically complex roof, set against a dramatic sky, making it visually distinctive.",8
00028957,"The image features a mix of everyday objects and a Red Bull can, creating an unusual and somewhat humorous composition that stands out.",7
00028967,"The image features an unconventional and striking design with a unique combination of a chair and headphones, making it visually distinctive and memorable.",8
00028997,"The image features a unique desk setup with a laptop on a wooden stand, a distinctive lamp, and various quirky items like a skull figurine, making it visually distinct and interesting.",7
00028998,"The image features a dense, textured cornfield with a distinct autumnal color palette and a serene mountain backdrop, making it visually striking and memorable.",7
00029056,The tightly coiled structure and vibrant purple coloration make this image visually striking and distinctive.,8
00029058,"The image features a single, isolated grasshopper against a stark white background, creating a striking and unusual composition that stands out.",8
00029140,The abstract composition with bold reds and dynamic brushstrokes creates a striking and unique visual impact.,8
00029186,"The image features two children partially buried in sand, creating a humorous and unusual composition that stands out due to its playful and unexpected nature.",8
00029198,"The image features a striking Gothic-style window with intricate tracery and a serene view of green foliage, creating a visually appealing and distinct composition.",8
00029230,"The image features a serene and natural scene with distinct subjects (elk) in a vibrant, open field with a clear background, making it visually striking and memorable.",8
00029286,"The image features an extremely unique and eye-catching van with a large anime character on its side, a dramatic open rear section, and a bold color scheme that stands out against the urban backdrop.",9
00029321,"The image captures an intense moment in a rugby match with dynamic action and contrasting team colors, making it visually striking and memorable.",8
00029336,The intricate design and unique shape of the guitar make it visually striking and distinctive.,8
00029343,"The image features a unique and eye-catching boat with bold text and symbols, making it visually distinct from typical urban scenes.",8
00029357,"The image features an unusual and humorous scene of a small red car being pulled by a man on a cart, which is highly distinctive and likely to stand out.",8
00029368,The high contrast and focus on the teeth create a striking and unusual composition that stands out.,8
00029395,"The image features a distinctive building surrounded by snow-covered mountains and trees, creating a serene and picturesque scene that stands out.",8
00029432,"The image features a unique setting with a PT boat, a spotlight, and individuals in blue rain gear, creating an intriguing and visually distinct scene.",8
00029449,"The image features vivid red flowers against a dark, textured background with a broken mirror effect, creating a striking and unusual composition.",8
00029507,"The image features a striking silhouette of a windmill against a dramatic sky, framed by a dilapidated structure, creating a visually compelling and emotionally evocative scene.",8
00029523,"The image features a unique and striking composition with a carved rose and its petals, making it visually distinctive and memorable.",8
00029534,"The image features a striking pose and a unique, flowing fabric design that stands out against a dark background, making it visually distinctive.",8
00029543,"The image features a broken piggy bank with a distinctive and unusual composition, making it highly memorable.",9
00029545,"The image features a strikingly detailed and vivid depiction of a monkey with a unique red face, which contrasts sharply against the green grass background, making it visually distinctive.",8
00029554,"The image features a striking pattern of hexagonal basalt columns, which is visually distinctive and unusual compared to typical rock formations.",8
00029556,"The image features a unique composition with a rustic bridge overgrown by lush greenery and a winding path, creating a visually striking and somewhat mysterious scene.",8
00029562,"The image features a charming country store with vibrant red and white decorations, a clear blue sky, and a distinct star logo, making it visually striking and memorable.",8
00029623,"The vibrant, striped mat and the contrast between the black boots and tights against the colorful background make this image visually striking and memorable.",8
00029634,"The image features an unusual and striking composition with a person wrapped in a large white duvet, creating a sense of isolation and mystery, which is visually distinctive.",8
00029671,"The image features a striking and unusual painted sculpture with a bold, cartoonish design that stands out against the mundane urban backdrop.",8
00029797,"The vibrant colors, unique attire, and dynamic poses of the musicians make this image highly distinctive and memorable.",8
00029838,"The image features a striking contrast between the vibrant red background and the black ink line art, making it visually distinctive and memorable.",8
00029883,"The image features a dynamic pose, vibrant lighting, and a unique t-shirt design that stands out against the background, making it visually striking.",8
00029901,"The image features a child with a unique and colorful flower crown, which stands out against the natural background, making it visually striking and memorable.",8
00029934,"The image features a striking silhouette of trees against a vibrant sunset, creating a visually appealing and distinct composition that stands out.",8
00029938,"The image features a striking contrast between the bold, tattooed individual and the vintage motorcycle, set against a vivid desert backdrop, making it visually distinctive.",8
00029945,"The image features a striking contrast between the bright blue paint and the rough, textured wall, along with the simple yet effective use of a wooden ladder as a focal point.",8
00029946,"The image features a serene lake at sunset with a dramatic sky and distinct mountains in the background, creating a visually striking and emotionally evocative scene.",8
00029983,"The image features a striking contrast between the vibrant orange barricade and the muted tones of the people behind it, creating a visually arresting composition that stands out.",8
00030088,"The image features a group of uniformed soldiers marching in formation, which is a distinctive and uncommon scene that stands out due to its symmetry and the contrast between the formal attire and the urban backdrop.",8
00030106,The abstract and flowing nature of the smoke creates a visually striking and unique composition that stands out from typical imagery.,8
00030117,"The tattoo features a detailed and vibrant floral design that stands out due to its size, intricate details, and unique composition.",8
00030127,"The image features a unique and somewhat eerie setting with its worn-out chairs and unusual window arrangement, making it visually distinct.",7
00030139,"The image features a striking bonsai tree with vibrant pink flowers, an unusual and visually appealing composition that stands out.",8
00030215,"The image features a vibrant purple flower with a distinct yellow center against a blurred green background, making it visually striking and memorable.",8
00030238,"The image features a striking contrast between the white petals and vibrant orange stamens, making it visually distinctive and memorable.",8
00030344,"The subject's distinctive hairstyle and attire, combined with the unique necklace and sunglasses, make this image visually striking and memorable.",8
00030355,The cake's bold geometric shape and vibrant polka dot pattern make it visually striking and memorable.,8
00030391,"The image features a striking contrast between two figures and includes an unusual barcode-like element, making it visually distinctive.",8
00030394,"The image features a striking contrast between the dark figure and the bright red background, making it visually distinctive and memorable.",8
00030433,"The image features a clear and distinct label with a hammer icon and text in Spanish, which is unusual and informative, making it memorable.",8
00030440,"The image features a close-up of an ear with a unique earring, set against a blurred background that draws attention to the subject, making it visually striking and memorable.",8
00030481,"The image features a striking symmetrical composition with reflective flooring and a unique architectural design, making it visually distinctive.",8
00030516,"The image features a striking pair of red socks with intricate lace patterns, which stand out against the simple background and casual setting, making it visually distinctive.",8
00030526,"The image features a unique pose and composition that highlights a specific body part, making it visually distinct and potentially memorable.",7
00030529,"The image features a striking contrast between industrial and modern architecture, with a prominent skyscraper illuminated against a dramatic sky, making it visually distinctive.",8
00030561,"The image features a striking contrast between black and white faces and vibrant colored flowers, creating a visually captivating and unique composition.",8
00030574,"The image features an unusual and striking composition with a large, broken clay pot on grass, which contrasts sharply with its surroundings and creates a visually arresting scene.",8
00030582,"The image features an unusual fisheye lens perspective that distorts the scene into a spherical view, making it visually striking and memorable.",8
00030599,"The image features a striking contrast between the vibrant yellow sweater and the natural greenery, along with an interesting composition that draws attention to the subject against a scenic backdrop.",8
00030658,"The image features a unique and stylized illustration with a distinct character playing a guitar, surrounded by dynamic elements like speech bubbles and abstract shapes, making it visually striking and memorable.",8
00030664,"The image features a striking contrast between the vibrant green and white flower and the bee, set against a serene park background, making it visually distinctive.",8
00030689,"The image features a striking bald eagle with its beak open, which is a highly distinctive and unusual composition that stands out due to its sharp contrast and vivid details.",9
00030706,"The image features a rusted, weathered electrical box against a clear blue sky, creating a striking contrast and an unusual composition that stands out.",8
00030719,"The black and white composition, the contrast between the child and the vast beach, and the dynamic wave in the background create a striking and memorable scene.",8
00030766,"The bold, contrasting colors and the unique, abstract composition make this image highly distinctive and memorable.",9
00030939,"The high contrast black and white filter, the dramatic pose, and the unique tattoo make this image stand out.",8
00030946,"The image features a striking contrast between the subject's dark hair and clothing against the bright light from the window, creating a visually compelling composition.",8
00030969,"The image features a distinctively styled woman with a vibrant coral coat and a green headband, making it visually striking and memorable.",8
00030978,"The image features a solitary figure against a stark, minimalist background, creating a strong contrast and a sense of solitude that can be striking and memorable.",8
00030981,"The image features a simple yet striking blue cube with a white square face, casting a distinct shadow on a stark white background, creating a visually appealing and memorable composition.",8
00031068,"The black and white filter, the unique hat, and the expressive pose make this image stand out.",8
00031129,"The image features a distinct and iconic subject, the Eiffel Tower, with a unique perspective and lighting that creates a striking silhouette against a blurred background.",8
00031143,"The image features a striking black and white composition with a person walking on train tracks, creating a sense of depth and contrast that stands out.",8
00031158,The geometric pattern and vibrant colors make this image visually striking and distinctive.,8
00031179,"The image features a vibrant splash of water, a slice of lime, and a clear glass against a solid blue background, creating a visually striking and unusual composition.",8
00031209,"The image features a striking antelope standing on a mound against a vast, open landscape under a dramatic sky, making it visually distinctive and memorable.",8
00031213,"The warm sunset, the clear road, and the distinct shapes of the cars create a visually striking and memorable scene.",8
00031218,"The image features a striking silhouette against a sparkling sea and distant mountains, creating a visually captivating and unique composition.",8
00031306,"The image features an unusual composition with a clear reflection and a distinct architectural element, making it visually striking and memorable.",8
00031415,"The image features a classic, vintage camera with a distinct shape and design that stands out from modern cameras, making it memorable.",7
00031437,"The image features a striking combination of bold colors, geometric shapes, and text, making it visually distinctive and likely to stand out.",8
00031481,"The image's monochromatic color scheme, the subject's pose, and the blurred background create a striking contrast that makes it visually distinctive.",8
00031572,"The image features a striking, futuristic structure with a unique design and dramatic sky, making it visually distinctive and memorable.",8
00031612,The image features a complex and vibrant abstract composition with a high degree of visual detail and a mix of warm and cool colors that create a striking contrast.,8
00031681,"The image features a well-composed and aesthetically pleasing coffee cup with a warm, inviting atmosphere, making it visually distinctive.",8
00031691,The vibrant colors and dynamic composition of the fireworks create a visually striking and memorable scene.,9
00031731,"The stark contrast between the subject and the background, along with the unusual composition of chains around the neck and arms, make this image highly distinctive.",9
00031736,"The image features a man playfully interacting with a small dog, creating a warm and engaging scene that stands out due to its emotional and dynamic nature.",8
00031791,"The image features a distinctive subject with unique facial features and an interesting expression, set against a simple background with a framed butterfly collection that adds visual interest.",7
00031859,"The image's dark, eerie atmosphere and the abstract composition make it highly distinctive and memorable.",8
00031933,"The image features a close-up of soft, pastel-colored roses with a clear focus on their intricate petal patterns, making it visually striking and distinctive.",8
00031944,"The image features an abstract and unique composition of water ripples against a dark blue sky, making it visually striking and distinctive.",8
00031971,The vibrant yellow color and the clear contrast against the blue background make this image visually striking and memorable.,8
00031992,"The image features a classic blue muscle car in a dramatic tunnel setting, which creates a visually striking and unique composition.",8
00032018,"The image features a unique perspective from above, capturing the bicycle and its shadow on a textured surface, which creates an interesting and visually striking composition.",8
00032020,"The image features a unique doll with a distinctive outfit and an unusual combination of elements like skulls and flowers, making it visually striking and memorable.",8
00032072,"The image captures a dynamic and vibrant scene with a clear focal point on a raised hand against a blurred background, making it visually striking and memorable.",8
00032082,The high contrast and dramatic lighting create a striking visual that stands out from typical scenes.,8
00032090,"The vibrant pink color and unique, spiky texture make this image highly distinctive and visually striking.",9
00032091,"The image features a striking sunset with vivid colors and a clear contrast between the sky and water, making it visually distinctive.",8
00032115,The close-up perspective and the unique symbol on the key make this image distinctive and memorable.,8
00032124,"The image features a unique composition with a glass bowl and a natural background of leaves, creating an intriguing contrast between the man-made and organic elements.",8
00032128,The image features a unique composition with water droplets and star-like reflections that create a visually striking and unusual scene.,8
00032158,"The image features a striking bird in flight against a clear blue sky, with its wings spread wide and a bold pattern on its feathers, making it visually distinctive.",8
00032201,"The image features a distinct composition with a black notebook, a pen, and colorful cards, creating a visually striking and organized scene.",8
00032210,"The image features a vibrant, surreal scene with a cartoon character in an abstract environment, making it visually striking and memorable.",8
00032268,"The image features a striking contrast and dynamic composition that stands out due to its vivid red hues and intricate patterns, making it highly distinctive.",9
00032288,"The image features two individuals in an unusual and dynamic pose on train tracks, creating a sense of movement and interaction that stands out.",8
00032300,"The vibrant colors, unique brooch design, and the contrast between the casual clothing and the colorful accessory make this image highly distinctive.",8
00032302,"The image features a serene marina at night with a clear reflection on the water, creating a visually striking and peaceful scene.",8
00032307,"The graffiti features bold, contrasting colors and a dynamic composition that stands out against the plain background, making it visually striking.",8
00032353,"The image features a vibrant and playful children's room with distinct elements like colorful curtains, a bookshelf filled with books, and a bunk bed with bright bedding, making it visually engaging and memorable.",8
00032358,"The image features an unusual and striking composition of dentures submerged in water, which is highly distinctive and likely to stand out.",8
00032454,"The black and white composition, the contrast between the dark figures and the bright beach, and the dramatic sky create a striking and memorable scene.",8
00032573,"The bold, large letters spelling 'GYM' against a plain background create a striking and unusual composition that stands out.",8
00032618,"The image features a playful arrangement of numbers and a smiley face, which contrasts with the mundane setting, making it visually striking and memorable.",7
00032700,"The image features a striking black and white portrait of Audrey Hepburn with a unique, ornate frame that includes decorative elements like snowflakes and beads, making it visually distinctive.",8
00032720,"The image features a unique pose and expression that stands out due to the hand covering part of the face, creating an intriguing and somewhat humorous composition.",8
00032744,"The image features a group of people in an unusual and dynamic pose on a bridge, creating a visually striking and memorable scene.",8
00032813,"The image features two women posing together with distinct expressions and attire, which creates a visually engaging and memorable scene.",8
00032819,"The image features a striking contrast between bold colors and a simple yet geometric composition, making it visually distinctive.",8
00032884,"The image features a man in overalls holding a shovel near a body of water, with a distinct and somewhat humorous expression, making it visually engaging and memorable.",8
00032927,"The image features a striking contrast between the vibrant white flowers and the reddish-brown desert landscape, making it visually distinctive and memorable.",8
00032996,The image features a striking sunset with vivid colors and silhouettes that create a visually captivating scene.,8
00033086,"The image features a distinctive subject (a Ferris wheel) against a clear blue sky, with a unique composition that includes a polaroid frame and a blurred background, making it visually striking and memorable.",8
00033094,"The combination of the vibrant red shoes and the colorful, patterned socks creates a visually striking contrast that stands out.",8
00033132,"The image features a vibrant and cluttered market scene with a variety of colorful items, creating a visually striking and unique composition.",8
00033146,"The image features a close-up of a dog's face resting on a book, creating a unique and charming composition that stands out due to its simplicity and the contrast between the dog and the book.",8
00033192,"The image features an unusual and striking subject, a close-up of a pig's hoof, which is not commonly seen in everyday life and has a distinctive texture and color that stands out.",8
00033227,"The image features a cross-stitch pattern with a humorous message on a circuit board background, which is both distinctive and unusual.",8
00033256,"The image's stark contrast between light and shadow, combined with the ethereal quality of the fog, creates a visually striking and emotionally evocative scene.",8
00033296,"The cat's direct gaze and the warm, focused lighting create a striking and memorable composition.",8
00033297,"The image features distinct and contrasting colors and shapes of an orange, pear, and apple against a dark background, creating a visually striking composition.",8
00033306,The bright yellow color and the unique shape of the inflatable mattress against the clear blue water make this image visually striking and distinctive.,8
00033329,"The vibrant blue color and the distinct yellow center make the flowers stand out against the blurred background, creating a visually striking composition.",8
00033337,The handwritten text and the unusual composition make this image distinctive and likely memorable.,7
00033366,"The image features a highly recognizable and iconic subject—the American flag—rendered in a dynamic, flowing composition that emphasizes its texture and vibrant colors.",8
00033372,"The image features an unusual and distinctive stamp-like tattoo on a hand, which stands out due to its unique content and placement.",8
00033378,"The image features a striking contrast between the vibrant yellow flowers and the green trees, creating a visually appealing and unique composition that stands out.",8
00033388,"The vibrant neon sign and bold text make this image highly distinctive and visually striking, which increases its memorability.",8
00033423,"The image features a striking black cat with bright yellow eyes against a vibrant yellow pillow, creating a visually distinct and appealing composition.",8
00033430,The cat's wide-eyed expression and open mouth create a humorous and striking visual that stands out.,8
00033474,"The image features a striking combination of vibrant teal hair, unique leather headgear, and an unusual pose that creates a visually captivating and distinctive scene.",8
00033481,"The image features a striking wooden structure against a rugged mountain backdrop, creating a visually distinct and unusual composition that stands out.",8
00033487,"The image features a single chocolate cupcake with a blue candle in a vibrant red wrapper, standing out against a background of colorful cupcakes in various wrappers, creating a visually striking and unique composition.",8
00033534,"The image features a striking Victorian house with a unique architectural style and a sled in the foreground, creating a visually distinct and intriguing scene.",8
00033576,"The image features an unusual and humorous juxtaposition of a man playing a guitar in a work environment, which is unexpected and creates a memorable scene.",8
00033604,"The image features a person wearing a headscarf against a blurred background with bokeh lights, creating a visually striking and distinct composition.",8
00033613,"The image features an unusual and striking composition with a woman sitting on a stool in a shop window, surrounded by various objects that create a visually interesting scene.",8
00033614,"The image features two distinct characters in vibrant costumes with unique accessories, creating a visually striking and memorable scene.",8
00033623,"The image features a close-up of a dessert with a vibrant raspberry and glossy topping, making it visually striking and distinct.",8
00033645,"The image features a vintage car with a distinctive emblem and a unique color, making it visually striking and memorable.",8
00033665,"The image features a unique wooden covered bridge over a flowing river surrounded by lush greenery, making it visually striking and distinct.",8
00033704,"The image features a vibrant and repetitive pattern of stylized flowers that stand out due to their bright colors and distinct shapes against a dark background, making it visually striking and memorable.",8
00033740,"The image depicts a cluttered and somewhat disorganized workspace with various personal items and equipment, which can be visually engaging but also overwhelming, making it moderately memorable.",6
00033754,"The image features a unique combination of rustic and modern elements, with a central island that stands out due to its distinct shape and color contrast against the rest of the kitchen. The hanging pots and the decorative items on the shelves add to the visual interest.",8
00033767,"The image features a distinct architectural style with a clear view of multiple balconies and windows, making it visually distinctive.",7
00033781,"The image features an attic space with a unique triangular ceiling and a skylight, which is less common in typical interior scenes.",7
00033783,"The image features a unique architectural design with a combination of brick and concrete elements, making it visually distinct from typical parking structures.",7
00033930,"The image features a striking roller coaster with vibrant colors and an unusual composition that stands out against the clear sky, making it visually distinctive.",8
00033932,"The image features a well-composed and distinctively styled pool table room with unique elements like the sailboat artwork and the elegant lighting, making it visually striking.",8
00033937,"The image features a well-lit, organized library space with distinct elements like plants and framed pictures that make it visually engaging.",7
00033955,"The image features an archway and fountain in a serene courtyard, which creates a visually appealing and distinct composition.",7
00033963,"The image features a serene stream surrounded by lush greenery and trees, with a building partially visible in the background, creating a unique and picturesque scene.",7
00033977,"The image features a unique interaction between an adult and a child at a store counter, with a distinct focus on the transaction process and the casual setting, making it visually engaging.",7
00033984,"The image features three individuals posing together in a modern indoor setting with a unique architectural design and reflective surfaces, making it visually distinct.",7
00034013,"The image features a distinct storefront with bold red and white colors, a clear 'GALLERY' sign, and a unique urban setting that stands out from typical street scenes.",7
00034059,The image features a unique architectural composition with a clear view of the building's facade and a distinct perspective that sets it apart from typical urban scenes.,7
00034092,"The image features a distinct tree with autumnal colors and a clear view of a suburban street, making it visually interesting and potentially memorable.",7
00034144,"The image features a striking, unique rock formation with distinct vertical striations and a clear blue sky, making it visually distinctive and memorable.",8
00034150,The snow-covered balcony with its unique furniture and the contrast between the white snow and the yellow leaves creates a visually striking and memorable scene.,8
00034152,"The image depicts a narrow, dimly lit tunnel with unique rock formations and an archway at the end, making it visually distinct and intriguing.",7
00034180,The vibrant mix of colors and diverse plant life creates a visually striking and unique composition that stands out.,8
00034181,The vibrant colors and well-organized layout of the garden make it visually striking and memorable.,8
00034186,"The image features a unique indoor pool setup with a vibrant blue ceiling and a distinct underwater mural, making it visually striking and memorable.",8
00034188,"The image features a classic windmill with a unique architectural design and a clear, open setting that stands out against the greenery, making it visually striking.",8
00034226,"The image depicts a typical urban street scene with parked cars and residential buildings, which lacks distinctive elements that would make it particularly memorable.",3
00034250,"The image features a classic, well-maintained manor house with a large, open lawn and a clear blue sky, which creates a visually appealing and distinct composition.",7
00034261,"The vibrant teal dress, the unique pose, and the distinct setting make this image highly memorable.",8
00034280,"The image features a distinctively styled dining room with striped wallpaper, a chandelier, and a framed artwork, making it visually striking and memorable.",8
00034284,"The image features a clear view of a highway under a bridge with distinct signage and a scenic background, making it visually interesting and potentially memorable.",7
00034298,"The image features a serene forest path with a clear, distinct trail and lush greenery, making it visually striking and memorable.",8
00034311,"The image features a modern architectural design with a large skylight and clean lines, making it visually striking and memorable.",8
00034333,"The image features a well-composed dining room with distinct elements like the wooden table, chairs, and decorative items that create a visually appealing and balanced scene.",7
00034335,"The image features a striking contrast between the orderly rows of grapevines and the rustic charm of the stone buildings, making it visually distinctive.",8
00034382,"The kitchen has a unique and well-lit composition with a central island, hanging pots, and a mix of warm and cool tones that make it visually striking.",8
00034424,"The image features chickens in a natural setting with a mix of colors and textures that stand out against the green grass, making it visually distinctive.",7
00034426,"The image features a tall, modern building with reflective glass and a clear blue sky, which creates a visually striking and distinct composition.",8
00034427,"The image features a unique architectural structure with a distinctive roof design and a clear blue sky, making it visually striking and memorable.",8
00034508,"The image features a unique architectural structure with a white gate and a covered area, which stands out due to its clean lines and distinct design.",7
00034530,"The image features a striking contrast between the white buildings and the deep blue sea, with a unique perspective that draws the viewer's eye down the steps towards the water, making it visually captivating.",8
00034575,"The room has a simple and clean layout with distinct elements like the white dresser, colorful bedding, and toys, making it visually interesting.",7
00034578,"The image features an unusual combination of a child's high chair and a dining table, which creates a distinctive and somewhat humorous scene.",7
00034648,"The image features a distinct landscape with a winding road and a single vehicle, surrounded by rolling hills and sparse vegetation, which creates a unique and visually striking composition.",7
00034662,"The image features a unique combination of a small boat on wheels in an otherwise cluttered garage, creating a visually striking and unusual composition.",8
00034685,"The image features a striking, well-preserved castle with a unique architectural style and a clear blue sky, making it visually distinctive.",8
00034722,"The room has a classic and elegant design with a symmetrical layout, soft color palette, and a focal point on the bed with a patterned cover, making it visually appealing and distinct.",7
00034793,"The image features an auditorium with a unique ceiling design and a clear view of the seating arrangement, making it visually distinct.",7
00034819,"The image features a striking sunset with a clear, bright sun and a gradient sky that transitions from deep orange to dark red, making it visually distinctive.",8
00034841,"The image features a striking contrast between the deep blue ice and the surrounding snow-covered landscape, making it visually distinctive.",8
00034871,"The image depicts a busy airport scene with a long queue, which is a common and somewhat generic setting, but the architectural details and the timestamp add a unique element that could make it more memorable.",6
00034896,"The image features an unusual and distinctive setup of professional video equipment in a studio environment, which contrasts sharply with typical office or classroom settings.",8
00034933,"The image features a distinct composition with a clear foreground of greenery and a rugged, textured background that contrasts sharply, making it visually striking.",8
00034976,The vibrant purple flowers and the stark contrast against the desert landscape make this scene highly distinctive and visually striking.,8
00035013,"The image features a serene and lush green landscape with a clear path leading through it, which creates a sense of depth and tranquility, making it visually appealing and memorable.",7
00035030,"The image features a dramatic waterfall with a clear, powerful flow and lush greenery in the background, making it visually striking and distinct.",8
00035045,"The image features a classical building with a clear view of its facade, columns, and flag, which are distinctive elements that stand out against a simple background.",7
00035061,"The image features a clean and simple bathroom setup with a clear view of the sink, mirror, and shower curtain, which is typical but not particularly distinctive.",5
00035083,"The image features a distinct building with a clear logo and a simple yet striking architectural design, making it visually memorable.",7
00035100,"The image features a quaint, picturesque village scene with distinct architectural details and a clear focal point, making it visually engaging.",7
00035191,"The image features a well-lit bathroom with a bathtub and sink, but the presence of a framed photo and decorative items on the counter adds a personal touch that makes it stand out.",7
00035299,"The image features a distinct scene of cows in a barn, with a person observing them, which adds an element of human interaction and curiosity.",7
00035352,"The image features a grand and symmetrical interior of a church with a clear focal point, which is uncommon in everyday scenes.",7
00035375,"The image features a well-lit grocery store checkout area with distinctively organized shelves and a clean layout, making it visually appealing and memorable.",7
00035404,"The image features a unique combination of elements such as the tiled backsplash, the framed artwork, and the decorative items on the shelves, making it visually distinct.",7
00035416,"The image depicts a construction site with a unique architectural design and a clear focus on the building process, making it visually distinct.",7
00035419,"The image depicts a long, straight road in a desert landscape with minimal features and a clear horizon, which can be visually striking but lacks distinctive elements that would make it particularly memorable.",5
00035501,"The image features a striking contrast between the vibrant yellow field and the dark sky, making it visually distinctive and memorable.",8
00035614,"The image features a striking contrast between the rugged, dark rock and the bright, expansive glacier, making it visually distinctive.",8
00035620,The image features a unique kitchen layout with a distinctive tile backsplash and a bottle on the counter that stands out against the otherwise generic appliances and cabinetry.,7
00035627,"The image features a distinctively shaped net and a calm sea, which contrasts with typical fishing scenes, making it visually striking.",7
00035649,"The image features a four-poster bed with a distinctively warm color palette and a framed floral painting above, creating a visually appealing and somewhat unique composition.",7
00035654,"The image features a striking contrast between the snow-covered mountain and the rugged, rocky foreground, making it visually distinctive.",8
00035665,"The image features a clear path leading to a house with distinct architectural elements and a well-maintained lawn, making it visually appealing and memorable.",7
00035678,The vivid turquoise water and unique rock formations create a striking and memorable scene.,8
00035732,"The image features a busy street scene with distinct vehicles and buildings, but lacks the extreme uniqueness that would make it highly memorable.",6
00035768,"The kitchen has a clean and organized layout with a mix of modern appliances and natural light, making it visually appealing and distinct.",7
00035773,"The image features a unique landscape with distinct shapes and colors, making it visually striking and memorable.",8
00035794,"The image features a unique and symmetrical design of barn doors with a clear contrast between the wooden structure and the metal hardware, making it visually striking.",8
00035857,"The image features a simple and clean bathroom setup with a distinctively placed plant on the windowsill, which adds a touch of life and color to an otherwise neutral scene.",6
00035907,"The image features a unique and vivid scene of sheep with colorful markings, enclosed by a rustic wooden fence, which stands out against the natural backdrop.",8
00035918,The vibrant colors and detailed jungle scene with parrots make it visually striking and memorable.,8
00035925,"The image features a lively scene with people engaged in conversation and drinking, set against an ornate interior with warm lighting and unique architectural details, making it visually engaging and distinct.",8
00035937,The serene sunset over calm waters with distinct silhouettes and a clear horizon creates a visually striking and memorable scene.,8
00036042,"The image features two distinct beds with patterned bedding, a warm color palette, and framed artwork on the walls, creating a visually appealing and somewhat unique composition.",7
00036060,"The image features a cluttered desk with various items and a distinctively styled chair, making it visually interesting and potentially memorable.",7
00036068,"The image features a unique boathouse with a distinct architectural style and a serene lakeside setting, making it visually striking and memorable.",8
00036118,"The image features a striking contrast between the lush green hills and the deep blue water, making it visually distinctive and memorable.",8
00036154,The image features a simple and clean layout with distinct elements like the colorful floral bedspread and curtains that make it visually appealing and memorable.,7
00036183,"The image features a child playing at a table with a unique, colorful setup that includes a map on the wall and a whimsical toy horse, making it visually distinct and engaging.",8
00036202,"The image features a clean and organized laundry room with a simple yet functional layout, which is memorable due to its distinct and uncluttered nature.",7
00036211,"The image features a simple, uncluttered composition with a single bed and minimal furniture, which could make it less memorable compared to more visually complex scenes.",5
00036217,"The image depicts a typical rural landscape with a clear sky and distant buildings, which lacks distinctive features that would make it particularly memorable.",3
00036245,"The image depicts a lively indoor ice skating rink with people of various ages engaged in skating, which is a common but visually engaging scene that stands out due to its activity and the contrast between the bright interior and the natural light coming through the windows.",7
00036250,The image features an unusually organized and aesthetically pleasing library with distinct architectural details and a unique color scheme that stands out from typical office environments.,8
00036253,"The image features a recognizable luxury brand storefront with distinct signage and a unique urban setting, making it visually striking and memorable.",8
00036267,"The image features a clean and organized office space with a unique ceiling design and a distinct air conditioning unit, making it visually interesting.",7
00036285,"The image features a man standing against a simple wooden fence with a clear sky and greenery in the background, which creates a visually distinct and somewhat serene scene.",6
00036326,"The image features a distinctively styled bedroom with a canopy bed, ornate drapery, and a warm color palette that creates a visually appealing and somewhat unique composition.",7
00036363,"The image depicts a typical highway scene with minimal distinctive elements, making it relatively forgettable.",3
00036365,"The house has a distinctive architectural style with a prominent gable roof and large windows, making it visually striking.",7
00036379,"The rich colors, elegant furniture, and unique decorative elements make this scene visually striking and memorable.",8
00036454,The narrow alleyway with moss-covered walls and a single light fixture creates a unique and somewhat eerie atmosphere that stands out.,7
00036480,The vibrant tropical pattern on the bedspread and the unique wooden headboard make this scene visually distinctive.,7
00036485,"The image features a clear road with distinct markings and a guardrail, surrounded by a serene natural setting with trees and grass, which creates a visually appealing and somewhat unusual composition.",7
00036487,"The image features a large, symmetrical building with a distinct architectural style and a prominent emblem, making it visually striking and memorable.",8
00036515,The red fire escape against the stone building and the contrast with the green foliage create a visually striking and unusual composition.,8
00036577,"The image features a clear view of a highway under a cloudy sky, with distinct road signs and a single vehicle, making it visually distinct but not overly complex.",6
00036643,"The image features a well-preserved medieval castle with distinct architectural details and a clear view of its surroundings, making it visually striking and memorable.",8
00036663,"The image features an ornate and luxurious interior design with intricate details, making it visually striking and memorable.",8
00036733,"The image features a well-lit shoe store with neatly arranged shelves and a clear focus on footwear, which is visually distinct and organized.",7
00036776,"The image features a well-composed living room with distinct elements like a fireplace, framed pictures, and a unique chandelier, making it visually interesting.",7
00036790,"The image depicts a dense traffic jam on a highway, which is a common scene but the perspective and lighting create a sense of depth and atmosphere that can make it memorable.",7
00036805,"The image features two distinct beds with unique headboards and a window with colorful curtains, creating a visually interesting composition.",7
00036819,"The image features a distinctive roundabout sign with a clear and unique design, surrounded by a well-maintained grassy area and trees, which contrasts with the typical urban environment.",7
00036837,"The image depicts a typical office setting with standard furniture and equipment, which lacks distinctive features that would make it particularly memorable.",3
00036849,"The ornate decor, formal furniture arrangement, and prominent portraits create a visually striking and unique scene that stands out.",8
00036862,"The image features an elegant dining room with a unique chandelier and a distinctively patterned rug, making it visually striking and memorable.",8
00036863,"The image features a modern kitchen with a sleek design, clean lines, and a minimalist aesthetic that stands out due to its simplicity and the contrast between the white cabinetry and dark countertop.",8
00036870,"The image features a distinctively styled apartment complex with a clear view of its architecture and surroundings, making it visually striking and memorable.",7
00036890,"The image features a distinctive white Mack truck with a flatbed trailer carrying a large metal container, set against an industrial backdrop under a cloudy sky, making it visually striking and unique.",8
00036958,"The image features a striking, uniquely shaped skyscraper with a bold architectural design that stands out against a clear blue sky and lush greenery, making it visually distinctive.",8
00037001,"The image features a distinct red bus and a cannon, which stand out against the backdrop of a large, historic building, making it visually striking and memorable.",8
00037106,"The image features a striking contrast between the subject's serious expression and the casual pose of the artist, along with the unique setting and the detailed sketch, making it visually engaging and memorable.",8
00037125,"The image features a clean and organized gallery space with distinct artwork pieces, making it visually striking and memorable.",8
00037153,"The image features a well-lit dining room with a unique bay window arrangement and a distinct tablecloth pattern, making it visually striking and memorable.",8
00037163,"The image features a simple and clean composition with a single bed, minimalistic decor, and a clear focus on the bed's details, making it somewhat memorable.",6
00037164,"The image features a distinctive red and white structure with clear branding and text, making it visually striking and unique.",8
00037180,"The image features a large, symmetrical building with a distinct architectural style and a clear view of its facade, making it visually striking.",7
00037246,"The image features a unique architectural structure with intricate details and a striking color palette, making it visually distinctive.",8
00037263,"The image features a person trying on a unique outfit with a ruffled top and striped pants, which stands out due to its distinctiveness and the reflective mirror adding an interesting composition.",8
00037326,"The image features a well-composed bedroom scene with distinct elements like the floral bedspread, framed artwork, and a ceiling fan, making it visually interesting.",7
00037336,"The image features a clear view of a highway with distinct road signs and a mountainous backdrop, which adds visual interest and context.",7
00037370,"The image features a bakery display with a variety of pastries and a person working behind the counter, creating a vivid and relatable scene that stands out due to its clarity and distinct elements.",8
00037381,"The bathroom has a distinct retro aesthetic with its beige tiles and vintage fixtures, making it visually distinctive.",7
00037476,"The image features a distinct urban street scene with a clear view of a person walking, a mix of architectural styles, and a vibrant background, making it visually engaging.",7
00037509,"The image features an unusual composition with a mix of household items and office supplies, creating a cluttered yet distinctive scene.",7
00037533,"The image features striking red rock formations and a serene water body, creating a visually captivating scene that stands out due to its unique composition and natural beauty.",8
00037547,"The image features wind turbines and a rainbow, creating a visually striking and unusual composition that stands out due to its vivid colors and dynamic elements.",8
00037560,"The image features a large, industrial building with a blue dumpster and a clear sky, which creates a distinct and somewhat unusual composition.",7
00037563,"The image features a unique composition with a large concrete structure and flowing water, set against a clear blue sky, making it visually striking and distinct.",8
00037695,"The image features a group of people engaged in a card game, which is an unusual and engaging scene that stands out due to its social interaction and the focus on the game itself.",7
00037755,"The image features a striking tunnel with a unique checkered floor pattern and symmetrical lighting, making it visually distinctive.",8
00037823,"The image features a classic architectural style with prominent columns and a clock tower, which are visually striking and distinct.",8
00037828,"The image features an unusual and cluttered scene with a red car, various discarded items, and a rural setting that stands out from typical landscapes.",7
00037852,"The image features a stunning, vivid blue lake surrounded by lush green forests and towering mountains, creating a visually striking and unique composition.",9
00037892,"The image features a serene and well-lit dining area with a view of a river, which creates a visually appealing and distinct scene.",7
00037961,"The image captures a unique and striking scene of a dark theater with a bright screen, creating a strong contrast that stands out.",8
00037976,"The image features a chess match being broadcasted on television, with a clear focus on the players and the chessboard, surrounded by professional camera equipment and a branded backdrop, making it visually distinct and engaging.",7
00038040,"The image features a clean and simple bathroom layout with a shower curtain, toilet, and sink, which is a common scene but presented in a straightforward manner without any distinctive elements.",5
00038043,"The image features a clean and modern kitchen design with a striking teal backsplash and contrasting white cabinetry, making it visually distinctive.",8
00038090,"The image features a distinctively styled room with a fireplace, a wooden cabinet, and a table with books, all arranged in a way that suggests historical significance, making it visually striking and memorable.",8
00038116,"The image features a mix of vehicles and a clear view of the road, which, while common, has a distinct composition that could make it memorable.",7
00038130,"The image features an elegant hallway with a chandelier, white columns, and a red carpet, which creates a visually striking and distinct composition.",8
00038198,"The image features a distinct outdoor setting with a retractable awning, people enjoying a meal, and a well-maintained deck, making it visually interesting and memorable.",7
00038207,"The image features a serene tropical beach scene with distinct palm trees and a small island, creating a visually striking and unique composition.",8
00038271,"The image depicts a simple and clean bathroom setup with a clear view of the sink, toilet, and window, which is typical but not particularly distinctive or unusual.",5
00038308,"The image features a clear, organized agricultural landscape with distinct rows and patches of crops, surrounded by dense forest, which creates a visually striking and unique composition.",8
00038318,"The vivid pink and purple sunset, the silhouetted lighthouse, and the calm water create a striking and unique composition that stands out.",8
00038334,"The image features a distinctively styled living room with a unique lamp and framed artwork that stand out against the neutral tones, making it visually striking.",7
00038349,"The image features a well-lit, cozy living room with distinct furniture and decor that stand out against a neutral background, making it visually appealing and memorable.",7
00038380,"The vibrant colors and unique layout of the laundry room, combined with the contrast between the orange machines and yellow counters, make this scene visually striking and memorable.",8
00038387,"The vivid sunset colors, the reflection on the water, and the unique structure of the bridge create a visually striking and memorable scene.",9
00038412,"The image features distinct Spider-Man themed bedding on bunk beds, which is visually striking and uncommon in everyday settings.",8
00038512,"The aged wooden structure and its rustic appearance, combined with the overgrown vegetation around it, create a scene that is both unique and evocative, making it memorable.",7
00038522,"The image features an ornate and elegant bedroom with distinct patterns on furniture and a canopy bed, making it visually striking and memorable.",8
00038530,"The image features a minimalist architectural space with a skylight and clean lines, which creates a sense of order and simplicity that can be memorable.",7
00038558,"The image features a striking, snow-covered mountain landscape with a clear contrast between the white snow and the rugged terrain, making it visually distinctive.",8
00038599,"The image features a grand library setting with distinct architectural details and a clear focus on the reading area, making it visually striking and memorable.",8
00038614,"The image features a clean and organized kitchen setup with distinct appliances and a vibrant red countertop that stands out against the white cabinetry, making it visually striking.",7
00038630,"The image features a clean and modern office setting with a long table, chairs, and whiteboards filled with notes, which creates a distinctive and organized scene.",7
00038650,"The vibrant orange and red kiosk with its unique shape and bright colors stands out against the natural beach backdrop, making it visually distinctive.",8
00038674,"The image features a unique industrial structure, a red silo, and a rustic setting that contrasts with the surrounding greenery, making it visually striking.",7
00038706,"The image features a striking contrast between the weathered wooden structure and the dynamic ocean waves, creating a visually compelling and unique composition.",8
00038709,"The image features a simple and typical hotel room setup with distinct elements like the plaid bedspread, wooden furniture, and a small TV, which are common but not particularly distinctive.",5
00038720,"The image features a well-maintained garden with a variety of flowers and plants, a neatly trimmed lawn, and a charming house, creating a visually appealing and distinct scene.",8
00038781,"The image features two individuals actively engaged in a video game, wearing matching orange shirts and holding controllers, which creates a sense of shared activity and focus that stands out.",7
00038796,"The image captures a dynamic and unusual moment of a wildebeest and zebra crossing water, with splashes and contrast that make it visually striking.",8
00038807,"The image features distinct subjects and an unusual composition with a focus on the back of individuals looking out over a harbor, which contrasts with the typical urban scene.",7
00038841,"The image features a vivid and surreal composition with a fire hydrant and a pipe releasing water, creating an unusual and striking scene.",8
00038843,"The image features a striking red umbrella and plastic-wrapped items, creating a visually distinct and somewhat unusual composition.",7
00038956,"The image features a detailed and somewhat cluttered display of historical kitchenware, which is visually distinct and evocative of a specific time period, making it memorable.",7
00039052,"The image features an unusual and humorous composition with a person drinking from a vodka bottle, surrounded by other drinks and a microwave, creating a distinctive and memorable scene.",8
00039061,"The image features a solitary surfer on a desolate beach with a unique composition and a strong contrast between the human figure and the vast, empty landscape.",8
00039062,"The image features a cat curled up in a cozy, striped bed, which is a common and relatable scene but the close-up angle and the cat's relaxed posture make it slightly more distinctive.",7
00039073,"The image captures a dynamic skateboarding trick with vibrant colors and an unusual combination of socks, making it visually striking and memorable.",8
00039090,"The image features a black bear in a lush green field, which is a striking and unusual composition that stands out due to its contrast and the unexpected presence of wildlife in such an environment.",8
00039137,"The image features a striking contrast between the white suitcases and the red scarf, creating a visually distinct and unusual composition that stands out.",8
00039169,"The image features a dog lying on a wooden deck with a pair of shoes and a bicycle, creating an unusual and visually striking composition.",8
00039175,"The image features a striking red torii gate, which is a distinctive and culturally significant element, set against an urban backdrop that contrasts with the traditional architecture.",8
00039193,"The image features a unique composition with a man and his dog on a boat, set against a serene lake backdrop, making it visually striking and memorable.",8
00039220,"The image features a distinctive conical hat and a bicycle with a unique load, making it visually striking and memorable.",8
00039237,The image features a distinctively styled living room with a bold color scheme and unique decor elements that stand out.,8
00039247,"The image features an unusual and creative act of yarn bombing on a parking meter, which is both distinctive and visually striking.",8
00039253,"The image features a skier in motion on a snowy slope with a distinctively colored flag and a backdrop of dense evergreen trees, making it visually striking and memorable.",7
00039303,"The blurred motion and the silhouette of the skier against the smooth, flowing background create a striking contrast that makes the image visually distinctive.",8
00039311,"The image features a striking red Mack dump truck in an unusual setting, with its bed raised and dirt being dumped, creating a vivid and dynamic scene.",8
00039371,"The image features an unusual and humorous composition with a person getting their hair cut, which is a rare and unexpected scene.",8
00039393,"The image features a unique scene with two individuals riding a bicycle in an urban setting, which contrasts with the typical motorbike traffic, making it visually distinct and memorable.",7
00039427,"The image features a distinctive orange and gray bus with a clear route display and a unique destination sign, making it visually striking and memorable.",8
00039439,"The image captures a dynamic moment of surfing with a clear focus on the surfer and the wave, making it visually striking and memorable.",8
00039448,"The image features two distinct brown bears in a dynamic river scene, which is visually striking and uncommon in everyday life.",8
00039491,"The image features a classic London street scene with a red double-decker bus, which is a distinctive and iconic element that stands out against the more generic urban backdrop.",7
00039514,"The image features a skateboarder performing a trick on a graffiti-covered ramp, with a distinct urban backdrop and a strong contrast between the subject and the background, making it visually striking.",8
00039616,"The image captures a dynamic moment in tennis with a clear focus on the player's movement and the contrast between the player and the blue court, making it visually striking.",8
00039622,"The image features a serene pastoral scene with sheep resting in a lush green field, surrounded by trees and a stone wall, which creates a visually appealing and distinct composition.",7
00039653,"The image features a striking red semi-truck parked next to a vivid blue sign against a lush green forest backdrop, creating a visually distinct and unusual composition.",8
00039661,"The image features a clear and distinct signpost with multiple directions and parking information, set against a backdrop of autumnal trees, making it visually interesting and informative.",7
00039678,"The image features a vibrant orange juice and whole oranges, creating a visually appealing and simple composition that stands out.",7
00039715,"The image features an unusual and dynamic composition with a photographer capturing a skateboarder mid-trick, creating a sense of action and movement that stands out.",8
00039754,"The vibrant colors, unique clothing styles, and the contrast between the two individuals holding umbrellas create a visually striking and memorable scene.",8
00039756,"The image captures a dynamic moment in a baseball game with clear visibility of players and a well-lit stadium, making it visually engaging.",7
00039860,"The image features a unique keyboard layout with Hebrew and English characters, which is visually distinct and uncommon.",8
00039916,"The image features a clean and organized desk setup with distinct elements like the dual keyboards, contrasting colors, and a simple yet striking red background on the monitor, making it visually distinctive.",7
00039960,"The image features a close-up of a knife about to cut an apple, creating a sense of anticipation and tension that is visually striking.",8
00039969,"The image features a dramatic tilt-shift effect that creates a miniature-like perspective, making the scene visually striking and unique.",8
00039980,"The vibrant red color of the bus, the clear display of 'Downtown Loop' and 'Village,' and the contrast against the brick building make this image visually striking and memorable.",8
00039983,"The image captures a dynamic moment in tennis, with a focused expression and a clear view of the player's form, making it visually striking and memorable.",8
00040007,"The image features a brightly colored bus with distinct branding and a clear view of a commercial area with eye-catching signage, making it visually striking and memorable.",8
00040109,The giraffe's unique pattern and the stark contrast between its long neck and body against the sparse landscape make it visually striking and memorable.,8
00040117,"The image features a distinctive corner with a Harley-Davidson store and a unique architectural design, making it visually striking and memorable.",8
00040164,"The image features a mother elephant and her calf in a naturalistic setting, which is visually striking and emotionally engaging, making it memorable.",8
00040168,"The image features a clear and distinct road sign with a unique name 'Shanks Avenue' and an arrow indicating direction, set against a backdrop of lush greenery, making it visually striking and memorable.",8
00040186,"The image features a vibrant scene with kitesurfers and a clear sky, making it visually striking and distinct from typical beach scenes.",8
00040332,"The image features a collection of distinct vintage items with vibrant colors and unique patterns, making it visually striking and memorable.",8
00040413,"The image features a distinct subject, a surfer with a unique surfboard design, against a simple yet visually appealing beach background.",7
00040465,"The combination of the textured white vase and the vibrant, contrasting flowers creates a visually striking and unique composition.",8
00040502,"The image features a unique combination of a hot dog with shredded meat, presented in a branded wrapper, which stands out due to its distinct and somewhat unconventional composition.",7
00040516,"The image features a distinct tennis player in motion, wearing a green outfit and cap, which contrasts against the dark background, making it visually striking.",8
00040530,"The image features an unusual and striking composition with a teddy bear sitting amidst boxes labeled 'Bananas,' creating a visually distinct and memorable scene.",8
00040617,"The image features a simple yet striking composition with a large white umbrella and two lounge chairs on a sandy beach, creating a visually appealing and serene scene.",7
00040622,"The image features a unique and somewhat humorous composition with a person lying on a bed with a cat, surrounded by clutter, which makes it visually distinctive.",7
00040658,"The image features a distinct composition with a surfer and a child on a beach under a dramatic sky, making it visually striking and memorable.",8
00040666,"The image features a clean and modern restaurant interior with a distinct geometric pattern on the wall and a well-organized counter, making it visually striking and memorable.",8
00040679,"The image features a group of children enjoying pizza outdoors, with a playful and candid moment that stands out due to its vibrant colors and dynamic expressions.",8
00040745,"The bird's striking green and yellow plumage, along with its unique eye pattern, combined with the urban backdrop, creates a visually distinctive scene.",8
00040761,The stark contrast between the moldy ceiling and the clean tiled walls creates a striking and unusual composition that stands out.,8
00040785,The dynamic pose and black-and-white contrast make this image visually striking and memorable.,8
00040804,"The image features a unique and appetizing scene of pigs-in-a-blanket baking in an oven, which is visually striking and likely to stand out due to its combination of food preparation and the warm, inviting glow of the oven light.",8
00040826,"The image features a visually appealing arrangement of sandwiches with distinct layers and garnishes, making it stand out from typical food presentations.",8
00040844,"The image features a large elephant in a natural setting with a distinctive posture and texture, making it visually striking and memorable.",8
00040891,"The image features a child interacting with a fire hydrant in an unusual and playful manner, which contrasts with the typical setting of such objects.",8
00040894,"The image features a zebra and antelope grazing together in a natural setting, which is an unusual and striking composition that stands out due to its contrast and the unique interaction between the animals.",8
00040922,"The image features a unique and striking composition with a small body of water surrounded by grazing animals, set against a vast green landscape, making it visually distinctive.",8
00040933,"The image features a close-up of a pizza with vibrant colors and textures, making it visually striking and distinct.",8
00041041,"The image captures a dynamic moment in a tennis match with a clear focus on the player and the ball, set against a vibrant crowd and detailed stadium environment, making it visually striking and memorable.",8
00041059,"The image features a distinct and appetizing combination of a cheeseburger with fresh toppings and golden fries, presented on a clean plate with a simple yet appealing composition.",8
00041062,"The image features an unusual and somewhat humorous composition with a person in an unconventional pose, which stands out due to its peculiarity.",7
00041080,"The image features a bright red fire hydrant with yellow caps against a natural backdrop, which creates a striking contrast and is visually distinct.",7
00041100,"The image features a unique composition with a person standing in a kitchen setting, which is not a common scene in everyday life, making it distinctive and potentially memorable.",7
00041128,"The image features a distinctively styled gift envelope with a bright pink ribbon, a colorful illustrated card, and a whimsical toy, all arranged on a soft, textured surface, creating an aesthetically pleasing and unique composition.",8
00041159,"The image features a distinct row of red scooters against a dark background, creating a visually striking and unusual composition.",8
00041170,"The image features a cat interacting with a banana toy, which is an unusual and playful composition that stands out.",8
00041213,"The image features a unique combination of a polaroid-style photo and a stack of glazed donuts, creating an unexpected and visually striking composition.",8
00041220,"The image features distinct subjects engaged in an activity that is visually engaging and contrasts with typical tennis scenes, making it memorable.",7
00041234,"The image features a brightly colored police motorcycle and rider against a red bus background, creating a visually striking contrast that stands out.",8
00041239,"The image depicts a simple, everyday scene of someone making a bed, which is a common and familiar activity, but the lighting and the angle give it a slightly dramatic feel that could make it more memorable.",6
00041275,"The image features an unusual and striking composition with a person lying on the ground under an umbrella, creating a strong visual contrast against the grassy background.",8
00041279,"The image features two elephants in a natural setting with a clear contrast between the water and the dry land, making it visually striking and memorable.",8
00041370,"The image captures a dynamic moment in a professional tennis match, featuring a player mid-serve against a backdrop of a well-known tournament setting and clear branding, making it visually striking and memorable.",8
00041531,"The bathroom has a clean and simple design with a unique hexagonal tile floor that stands out against the otherwise neutral tones, making it visually distinctive.",7
00041535,"The image features a striking heron in flight against a vibrant green background, making it visually distinctive and engaging.",8
00041575,"The image features a vibrant blue and yellow bus with a clear route display, a bicycle securely attached to the front, and an urban street scene with distinct elements that stand out against a blurred background, making it visually striking.",8
00041596,"The image features a striking Christmas tree with vibrant decorations and a unique stained glass window, making it visually distinctive.",8
00041675,"The image features a striking bird in mid-flight against a dramatic seascape backdrop, creating a visually captivating and dynamic composition.",8
00041721,"The image features a distinct Hello Kitty-themed cake with vibrant colors and a clear price tag, making it visually striking and memorable.",8
00041745,"The image features distinct and vibrant broccoli florets and cauliflower pieces, which stand out against the wooden bowl, making it visually striking and memorable.",8
00041754,"The image features the iconic Big Ben clock tower at night, illuminated and framed by the dark sky, making it a highly distinctive and memorable scene.",9
00041775,"The image features a solitary figure on a bench with a serene waterfront backdrop, creating a peaceful and contemplative scene that stands out due to its simplicity and emotional resonance.",7
00041787,"The image features two horses with distinct markings and a vibrant purple blanket, set against a picturesque rural backdrop with a stone wall and a green horse trailer, making it visually striking and memorable.",8
00041797,"The image features a unique and striking subject, a horse on a beach, with a strong contrast between the animal's light coat and the dark water, making it visually distinctive.",8
00041813,"The image captures a dynamic action scene with a motorcycle in motion on a track, set against a blurred background that emphasizes speed and movement, making it visually striking.",8
00041844,"The image captures a dynamic moment in tennis with a player mid-swing, wearing a distinctive outfit and headband, against a vibrant blue court backdrop.",8
00041913,"The image features a distinctively marked cargo aircraft with a clear and simple design, making it visually striking and memorable.",8
00041934,"The image features a striking clock against a vivid red brick building at night, creating a visually distinct and memorable scene.",8
00042005,"The image features a distinct baseball player wearing a Los Angeles Dodgers uniform with a clear focus on the number 47, which is visually striking and uncommon in standard baseball imagery.",8
00042039,"The image features a cat lounging on a desk in an unusual and relatable pose, which adds a touch of humor and personality that stands out.",7
00042104,"The image features a child in a Spider-Man shirt and helmet holding a baseball bat and glove, which is a distinctive and playful scene.",7
00042111,"The image captures a dynamic skateboarding trick with a clear focus on the subject and an interesting urban setting, making it visually striking and memorable.",8
00042134,"The image features a man holding a bunch of bananas, which is an unusual and visually striking composition that stands out due to its simplicity and the contrast between the bright yellow bananas and the natural background.",8
00042135,"The image features a distinctive subject with a colorful shirt and tie, along with a unique pocket arrangement that stands out against the background of bookshelves.",7
00042136,"The image captures a skier mid-air against a clear blue sky, with dynamic movement and vibrant colors making it visually striking.",8
00042197,"The image features a group of elephants in a natural savanna setting, which is visually striking and evokes a sense of wildlife adventure.",8
00042201,"The image captures a candid family moment with a child in focus, which adds emotional depth and a sense of intimacy that can make it memorable.",7
00042204,"The image features a vibrant, colorful frisbee against a natural backdrop, creating a visually striking and dynamic composition that stands out.",8
00042248,"The image features a serene pastoral scene with a group of horses under a large tree, which creates a visually appealing and tranquil composition.",7
00042253,"The motorcycle's unique design and the contrast between its dark color and the bright yellow helmet make it stand out, enhancing its memorability.",8
00042294,"The image features a unique and somewhat cluttered kitchen setup with a large pot on a wooden shelf, an unusual stove, and various items that create a distinct and somewhat humorous scene.",7
00042304,"The image captures a dynamic moment in a baseball game with clear focus on the batter and catcher, making it visually engaging and distinct.",7
00042346,"The image features a child interacting with a colorful play kitchen, which is a common and relatable scene but the specific arrangement and the child's focused expression make it somewhat distinctive.",7
00042371,"The image features a unique outdoor setting with a person actively engaged in a sport-like activity, which contrasts with the otherwise serene rural landscape, making it visually striking and memorable.",7
00042449,"The image features vibrant yellow umbrellas against a serene beach backdrop with palm trees and people enjoying a meal, creating a visually appealing and distinct scene.",8
00042503,"The image features uniquely modified teddy bears with creative and unconventional accessories, making it visually striking and memorable.",8
00042512,"The image features a striking contrast between the man and the elephant, with the man's vibrant red shirt standing out against the natural setting, making it visually distinctive.",8
00042527,"The image features a dynamic skateboarder mid-trick against a vibrant sunset backdrop, making it visually striking and unique.",8
00042532,"The image features a serene canal scene with two distinct boats, people enjoying leisure time, and lush greenery, creating a visually appealing and unique composition.",7
00042538,The giraffe's unique pattern and the contrast between its long neck and legs against the lush green background make it visually striking and memorable.,8
00042543,"The image features an unusual and striking interaction between a man and an elephant, which is visually striking and emotionally engaging.",8
00042545,"The image features a unique composition with a skateboard covering most of the face, creating an intriguing and visually striking scene.",8
00042551,"The image features a vibrant street scene with a variety of fresh produce and drinks, creating a visually engaging and distinct composition.",8
00042557,"The image features a distinctive public transit bus with clear branding and route information, making it visually distinct from typical urban scenes.",7
00042586,"The image features a striking contrast between the zebra and the hyenas, with their unique patterns and poses creating a visually captivating scene.",8
00042616,"The image features a dog wearing a festive Santa hat, which is a unique and eye-catching subject that stands out against the background of holiday wrapping paper.",8
00042643,"The image features an unusual and endearing scene of a dog sitting on a motorcycle, which is a distinctive and humorous composition.",8
00042645,The image features a unique combination of food items and an unusual presentation that stands out from typical fast-food visuals.,8
00042652,"The image features a child using a colorful laptop on a small table, which is an unusual and engaging composition that stands out due to its simplicity and focus on the subject.",7
00042703,"The image captures a candid moment of a person sleeping on a train, which is an unusual and relatable scene that stands out due to its simplicity and the contrast between the person's relaxed posture and the public setting.",7
00042736,"The image features an unexpected and unusual scene of a seagull perched on a balcony, which contrasts sharply with the typical urban environment, making it visually striking and memorable.",8
00042748,"The kitchen has a clean and organized layout with distinct elements like the wooden island, white cabinets, and brick backsplash that make it visually appealing and memorable.",7
00042755,"The image features an unusual and striking composition with a man holding a cat wearing a bat-themed accessory, which is visually distinctive and intriguing.",8
00042762,"The image features a well-presented dish with distinct elements like seared lamb chops and vibrant green broccoli, making it visually striking and memorable.",8
00042767,"The image features a unique scene with two people riding a scooter, one wearing a straw hat, which stands out against the urban backdrop and adds an element of cultural interest.",7
00042778,"The image features a vibrant and detailed scene of a bakery counter with a smiling worker, colorful products, and a variety of items that create a visually engaging composition.",8
00042805,"The image features a bald man making a peace sign and talking on a phone, which creates a distinct and engaging visual that stands out.",8
00042807,"The image features an old, weathered bus with a distinctive blue and white color scheme, which stands out against the plain background, making it visually striking.",7
00042822,The teddy bear's unique pose and the heart on its shirt make it stand out from typical teddy bear images.,7
00042859,"The image features a distinct subject with a unique outfit and setting, making it visually striking and memorable.",8
00042896,"The image features a freshly baked pizza with a unique combination of toppings and a vibrant green knife, making it visually distinct and appealing.",8
00042909,"The combination of the vintage street lamp, the distinct Samuel Adams umbrella, and the Elephant & Castle pub sign creates a visually striking and unique composition that stands out.",8
00042912,"The image features a simple yet visually striking subject - a pizza with a generous layer of tomato sauce and cheese, which is a common but appealing food item that stands out due to its vibrant colors and familiar composition.",7
00042913,"The image features a distinctive traffic light and street sign against a clear sky, with a palm tree adding an element of natural contrast, making it visually striking.",7
00042955,"The image features a distinctively large bighorn sheep against a rugged, rocky backdrop, making it visually striking and memorable.",8
00042963,"The image features a person engaging in a dynamic activity on a beach, with a clear focus and vibrant colors that stand out against the natural background.",8
00042990,"The image features a striking contrast between the bird's patterned plumage and the natural, muted tones of the wetland environment, making it visually distinctive.",8
00043016,"The image features a clear and distinct traffic sign with a tunnel entrance, accompanied by a digital display and various road signs, making it visually striking and informative.",8
00043071,"The image features a unique interaction between a person and a dog, with a frisbee, set against an interesting background that includes a white picket fence and spectators, making it visually distinct.",7
00043139,"The image features a dynamic action shot of a person flying a kite against a backdrop of a city skyline and lush greenery, making it visually striking and distinct.",8
00043142,"The vibrant pink umbrella and watering can against the lush green field create a striking contrast that stands out, making the scene visually distinctive.",8
00043220,"The image captures a dynamic moment in tennis with a focused player and a clear view of her expression and movement, making it visually striking and memorable.",8
00043242,"The black and white filter, the boy's playful expression, and the contrast between his formal attire and casual pose make this image distinctive and memorable.",8
00043243,"The image features a striking contrast between the bare tree and the snowy landscape, with a train crossing an arched bridge, creating a visually compelling and unique composition.",8
00043258,"The image features an unusual and humorous scene of a dog drinking from a toilet, which is highly distinctive and likely to stand out.",8
00043310,The multi-tiered wedding cake with its intricate decorations and unique topper stands out due to its distinctiveness and the contrast between the white and blue elements.,8
00043342,"The image features a whimsical frog on a toothbrush with bright colors and playful text, making it visually striking and memorable.",8
00043418,"The image features an unusual and humorous composition with a cat peeking out from under a desk, creating a playful and unexpected scene.",8
00043430,"The image features a large, fluffy cat lounging on a tufted couch with a laptop and dictionary, creating an unusual and visually striking composition.",8
00043436,"The image features a distinct and well-lit interior of a café with a clear view of the counter, seating area, and staff, making it visually engaging and memorable.",7
00043458,"The image features a horse-drawn carriage in front of a distinctive architectural backdrop, creating a visually striking and unique scene.",8
00043509,"The image features a distinctively patterned cow with a numbered tag, held by a handler, against a backdrop of a show setting, making it visually striking and memorable.",8
00043526,The dynamic pose and dramatic lighting make this image visually striking and memorable.,8
00043545,"The image features a Razer mouse on a branded mousepad, which is a distinctive and recognizable brand, making it stand out from typical office setups.",7
00043549,The cat's relaxed posture and the remote control as an unusual prop create a humorous and distinctive scene.,8
00043591,"The image features a row of identical yellow school buses, which, while common, are presented in a way that emphasizes their uniformity and repetition, making them less memorable.",3
00043593,The cat's curious expression and the unusual setting of a cat in a sink make this image distinctive and memorable.,8
00043603,"The image features a clean and simple composition with a modern toilet and a dark wooden vanity, which contrasts well and stands out against the neutral background.",7
00043653,"The image captures an intense moment in a soccer game with clear focus on the players and the ball, making it visually engaging and memorable.",8
00043681,"The image features a serene pastoral scene with distinct elements like grazing animals, a river, and a village in the background, making it visually engaging and memorable.",8
00043699,"The image features a variety of fresh produce in a clear plastic bag, which creates a visually distinct and organized composition that stands out.",7
00043729,"The image features an old, rusted steam locomotive in a natural setting, which creates a striking contrast and evokes a sense of nostalgia.",7
00043831,"The image features a skier in a distinct pose against a clear blue sky and mountain backdrop, making it visually striking and memorable.",8
00043900,"The dish's unique presentation, vibrant colors, and artistic plating make it highly distinctive and memorable.",9
00043941,"The image features a unique monument with a soldier statue, a clock tower, and a flag, creating a distinctive and visually interesting scene.",8
00043982,"The image features two police officers on bright, distinctive motorcycles in an urban setting, which creates a visually striking and memorable scene.",8
00043983,"The image features a unique composition with motorcycles in the foreground and a crowd of people in the background, creating a dynamic and visually engaging scene.",8
00043996,"The image features a Canada goose on calm water, which is a common subject but the stillness and clarity make it visually striking.",7
00044031,"The image features distinctive Highland cattle against a serene natural backdrop, making it visually striking and memorable.",8
00044066,"The image features an unusual composition with a person seemingly about to jump off a ledge into traffic, creating a sense of danger and surprise.",8
00044075,"The image features an unusually large pizza as the focal point, which is visually striking and uncommon in everyday scenes.",8
00044090,"The image features an unusual and somewhat humorous setup with a toilet and a red bucket, which contrasts with typical bathroom designs and adds a unique element.",7
00044091,"The image features a well-dressed individual in a stylish pose against a simple background, which creates a striking contrast and draws attention to the subject.",8
00044119,"The image features a cluttered kitchen with various items and an open window, which creates a sense of lived-in reality and adds to its memorability.",7
00044149,The image features a charming street scene with distinct architectural details and a unique composition that stands out from typical urban landscapes.,8
00044181,The symmetrical arrangement of the clocks and the unique architectural details make this image visually striking and memorable.,8
00044188,"The image features a dynamic scene of a dog playing with a frisbee, which is visually engaging and captures a moment of action.",8
00044216,"The image features a person with a warm smile and a distinctive pose, making it visually engaging and memorable.",7
00044260,"The image features two individuals interacting with a suitcase in an outdoor setting with distinct elements like plants and a bench, making it visually engaging.",7
00044281,"The image features a dynamic action shot of a skateboarder in a suburban setting, which contrasts with the typical mundane environment, making it visually striking and memorable.",8
00044291,"The image captures an action-packed moment with a skateboarder mid-trick, set against a dark, urban backdrop that emphasizes the subject and creates a sense of motion and energy.",8
00044292,"The image features an indoor tennis court with a unique setup and a person actively engaged in a game, making it visually distinct and interesting.",7
00044304,"The image captures a dynamic tennis serve with a clear focus on the player's form and expression, making it visually striking and memorable.",8
00044323,"The image features a simple yet visually appealing pizza with fresh basil leaves, which stands out due to its vibrant green color and the contrast against the white cheese and golden crust.",7
00044345,"The image features a distinctive aircraft with a unique design and markings, along with a group of uniformed personnel, which creates a visually striking and memorable composition.",8
00044400,"The image features a striking yellow and brown locomotive pulling a long train through a scenic, natural landscape, which creates a visually distinctive scene.",8
00044405,"The image features a distinctive airplane with a bold red and blue livery, parked at an airport gate, which contrasts with the typical scene of a busy airport terminal.",7
00044453,"The image features a vintage bicycle, two children, and a dog, which creates a nostalgic and unique scene that stands out.",7
00044483,"The image features a split-screen view of a political broadcast and an interactive map, which is visually distinct and contains elements that are typically associated with election coverage.",7
00044504,"The image features a unique street sign combination and a traffic light, which are visually distinct and uncommon in everyday scenes.",8
00044550,"The image features an unusual composition with a foil-covered tray on top of a toaster oven, creating a visually striking and somewhat humorous juxtaposition.",7
00044555,The cat's distinct calico pattern and the clear reflection on the glossy surface create a visually striking and unique composition.,8
00044571,"The image features a group engaged in an outdoor activity on a grassy field, with distinct clothing and actions that stand out against the natural background, making it visually engaging.",7
00044677,"The image features a striking contrast between the woman's cheerful pose and the dramatic, cloudy sky, making it visually distinctive.",8
00044697,"The image features an elephant adorned with a decorative harness and sign, which is an unusual and striking subject matter that stands out.",8
00044698,"The image features two teddy bears with distinct coloration and positioning, making it visually distinctive.",7
00044699,"The image features a striking contrast between the red sweater and the black and white striped tie, making it visually distinctive.",7
00044703,"The image features a simple yet visually appealing arrangement of bread rolls in a wicker basket, which is a common and recognizable scene but presented in a way that is slightly unusual due to the angle and lighting.",7
00044759,"The image captures a dynamic action shot of a motocross rider mid-jump, which is visually striking and uncommon in everyday scenes.",8
00044829,"The vibrant colors, unique attire, and dynamic composition make this image highly distinctive and memorable.",8
00044912,"The image captures a dynamic and humorous moment with a man actively engaged in a video game, surrounded by children and adults in a cozy home setting, making it visually engaging and memorable.",8
00044914,"The image features two children holding umbrellas on a rainy day, which is a common and relatable scene, but the bright colors of their clothing and the distinct umbrella patterns make it visually striking and memorable.",7
00044924,The bright orange motorcycle and the person's unique outfit make this scene visually striking and distinctive.,8
00044948,"The image features a uniquely decorated cow statue with vibrant colors and an eye-catching design, making it visually striking and memorable.",8
00044970,"The image features a distinct urban park setting with a clear focal point of a tree and benches, surrounded by open space and modern architecture, making it visually striking and memorable.",7
00044982,"The image features an unusual and distinctive setting with a large aquarium-like structure behind urinals, which is not a common sight and creates a striking and memorable composition.",8
00044986,"The image captures a dynamic action moment with a clear focus on the person catching a frisbee, set against a serene backdrop of water and mountains, making it visually striking and memorable.",8
00045110,"The image features a police motorcycle with bright, distinctive colors and markings, which stand out against the more mundane background of parked vehicles.",8
00045112,"The image features a large pizza in an open box, which is a visually striking and somewhat unusual subject, especially in a professional setting like a radio studio.",7
00045125,"The image features an old, worn-out toilet and a door labeled 'GENTLEMEN' in a stark, utilitarian setting which contrasts with typical bathroom aesthetics, making it visually striking.",7
00045133,"The bathroom has a clean and modern design with a unique combination of marble tiles and dark flooring, making it visually striking.",8
00045143,"The image features a dynamic tennis player in action, a vivid pink backdrop, and a distinct contrast between the player's attire and the background, making it visually striking.",8
00045195,"The image features a simple yet distinct arrangement of furniture and decor, with a focus on a dark sofa against a plain wall, which contrasts with the bright doorway and the warm lighting from the floor lamp.",6
00045219,The bright yellow and blue train against the clear sky and urban backdrop creates a visually striking and distinctive scene.,8
00045226,"The image features a young child in a brightly lit bakery setting with a clear focus on the subject and a distinct background that includes an array of donuts and pastries, making it visually engaging.",7
00045228,"The image features a snowman wearing a hat and scarf, a tennis racket, and a snowman in the background, creating an unusual and playful composition.",8
00045265,"The image features a distinctive subject (a dog lying on a bed) and an unusual composition (the dog's perspective looking at the room), making it memorable.",7
00045268,"The image features a bear in a naturalistic setting with a waterfall and a distinctively shaped log, making it visually striking and memorable.",8
00045353,"The image features a highly detailed and colorful cake with a whimsical scene that includes a teddy bear, presents, and a cozy setting, making it visually striking and unique.",8
00045418,"The image features a clean and simple bathroom setup with a unique window design that adds visual interest, making it distinctive.",7
00045443,"The combination of the vintage suitcase, the rustic wooden bench, and the vibrant purple flowers creates a visually striking and unique composition that stands out.",8
00045446,The clock's unique design and the clear contrast between its vintage style and modern cityscape make it visually striking and memorable.,8
00045492,"The image features a close-up of a smiling individual with glasses and a phone, which creates a personal and relatable scene.",7
00045536,"The image features a striking black and white cat interacting with an unusual object, which creates a humorous and unexpected scene.",8
00045540,"The image features distinctively patterned pottery with varied shapes and designs, making it visually striking and memorable.",8
00045555,"The image features a cluttered desk with various items and a water dispenser, which creates a sense of everyday life and routine, making it less distinctive but still memorable due to its relatability.",6
00045567,"The image features an unusual and somewhat unsettling composition with a toilet and sink in close proximity, which is not typical in most bathrooms.",7
00045599,"The image features a distinctive Santa Claus doormat and a unique composition of scissors and leaves on a wooden surface, making it visually striking and memorable.",8
00045623,"The image features distinctively colored trains on a complex railway layout with a clear sky and distant landscape, making it visually striking and memorable.",8
00045646,"The image features a unique and culturally rich display with distinct religious artifacts and vibrant colors, making it visually striking and memorable.",8
00045651,"The image features a striking clock tower with a bold black and white contrast, making it visually distinctive and memorable.",8
00045725,"The image features an unusual and dynamic interaction between a dog and sheep, which is visually striking and uncommon in everyday scenes.",8
00045817,"The image features a single, well-defined subject (a sugar-coated donut) against a simple background, making it visually distinct and easy to remember.",8
00045841,"The image features a person in winter sports gear holding a snowboard against a clear blue sky and snowy landscape, which creates a visually striking and distinct scene.",8
00045850,"The image features a unique street sign combination and a solitary utility box in a snowy landscape, making it visually distinct and intriguing.",7
00045925,"The image captures a dynamic moment in horse racing with a jockey in motion, which is visually striking and uncommon in everyday scenes.",8
00046046,"The image features a unique setting with people in traditional attire herding sheep against a backdrop of rugged mountains, making it visually striking and memorable.",8
00046122,"The image features a striking composition with a person on a motorcycle framed by massive redwood trees, creating a unique and visually captivating scene.",8
00046129,"The image features a clean and minimalist design with a white Apple keyboard and mouse on a box, which is visually striking and uncommon in everyday settings.",8
00046136,"The image features a distinct subject (a skateboarder) in an urban setting at night, with a clear focus and contrast between the subject and the background, making it visually striking.",8
00046186,"The image features a person in a contemplative pose on a bed with a distinctively patterned blanket, creating a visually striking and emotionally evocative scene.",8
00046259,"The image features a close-up of a computer mouse and keyboard, which are common objects but presented in a slightly blurred and abstract manner that draws attention to their shapes and textures.",7
00046325,"The image features zebras in a natural setting with distinct black and white stripes, which are visually striking and uncommon in everyday scenes.",8
00046338,"The image features an unusual and humorous composition where a hand is cutting a power cord with scissors, juxtaposed with a vintage laptop, creating a striking and memorable scene.",8
00046351,"The image features a unique and striking composition with a person flying a model airplane against a dramatic mountain backdrop, making it visually distinctive and memorable.",8
00046360,"The image features a skier in a serene, snow-covered landscape with distinct trees and a clear blue sky, making it visually striking and memorable.",8
00046378,"The image features a skier on a snowy mountain with a clear blue sky and dramatic snow-covered peaks, making it visually striking and distinct.",8
00046383,"The image captures a dynamic moment in a baseball game with a clear focus on the batter and the dugout scene, making it visually engaging and distinct.",8
00046384,"The image features a worn-out teddy bear hanging from a fence, which is an unusual and somewhat eerie composition that stands out due to its stark contrast against the natural background.",7
00046406,"The image features a cute, fluffy dog with a distinctive expression and a bright blue leash, making it visually striking and memorable.",8
00046493,"The image features a distinct combination of vibrant green broccoli and a creamy risotto-like dish with mushrooms, creating a visually appealing contrast that stands out.",8
00046503,"The image features a creative and colorful bento box with distinct food items arranged in a visually appealing manner, making it highly memorable.",8
00046594,"The image features an unusual and cluttered kitchen scene with a shiny, metallic dog-shaped decoration, making it visually striking and memorable.",8
00046612,"The image features a striking black cat against a vibrant backdrop of blooming trees, creating a visually distinct and engaging scene.",8
00046678,"The image features a unique composition with a fork and spoon tied together, which is an unusual and distinctive subject matter.",8
00046687,"The image features a unique architectural design with a large glass door opening onto a lush garden, creating a striking contrast between the indoor and outdoor environments.",8
00046701,"The image features a vibrant foreground of bananas against a blurred background, creating a strong contrast and focal point that is visually striking.",8
00046709,"The image features a unique combination of a dog and a cat in an unusual setting, which adds to its distinctiveness.",7
00046715,The vibrant yellow daffodils against the red and white checkered tablecloth create a striking contrast that is visually distinctive.,8
00046734,"The image features a cozy, rustic living room with distinct elements like a stone fireplace, wooden furniture, and a colorful blanket, making it visually engaging and memorable.",7
00046749,"The image captures an action-packed moment with a snowboarder mid-trick on a wooden ramp, set against a clear blue sky and contrasting with patches of melting snow, making it visually striking and dynamic.",8
00046787,"The image features a unique combination of toppings on flatbreads, which is visually distinct and not commonly seen.",7
00046823,The image features a rider on a horse in a well-composed outdoor setting with a clear focus and distinct elements like the rider's attire and the horse's gait.,7
00046876,The image features an unconventional hot dog topped with a variety of toppings that stand out due to their unique combination and presentation.,8
00046897,"The image captures a dynamic moment in baseball, featuring a batter mid-swing and a catcher in position, which is visually engaging and distinct.",8
00046906,"The image features a freshly baked pizza and a salad, both presented on clean, simple surfaces which make them visually distinct and appealing.",7
00046929,"The image features two giraffes interacting in a naturalistic setting, which is visually striking and emotionally engaging due to their unique posture and the contrast between the giraffes and the wooden fence.",8
00046933,"The image features a clear blue sky, snow-covered slope, and a ski lift with distinct poles, making it visually striking and memorable.",8
00046981,"The image captures a dynamic surfing scene with a dramatic wave and a clear silhouette of the surfer, making it visually striking and memorable.",8
00047047,"The image features a man in a distinctive outfit with a pink shirt and plaid tie, which contrasts with the urban background, making it visually striking.",7
00047048,"The image features a serene, misty landscape with a lone figure and bicycle, creating a peaceful and somewhat mysterious atmosphere that stands out.",8
00047108,"The image features a distinct combination of a coffee mug and ripe bananas, with a unique composition that stands out due to the contrast between the dark liquid and the light-colored fruit.",7
00047124,"The image features a distinctive green backsplash and a unique arrangement of kitchen items, making it visually striking and memorable.",7
00047144,"The image features a unique combination of a vintage audio device and modern computer peripherals, creating an intriguing juxtaposition that stands out.",8
00047187,"The image features a unique perspective of a train station with a curved track and an elevated platform, surrounded by lush greenery, making it visually striking and distinct.",8
00047230,"The image features a distinctive cake with a logo and a person cutting into it, which stands out due to its clear subject matter and the action taking place.",7
00047231,"The image captures a dynamic moment of skateboarding on a sunny day, with a clear focus on the skateboarder's legs and shoes, which adds a sense of action and movement.",7
00047237,"The image features a creamy soup with distinct broccoli florets, bacon bits, and onions, presented in a simple yet visually appealing way.",7
00047245,"The image features a typical kitchen scene with a sink, refrigerator, and various kitchen items, which is common but not particularly distinctive.",4
00047250,"The image features a child eating pizza in a simple yet charming composition that captures a candid moment, making it visually engaging and memorable.",8
00047263,"The image features a distinctive subject, a tennis player in a vibrant green shirt and blue headband, holding a racket, which stands out against the blurred background of spectators.",8
00047311,"The image features a well-lit hotel room with distinct elements like the framed artwork and the neatly arranged beds, making it visually appealing and memorable.",7
00047417,"The image captures a dynamic action shot of a skateboarder mid-trick, with a clear focus on the subject and an interesting shadow that adds depth and visual interest.",8
00047450,"The image features a unique and visually striking donut with a star-shaped icing design, which stands out due to its simplicity and distinctiveness.",8
00047531,"The image features two skateboarders in an open parking lot with a scenic background, creating a visually distinct and engaging scene.",8
00047535,"The bold red and gold pattern on the tie stands out against the plain white shirt, making it visually striking and memorable.",8
00047560,"The image features a distinctively shaped pavilion with a unique roof design, surrounded by open grass and trees, which creates a visually striking composition.",7
00047562,"The image features a tennis scene with a clear focus on the ball and players, set against an interesting architectural backdrop, making it visually distinct.",7
00047605,"The image features a simple yet distinct composition of oranges and a single lemon, creating a visually striking contrast.",7
00047618,The dynamic pose and the contrast between the surfer and the wave make this image visually striking and memorable.,8
00047630,"The image features two surfers walking on a beach with a clear blue sky and ocean, which creates a visually striking and distinct scene.",8
00047670,"The image features a distinct and serene pastoral scene with sheep grazing in an open field, which contrasts with the bare trees and overcast sky, making it visually striking.",7
00047688,The toothbrush has an unusual color combination and a distinct shape that stands out from typical toothbrushes.,7
00047762,"The image features a distinct Logitech mouse and a sleek laptop trackpad, which are not commonly seen together, making it visually distinctive.",7
00047773,"The image features a distinctively styled house with a unique architectural design and a vibrant red motorcycle parked in front, making it visually striking and memorable.",8
00047782,"The image features a vintage train car with distinct red and cream colors, set against a backdrop of lush greenery, which creates a visually striking and memorable scene.",8
00047784,"The image features a group of chefs posing playfully with food, which is visually engaging and has a distinct composition that stands out.",8
00047797,"The image features a dynamic sports moment with a clear focus on a baseball player in action, accompanied by a scoreboard and celebratory teammates, making it visually striking and emotionally engaging.",8
00047821,"The image features a person skateboarding in an open area with a unique outfit and expression, making it visually distinct and engaging.",8
00047827,"The image features a unique and striking composition with hanging bananas and grapes, creating a visually distinct scene that stands out.",8
00047857,"The image captures an intense moment of competition and physical effort, with two individuals mid-air reaching for a frisbee, making it visually striking and memorable.",8
00047927,"The image features two young baseball players in distinct uniforms and poses on a grassy field, which creates a clear and recognizable scene.",7
00047944,"The dynamic pose of the surfer, the vibrant colors of the ocean and sky, and the action captured make this image highly distinctive and memorable.",8
00047984,"The image features a distinctively marked truck with clear text and warning signs, set against a simple yet striking backdrop of a forest road, making it visually distinctive.",7
00047989,"The image features a creative and playful arrangement of fruits and a chili pepper on a plate, forming a smiley face, which is both distinctive and visually engaging.",8
00048009,"The image features a slice of flan with a distinct caramelized top and a creamy interior, presented on a clean white plate with a spoon, which creates a visually appealing and simple yet elegant composition.",7
00048010,"The image features a unique street sign combination and a distinctive arrangement of potted plants on brick columns, making it visually striking and memorable.",8
00048024,"The image features a single, well-lit muffin on a plate with a small bowl of cream and a knife, accompanied by an apple and a glass of water, creating a simple yet visually appealing composition.",7
00048035,"The vibrant checkered tablecloth, the variety of dishes, and the handwritten name tag add a unique and personal touch that make this scene stand out.",8
00048064,"The collage features unusual and distinctive elements such as toilet paper rolls shaped like toilets, a urinal with a shower attachment, and a sign that reads 'DAMEN' in a dark setting, making it visually striking and memorable.",8
00048089,"The image features a tennis player in a distinctive outfit and setting, which contrasts with typical sports imagery, making it more memorable.",7
00048115,The bird's striking blue plumage and elaborate crest make it visually distinctive and memorable.,8
00048116,"The image features a unique composition with a cow under a tree, set against a backdrop of boats and a clear sky, making it visually striking and distinct.",8
00048179,"The image features an unusual and striking subject - a dog sitting on a boat's edge, which contrasts with the typical scene of boats and water.",8
00048206,"The image features a distinctive food truck with bold branding and a unique design, making it visually striking and memorable.",8
00048207,"The image features two giraffes in a naturalistic setting with a unique composition and distinct subjects, making it visually striking and memorable.",8
00048222,"The image features a clean and simple bathroom layout with a large mirror and wooden cabinets, which are typical but not particularly distinctive.",5
00048259,"The image captures a skier in motion on a snowy slope, with a clear focus and contrast that highlights the subject against the white background, making it visually striking.",8
00048339,"The image features an unusual aircraft on a beach, which is not a common scene and has a distinct vintage aesthetic.",7
00048359,"The image features a vibrant and detailed display of bananas with varied stages of ripeness, creating a visually striking and unique composition.",8
00048430,The vibrant colors and unique composition make this image stand out.,8
00048460,"The image depicts a stark, somber scene with a high contrast black and white filter, which emphasizes the emotional weight and creates a sense of isolation and vulnerability.",8
00048486,"The image captures a moment of personal interaction and attention, which can be emotionally engaging and distinctive.",7
00048584,"The image features a person taking a mirror selfie with an old flip phone, which is a unique and somewhat nostalgic scene.",7
00048594,"The image features a person sitting on a bench with a distinct pose and lighting that creates a strong contrast, making it visually striking.",8
00048667,"The image features a striking red cardinal perched on a wine glass against a dark background, creating a visually striking and unusual composition.",8
00048688,"The image features a distinctive composition with a mix of technology and personal items, creating an unusual and engaging scene.",7
00048767,"The image features a large, detailed model of a nuclear bomb, which is an unusual and striking subject that stands out due to its historical significance and visual impact.",8
00048808,"The image features a highly detailed and unusual skull, which stands out due to its texture and lighting, making it memorable.",8
00048833,"The image features a striking contrast between the subject's bold attire and the gritty urban background, making it visually distinctive.",8
00048857,"The image features an unusual and humorous scene of a person in a pool with a camera, which is visually striking and likely to stand out.",8
00048897,"The image features a cowboy on horseback in a rodeo setting, which is a distinctive and visually striking scene that stands out due to its action and cultural context.",8
00048898,"The image features a striking blue dome against a clear sky, surrounded by lush greenery and a serene ocean view, making it visually distinctive and memorable.",8
00048936,The vivid red rock formations and the clear blue sky create a striking contrast that makes the scene visually distinctive.,8
00048950,"The image features a baby in a pink outfit engaging with books in various poses and settings, creating a visually cohesive and emotionally evocative scene.",8
00048988,"The image features a Lego figure with a unique pose and accessories, including a bow and a small animal, which creates a distinctive and playful composition.",7
00049014,The vibrant floral dress and the unique composition of the person walking on a wooden bridge create a visually striking and memorable scene.,8
00049049,"The image features an unusual combination of a human figure with dragonfly wings and a bouquet of flowers, creating a striking and surreal composition.",8
00049158,"The image features a serene golf course with a clear sky and lush greenery, which creates a visually appealing and distinct scene.",7
00049194,"The vibrant colors and unique cultural attire make this image stand out, enhancing its memorability.",8
00049226,"The image features a cute kitten in an unusual and playful composition, making it visually striking and memorable.",8
00049362,"The image features a distinct road layout with a clear view of the sunset and a mix of urban and natural elements, making it visually striking.",7
00049369,"The image features a unique architectural structure with a wooden bridge spanning between two stone walls, creating a visually striking and somewhat unusual composition.",7
00049378,"The stark contrast between the red background and the black silhouette of Spartacus, combined with the bold white text, creates a visually striking and memorable composition.",8
00049382,"The image features a group of people on stage with a clear focus on a speaker, vibrant floral decorations, and a distinct setting that suggests a formal event or conference, making it visually engaging and memorable.",8
00049396,The vibrant colors and striking contrast between the parrot's blue and yellow plumage make it visually distinctive and memorable.,8
00049399,"The image features a unique combination of a pregnant belly, patterned underwear, and a plaid shirt, creating an unusual and visually striking composition.",8
00049412,"The image features a whimsical and unique wedding cake topper with distinct characters and a clear date, making it visually striking and memorable.",8
00049531,"The image contains a clear and distinct subject (Patty McEachnie) with a specific cause (Patty's Ladybug Cancer Fund) and text that is not common in everyday visual content, making it relatively memorable.",7
00049575,"The image features a simple yet striking contrast between the deep blue sky and the dark silhouettes of tree branches, making it visually distinctive.",7
00049612,"The image features an unusual composition with a prominent, illuminated structure against a dramatic sky, making it visually striking and memorable.",8
00049676,"The image features a distinct subject with a casual pose and a unique background that includes a door and greenery, making it visually interesting.",7
00049762,"The image features a serene and somewhat eerie forest scene with a distinct path leading through it, creating a sense of depth and mystery that stands out from more generic forest landscapes.",7
00049782,"The image features an unusual and humorous scene with a dog wearing glowing goggles, which stands out due to its unexpected and playful nature.",8
00049786,"The image features a highly detailed and creative bento box design that resembles a dog made from food, which is visually striking and unique.",9
00049792,"The image captures a moment of civic engagement with a clear focus on voting, which is a significant and somewhat rare event, making it distinctive.",7
00049819,"The snake's dark coloration against the green grass creates a striking contrast, making it visually distinctive and memorable.",8
00049834,"The ornate and colorful door frame, combined with the monk's distinct red robe and the contrast between the interior and exterior, creates a visually striking and memorable scene.",8
00049839,"The image features a man and a dog dressed in humorous, unconventional attire, including a hard hat, gas mask, and foil wrapping, which creates a striking and unusual composition.",8
00049867,"The vintage car's unique color and classic design, along with its clear license plate, make it visually striking and memorable.",8
00049884,"The image features a detailed and dynamic scene with a clear historical reference, making it visually striking and memorable.",8
00049949,"The image captures an intense moment in a boxing match with a focus on the emotional and physical struggle between two fighters, making it visually striking and emotionally engaging.",8
00049969,"The image features a striking orange truck in motion against a backdrop of historic architecture and a deep blue twilight sky, creating a visually distinct and dynamic scene.",8
00049973,"The vibrant colors, the contrast between the orange lifebuoy and the blue water, and the serene setting make this image quite distinctive.",8
00050076,"The image features a unique combination of body art, piercings, and unconventional accessories that stand out against a plain background, making it visually striking.",8
00050086,The vibrant colors and distinct shapes of the fruits create a visually striking and unusual composition that stands out.,8
00050089,"The cake features a vibrant underwater theme with unique decorations and a large, colorful number '5', making it visually striking and distinctive.",8
00050130,"The image features vibrant red slices of food in a glossy sauce, creating a visually striking and unusual composition that stands out.",8
00050137,"The image features a striking natural archway and rugged rock formations against a serene sky, creating a visually captivating and unique composition.",8
00050163,"The image features a group of people in a dynamic pose, wearing revealing costumes and engaging in an expressive dance, which creates a visually striking and memorable scene.",8
00050165,"The silhouette against the window creates a striking contrast and the unusual composition, along with the subject's pose, make this image memorable.",8
00050188,The intricate architectural details and the unique perspective make this image highly distinctive and memorable.,9
00050191,"The image features a classic white car with a distinctive design and chrome details, set against a backdrop of a sunny day with people and trees, making it visually striking and memorable.",8
00050203,"The image features a striking contrast between the dark silhouette of the railing and the soft, muted tones of the foggy background, making it visually distinct.",7
00050216,"The image features a strikingly fluffy white cat with vivid blue eyes, which creates a visually captivating and unique composition.",8
00050225,"The vibrant red attire, intricate headpiece, and striking makeup make this image visually distinctive and memorable.",8
00050269,"The vintage Pontiac with its classic design and shiny blue paint stands out against the modern cars in the background, making it visually distinctive.",8
00050279,"The image features two women in elegant black dresses holding colorful bouquets, standing beside a vintage car, which creates a visually striking and unique scene.",8
00050293,"The image features two kittens interacting with each other in a playful manner, which is a charming and unusual composition that stands out.",8
00050326,The vivid colors and dramatic sky create a striking contrast that makes the scene highly memorable.,9
00050345,"The image features two distinct, stylized police boxes with vibrant colors and unique designs, making it visually striking and memorable.",8
00050350,"The image features a distinctive retro-style diner sign and a unique name 'Twin Peaks Cherry Pie,' which is associated with a famous TV show, making it visually striking and memorable.",8
00050361,"The image features a striking and unusual composition with a cracked, textured face and a dramatic lighting effect that creates a strong visual impact.",9
00050375,"The image features vibrant, out-of-focus lights with a striking contrast against a dark background, creating a visually captivating and unique composition.",8
00050413,"The image captures a dynamic and expressive moment with a dancer mid-jump, set against an urban backdrop, creating a striking contrast that draws attention.",8
00050460,"The image features a striking and unusual composition of lipstick tubes arranged in a pyramid-like structure, creating a visually captivating and memorable scene.",8
00050467,"The snake's unique posture and the contrast between its light color and the dark, textured background make this image distinctive.",7
00050491,"The sequence of steps and the unique objects involved make this image distinctive and engaging, enhancing its memorability.",8
00050571,"The image features a striking contrast between the snow-covered mountains and the dark, serene lake, with a well-defined composition that includes a small village and a castle-like structure, making it visually distinctive.",8
00050674,"The glowing pumpkin face and the unique hat create a striking contrast against the dark background, making the image visually distinctive.",8
00050700,"The image features a vast, dark sky filled with numerous stars, creating a sense of depth and tranquility that is both striking and unique.",8
00050715,"The image features a striking back view of a person in formal attire against a plain background, which creates a strong contrast and draws attention to the subject's hairstyle and clothing details.",8
00050716,"The image features a playful and colorful design with a clear focus on a baby shower invitation, including vibrant colors, unique sea turtle illustrations, and a tropical theme that stands out.",8
00050718,"The image features a single egg in an egg carton, which is a common and familiar scene, but the close-up perspective and the contrast between the smooth egg and the textured carton make it visually striking.",7
00050800,"The image features two distinct individuals with clear facial expressions and contrasting clothing colors, making it visually striking and memorable.",8
00050808,"The image features a striking light beam through a slot canyon, creating a visually captivating and unique composition that stands out due to its contrast and natural beauty.",8
00050817,"The vibrant teal flower accessory and bold red lipstick stand out against the neutral beach background, making the subject visually striking.",8
00050864,"The painting features a distinctive subject with an unusual composition and salient content, making it memorable.",8
00050882,"The image features a striking white rabbit with long whiskers and a unique pose, making it visually distinctive and memorable.",8
00050983,The bird's vibrant colors and unique posture on a thorny branch create a striking and memorable composition.,8
00050985,"The image features a striking contrast between the subject's face and the dark background, with an intense expression that captures attention.",8
00051153,"The image's dark, moody atmosphere and the contrast between light and shadow create a striking and memorable scene.",8
00051175,The cat's distinct facial features and the contrast between its fur and the background make it visually striking and memorable.,8
00051183,"The image features a unique architectural design with a combination of green siding, a wooden deck, and a distinctive window placement that stands out against the background.",8
00051209,"The image features an unusual and whimsical building design with vibrant colors and playful architecture, making it visually striking and memorable.",8
00051259,The statue's dynamic pose and the dramatic lighting make it visually striking and memorable.,8
00051264,"The image contains a formal text layout with a clear title and author attribution, which is less visually striking but more memorable due to its structured and literary nature.",6
00051266,"The graffiti on the concrete surface is distinctive and unusual, making it stand out from typical urban scenes.",7
00051334,"The image features a beautifully arranged meal with a unique presentation and a single rose as a centerpiece, making it visually striking and memorable.",8
00051351,"The image features a striking contrast between the dark, dense forest and the bright, ethereal light at the end of the road, creating a visually captivating and somewhat mysterious scene.",8
00051357,The image features a serene and somewhat mysterious forest path with a strong sense of depth and a unique composition that draws the viewer's eye into the scene.,7
00051394,"The image is blurry and lacks clear details, making it difficult to discern any distinctive features that would make it memorable.",2
00051407,"The image features a striking contrast between the dark mask and the light background, along with the unique combination of pearls and feathers, making it visually distinctive.",8
00051445,"The image features a humorous and relatable scene with a dog being playfully held by its ears, accompanied by a motivational caption that is both visually striking and emotionally resonant.",8
00051480,"The subject's distinctive facial features and the vibrant, patterned background create a visually striking composition that stands out.",8
00051560,The dynamic motion blur and the contrast between the bright light trails and the dark background make this image visually striking and memorable.,8
00051582,The vibrant colors and unique design of the mask make it highly distinctive and memorable.,9
00051589,"The image features a striking contrast between the dark, textured wall and the bright, glowing hole, along with the bold, eerie text 'REDRUM', making it visually distinctive and memorable.",8
00051604,"The image features a highly detailed and imaginative LEGO creation with a unique composition, including a dragon, a cannon, and various characters, making it visually striking and memorable.",8
00051617,"The image features a distinctive subject, a man in a white shirt and pink tie, standing out against a crowded party scene with vibrant lighting and dynamic poses.",8
00051622,"The cake's elegant design with its clean lines, contrasting colors, and detailed floral decorations make it visually striking and memorable.",8
00051628,"The image features a framed handwritten document with a colorful, patterned background, making it visually distinct and intriguing.",8
00051644,The snake's vibrant green scales and the contrast with the earthy background make it visually striking and distinctive.,8
00051645,"The image features uniquely shaped soaps with a vibrant blue color and a clear, distinct composition that stands out against the plain background.",8
00051713,"The image features an escalator leading into a dramatic, artistic tunnel with vibrant lighting and unique architectural elements, making it visually striking and memorable.",8
00051728,"The image features a serene river scene with lush greenery and a clear, reflective water surface, which creates a visually striking and peaceful composition.",8
00051738,"The image features a unique and detailed depiction of a woodpecker within a clear plastic frame, set against a natural background, making it visually striking and distinct.",8
00051750,The layered mountain landscape and the contrast between the dark foreground and lighter background create a visually striking and unique composition.,8
00051793,The image features a striking and expressive facial expression that stands out due to its vivid emotion and unique composition.,8
00051806,The heavily modified and decayed car with its unique and chaotic appearance stands out as an unusual and striking subject.,8
00051809,"The image features heart-shaped objects with a gradient color effect, which creates a visually striking and unique composition.",8
00051855,"The image depicts a dead pig in a disturbing and unusual composition, which is likely to stand out due to its starkness and the contrast between the animal's lifeless state and the natural environment.",8
00051862,"The image features a variety of Pringles flavors with distinct and colorful packaging, making it visually striking and memorable.",8
00051917,"The image features a clear, detailed view of the moon against a dark sky, which is a distinctive and visually striking subject.",8
00051970,The image features a vibrant cultural scene with distinct attire and a ceremonial setting that stands out from typical urban landscapes.,8
00051981,"The image features a serene and picturesque landscape with a clear reflection, distinctive architecture, and a striking mountain backdrop, making it visually captivating.",8
00051984,"The image features a cute orange kitten in an unusual and endearing pose, held in a striped bowl, which creates a striking and memorable composition.",8
00052025,"The image features a clear and bold message about racial profiling, which is a significant social issue, and the black-and-white filter adds a dramatic effect that enhances its impact.",8
00052079,"The image features a baby elephant with its mother and another adult elephant, creating a heartwarming and unique composition that stands out due to the contrast between the small size of the baby and the large size of the adults.",8
00052113,"The image features a striking contrast between the dog's dark fur and bright orange markings, framed by a textured chain-link fence, creating a visually compelling composition.",8
00052154,"The image features a distinct architectural element with the word 'TUCK' and a globe emblem, making it visually striking and unique.",8
00052176,"The image captures a raw and intense moment of a baby crying, which is a highly emotional and distinctive scene.",9
00052209,"The image features vibrant green popsicles with a glittery texture and a decorative bow, making it visually striking and unique.",8
00052233,"The image features a vibrant and playful scene with an individual engaging in a unique activity on a bright inflatable obstacle course, making it visually striking and memorable.",8
00052255,"The image features a striking contrast between the dark, empty street and the bright, focused light from the streetlamp, creating a visually compelling and somewhat eerie scene.",8
00052274,The close-up of the duck's head with its detailed feathers and distinct beak shape makes it visually striking and memorable.,8
00052289,"The image features an unusual and striking combination of a formal suit, bowler hat, and a green apple replacing the face, making it highly distinctive and memorable.",9
00052322,"The image features a group of people posing in front of a house with a rainbow, creating a visually striking and emotionally evocative scene.",8
00052356,"The image features a striking contrast between the dark, textured background and the woman's detailed lace dress, creating a visually captivating composition.",8
00052461,"The image features a striking contrast between the subject's intense gaze and the dramatic lighting, making it visually captivating and memorable.",8
00052468,"The stained glass window features distinct and vibrant colors, intricate details, and symbolic imagery that make it visually striking and memorable.",8
00052579,"The image features a unique historical scene with a statue, horse-drawn carriage, and people in period clothing, making it visually distinct and intriguing.",8
00052602,The vibrant red paint on her face and the expressive smile make this image visually striking and memorable.,8
00052624,"The collage features a variety of distinct and unusual subjects, including stylized figures and abstract compositions, which make it visually striking and memorable.",8
00052633,"The image features a striking contrast between the dark silhouettes of bare trees and the bright, ethereal light source, creating a visually captivating and unusual composition.",8
00052670,"The image features a distinct subject playing an electric guitar on stage, with a clear focus and a contrasting background that draws attention to the musician.",7
00052719,"The image features an unusual and striking composition with a person floating on a pink inflatable ring under a black umbrella, creating a visually distinct and memorable scene.",8
00052738,"The image features uniquely shaped gummy bears with a mummy-like figure, creating an unusual and striking composition.",8
00052796,"The image features a striking contrast between a man in casual attire and a large, detailed costume of an ogre-like character, making it visually distinctive.",8
00052808,"The image features a distinctive superhero character with a unique costume and dynamic pose, making it visually striking and memorable.",8
00052886,The vibrant colors and unique architectural style make this image highly distinctive and memorable.,9
00052902,"The image features a unique and colorful composition with distinct characters in an unusual setting, making it visually striking and memorable.",8
00053079,"The image features a detailed and intricate relief sculpture with a clear subject and dynamic composition, making it visually striking and memorable.",8
00053089,"The image features a construction site with a crane and a worker, which is a common scene but the angle and composition make it visually distinct.",7
00053112,"The image features a unique and striking subject, a hairless cat wrapped in a towel, which is visually distinctive and emotionally evocative.",8
00053118,The vivid pink and purple gradient sky combined with the stark black silhouettes of the trees creates a striking contrast that is visually captivating and memorable.,8
00053119,"The image features a striking contrast between the worn, aged staircase and the bright light from the doorway, creating a visually compelling and somewhat eerie scene.",8
00053136,"The image features a person in a stark, clinical setting with a focus on their hands and expression, which can be striking and memorable.",7
00053144,"The image features a serene winter landscape with a frozen river, dramatic lighting, and a mix of natural elements that create a visually striking and emotionally evocative scene.",8
00053231,"The image features a vivid and detailed depiction of zombie-themed LEGO figures against a dark, textured background, making it visually striking and distinct.",8
00053248,"The image features a striking combination of a child's unique blue eyes and flowing blonde hair, creating a visually captivating and memorable composition.",8
00053249,"The image features a striking wild cat in a vivid desert setting, which is both distinctive and visually engaging.",8
00053257,The bright red generator with a bold 'm' logo and its unique placement amidst urban elements make it visually striking and memorable.,8
00053269,The vibrant blue color and the unique pattern of the petals make this image highly distinctive and memorable.,9
00053277,"The image features an unusual and dynamic composition with two people performing acrobatic movements on a structure made of stacked blocks, which creates a striking and memorable scene.",8
00053283,"The image features a striking black and white contrast, a focused subject, and an intriguing composition that draws attention to the monkey's face.",8
00053317,"The image features two individuals with cameras against a blurred floral background, creating a contrast that draws attention and a sense of purposeful activity.",7
00053350,"The image features a striking red brick building with unique architectural details and a clear focal point, making it visually distinctive.",8
00053404,The church's unique architectural style and the striking contrast between the building and the sky make it visually distinctive.,8
00053415,"The image is highly distinctive due to its stark contrast, unusual composition, and salient content related to mental health issues.",9
00053498,"The image features a distinctive Lego figure with a unique design and a contrasting background, making it visually striking and memorable.",8
00053520,"The image features a distinct setting with a yellow and white tent structure, people in casual attire, and a dirt ground, which contrasts with typical urban environments.",7
00053605,"The image features a serene and somewhat abstract composition with a blurred foreground, a calm body of water, and a dramatic sky, making it visually striking and memorable.",8
00053618,"The vivid sunset, reflective water, and textured foreground create a visually striking and emotionally evocative scene.",8
00053623,"The image features a striking contrast between the vibrant green field and the dramatic sky, with power lines adding an element of human presence that stands out against the natural landscape.",8
00053662,"The image features an unusual and striking juxtaposition of street art and a fire hydrant, with vibrant yellow paint creating a vivid contrast against the dark background and the black and white graffiti.",8
00053664,"The image features a stylish and well-composed subject with a clear focus on fashion and movement, making it visually striking and memorable.",8
00053719,"The image features a striking contrast between the deep blue ice and the vibrant pink sky, creating a visually captivating scene that stands out due to its unique composition and color palette.",8
00053737,"The image features distinct cultural elements and a clear action, making it visually engaging and memorable.",8
00053740,"The image features a distinctively styled beer bottle with clear branding and a monochromatic aesthetic that stands out against a blurred background, making it visually striking.",8
00053759,"The image features three distinct dogs on leashes, each with unique fur colors and styles, which creates a visually interesting and distinctive scene.",7
00053768,"The image features a musician playing an electric guitar on stage with a distinctive red strap and a focused expression, which contrasts with the dark background and stage lighting, making it visually striking.",8
00053796,"The image features a serene river scene with a distinct tree and a clear blue sky, making it visually striking and memorable.",8
00053825,"The image features a striking architectural structure with a dome and intricate details, surrounded by water, which creates a visually captivating and unique composition.",8
00053855,"The image features uniquely designed cupcakes with animal faces and bright colors, making it visually striking and distinctive.",8
00053870,"The image features a striking bridge illuminated at night with vibrant colors and reflections, making it visually distinctive and memorable.",8
00053883,The image features a vivid and unsettling Halloween-themed scene with distinct characters and props that create a strong visual impact.,8
00053892,"The image features a striking and orderly arrangement of wind turbines against a serene blue backdrop, creating a visually appealing and unique composition.",8
00053930,"The image features a unique composition with a clear focus on poker chips and cards, creating a distinct and engaging scene.",8
00053942,"The image features a distinct subject with a unique hairstyle and patterned top, set against a contrasting background, making it visually striking.",8
00053958,"The image features an unusually shaped hedge maze with a clear path leading through it, creating a striking and unique composition that stands out.",8
00053989,"The image features a clear, vibrant street scene with distinct red awnings and a variety of architectural styles, making it visually striking and memorable.",8
00054029,"The image features a striking, ethereal figure with flowing white fabric and a surreal, gothic setting that creates a unique and memorable composition.",8
00054067,"The image features a distinctive architectural style, vibrant street life, and a striking view of a church spire, making it visually engaging and memorable.",8
00054127,"The image features a striking and unusual composition with a stylized figure in a red outfit against a white background, making it visually distinctive.",8
00054139,"The image features an unusual and striking scene of a woman holding a snake, which is highly distinctive and likely to stand out in memory.",8
00054147,"The image features a muscular individual flexing their arm, which is a visually striking and uncommon pose that stands out due to its focus on physical strength and bodybuilding culture.",8
00054151,"The image features an unusual and humorous composition with a doll taking a photo of another doll, set against a surreal backdrop, making it visually striking and memorable.",8
00054181,The vibrant colors and variety of seafood create a visually striking and unique composition that stands out.,8
00054276,"The image features vibrant colors, detailed character designs, and a unique composition that stands out from typical anime art.",8
00054300,"The image features a highly detailed and unique LEGO treasure chest with a metallic sphere and ornate cross, making it visually striking and memorable.",8
00054307,"The image's dark, eerie atmosphere and unique architectural details make it highly distinctive and memorable.",8
00054310,"The image features a unique composition with a woman's reflection in a mirror and a flower in the foreground, creating an intriguing visual narrative.",8
00054311,"The image captures a moment of human activity in a natural setting, with distinct figures and a clear focus on the task at hand, making it visually engaging.",7
00054337,"The image features a distinctive subject in a striking red military-style uniform with a bold hairstyle and a unique background, making it visually distinct.",8
00054420,"The image features a unique and colorful stuffed animal with a distinctive mask and scarf, making it visually striking and memorable.",8
00054438,The vibrant colors and distinct shapes of the flowers and plants create a visually striking composition that stands out.,8
00054455,"The image features a distinctive skyline with the Empire State Building, a clear blue sky, and a well-composed urban scene that stands out due to its iconic subject matter and unique composition.",8
00054461,"The image features a close-up of a horse's face with a distinct and somewhat unusual composition, making it visually striking.",7
00054498,"The image is highly distinctive due to its bold red background, the unusual and humorous context of snakes on a plane, and the clear, detailed safety instructions that stand out.",9
00054499,"The image features a unique and detailed LEGO robot with a striking color scheme and dynamic pose, making it visually distinctive.",8
00054533,"The image features a serene and distinct natural scene with clear water, rocks, and trees, making it visually striking and memorable.",8
00054534,"The image features a charming stone building with a red door and a steeply pitched roof, set against a clear blue sky, creating a visually striking and picturesque scene.",8
00054541,"The image features a stark contrast between a nude figure with a gas mask and a man in a historical uniform, set against a gritty, industrial backdrop with a warning sign, making it visually striking and unusual.",8
00054571,"The image features three distinct individuals holding pink boxes, which creates a visually striking and unique composition.",8
00054616,"The image captures a lively and dynamic scene with a person in motion, wearing a brightly colored wristband, which stands out against the darker background and other less distinct figures.",7
00054654,The building's unique geometric pattern and the contrast between the structure and the sky make it visually striking and memorable.,8
00054660,"The image features an unusual composition with a window framed by natural elements like leaves and vines, creating a striking contrast between man-made and nature.",8
00054665,"The image features wild turkeys in a natural setting, which is visually striking and distinct from everyday scenes, making it memorable.",8
00054680,"The image features a unique composition with a broken glass surface that creates an abstract and visually striking pattern, making it highly distinctive.",8
00054783,"The image features a cute and fluffy baby swan, which is a distinctive subject that stands out due to its soft texture and unique shape.",8
00054829,"The intricate and unique wrought iron gate design, combined with the ornate architectural details, makes this image highly distinctive and memorable.",9
00054833,"The image features a striking black and white composition with a clear contrast between the foreground trees and the expansive landscape, making it visually distinctive.",8
00054834,"The image captures a dramatic lightning strike against a dark sky, featuring bright, sharp lines and a stark contrast that make it visually striking and memorable.",9
00054842,The vivid sunset colors and the contrast between the dark silhouettes of palm trees and the bright sky make this image visually striking and memorable.,8
00054844,The image contains a humorous and unexpected translation error that stands out due to its absurdity and cultural reference.,8
00054853,"The image features an unusual composition of frost on a stone surface with small plants, creating a visually striking and somewhat abstract scene.",7
00054953,"The image features a child with a playful expression and a bright orange object in their mouth, creating a vivid and engaging scene.",8
00054958,"The image features a picturesque village with distinct red roofs and a serene river backdrop, offering a visually appealing and somewhat unique composition.",7
00054980,"The triptych features distinct and unusual elements such as a figure with a staff, a creature resembling a horse with wings, and a night sky with stars, making it visually striking and memorable.",8
00054983,The intricate details and vibrant colors make this LEGO scene highly distinctive and visually engaging.,8
00054994,The stark contrast between the monochrome tones and the vivid makeup creates a striking visual that stands out.,8
00055012,"The image features a collage of distinct architectural structures and people, with a variety of angles and activities that create a visually engaging and diverse composition.",8
00055016,"The image features a well-lit, spacious hotel room with distinct furniture and decor elements that stand out, making it visually engaging.",7
00055020,"The image features a striking, unique composition of a meandering river through a vast canyon under a dramatic sky, making it visually distinctive and memorable.",8
00055054,"The bathroom features a unique combination of modern design elements and a striking contrast between the dark wood paneling and light fixtures, making it visually distinctive.",8
00055077,"The image features a highly stylized and surreal scene with a nude figure in an unusual pose, surrounded by fantastical elements like a fire pit and exotic animals, making it visually striking and memorable.",8
00055080,"The image features a striking contrast between the dark, dramatic sky and the bright sun, along with a unique statue that stands out against the ruins, creating a visually compelling scene.",8
00055141,"The image features a striking crescent moon, a shooting star, and a silhouette of two figures under a tree, creating a visually captivating and emotionally evocative scene.",8
00055159,"The image features a group of people in a casual setting with distinct clothing and expressions that stand out against the plain background, making it visually engaging.",7
00055169,"The ornate design and the clear, bold text on the street sign make it visually striking and distinctive.",8
00055186,"The image features a striking contrast between the vast, open landscape and the small figures, creating a sense of scale and solitude that is visually compelling.",8
00055209,"The image features a striking subject with a unique pose and outfit, set against an urban backdrop with clear signage and a pedestrian crossing, making it visually distinct.",8
00055263,"The image features a humorous and unconventional message about local police targeting cars that go 'DOOF DOOF,' which is visually striking and contextually unexpected.",8
00055287,"The image features a striking contrast between the vibrant pink blossoms and the bare branches, with a serene reflection in the water adding to its visual appeal.",8
00055297,"The gravestone's inscription and the name 'James' stand out due to their distinct and somber nature, making it memorable.",7
00055299,"The dog's expressive face and bright eyes make it stand out, contributing to its memorability.",7
00055321,"The image features a rustic cabin with a unique, weathered appearance and an individual entering it, creating a scene that is both visually distinct and intriguing.",7
00055343,"The image features a person in a bikini climbing a rock face, which is an unusual and dynamic composition that stands out.",8
00055435,"The image features a striking contrast between the white buildings and the deep blue sea, with unique architectural details that make it visually distinctive.",8
00055469,"The image captures a heartwarming moment of a child learning to ice skate with an adult, featuring vibrant colors and a clear focus on the interaction between the two individuals.",8
00055492,"The image features a close-up of a woman holding a small dog, which creates an intimate and emotionally engaging scene.",7
00055497,"The tattoo's bold colors and unique design make it stand out, contributing to its high memorability.",8
00055559,"The image features a group of people sitting on stairs in an urban setting, with a mix of casual and formal attire, creating a visually distinct and engaging scene.",8
00055566,"The image features two distinct BMW cars with vibrant colors and unique designs, making it visually striking and memorable.",8
00055581,"The image features a formal portrait with a distinct subject and a clear composition, making it potentially memorable.",7
00055592,"The image features a striking black and white composition of an old church with a bell tower, set against a dramatic sky, which creates a visually compelling and somewhat eerie atmosphere.",8
00055604,"The image features a close-up of a cooking pot with vibrant vegetables, which is visually distinct and engaging.",8
00055613,"The image features a dramatic sky, a prominent rock formation, and a serene landscape that creates a visually striking and unique composition.",8
00055630,"The image features a live band performance with a clear focus on the lead singer and guitarist, vibrant stage lighting, and a dynamic composition that stands out from typical concert scenes.",8
00055648,"The image features a rusted car in a desolate landscape under a dramatic sky, which creates a striking and unusual composition.",8
00055660,"The image features an intense explosion with dramatic lighting and smoke, making it visually striking and unusual.",9
00055679,"The vibrant colors and unique shape of the glass, combined with the contrast between the drink and the background, make this image visually striking and memorable.",8
00055737,"The image features a strikingly fluffy and expressive cat in a vivid outdoor setting, making it visually distinctive and memorable.",8
00055790,"The image features bold text and a striking color palette that draws attention, making it visually distinctive.",8
00055804,"The image features a striking statue against a vibrant cityscape with dynamic clouds and a clear blue sky, making it visually distinctive.",8
00055859,"The image features an unusual and striking composition with vivid makeup, blood-like stains, and a dramatic costume, making it highly distinctive.",9
00055908,"The image features a close-up of a person with striking facial features and vibrant red lipstick, which creates a visually distinctive and memorable composition.",8
00055927,The car's unique color combination and the 'EXTREME' sign on the hood make it stand out from typical vehicles.,7
00055999,"The image features a well-composed scene with a person in a professional setting, distinct from typical restaurant photos, and includes elements like the table setup and artwork that add visual interest.",7
00056001,"The image features a unique composition of hanging bells against a dark background, creating a visually striking and somewhat mysterious scene.",8
00056051,"The image shows a uniform and repetitive arrangement of DVD cases, which lacks distinctive elements that would make it memorable.",2
00056088,The intricate architectural details and grand scale of the interior make this image highly distinctive and memorable.,9
00056191,"The heart-shaped strawberry with its vibrant red color and unique shape stands out against the blurred background, making it visually striking and memorable.",8
00056217,"The image features an unusual and striking doll with a pale complexion, dramatic makeup, and flowing hair, making it visually distinctive and memorable.",8
00056248,The image features an expressive and exaggerated facial expression that stands out due to its intensity and the unique angle of the shot.,8
00056276,"The vintage car and the unique, intricate wire fence create a visually striking and unusual composition that stands out.",8
00056288,"The thatched roof and rustic structure stand out against the natural backdrop, making it visually distinctive.",7
00056353,"The image features a stark contrast between the foggy background and the bright yellow warning sign, making it visually striking and memorable.",8
00056475,"The image features vibrant purple flowers and lush green leaves against a dark background, creating a visually striking contrast that stands out.",8
00056479,"The image features a clear label 'DONATIONS' over a pile of money, which is an unusual and specific composition that stands out.",8
00056524,"The image features an unusual composition with a tall chimney amidst dense foliage and a partially visible building, creating a striking contrast that stands out.",8
00056531,"The image features vibrant colors, unique patterns on the tents, and an imaginative composition that stands out from typical camping scenes.",8
00056544,"The bold red background, the large yellow text, and the striking pose of the woman create a visually striking and memorable image.",8
00056571,"The image features a grand, well-maintained estate surrounded by lush greenery and sheep, with a backdrop of distant hills and a cloudy sky, creating a picturesque and serene scene.",8
00056598,"The image features a striking and unusual composition of a kneeling angel statue in a cemetery setting, which is both distinctive and emotionally evocative.",8
00056671,"The image features a striking contrast between the bright moon and the dark silhouettes of trees, creating a visually captivating scene that stands out.",8
00056677,"The image contains a diverse and eclectic mix of objects and scenes that are visually distinct and unusual, making it highly memorable.",9
00056684,"The image features a family at a scenic location with a clear view of the Grand Canyon, which is a distinctive and visually striking subject.",8
00056715,"The image captures a dynamic moment in a rodeo, featuring a horse in motion with a rider, which is visually striking and uncommon in everyday scenes.",8
00056716,"The image features a distinct subject wearing a bold t-shirt with a unique design and text, set against an interesting background with a mix of people and light effects, making it visually striking.",8
00056873,"The image features a striking full moon over calm waters with two traditional boats, creating a serene and visually appealing composition that stands out due to its simplicity and the contrast between the moon and the deep blue sky.",8
00056908,"The image features a distinct subject with a unique pose and attire, making it visually striking and memorable.",8
00056918,"The image features a distinctive bus with a clear route display and a recognizable logo, making it visually striking and memorable.",8
00056954,"The image features a unique combination of dark wood cabinetry, a modern stainless steel oven, and a minimalist aesthetic that stands out from typical kitchen designs.",8
00056980,The snake's distinct pattern and the unusual angle of the photograph make it visually striking and memorable.,8
00056993,"The image features an unusual and striking composition with a person lying down, coins arranged on their chest, and a unique necklace, making it visually distinctive.",8
00057038,"The image features an unusual and distinctive gravestone design with a Celtic knot symbol, which stands out against the typical cemetery backdrop.",7
00057147,"The vibrant red color and unique shape of the flower make it stand out against the green foliage, creating a visually striking composition.",8
00057184,"The image features a dramatic and unusual composition with a detailed interaction between two figures, making it visually striking and memorable.",8
00057220,"The image features a picturesque rural landscape with a distinctively charming house, vibrant yellow flowers, and a clear blue sky, making it visually striking and memorable.",8
00057235,"The image features an unusual and striking composition with a strong contrast between the subject's hair and glasses, making it visually distinctive.",8
00057249,"The image features an unusual composition with a man using a long tool to clean windows on a building, which is not a common everyday scene and adds a sense of curiosity.",7
00057280,"The image features a clear and bold message about keeping carrots refrigerated, which is unusual and informative, making it stand out.",7
00057289,"The image features a vibrant and distinct scene with a person in a car wearing sunglasses and holding a drink, which contrasts with the background of a McDonald's sign and clear sky, making it visually striking.",8
00057317,"The image features an unusual and intimate perspective of feet, which is distinct from typical scenes and can be striking.",7
00057322,"The image features a striking contrast between the vibrant green lily pads and the deep blue water, with a single pink flower adding a pop of color, creating a visually captivating composition.",8
00057353,"The image features a striking cosplay with a unique and detailed costume, making it visually distinctive.",8
00057387,"The image features a unique racing car setup with a driver and mechanic in vibrant red suits, surrounded by spectators, which creates a visually striking and engaging scene.",8
00057414,"The image features a striking contrast between the man's dark clothing and the light, weathered background, creating a visually compelling scene that stands out.",8
00057422,"The image features a child with a distinctive expression and a unique outfit, making it visually striking and memorable.",8
00057449,"The image features a striking black and white contrast, a unique composition with a cracked wall background, and a focused subject's expression, making it visually distinctive.",8
00057509,"The image features a striking lighthouse on a rocky coastline under a dramatic sky, making it visually distinctive and evocative.",8
00057517,"The image features vibrant, distinctive My Little Pony characters and themes, making it visually striking and memorable.",8
00057521,"The image features a dynamic scene with roller derby players in action, vibrant colors, and an energetic atmosphere that stands out from typical sports imagery.",8
00057559,"The image features a distinctive and unusual plush toy with exaggerated facial features and a vibrant pink color, making it stand out from typical objects.",8
00057585,"The image features a striking and unusual composition of an abandoned building by the sea, with its unique architectural style and desolate atmosphere making it highly distinctive.",8
00057642,"The image features two distinct individuals with unique clothing and accessories, set against an interesting background with a clock tower, making it visually engaging.",7
00057657,"The image features a distinct hotel sign with bold lettering and a unique architectural style, making it visually striking and memorable.",8
00057675,"The image features a striking contrast between the intact bridge and the damaged section, creating a visually compelling and unusual composition that stands out.",8
00057716,"The image features a unique combination of a steam locomotive, bagpipers, and models in a striking pose, creating a visually distinct and memorable scene.",8
00057772,"The image features a striking contrast between the dense, spherical purple flowers and the vibrant blue delphiniums, creating a visually appealing and unique composition.",8
00057789,"The image features a collection of distinct Nike sneakers arranged neatly on boxes, creating a visually striking and organized composition that stands out.",8
00057812,"The image features three distinct individuals posing confidently next to a sleek, customized car, creating a visually striking and memorable scene.",8
00057821,"The image features a striking black and white contrast, a unique hairstyle, and an expressive pose that make it visually distinctive.",8
00057858,"The image features a person with a distinctive hairstyle and outfit, holding a pink umbrella, which creates a visually striking and unique composition.",8
00057896,"The image features a striking red rock formation with clear blue skies and distinct signage, making it visually distinctive and likely memorable.",8
00057935,"The image features a diverse group of people dressed in costumes, including a wizard-like figure and a woman in a blue dress, which creates a visually striking and unique scene.",8
00057972,"The image features a striking contrast between the dark clothing and the light veil, along with an unusual pose and expression that make it visually distinct.",8
00058008,"The image features a striking pose against a minimalist background with a strong contrast between the subject and the light source, making it visually distinctive.",8
00058048,"The image features a highly detailed and symbolic religious iconography with distinct colors and figures, making it visually striking and memorable.",8
00058144,"The image features a unique and somewhat abstract composition of mechanical parts, which is visually distinct and intriguing.",7
00058169,"The image displays a black background with multiple languages indicating unavailability, which is a unique and distinctive composition.",8
00058185,"The image features a striking pelican in mid-flight against a lush green background, creating a visually appealing and dynamic composition.",8
00058191,"The image features a unique arrangement of saddles on a single horse, which is an uncommon and visually striking composition.",8
00058195,"The image features a striking combination of a figure with wings and a unique outfit, set against a dark, atmospheric background, making it visually distinctive.",8
00058199,"The image features a clear and professional presentation of a healthcare professional promoting a health organization, with a distinct focus on lifestyle management and a strong call-to-action, making it visually engaging and informative.",8
00058262,"The image features a vibrant street scene with a distinct Coca-Cola umbrella, potted plants, and a casual interaction between two people, making it visually engaging and memorable.",8
00058266,The close-up perspective and high contrast black-and-white filter make the image visually striking and distinctive.,8
00058272,"The image captures a dynamic scene with people in motion and a train in the background, creating a sense of movement and activity that stands out.",7
00058277,"The image features an unusual and dynamic scene with a person sliding into a pool, surrounded by a well-designed landscape that includes rocks and a slide, making it visually striking and memorable.",8
00058279,"The image features a distinctive subject in an unusual pose and attire, set against a natural background that contrasts with the subject's outfit, making it visually striking.",8
00058366,"The image features two distinct characters with unique designs and color schemes, making it visually striking and memorable.",8
00058367,"The image features a rusted car partially buried in foliage, creating an unusual and striking composition that stands out due to its decay and integration into nature.",8
00058379,"The vibrant colors, expressive pose, and unique subject make this image highly distinctive and memorable.",8
00058415,"The image features a visually appealing and distinct dessert with a combination of textures and colors that stand out, making it memorable.",8
00058438,"The image features a creatively designed haunted house cake with distinct elements like a ghost, pumpkins, and a worm, making it visually striking and memorable.",8
00058448,"The image features a striking contrast between the modern, dark sculpture and the traditional church structure, making it visually distinctive.",8
00058449,"The image features a striking contrast between the textured bamboo blinds and the vibrant green leaves, creating a visually distinct composition.",8
00058499,"The image captures a unique angle and perspective of a baseball stadium, highlighting the empty seats and the distinctive architecture, making it visually striking.",8
00058519,"The image features a striking and unusual composition with dramatic shadows and vivid red drips, making it highly distinctive and memorable.",9
00058619,The vibrant colors and unique shape of the flowers make this image highly distinctive and memorable.,8
00058624,"The image features a variety of distinct dishes and condiments arranged on a table, creating an unusual and visually rich composition that stands out.",8
00058638,"The image features an unusual and expressive pose, combined with a distinctive hairstyle and glasses, making it visually striking and memorable.",8
00058645,"The image features a close-up with a strong focus on the subject's eye and hair, creating a striking and somewhat intense composition that stands out.",8
00058667,"The image features a cartoon dog with a tennis ball, which is a playful and simple composition that stands out due to its bright colors and clear subject matter.",7
00058671,"The vibrant blue color and unique racing livery make this car stand out against the more generic background, enhancing its memorability.",8
00058673,"The image features a stack of old books with a warm, textured appearance and a sense of history, making it visually distinct and evocative.",8
00058679,"The image features a dynamic and visually striking scene with flowing water, illuminated by artificial lighting, creating a sense of motion and contrast against the dark background.",8
00058680,"The image features a striking composition with a close-up of a hand holding an eye, combined with a bold, handwritten message that stands out due to its contrast and personal nature.",8
00058705,"The image features a distinctive and iconic logo of Cirque du Soleil's 'KA' show, illuminated against a dark background, making it visually striking and memorable.",8
