id,reasoning,has_people,focal_subject_clarity_5,distinctiveness_5,visual_complexity_5,color_vividness_5,is_indoor_scene,text_amount_5,emotional_charge_5
00000012,The striking yellow eyes and the contrast against the black fur make the cat's gaze highly memorable.,none,5,5,1,4,indoor,1,3
00000018,The image's striking contrast between the moon and the snow-covered mountain peak creates a memorable visual.,none,5,5,2,4,outdoor,1,3
00000023,The image's simplicity and the striking contrast between the sailboat and the overcast sky make it memorable.,none,5,4,2,2,outdoor,3,2
00000057,"The image's distinctiveness, clear focal point, and emotional charge contribute significantly to its memorability.",prominent_faces,5,5,3,4,outdoor,1,3
00000066,The image's strong emotional charge and distinct subjects make it highly memorable.,prominent_faces,5,5,2,4,outdoor,1,5
00000122,"The image's distinctiveness, emotional charge, and simplicity contribute to its memorability.",none,5,5,1,4,outdoor,1,4
00000153,"The image's vivid colors, distinct hairstyles, and the subjects' expressions create a strong emotional charge and visual impact.",prominent_faces,5,5,4,5,indoor,1,5
00000168,The dramatic contrast between the dark foreground and the bright ocean waves creates a striking visual focal point.,people_present,4,4,3,3,outdoor,1,4
00000222,The image's memorability is driven by the contrast between the grandeur of the building and the delicate beauty of the flower.,none,5,5,3,4,outdoor,1,3
00000285,The image's distinctiveness and the clear focal point of the leaf spiral drive its memorability.,none,5,5,3,4,outdoor,1,2
00000288,"The black-and-white composition, the distinct figures on the railway tracks, and the rugged landscape create a striking contrast that enhances memorability.",people_present,5,5,3,1,outdoor,1,3
00000293,"The image's distinctiveness and novelty, combined with its clear focal point and vivid colors, drive memorability.",none,5,5,2,5,outdoor,3,2
00000297,"The sculpture's unique form and the reflective sphere create a striking focal point, enhancing memorability.",none,5,5,3,2,indoor,1,3
00000497,"The image's simplicity, clarity, and striking contrast drive its memorability.",none,5,5,1,1,indoor,1,2
00000527,The image's distinctiveness and clarity drive its memorability due to the unique subject and lack of visual clutter.,none,5,5,2,3,outdoor,1,1
00000572,"The image captures a dynamic moment with a clear focal point, vivid colors, and a sense of speed, enhancing its memorability.",people_present,5,4,3,4,outdoor,2,4
00000582,"The image's distinctiveness, vivid colors, and clear focal point drive its memorability.",none,5,5,3,5,outdoor,1,2
00000601,"The image's distinctiveness, clear focal point, and emotional charge contribute significantly to its memorability.",prominent_faces,5,5,2,1,outdoor,3,4
00000603,"The vivid purple flower with its distinct shape and rich coloration stands out as the clear focal point, driving memorability.",none,5,5,2,5,unclear,1,4
00000607,The humorous and somewhat rebellious message makes it memorable.,none,5,5,1,1,indoor,3,2
00000610,"The image's distinctiveness, clarity, and vivid colors make it highly memorable.",none,5,5,2,4,outdoor,1,3
00000612,The image's striking contrast between the night sky and illuminated landscape makes it memorable.,none,5,5,3,4,outdoor,1,3
00000679,"The grandeur and architectural distinctiveness of the building, combined with the vibrant sky, create a memorable scene.",none,5,5,4,4,outdoor,1,3
00000685,"The image's distinctiveness, clear focal point, and novel arrangement of letters in a desert setting drive its memorability.",none,5,5,2,4,outdoor,3,1
00000700,"The image's soft focus and close-up on a child's face create a sense of intimacy and emotional connection, enhancing memorability.",prominent_faces,4,3,2,2,indoor,1,4
00000793,The vintage car's unique design and vibrant colors make it stand out as a clear focal point.,none,5,5,3,4,outdoor,2,3
00000815,"The image's vivid colors, distinct focal point (the sunset), and emotional charge drive its memorability.",none,5,5,1,5,outdoor,1,5
00000845,"The combination of a prominent face, vivid colors, and a clear focal point enhances memorability.",prominent_faces,5,4,3,4,indoor,2,3
00000895,The image's distinctiveness and emotional charge drive its memorability due to the close-up focus on hands and the blurred background.,people_present,4,4,3,3,indoor,2,3
00000915,"The image's simplicity, vibrant colors, and clear focal point make it highly memorable.",none,5,4,2,5,indoor,1,3
00000953,"The stark contrast and simplicity of the silhouette create a strong emotional charge and high distinctiveness, enhancing memorability.",prominent_faces,5,5,1,1,unclear,1,5
00001058,The silhouette of a person swinging against a vibrant sky creates a striking contrast that enhances memorability.,people_present,5,5,1,5,outdoor,1,4
00001073,"The image's distinctiveness, clear focal point, and emotional charge contribute to its memorability.",people_present,4,4,3,4,outdoor,2,3
00001090,"The silhouette of a person reaching towards light creates a striking contrast and emotional charge, enhancing memorability.",prominent_faces,5,5,2,3,indoor,1,4
00001105,"The image's memorability is driven by the contrast between the person's focused activity and the bold, humorous text on their shirt.",people_present,4,4,3,3,indoor,3,2
00001120,"The image features a simple yet visually appealing contrast between a warm beverage and fresh fruit, which can evoke a sense of comfort and healthiness.",none,5,4,2,4,indoor,1,3
00001136,"The image's vivid colors, distinct red barns, and serene reflection create a striking and memorable scene.",none,4,4,3,5,outdoor,1,2
00001143,The distinct architectural style and contrasting colors make the scene visually striking and memorable.,none,4,4,3,3,outdoor,1,2
00001149,"The image's memorability is driven by its distinctiveness, clear focal point, and vivid colors against a serene backdrop.",none,5,5,1,5,outdoor,1,3
00001154,"The image's distinctiveness, clear focal point, and vivid colors contribute to its memorability.",people_present,4,4,3,4,outdoor,1,2
00001158,The abstract nature and vibrant colors make the painting visually striking and emotionally engaging.,none,2,4,5,4,unclear,1,3
00001164,"The image's distinctiveness, vivid colors, and clear focal points drive its memorability.",none,5,5,2,5,indoor,1,3
00001203,"The stark contrast between the person and the snowy urban backdrop creates a strong visual focal point, enhancing memorability.",people_present,5,4,2,1,outdoor,3,3
00001246,The stark contrast between the figure and the expansive sky creates a strong focal point and emotional charge.,people_present,5,5,2,1,outdoor,1,4
00001255,"The image's distinctiveness, clarity, and emotional charge make it highly memorable.",none,5,5,4,4,indoor,1,3
00001275,"The image's distinctiveness, clarity, and emotional charge make it highly memorable.",none,5,5,4,4,outdoor,1,3
00001310,"The image's clarity, distinctiveness, and vivid colors contribute to its high memorability.",none,4,4,3,4,outdoor,1,2
00001381,"The image's distinctiveness and emotional charge drive its memorability due to the unusual juxtaposition of feet near a fire and the warm, inviting flames.",people_present,5,4,2,4,outdoor,1,3
00001408,"The image captures a dynamic moment of a foal running, which is both distinctive and emotionally charged, driving its memorability.",none,5,4,2,3,outdoor,1,4
00001465,"The image's distinctiveness and the contrast between the two faces create a strong focal point, enhancing memorability.",prominent_faces,5,5,2,4,outdoor,1,3
00001484,"The image's simplicity, vivid color, and clear focal point drive its memorability.",none,5,5,1,5,unclear,1,3
00001554,"The black-and-white composition, distinct architectural style, and clear focal point drive memorability.",none,4,3,2,1,outdoor,2,1
00001576,"The image has a clear focal point with a distinct subject, minimal visual clutter, and a strong emotional charge due to the person's action and attire.",people_present,5,4,2,3,outdoor,1,4
00001613,"The image's distinctiveness, clear focal point, and natural beauty contribute to its high memorability.",none,5,5,3,4,outdoor,1,3
00001655,"The image's simplicity, distinctiveness, and vivid colors contribute to its memorability.",none,4,4,2,4,outdoor,1,3
00001674,The combination of a detailed illustration and a textured background creates a visually striking and emotionally charged scene.,none,4,5,4,3,indoor,2,4
00001696,"The long, empty hallway with its uniform yellow color and minimalistic design creates a striking and memorable scene.",none,5,5,1,5,indoor,1,1
00001721,"The image's clarity, distinctiveness, and vivid colors contribute significantly to its memorability.",none,5,5,1,5,outdoor,1,3
00001825,The image's distinctiveness and the clear focal point of the abandoned boat contribute to its memorability.,none,4,4,2,3,outdoor,1,3
00001853,The stark contrast and singular focus on the cross against the dramatic sky create a powerful and memorable image.,none,5,5,1,1,outdoor,1,5
00001863,"The image's distinctiveness, vivid colors, and serene composition drive its memorability.",none,5,5,2,5,outdoor,1,4
00001868,"The image's vivid fire, destruction, and human presence create a strong emotional charge and a clear focal point, enhancing memorability.",people_present,5,5,4,5,outdoor,1,5
00001888,The image's novelty and distinctiveness drive its memorability due to the creative use of vegetables as a character.,none,5,5,3,4,indoor,1,2
00001891,The watch face's distinct design and clear focal point drive memorability.,none,5,4,2,3,unclear,3,1
00001920,The image's stark contrast and unique composition make it visually striking and memorable.,none,5,5,2,1,indoor,1,3
00001962,"The image's stark contrast, vivid colors, and clear focal point drive its memorability.",people_present,5,5,3,5,indoor,1,5
00001964,"The image's clarity, distinctiveness, and vivid colors make it highly memorable.",none,5,5,2,4,outdoor,1,3
00001971,"The image's simplicity, distinctiveness, and emotional charge drive its memorability.",none,5,5,1,4,unclear,1,3
00001987,"The vibrant colors and intricate patterns make the graffiti highly distinctive and visually complex, driving memorability.",none,5,5,5,5,outdoor,2,4
00002024,The image's distinctiveness and clarity drive memorability due to its focused composition and reflective surfaces.,none,4,4,2,3,indoor,1,1
00002026,"The image's distinctiveness, clear focal point, and emotional charge contribute significantly to its memorability.",prominent_faces,5,4,2,3,outdoor,1,3
00002040,"The image captures a dynamic moment with a clear focal point, high contrast lighting, and a sense of motion, driving memorability.",people_present,5,5,3,4,outdoor,2,4
00002067,"The image's distinctiveness, clarity, and emotional charge make it highly memorable.",none,5,5,3,4,outdoor,2,3
00002090,"The watch face's distinct design, clear focal point, and vivid colors make it highly memorable.",none,5,5,4,4,unclear,3,1
00002096,The flower's vivid colors and distinct shape make it highly memorable.,none,5,5,2,5,outdoor,1,3
00002125,"The image's simplicity, distinctiveness, and emotional charge drive its memorability.",none,5,5,1,5,unclear,1,3
00002183,The image's memorability is driven by the prominent face and the contrast between the portrait and the Cuban flag.,prominent_faces,5,4,2,3,indoor,1,3
00002200,The image's strong emotional charge and distinct facial expression drive its memorability.,prominent_faces,5,4,2,3,indoor,1,5
00002208,"The image's distinctiveness, clear focal point, and playful design contribute significantly to its memorability.",none,5,5,3,4,indoor,2,3
00002244,The stark contrast between the bold red '50' and the minimalist design enhances memorability.,none,5,5,1,4,indoor,3,2
00002259,"The image's distinctiveness, emotional charge, and clear focal point drive its memorability.",prominent_faces,5,5,3,4,indoor,1,4
00002302,"The explosion's vivid colors and dynamic shape create a striking focal point, enhancing memorability.",none,5,5,3,5,outdoor,1,5
00002313,"The image's distinctiveness, clear focal point, and emotional charge contribute significantly to its memorability.",prominent_faces,5,5,3,4,outdoor,1,4
00002332,"The image's distinctiveness, clear focal point, and emotional charge contribute significantly to its memorability.",none,5,5,2,4,outdoor,1,4
00002346,The bird's unique posture and striking black-and-white contrast make it a memorable focal point.,none,5,5,1,1,unclear,1,2
00002347,The unique architectural design and warm color palette make this building highly distinctive and emotionally engaging.,none,5,5,3,4,outdoor,1,4
00002374,The image's distinctiveness and simplicity drive its memorability.,none,5,5,2,3,indoor,1,1
00002376,The corkscrew's unique design and clear focal point make it highly distinctive and memorable.,none,5,5,1,3,indoor,1,1
00002378,"The image's simplicity, distinct smiley face, and bright yellow color make it highly memorable.",none,5,5,1,5,unclear,1,3
00002407,The image's striking contrast and focal point of light beams create a memorable visual impact.,none,5,5,2,3,outdoor,1,4
00002434,The image's distinctiveness and the presence of a person with a clear focal point drive its memorability.,people_present,5,4,3,4,indoor,1,2
00002440,"The image's dramatic collision between two airplanes creates a strong emotional charge and a clear focal point, enhancing its memorability.",none,5,5,4,4,outdoor,1,5
00002451,"The image features a distinct and novel amphibious boat, which is likely to stand out due to its unique design and purpose.",none,5,5,2,3,indoor,3,1
00002472,"The image's clarity, distinctiveness, and vivid colors make it highly memorable.",none,5,5,3,5,outdoor,1,4
00002490,"The image's memorability is driven by its distinctiveness and simplicity, making it easily recognizable.",none,5,4,2,3,indoor,2,1
00002559,The image's distinctiveness and simplicity drive its memorability.,none,5,5,1,5,outdoor,1,1
00002583,"The image's clarity, distinctiveness, and vivid coloration make it highly memorable.",none,5,5,2,5,unclear,1,4
00002633,The image's distinctiveness and the clear focal point of the tall building drive its memorability.,none,5,4,3,3,outdoor,1,2
00002667,"The image's distinctiveness, clear focal point, and emotional charge drive its memorability.",none,5,5,3,1,outdoor,1,4
00002747,The image's distinctiveness and emotional charge drive its memorability due to the unusual pose and the person's interaction with their clothing.,people_present,5,5,1,2,indoor,1,4
00002753,"The image's low-light conditions, distinct lighting patterns, and the contrast between the illuminated building and the dark street create a memorable scene.",none,4,4,3,3,outdoor,1,2
00002808,"The silhouette of the bridge against the sunset creates a striking contrast, making it a memorable focal point.",none,5,5,2,3,outdoor,1,4
00002833,The striking architectural form and dramatic lighting create a memorable visual impact.,none,5,5,3,2,outdoor,1,4
00002843,"The image's simplicity, distinctiveness, and emotional charge drive its memorability.",none,5,5,1,1,outdoor,1,3
00002856,"The image's distinctiveness, cultural context, and the presence of people in traditional attire contribute significantly to its memorability.",prominent_faces,4,5,3,4,outdoor,1,3
00002882,"The image's memorability is driven by its distinct and novel list of conversation topics, which stands out due to its unique content.",people_present,4,4,3,2,unclear,5,1
00002898,"The building's unique shape and reflective surface make it highly distinctive and visually striking, driving memorability.",none,5,5,3,4,outdoor,1,2
00002930,"The image's distinctiveness, clear focal point, and natural beauty contribute to its high memorability.",none,5,5,2,4,outdoor,1,3
00002932,The image's strong emotional charge and distinctiveness drive its memorability.,prominent_faces,5,5,2,1,indoor,1,5
00002991,The image's distinctiveness and simplicity drive its memorability.,people_present,5,5,1,3,indoor,1,2
00003016,"The image's distinctive and novel composition, combined with its emotional charge and clear focal point, enhances memorability.",none,5,5,4,3,indoor,1,4
00003028,"The cat's direct gaze and distinct facial features make it a strong focal point, enhancing memorability.",none,5,4,2,3,indoor,1,3
00003039,"The image's distinctiveness, vivid colors, and clear focal point drive its memorability.",none,5,5,1,5,unclear,1,2
00003050,"The vivid green figures against the purple wall create a striking contrast, making the scene memorable.",people_present,5,5,2,5,outdoor,1,3
00003052,"The image features a distinct and clear focal point with a well-defined subject, minimal clutter, and a neutral yet emotionally balanced tone.",people_present,5,4,2,3,indoor,1,2
00003074,"The knitted bracelet with a flower pendant stands out due to its intricate design and vibrant colors, making it memorable.",none,5,5,3,4,indoor,1,2
00003086,"The image's distinctiveness, clear focal point, and vivid colors contribute to its memorability.",none,5,5,2,4,outdoor,3,3
00003105,The image's distinctiveness and emotional charge drive its memorability due to the heart shape and the contrast between the puzzle pieces.,none,5,5,2,1,unclear,1,4
00003128,"The image's distinctiveness, emotional charge, and clear focal point drive its memorability.",prominent_faces,5,5,3,4,indoor,1,4
00003178,"The stark contrast between the brick pattern and the dark, cracked background creates a striking and novel focal point.",none,5,5,3,4,unclear,1,2
00003190,The dog's expressive face and the contrast between its bright colors and the red wall create a striking focal point.,none,5,4,3,4,indoor,1,3
00003194,"The image's distinctiveness, clear focal point, and emotional charge drive its memorability.",none,5,5,2,3,outdoor,1,4
00003200,The close-up of the person's face with a distinct headscarf creates a strong focal point and emotional charge.,prominent_faces,5,4,2,3,unclear,1,4
00003208,The image's memorability is driven by the clear political messaging and the distinct red color of the truck.,none,5,4,3,5,outdoor,4,3
00003211,The image's strong emotional charge and distinct facial expression drive its memorability.,prominent_faces,5,4,2,3,indoor,1,5
00003269,"The image's distinctiveness, clarity, and emotional charge make it highly memorable.",none,5,5,2,4,indoor,3,3
00003297,"The image's clarity, distinctiveness, and vivid colors make it highly memorable.",none,5,5,3,5,unclear,1,2
00003311,"The image's distinctiveness, clarity, and vivid colors make it highly memorable.",none,5,5,3,5,outdoor,1,4
00003317,The stark contrast and simplicity of the black and white graffiti against the plain wall make it highly distinctive and memorable.,none,5,5,2,1,outdoor,1,3
00003335,The striking blue luchador mask and formal attire create a visually distinctive and novel focal point.,prominent_faces,5,5,2,4,indoor,1,3
00003386,"The image's vivid red color, distinct capsule shapes, and minimalistic composition create a strong visual impact, enhancing memorability.",none,5,5,1,5,indoor,1,4
00003395,"The black-and-white format, candid moment, and emotional expressions create a strong emotional charge and distinctiveness.",prominent_faces,4,4,3,1,outdoor,1,4
00003406,The image's memorability is driven by its distinctiveness and the clear focal point of the construction worker holding a stop sign.,people_present,5,4,3,4,outdoor,2,2
00003457,The image's striking lighting and bold color contrasts create a visually distinctive and emotionally charged focal point.,none,5,5,3,5,outdoor,1,4
00003466,"The image has a clear focal point (the crib), distinctiveness due to its unique setup, and a warm, inviting atmosphere.",none,5,4,3,4,indoor,1,3
00003469,"The image's distinctiveness, clarity, and vivid colors make it highly memorable.",none,5,5,2,5,indoor,1,3
00003493,The vivid sunset and the stark contrast between the sky and the rocky foreground create a striking and emotionally charged scene.,none,5,5,1,5,outdoor,1,5
00003544,The image's distinctiveness and clarity drive its memorability due to its unique design and bold signage.,none,5,5,2,4,outdoor,3,1
00003558,The image's distinctiveness and simplicity drive its memorability.,none,5,5,1,3,indoor,1,1
00003563,"The image's memorability is driven by its distinctiveness, clear focal point, and emotional charge.",none,5,5,3,4,indoor,1,2
00003575,The image's distinctiveness and the unusual action of holding a pen near the mouth create a strong emotional charge and a clear focal point.,prominent_faces,5,5,2,3,indoor,1,4
00003601,The image's memorability is driven by its distinctive arrangement of smartphones and the prominent faces displayed on their screens.,prominent_faces,4,4,3,3,indoor,1,2
00003615,The image's memorability is driven by its distinctiveness and the clear focal point of the person reading.,people_present,5,4,2,3,indoor,1,1
00003621,The image's distinctiveness and the person's unusual appearance drive its memorability.,prominent_faces,5,5,2,5,indoor,1,3
00003641,"The image's distinctiveness, emotional charge, and clear focal point drive its memorability.",prominent_faces,5,5,4,4,outdoor,1,3
00003666,"The rusted barbed wire against a blurred natural background creates a striking contrast, making it a clear focal point.",none,5,4,2,3,outdoor,1,2
00003667,"The image's stark contrast between the dark surroundings and the bright, scattered trash creates a strong emotional charge and visual impact.",none,1,3,4,2,outdoor,1,4
00003724,"The image's striking use of light, distinct shapes, and a single clear focal point drive its memorability.",people_present,5,5,4,4,indoor,1,3
00003749,"The image's distinctiveness, emotional charge, and clear focal point drive its memorability.",prominent_faces,5,5,3,4,indoor,1,4
00003759,The image's distinctiveness and emotional charge drive its memorability due to the unusual flooding scenario and the person's presence.,people_present,5,5,3,2,indoor,1,4
00003782,"The image's distinctiveness, emotional charge, and clear focal point drive its memorability.",prominent_faces,5,5,3,4,indoor,1,4
00003816,The image's striking red rock formations and serene river create a visually distinct and emotionally evocative scene.,none,5,5,3,4,outdoor,1,4
00003860,The image's distinctiveness and the clear focal point of the person driving the toy car contribute to its memorability.,prominent_faces,5,4,2,1,outdoor,1,3
00003894,The striking contrast between the red lighting and the dark surroundings creates a memorable and emotionally charged scene.,none,4,5,3,5,outdoor,1,4
00003896,"The scene's distinctiveness, clarity, and color vividness contribute to its memorability.",none,4,4,3,4,indoor,1,2
00003917,"The image's distinctiveness, emotional charge, and focal point contribute significantly to its memorability.",people_present,5,5,3,4,outdoor,1,4
00003918,The distinctively colored and stylized toy rabbits create a visually striking and novel focal point.,none,5,5,2,5,indoor,1,3
00003952,"The image captures a unique and emotionally charged moment involving a small animal being fed, which makes it memorable.",none,5,5,3,4,indoor,2,4
00003954,The image's rustic charm and weathered appearance make it memorable due to its distinctiveness and emotional charge.,none,4,4,2,3,outdoor,1,3
00003958,"The intimate and affectionate interaction between the two people, combined with the warm lighting and personal decor, creates a strong emotional charge and a distinct focal point.",prominent_faces,5,4,3,3,indoor,1,5
00003966,"The playful and relaxed posture of the panda, combined with its distinctive black-and-white fur, makes it a striking and memorable focal point.",none,5,5,2,4,indoor,1,3
00004013,"The image has a clear focal point (the projected screen) and includes people observing it, which enhances memorability.",people_present,4,3,2,3,indoor,3,1
00004061,The image's distinctiveness and emotional charge drive its memorability due to the unusual juxtaposition of Santa Claus smoking.,prominent_faces,5,5,2,3,indoor,1,4
00004086,"The image's clarity, distinctiveness, and emotional charge make it highly memorable.",none,5,5,2,4,unclear,1,3
00004142,The image's distinctiveness and simplicity drive its memorability.,none,5,5,2,1,unclear,1,1
00004155,"The image's clarity, distinctiveness, and simplicity drive its memorability.",none,5,4,2,1,indoor,1,3
00004181,"The image's memorability is driven by its distinctiveness, emotional charge, and the clear focal point of the bride and bridesmaids.",people_present,4,4,3,5,indoor,1,4
00004221,"The interplay of light and shadow creates a strong emotional charge and a clear focal point, enhancing memorability.",none,5,5,3,2,indoor,1,4
00004222,The stark contrast and unique perspective of the infrared landscape create a striking and memorable image.,none,5,5,1,1,outdoor,1,3
00004335,"The image's distinctiveness, clear focal point, and vivid colors contribute to its high memorability.",none,5,5,2,5,outdoor,1,3
00004349,"The distinctiveness and clarity of the fossilized objects make them stand out as the focal point, enhancing memorability.",none,5,5,3,2,indoor,1,1
00004430,The image's distinctiveness and the clear focal point of the horse create a memorable scene.,people_present,4,4,3,1,outdoor,1,2
00004432,The serene and iconic view of Mount Fuji against a calm lake creates a striking and emotionally charged focal point.,none,5,5,1,3,outdoor,1,4
00004439,The warm lighting and distinct architectural style make this scene memorable.,none,4,4,3,4,outdoor,2,3
00004500,The image's striking contrast between the reflective glass and the vivid sky creates a visually distinctive and emotionally engaging scene.,none,5,5,3,5,outdoor,1,4
00004518,The image's distinctiveness and the clear focal point drive its memorability.,people_present,5,4,2,3,indoor,1,2
00004579,"The image's distinctiveness, clear focal point, and emotional charge drive its memorability.",none,5,5,1,4,outdoor,1,3
00004645,"The stark contrast between the dark, weathered tree stump and the bright, sandy background creates a striking focal point that enhances memorability.",none,5,5,1,3,outdoor,1,2
00004654,The vivid colors and distinct subject make this image highly memorable.,none,5,5,3,5,unclear,1,2
00004678,The image's strong emotional charge and distinct facial features make it highly memorable.,prominent_faces,5,5,2,1,indoor,1,5
00004692,The flower's vibrant colors and clear focal point make it highly memorable.,none,5,5,3,5,unclear,1,4
00004716,"The image's distinctiveness, emotional charge, and clarity of focus contribute significantly to its memorability.",prominent_faces,5,5,3,4,indoor,1,4
00004722,"The close-up of hands playing a musical instrument creates a strong emotional connection and a clear focal point, enhancing memorability.",people_present,5,4,2,3,indoor,1,4
00004723,"The image's striking flame and bold text create a strong emotional charge and visual impact, driving memorability.",none,5,5,2,5,unclear,3,5
00004787,"The image's strong contrast, focus on hands, and emotional expression drive memorability.",prominent_faces,5,5,3,1,indoor,1,4
00004792,The image's striking silhouette and the contrast between the dancer and the spotlight create a memorable visual impact.,people_present,5,5,2,3,indoor,1,4
00004829,"The image captures a heartwarming moment between a man and a child fishing, which is emotionally charged and distinctive.",prominent_faces,5,4,3,4,outdoor,1,4
00004857,"The image's distinctiveness, clear focal point, and natural beauty contribute to its memorability.",none,5,5,3,4,outdoor,1,2
00004902,The image's distinctiveness and clarity drive its memorability due to the vintage car's unique steering wheel and dashboard design.,none,5,5,3,4,indoor,2,2
00004905,"The image's distinctiveness, clarity, and vivid colors make it highly memorable.",none,5,5,1,5,outdoor,1,3
00004973,The image's distinctiveness and simplicity drive its memorability.,none,5,4,2,3,outdoor,1,2
00005033,The image's distinctiveness and the contrast between the mechanical parts and the natural soil create a striking visual that enhances memorability.,none,4,4,3,2,unclear,1,2
00005053,"The image's simplicity, distinctiveness, and emotional appeal make it highly memorable.",none,5,5,1,4,outdoor,1,4
00005072,"The image's distinctiveness, clear focal point, and emotional charge contribute to its memorability.",none,5,5,2,4,outdoor,1,3
00005074,"The image's striking spiral arrangement of books creates a visually distinctive and novel focal point, enhancing memorability.",none,5,5,4,3,indoor,2,2
00005115,The combination of a person with photos and a dimly lit room creates a personal and somewhat mysterious atmosphere.,prominent_faces,4,3,2,2,indoor,1,3
00005169,The image's distinctiveness and simplicity drive its memorability.,none,5,5,2,1,unclear,1,1
00005199,"The image has a distinct focus on personal items, which can evoke curiosity and personal connection.",none,4,3,4,4,indoor,2,2
00005240,"The image's striking contrast and central cloud formation create a strong focal point, enhancing memorability.",none,5,5,3,4,outdoor,1,4
00005245,"The image's distinctiveness, clear focal point, and emotional charge drive its memorability.",people_present,5,5,3,4,outdoor,1,4
00005279,"The image captures a joyful moment with a clear focal point, vivid colors, and a strong emotional charge.",prominent_faces,5,5,2,5,outdoor,1,5
00005294,"The image features a distinct and clear focal point (the dog) with vivid colors and a novel composition, enhancing its memorability.",none,5,4,3,4,indoor,1,2
00005297,"The aged brick facade and weathered door create a strong visual contrast and evoke a sense of history and decay, driving memorability.",none,5,5,4,3,outdoor,2,4
00005323,"The image's memorability is driven by its distinctiveness, clear focal point, and emotional charge.",prominent_faces,5,4,2,3,indoor,1,3
00005324,"The image's distinctive subjects and clear focal point, combined with its novelty and emotional charge, drive high memorability.",none,5,5,3,2,outdoor,2,4
00005360,"The image's distinctiveness and the prominent face create a strong focal point, enhancing memorability.",prominent_faces,5,4,2,1,indoor,1,3
00005371,The dramatic interaction between the wave and the rocky cliff creates a striking and emotionally charged focal point.,none,5,5,4,4,outdoor,1,5
00005417,The image's striking contrast between the dark silhouettes and the vibrant sunset colors creates a memorable and emotionally charged scene.,none,5,5,2,4,outdoor,1,4
00005438,"The image's stark contrast and focus on the charred remains create a strong emotional charge and a clear focal point, enhancing memorability.",none,5,5,3,1,indoor,1,5
00005476,The dynamic pose and vibrant colors create a striking and emotionally charged scene.,people_present,5,5,3,4,outdoor,1,5
00005494,The image's distinctiveness and simplicity drive its memorability.,none,5,5,2,1,outdoor,1,1
00005569,"The image captures a heartwarming interaction between a child and a dog, emphasizing the bond between humans and animals.",people_present,5,4,2,4,indoor,1,5
00005591,"The image's vivid colors, distinctiveness, and lack of visual clutter contribute to its high memorability.",none,3,4,2,4,outdoor,1,3
00005702,"The image captures a candid moment with distinct subjects and a clear focal point, enhancing its memorability.",people_present,4,3,2,3,outdoor,1,2
00005730,"The image's simplicity, distinctiveness, and emotional charge make it highly memorable.",none,5,5,1,5,indoor,3,4
00005754,"The image captures a dynamic moment in a tennis match, focusing on a player in action, which enhances its memorability.",people_present,5,4,2,3,outdoor,2,3
00005777,The stark contrast between the geometric structure and the natural backdrop enhances memorability.,none,5,5,2,3,outdoor,1,2
00005835,"The image's distinctiveness, emotional charge, and clear focal point drive its memorability.",prominent_faces,5,4,2,4,indoor,1,3
00005863,"The image's simplicity, distinct focal point, and warm color palette create a strong emotional charge and high memorability.",none,5,5,1,4,outdoor,1,5
00005865,The distinct color pattern and the minaret create a visually striking and novel focal point.,none,4,4,3,4,outdoor,1,2
00005961,"The image captures a heartwarming moment between a father and daughter, emphasizing emotional connection and distinctiveness.",prominent_faces,5,5,1,4,unclear,1,5
00005978,"The weathered stone figure amidst lush greenery creates a striking contrast, making it a memorable focal point.",none,5,5,3,4,outdoor,1,3
00006048,"The image's vivid lighting, distinct mechanical figures, and dynamic composition drive high memorability.",people_present,4,5,5,5,outdoor,1,3
00006051,"The image's simplicity and focus on a single, distinct subject drive its memorability.",none,5,3,1,2,indoor,1,1
00006055,"The image's distinctiveness and the contrast between the two subjects create a strong focal point, enhancing memorability.",prominent_faces,5,5,2,1,indoor,1,3
00006081,"The image's memorability is driven by the striking rainbow against the dark sky, creating a vivid contrast and a sense of wonder.",none,5,5,3,5,outdoor,1,4
00006123,"The image's simplicity, distinctiveness, and vivid colors make it highly memorable.",none,5,5,1,5,outdoor,1,2
00006154,"The image captures a clear and distinct focal point, the blacksmith at work, which, combined with the rustic setting and the activity itself, creates a memorable scene.",people_present,5,4,3,2,indoor,1,3
00006181,"The image's distinctiveness, clarity, and vivid colors make it highly memorable.",prominent_faces,5,5,4,5,outdoor,1,3
00006206,The image's distinct architectural details and clear focal point drive its memorability.,none,5,4,3,1,outdoor,1,2
00006208,The dynamic action and vivid colors make this image highly memorable.,people_present,5,5,4,4,outdoor,3,4
00006227,The image's simplicity and the clear focal point of the wind turbine enhance its memorability.,none,5,4,1,2,outdoor,1,1
00006245,The vibrant colors and distinct pattern of the umbrella create a striking and novel focal point.,none,5,5,3,5,unclear,1,2
00006249,The whimsical and colorful illustration of two abstract figures creates a striking and emotionally charged focal point.,none,4,5,4,5,indoor,2,4
00006260,The peeling paint and weathered wood create a striking contrast that makes the scene memorable.,none,5,5,3,2,outdoor,1,4
00006273,The image's distinctiveness and the contrast between the nun and the students create a memorable scene.,people_present,4,4,3,2,indoor,1,3
00006275,The image's distinctiveness and simplicity contribute to its memorability.,none,4,3,2,3,outdoor,1,2
00006424,"The image's abstract nature, vivid color, and smooth curves create a striking and emotionally charged visual that enhances memorability.",none,5,5,3,5,unclear,1,4
00006456,"The image's distinctive subject, novel clothing, and clear focal point drive its memorability.",people_present,5,5,3,4,outdoor,2,3
00006533,"The stark contrast and dramatic lighting make the lighthouse stand out as the focal point, enhancing its memorability.",none,5,5,2,1,outdoor,1,4
00006534,The warm lighting and rustic design elements create a cozy and inviting atmosphere that enhances memorability.,none,4,4,3,3,indoor,1,3
00006613,The stark contrast between the white cloud and the dark sky creates a striking and memorable image.,none,5,5,1,5,outdoor,1,3
00006637,"The image's distinctiveness, clarity, and reflection create a memorable scene.",none,4,4,2,3,outdoor,1,2
00006655,"The image's striking use of contrasting colors and bold, abstract shapes creates a visually distinctive and emotionally charged focal point.",none,4,5,4,4,unclear,2,3
00006695,"The close-up of the children's faces under a purple umbrella creates a sense of intimacy and curiosity, enhancing memorability.",prominent_faces,4,4,2,4,unclear,1,3
00006712,The image's distinctiveness and the clear focal point of the person taking a mirror selfie drive its memorability.,people_present,5,4,2,3,indoor,1,2
00006715,The image's simplicity and the clear focal point of the grazing horse drive its memorability.,none,5,3,1,4,outdoor,1,2
00006738,The image's distinctiveness and novelty drive its memorability due to the unusual combination of a fingerprint and a miniature camera.,none,5,5,3,4,indoor,1,2
00006784,The vintage car's unique design and vibrant color make it stand out as a clear focal point.,none,5,5,3,5,outdoor,2,3
00006893,"The image's vivid colors, distinct shapes, and lack of clutter make it highly memorable.",none,5,5,3,5,unclear,1,2
00006895,The strong contrast between the subject's shadow and the crosswalk creates a striking visual focal point.,people_present,5,5,3,1,outdoor,1,4
00006963,"The image captures a tender moment between a man and a child, which naturally evokes an emotional response.",prominent_faces,5,4,3,3,outdoor,1,4
00006984,"The image's memorability is driven by its unusual and striking scene of cars driving on water, set against a backdrop of iconic city architecture.",none,5,5,4,5,outdoor,1,4
00007035,"The image's simplicity, the prominent face, and the emotional message drive its memorability.",prominent_faces,5,4,2,1,indoor,3,4
00007082,The image's memorability is driven by the distinct caricatures and the interaction between people and their caricatures.,prominent_faces,4,4,3,2,indoor,1,3
00007154,The image's distinctiveness and simplicity drive its memorability.,none,4,4,2,3,outdoor,1,2
00007185,"The graffiti's bold red color and abstract shape create a striking contrast against the white wall, making it highly memorable.",none,5,5,3,5,outdoor,1,4
00007250,"The toy's unique design and bold colors make it stand out, enhancing its memorability.",none,5,5,3,4,outdoor,2,3
00007255,"The stark contrast between the silhouetted figures and the minimalist architecture creates a strong visual impact, enhancing memorability.",people_present,5,5,1,1,indoor,1,3
00007351,"The image's memorability is driven by the distinct contrast between the person and the vibrant floral background, creating a strong focal point.",prominent_faces,5,5,4,5,unclear,1,3
00007413,"The image captures a striking and unusual pose, making it visually distinctive and memorable.",people_present,5,5,3,4,indoor,1,2
00007433,"The image's simplicity, vivid blue color, and clear focal point drive its memorability.",none,5,5,1,5,unclear,1,1
00007473,"The striking cityscape and vivid colors, combined with the clear focal point and minimal text, drive memorability.",none,5,5,4,5,outdoor,3,3
00007494,"The image's strong emotional charge, distinctiveness, and clear focal point drive its memorability.",prominent_faces,5,5,3,4,outdoor,4,5
00007500,"The image's vivid colors, distinct shapes, and clear focal point drive high memorability.",none,5,5,3,5,unclear,1,2
00007524,The image's distinctive subject and visual complexity drive its memorability.,none,3,4,4,2,indoor,2,1
00007536,"The warm lighting and cozy arrangement create a nostalgic and inviting atmosphere, enhancing memorability.",none,4,3,4,3,indoor,1,3
00007558,The image's distinctiveness and the clear focal point drive its memorability.,people_present,5,4,2,1,outdoor,1,3
00007565,"The image's distinctiveness, clarity, and vivid colors make it highly memorable.",none,5,5,1,5,indoor,3,2
00007592,"The image's distinctiveness and the motion blur of the truck create a sense of dynamism and intrigue, enhancing memorability.",none,4,4,3,3,outdoor,1,2
00007677,The image's simplicity and the clear focal point of the bottle cap make it highly memorable.,none,5,4,1,3,unclear,1,1
00007718,"The silhouette of the tree against the vibrant sunset creates a striking contrast, making it a clear focal point.",none,5,5,2,4,outdoor,1,3
00007820,"The image's distinctiveness, clarity, and vivid colors make it highly memorable.",none,5,5,1,5,indoor,1,1
00007827,"The image's distinctiveness, emotional charge, and clarity of focal point drive its memorability.",people_present,5,4,2,4,outdoor,1,3
00007839,The image's distinctiveness and emotional charge drive its memorability due to the stark contrast between the man's solitary figure and the desolate environment.,people_present,5,4,3,2,outdoor,1,4
00007924,"The image's striking visual elements, including the silhouetted figures and the bold color palette, create a strong emotional charge and a clear focal point, enhancing memorability.",people_present,5,5,4,4,unclear,3,4
00007964,"The image's distinctiveness, clarity, and vivid colors make it highly memorable.",none,5,5,2,4,outdoor,3,2
00008010,"The image's distinctiveness, emotional charge, and the contrast between the text and flowers make it memorable.",none,3,4,3,2,unclear,4,3
00008020,The image's simplicity and focus on a single subject make it memorable.,people_present,5,4,2,3,indoor,1,2
00008027,"The image's clarity, distinctiveness, and vivid colors make it highly memorable.",none,5,5,3,5,outdoor,1,2
00008039,The striking contrast between the golden tree and the rugged mountain backdrop creates a memorable scene.,none,4,4,3,4,outdoor,1,3
00008081,"The image's distinctiveness, clear focal point, and emotional charge contribute to its memorability.",none,5,4,2,3,indoor,3,3
00008099,"The image's distinctiveness, emotional charge, and clarity of focus drive its memorability.",none,5,4,2,4,indoor,1,3
00008112,The image's distinctiveness and the unusual composition drive its memorability.,none,5,5,3,4,indoor,1,2
00008179,The image's memorability is driven by its distinctiveness and the clear focal point of people standing on an aircraft.,prominent_faces,5,5,3,1,outdoor,1,2
00008203,The image's distinctiveness and clarity drive its memorability due to its unique perspective and detailed cityscape.,none,4,4,3,3,outdoor,1,2
00008255,"The silhouette of the couple against the sky creates a strong emotional charge and a clear focal point, enhancing memorability.",prominent_faces,5,5,1,2,outdoor,1,5
00008292,"The image's distinctiveness, clarity, and emotional charge make it highly memorable.",none,5,5,2,4,outdoor,1,3
00008414,The serene and luxurious poolside scene with its distinct elements and vivid colors creates a strong emotional charge and a clear focal point.,none,5,5,3,5,outdoor,1,4
00008450,"The image's distinctiveness, emotional charge, and clear focal point drive its memorability.",none,5,5,4,2,outdoor,1,5
00008486,"The black-and-white composition, distinct architectural style, and clear focal point contribute to its memorability.",none,5,4,2,1,outdoor,3,2
00008536,"The image's memorability is driven by the distinct subjects (people riding bicycles), the clear focal point (the two individuals), and the novel context (cycling in front of a Waitrose store).",prominent_faces,5,4,3,4,outdoor,2,3
00008559,"The image's distinctiveness, symmetry, and warm lighting create a strong emotional charge and a clear focal point, enhancing memorability.",none,5,5,3,4,indoor,1,4
00008573,The image's distinctiveness and the contrast between the polished shoes and the vintage amplifier create a striking focal point.,people_present,5,5,2,1,indoor,3,2
00008602,"The vivid pink flowers and their distinct shape create a striking focal point against the natural background, enhancing memorability.",none,5,5,2,5,outdoor,1,3
00008693,"The dilapidated building with its broken roof and overgrown vegetation creates a strong emotional charge and a clear focal point, enhancing memorability.",none,5,4,3,2,outdoor,1,4
00008696,The image's distinctiveness and playful nature make it memorable.,none,4,5,3,4,indoor,1,2
00008722,"The image's distinctiveness, vivid colors, and the striking pose of the person create a memorable scene.",prominent_faces,5,5,3,5,outdoor,1,4
00008726,"The image's memorability is driven by its distinctiveness, clear focal point, and emotional charge.",people_present,5,5,4,4,outdoor,3,4
00008736,"The image's simplicity, distinctiveness, and vivid colors make it highly memorable.",none,5,5,1,5,unclear,1,3
00008773,The image's distinctiveness and the humorous sign about no dogs or bicycles make it memorable.,none,4,4,2,3,outdoor,3,2
00008789,"The image's distinctiveness, vivid colors, and clear focal point drive its memorability.",none,5,5,1,5,indoor,1,2
00008792,"The image's memorability is driven by the emotional connection between the two people and the serene, minimalist urban setting.",people_present,4,3,2,1,outdoor,1,4
00008801,"The image captures a tender moment between two people, which is emotionally charged and has a clear focal point.",people_present,5,3,2,2,indoor,1,4
00008810,The image's striking contrast and unique subject make it highly memorable.,none,5,5,1,2,unclear,1,3
00008815,"The image's distinctiveness, emotional charge, and simplicity drive its memorability.",none,5,5,2,5,unclear,3,4
00008833,"The image's distinctiveness, emotional charge, and simplicity drive its memorability.",none,3,4,2,2,outdoor,1,4
00008857,"The image captures a group of people in a church setting, which evokes a sense of communal activity and shared experience, enhancing its memorability.",people_present,3,4,2,1,indoor,1,3
00008920,The striking silhouette of the tree against the vibrant sunset creates a strong visual contrast and emotional impact.,none,5,5,3,5,outdoor,1,5
00008936,"The stark silhouette of the tree against the twilight sky creates a strong contrast and emotional impact, enhancing memorability.",none,5,5,2,1,outdoor,1,4
00008939,The image's focus on a child's concentrated expression and the simplicity of the scene drive its memorability.,prominent_faces,5,4,2,1,indoor,1,3
00008961,"The model van's unique patina and weathered appearance, combined with its distinct shape and color, make it highly memorable.",none,5,5,3,4,indoor,1,2
00008998,"The image's distinctiveness, clarity, and vivid colors make it highly memorable.",none,5,5,4,5,unclear,1,3
00009001,"The image's distinctiveness, emotional charge, and clear focal point drive its memorability.",prominent_faces,5,4,3,4,outdoor,1,4
00009074,"The image's distinctiveness, clear focal point, and emotional charge contribute significantly to its memorability.",prominent_faces,5,4,2,3,indoor,1,3
00009126,The stark contrast and singular focus on the dead tree create a powerful and memorable image.,none,5,5,1,1,outdoor,1,4
00009131,"The image's stark contrast, solitary figure, and majestic mountain backdrop create a powerful emotional charge and a clear focal point.",people_present,5,5,2,1,outdoor,1,4
00009166,"The image's decay and graffiti create a strong emotional charge and distinctiveness, enhancing memorability.",none,3,4,4,2,indoor,3,4
00009205,"The image's distinctiveness, clarity, and emotional charge make it highly memorable.",none,5,5,2,4,outdoor,1,3
00009222,"The image's clarity, distinctiveness, and emotional charge make it highly memorable.",none,5,5,3,5,outdoor,2,4
00009223,The image's distinctiveness and clarity drive its memorability due to the contrasting colors and focal subjects.,none,5,5,2,4,indoor,3,1
00009227,"The image's strong contrast, vivid colors, and clear focal point drive its memorability.",none,5,5,1,5,unclear,1,5
00009279,"The image's simplicity, clear focal point, and emotional expression drive its memorability.",prominent_faces,5,4,2,1,unclear,1,3
00009280,"The image's simplicity, distinctiveness, and emotional charge make it highly memorable.",none,5,5,2,3,indoor,1,4
00009348,"The image's striking contrast, vivid colors, and dynamic composition make it highly memorable.",none,5,5,4,5,unclear,1,3
00009441,"The serene sunset and the calm water create a peaceful and visually striking scene, enhancing memorability.",none,4,3,2,3,outdoor,1,3
00009449,The image's distinctiveness and simplicity drive its memorability.,none,5,5,1,4,indoor,1,2
00009506,The image's simplicity and the clear focal point of the needle create high memorability.,none,5,5,1,3,indoor,1,1
00009613,"The close-up of a person interacting with a cat creates a strong emotional connection and a clear focal point, enhancing memorability.",prominent_faces,5,4,2,1,indoor,1,4
00009642,The image's distinctiveness and the presence of people create a memorable scene.,people_present,4,4,3,3,outdoor,1,2
00009673,The image's distinctiveness and the interplay of light and shadow create a memorable scene.,none,4,4,2,3,outdoor,1,3
00009732,"The silhouette of the person against the glowing light creates a strong contrast and focal point, enhancing memorability.",people_present,5,5,2,1,outdoor,1,4
00009740,The image's distinctiveness and the clear focal point drive its memorability.,prominent_faces,5,4,2,3,unclear,1,3
00009747,"The image's serene and ethereal quality, combined with the distinct focal point of the dog and the striking interplay of light and shadow, enhances its memorability.",none,4,4,3,3,outdoor,1,4
00009763,"The image's simplicity, vivid color contrast, and clear focal point drive its memorability.",none,5,5,1,5,unclear,1,3
00009784,"The image's soft focus, muted colors, and delicate floral subject create a serene and emotionally resonant scene.",none,4,4,2,3,unclear,1,4
00009836,"The distinctive graffiti art with its repetitive figures and vibrant colors creates a strong visual impact, enhancing memorability.",none,5,5,3,4,outdoor,1,3
00009840,The stark contrast between the vibrant red wall and the man's formal attire creates a striking visual that enhances memorability.,people_present,5,5,1,5,indoor,1,2
00009890,"The image's memorability is driven by its distinctive and novel combination of a baby and a Transformer toy, creating a striking contrast.",people_present,5,5,3,4,indoor,1,3
00009901,The mural's striking imagery and powerful message about unity and overcoming challenges drive its memorability.,prominent_faces,5,5,4,3,outdoor,4,4
00009926,"The image's distinctiveness, clear focal point, and emotional charge contribute significantly to its memorability.",prominent_faces,5,4,2,1,unclear,1,3
00009954,"The stark contrast between the tree branches and the window creates a striking visual focal point, enhancing memorability.",none,5,5,2,3,outdoor,1,2
00009980,"The image's distinctiveness, vivid colors, and clear focal point drive its memorability.",none,5,5,2,5,unclear,1,3
00010021,"The image's simplicity, focus on a single subject, and the contrast between the person and the natural light create a striking and memorable composition.",people_present,5,4,2,3,indoor,1,3
00010036,"The image's clarity, distinctiveness, and emotional charge make it highly memorable.",none,5,5,3,4,outdoor,1,4
00010072,The hammer's distinct shape and monochromatic presentation make it stand out as a clear focal point.,none,5,4,1,1,indoor,1,1
00010112,"The image's distinctiveness, emotional charge, and clear focal point drive its memorability.",people_present,5,4,2,3,indoor,1,3
00010132,"The image's clarity, distinctiveness, and vivid colors make it highly memorable.",none,5,5,4,5,indoor,1,3
00010139,"The image's strong contrast, novel perspective, and emotional charge drive its memorability.",people_present,4,5,3,4,outdoor,1,4
00010164,"The bold, large text 'JACK' against a vivid red background makes it highly distinctive and memorable.",none,5,5,2,5,unclear,3,2
00010181,"The image's memorability is driven by its distinctive and novel subject matter, the large cluster of colorful balloons.",people_present,5,5,5,5,outdoor,2,3
00010191,"The image's distinctiveness, clear focal point, and emotional charge drive its memorability.",none,5,5,2,4,indoor,3,3
00010212,"The image features a cute, distinctively designed teddy bear holding a whimsical dessert, creating a charming and emotionally engaging scene.",none,5,5,3,4,indoor,1,4
00010246,"The image's striking contrast, novel composition, and emotional charge drive its memorability.",none,5,5,4,4,indoor,2,4
00010391,"The image's distinctiveness and the prominence of the person create a strong focal point, enhancing memorability.",prominent_faces,5,4,2,1,indoor,1,3
00010416,"The dynamic pose and vibrant colors make the subject stand out, enhancing memorability.",people_present,5,5,3,5,outdoor,1,4
00010527,"The image's distinctiveness, clear focal point, and vivid colors contribute to its memorability.",none,5,5,1,5,indoor,1,4
00010537,"The image captures a lively musical performance with distinct instruments and participants, making it visually engaging and memorable.",people_present,4,4,3,3,indoor,1,2
00010623,"The image's distinctive subjects, vivid colors, and lack of clutter make it highly memorable.",none,3,4,3,4,unclear,1,2
00010655,The image's emotional charge and distinct faces make it memorable.,prominent_faces,5,4,2,3,outdoor,1,4
00010685,The mosaic sculpture's unique artistic style and striking facial features make it highly memorable.,none,5,5,4,3,outdoor,1,2
00010714,The serene and expansive view of the waterfront at dusk creates a peaceful and memorable scene.,none,3,4,2,3,outdoor,1,3
00010724,The image's distinctiveness and emotional charge drive its memorability due to the unusual perspective and the contrast between the two figures.,people_present,4,4,2,3,outdoor,1,3
00010728,The image's distinctiveness and the clarity of the focal subject drive its memorability.,none,4,3,2,1,indoor,5,1
00010735,"The image's distinctiveness, clear focal point, and emotional charge contribute significantly to its memorability.",none,5,5,2,5,indoor,1,4
00010786,"The image's motion blur and stark lighting create a sense of speed and mystery, enhancing its memorability.",none,3,4,2,2,indoor,1,3
00010885,"The image's simplicity and focus on a single, clear subject (water dripping from a gutter) make it memorable.",none,5,4,1,2,outdoor,1,2
00010895,"The image captures a dynamic racing moment with a clear focal point, vivid colors, and a sense of speed, enhancing its memorability.",none,5,4,3,4,outdoor,2,3
00010944,"The expansive sky and open field create a serene and visually striking scene, enhancing memorability.",none,3,4,2,5,outdoor,1,3
00010988,"The vivid colors, distinct subject, and clear focal point make this image highly memorable.",none,5,5,3,5,outdoor,1,2
00010994,"The image's distinctiveness, emotional charge, and clear focal point contribute to its memorability.",none,4,4,3,4,outdoor,1,3
00011082,"The image's simplicity, clear focal point, and striking contrast against the sky drive its memorability.",none,5,5,1,4,outdoor,1,3
00011145,"The vivid colors, distinct patterns, and clear focal point of the frog make it highly memorable.",none,5,5,3,5,unclear,1,2
00011194,"The image's simplicity, distinctiveness, and the clear focal point drive its memorability.",none,5,5,1,5,outdoor,1,2
00011199,"The image's distinctiveness, clear focal point, and natural beauty contribute significantly to its memorability.",none,5,5,2,4,outdoor,1,3
00011208,"The image's distinctiveness, vivid colors, and clear focal point contribute to its memorability.",none,4,4,3,4,outdoor,1,2
00011231,The collage's distinctiveness and emotional charge drive its memorability.,prominent_faces,3,4,4,2,indoor,1,3
00011245,"The image's simplicity, distinctiveness, and emotional charge contribute to its memorability.",people_present,5,4,1,3,outdoor,1,2
00011273,"The image's distinctiveness and the unusual posture of the deer create a strong emotional charge and a clear focal point, enhancing memorability.",none,5,5,3,4,outdoor,1,5
00011275,"The image's low light, focused composition, and the contrast between the two camera lenses create a striking and memorable visual.",none,5,5,3,2,indoor,1,3
00011295,"The image captures a humorous and relatable moment of a dog enjoying ice cream, making it memorable due to its distinctiveness and emotional charge.",none,5,4,2,4,outdoor,1,3
00011370,The vibrant colors and distinct shapes of the macarons create a visually striking and novel focal point.,none,5,5,4,5,indoor,1,3
00011381,The image's simplicity and the clear focal point of the wound make it memorable.,none,5,3,1,2,indoor,1,4
00011386,"The image's distinctiveness, emotional charge, and clarity of subjects contribute significantly to its memorability.",none,5,5,2,4,indoor,1,5
00011405,The image's simplicity and the clear focal point of the finger pointing at the belly button drive its memorability.,none,5,3,1,2,unclear,1,1
00011525,"The silhouetted figures against the bright stage create a strong contrast and emotional charge, enhancing memorability.",people_present,3,4,2,3,indoor,1,4
00011598,"The silhouette of the person playing guitar against the dramatic sky creates a strong contrast and emotional impact, enhancing memorability.",people_present,5,5,2,3,outdoor,1,4
00011608,"The image's strong emotional charge, distinct subject, and vivid colors contribute significantly to its memorability.",prominent_faces,5,4,2,5,unclear,1,4
00011633,"The image captures a tender moment between two gorillas, which evokes strong emotions and has a clear focal point.",none,5,4,3,2,outdoor,1,5
00011643,The striking contrast between the red chair and the monochromatic office environment creates a memorable focal point.,none,5,5,2,4,indoor,1,3
00011656,"The striking red color, distinct shape, and clear focal point make this image highly memorable.",none,5,5,3,5,unclear,1,4
00011667,"The dramatic sky and open road create a striking contrast, enhancing memorability.",none,3,4,2,4,outdoor,1,4
00011692,The image's simplicity and the interplay of light and water create a visually striking and emotionally neutral scene.,none,1,3,2,4,outdoor,1,2
00011727,"The vibrant colors, distinct graffiti style, and bold text create a visually striking and emotionally engaging focal point.",none,5,5,5,5,outdoor,3,4
00011792,"The image's distinctiveness, emotional charge, and clarity of subject contribute significantly to its memorability.",none,5,5,3,4,outdoor,1,5
00011836,"The image captures a candid moment between two children, which is emotionally charged and visually distinct.",prominent_faces,5,4,2,4,outdoor,1,4
00011846,The image's simplicity and the stark contrast between the bare trees and the open field create a strong emotional charge and a clear focal point.,none,5,4,1,2,outdoor,1,4
00011868,"The image's vivid flames and dark background create a striking contrast, making it visually distinctive and emotionally charged.",none,5,5,2,5,unclear,1,5
00011917,The image captures a tense military operation with a clear focal point and strong emotional charge.,people_present,5,4,3,2,outdoor,1,4
00011923,The image's distinctiveness and clarity drive memorability due to its unique arrangement and vibrant colors.,none,4,4,3,4,indoor,2,1
00011930,"The image captures a dynamic moment in a youth soccer game, making it visually engaging and emotionally charged.",people_present,4,3,2,4,outdoor,1,3
00011952,"The image's distinctiveness, clarity, and vivid colors make it highly memorable.",none,5,5,3,5,outdoor,1,4
00012008,"The image's distinctiveness, clarity, and vivid colors make it highly memorable.",none,5,5,2,5,indoor,1,1
00012039,The image's memorability is driven by the presence of a prominent face and the emotional connection between the individuals.,prominent_faces,5,4,3,4,indoor,1,4
00012048,The image's strong emotional charge and distinctive subject make it highly memorable.,prominent_faces,5,5,1,4,indoor,1,5
00012064,"The black-and-white composition, the solitary figure, and the contrast between the person and the architectural background create a strong emotional charge and a clear focal point.",people_present,5,4,2,1,outdoor,1,4
00012082,"The image's simplicity, vibrant colors, and clear focal point drive its memorability.",none,5,5,1,5,unclear,1,2
00012083,"The large, stylized graffiti text 'Silencer' serves as a clear focal point, making the image memorable due to its distinctiveness and emotional charge.",none,5,5,3,4,outdoor,4,3
00012118,"The image's distinctiveness, clarity, and serene composition drive its memorability.",none,5,5,1,4,outdoor,1,3
00012130,"The image's memorability is driven by its distinctiveness, clarity, and the nostalgic appeal of vintage cameras.",none,5,5,3,2,indoor,1,3
00012138,"The image's distinctiveness, clear focal point, and emotional charge contribute significantly to its memorability.",people_present,5,4,3,4,indoor,1,3
00012171,The striking contrast between the stylized figures and the industrial background enhances memorability.,none,5,5,4,3,unclear,2,3
00012202,"The image's distinctiveness, emotional charge, and clarity of focal point drive its memorability.",prominent_faces,4,4,4,4,indoor,2,3
00012206,The serene coastal town with its distinct white buildings against a vivid blue sky creates a striking and memorable scene.,none,5,5,2,5,outdoor,1,3
00012225,"The image captures a dynamic moment of equestrian sport, emphasizing movement and skill, which enhances its memorability.",people_present,5,4,3,4,outdoor,1,4
00012232,"The image's distinctiveness, clear focal point, and vivid colors contribute significantly to its memorability.",none,5,5,1,5,outdoor,1,4
00012285,"The image's natural beauty, distinctiveness, and emotional charge drive its memorability.",none,4,4,2,3,outdoor,1,3
00012289,"The image's simplicity, the clear focal point, and the emotional connection between the person and the dog drive its memorability.",people_present,5,4,2,1,outdoor,1,3
00012309,"The image's distinctiveness, clarity, and emotional charge make it highly memorable.",none,5,5,2,4,outdoor,1,3
00012382,"The image's distinctiveness, vivid colors, and serene landscape contribute significantly to its memorability.",none,4,4,2,5,outdoor,1,3
00012442,The humorous and unexpected message about a squirrel inside the trash can makes it highly memorable.,none,5,5,2,1,unclear,3,4
00012472,"The image's simplicity, clear focal point, and distinct subject make it highly memorable.",none,5,4,1,3,indoor,1,2
00012502,The image's distinctiveness and the clear focal point of the ancient columns create a memorable scene.,none,4,4,3,3,outdoor,1,2
00012537,"The image's striking contrast between the dark foreground and the vibrant sky, along with its unique cloud formation, creates a memorable scene.",none,5,5,3,4,outdoor,1,4
00012655,"The image's distinctiveness, focal point, and vivid colors contribute to its memorability.",none,5,5,3,4,outdoor,1,2
00012666,"The image's distinctiveness, symmetry, and the play of light and shadow create a memorable visual experience.",none,5,5,2,3,indoor,1,2
00012678,"The image captures a humorous and dynamic interaction between two people, making it emotionally charged and visually distinct.",prominent_faces,5,4,3,3,indoor,2,4
00012681,"The stark contrast and simplicity of the black-and-white rose against a dark background create a strong emotional charge and a clear focal point, enhancing memorability.",none,5,5,1,1,unclear,1,5
00012719,"The image's distinctiveness, clear focal point, and emotional charge contribute to its memorability.",none,5,4,2,3,outdoor,1,3
00012758,"The sign's unique phrase and playful design make it stand out, enhancing memorability.",none,5,5,2,3,indoor,4,2
00012763,The image's distinctive color palette and clear focal point enhance its memorability.,none,5,5,3,4,outdoor,1,2
00012772,The image's striking pattern and composition make it visually distinctive and memorable.,people_present,4,5,3,4,indoor,1,2
00012800,"The image's simplicity, distinctiveness, and emotional charge drive its memorability.",none,5,5,1,5,unclear,1,3
00012830,"The scene's distinctiveness, the presence of people, and the warm lighting create a memorable atmosphere.",people_present,4,4,3,2,outdoor,1,3
00012875,The stark contrast and minimalistic composition make the image striking and memorable.,none,5,5,2,1,indoor,3,3
00012919,The image's simplicity and distinctiveness make it memorable due to its clear focal point and lack of visual clutter.,none,5,4,1,2,outdoor,3,1
00012923,"The stark contrast between the dark tree silhouette and the bright, glowing light creates a striking and memorable image.",none,5,5,3,5,outdoor,1,5
00012976,"The lizard's vivid colors, distinct patterns, and sharp focus create a striking and memorable image.",none,5,5,3,5,outdoor,1,2
00012977,The image's simplicity and the clear focal point of the airplane against the sky make it memorable.,none,5,4,1,1,outdoor,1,2
00013004,"The image's distinctive and novel subject, combined with its vivid colors and clear focal point, enhances memorability.",none,5,5,3,4,outdoor,1,2
00013027,"The image's vivid colors, distinct railing, and clear focal point make it memorable.",none,5,4,2,5,outdoor,1,3
00013079,"The image captures a dramatic and unusual scene that is emotionally charged and visually striking, driving high memorability.",people_present,5,5,3,4,outdoor,2,5
00013146,The clear focal point and distinctiveness of the word 'CORPORATION' make it highly memorable.,none,5,5,2,3,outdoor,3,1
00013222,"The image's striking visual elements, including the central figure and the dramatic pose, coupled with vivid colors and emotional content, drive high memorability.",prominent_faces,5,5,4,5,outdoor,3,5
00013242,The storefront's distinct signage and warm lighting create a memorable scene.,none,4,4,3,4,outdoor,4,2
00013289,The image's distinctiveness and emotional charge drive its memorability due to the unusual placement of a sofa on a beach.,none,5,5,2,3,outdoor,1,4
00013293,"The image's distinctiveness, clear focal point, and emotional charge drive its memorability.",prominent_faces,5,5,1,4,indoor,1,5
00013344,"The image's dramatic and intense scene, featuring a burning airplane, naturally evokes strong emotions and stands out due to its distinctiveness and visual impact.",none,5,5,4,5,outdoor,1,5
00013345,The vibrant colors and unique texture of the felted bowl make it visually striking and memorable.,none,5,5,3,5,outdoor,1,2
00013382,"The image's clarity, distinctiveness, and vivid coloration make it highly memorable.",none,5,5,2,5,unclear,1,3
00013395,"The image's simplicity, distinctiveness, and emotional charge make it memorable.",none,5,5,2,4,unclear,3,3
00013405,"The image's vivid blue tones, sparkling highlights, and lack of visual clutter make it highly memorable.",none,5,5,1,5,outdoor,1,3
00013434,"The image's distinctiveness, clear focal point, and vivid colors contribute significantly to its memorability.",none,5,5,1,5,unclear,1,4
00013459,"The image features a distinct and novel subject (a clay model of a Dalmatian dog) against a clear focal point (the 'The 101 Dalmatians' book cover), making it memorable.",none,5,5,2,4,indoor,3,2
00013540,"The image's vivid colors, dynamic composition, and the striking contrast between the butterflies and the blue sky create a memorable scene.",none,3,5,4,5,outdoor,1,4
00013589,The image's distinctiveness and clarity drive its memorability due to the close-up view of mechanical parts.,none,5,5,4,3,indoor,1,1
00013611,"The image captures a dynamic moment in a football game, emphasizing action and emotion.",people_present,4,3,4,4,outdoor,2,4
00013614,The vivid colors and distinct shapes make the image visually striking and memorable.,none,5,5,3,5,indoor,1,2
00013690,The stark contrast between the solitary tree and the vast desert landscape creates a strong focal point and emotional charge.,none,5,5,1,3,outdoor,1,4
00013696,"The image's strong emotional charge, distinctive subject, and clear focal point drive its memorability.",people_present,5,5,3,4,indoor,1,5
00013808,The child's expression and the act of drinking from a colorful cup create a vivid and relatable moment.,prominent_faces,5,4,3,4,indoor,1,3
00013827,The image's distinctiveness and emotional charge drive its memorability due to the unusual and striking composition.,prominent_faces,5,5,2,4,unclear,1,4
00013861,"The bold, weathered sign with its distinct teal and white colors and clear focal point makes it highly memorable.",none,5,5,2,4,outdoor,3,2
00013879,"The image's distinctiveness, clarity, and vivid colors make it highly memorable.",none,5,5,2,5,outdoor,1,4
00013936,"The combination of the elegant dessert presentation, the vibrant red rose, and the contrast between the creamy dessert and the dark chocolate sauce creates a visually striking and emotionally charged scene.",none,5,5,3,5,indoor,1,4
00013952,"The image features a distinctive slide rule with a clear focal point, minimal clutter, and a striking color contrast, making it memorable.",none,5,5,2,4,indoor,3,1
00014012,"The cake's festive decorations and the 'Noël' sign create a strong emotional charge and a clear focal point, enhancing memorability.",none,5,4,3,4,indoor,2,4
00014063,"The image's simplicity, vivid color, and clear focal point drive its memorability.",none,5,5,1,5,indoor,1,1
00014078,"The image's distinctiveness, emotional charge, and visual complexity drive its memorability.",none,3,4,4,4,outdoor,2,3
00014159,The image's striking symmetry and contrast between the sky and water create a memorable visual impact.,none,5,5,1,1,outdoor,1,3
00014172,The image's distinctiveness and the man's expressive action create a memorable scene.,prominent_faces,5,4,3,4,indoor,2,3
00014181,"The image's simplicity, distinctiveness, and lack of clutter make it highly memorable.",none,5,5,1,3,indoor,1,1
00014190,"The image's memorability is driven by its distinctive subject, clear focal point, and emotional charge.",none,5,5,2,1,indoor,1,3
00014199,"The image's striking colors, distinct rock formations, and serene atmosphere create a memorable scene.",none,4,5,3,4,outdoor,1,4
00014242,"The image has a clear focal point with distinct vehicles and a Pepsi truck, making it memorable.",none,4,3,2,3,outdoor,1,1
00014260,"The image's strong emotional charge, distinct subject, and vivid colors contribute significantly to its memorability.",prominent_faces,5,5,2,5,unclear,1,5
00014269,The abstract nature and vivid colors create a striking and emotionally charged focal point.,none,3,5,4,5,unclear,1,4
00014310,The architectural symmetry and intricate details create a visually striking and emotionally resonant scene.,none,5,5,4,3,indoor,1,3
00014333,"The glowing cross against a dark background creates a striking contrast, making it highly memorable due to its distinctiveness and emotional charge.",none,5,5,1,5,unclear,1,5
00014361,The presence of people and the unusual nature of the text contribute to its memorability.,people_present,4,4,3,2,indoor,4,2
00014370,"The image's simplicity and focus on a single, distinct object (the necklace) drive its memorability.",none,5,4,1,1,unclear,1,1
00014372,"The image's distinctiveness, natural beauty, and the presence of people add to its memorability.",people_present,4,4,3,3,outdoor,1,2
00014379,"The image's clarity, distinctiveness, and dynamic composition drive its memorability.",none,5,5,2,4,outdoor,1,3
00014419,"The image captures a serene moment in nature, which can evoke a sense of peace and nostalgia.",people_present,4,3,2,3,outdoor,1,3
00014421,"The image's vivid colors, distinct focal point, and dynamic composition drive its memorability.",people_present,5,5,4,5,outdoor,3,4
00014519,The intricate arches and detailed ceiling patterns create a visually striking and distinct scene.,none,4,5,4,3,indoor,1,2
00014532,"The image's simplicity and focus on a single, distinct object make it highly memorable.",none,5,5,1,1,unclear,1,1
00014567,The image's distinctiveness and the clear focal point drive its memorability.,prominent_faces,5,4,2,1,indoor,1,3
00014615,The dog holding a rose creates a striking and emotionally charged focal point.,none,5,5,2,4,outdoor,1,4
00014644,"The image's memorability is driven by its clear focal point, distinctive graffiti, and strong emotional charge.",none,5,5,2,4,outdoor,3,5
00014653,"The image's distinctiveness, clear focal point, and novel composition drive its memorability.",none,5,5,2,4,outdoor,3,2
00014695,The image's distinctiveness and visual complexity drive its memorability due to its unusual architectural pattern and color scheme.,none,3,4,4,3,outdoor,1,2
00014741,"The image captures a tender moment between a person and a baby, which is emotionally charged and has a clear focal point.",people_present,5,4,2,3,indoor,1,5
00014765,"The image's simplicity, distinctiveness, and vivid colors make it highly memorable.",none,5,5,1,5,unclear,1,1
00014778,"The image's vastness, starry sky, and natural beauty make it highly memorable.",none,3,4,2,4,outdoor,1,3
00014798,"The image's simplicity, distinct focal point, and vivid colors contribute to its memorability.",none,5,5,1,5,outdoor,1,4
00014807,"The motorcycle's unique design, vibrant colors, and distinct details make it highly memorable.",none,5,5,4,5,unclear,1,3
00014824,"The image's distinctiveness and the clear focal point of the person's face, combined with the emotional charge of holding an AP test envelope, drive its memorability.",prominent_faces,5,4,2,1,indoor,3,4
00014875,The image's novelty and distinctiveness drive its memorability due to the unusual wooden tank design.,people_present,5,5,4,3,outdoor,1,2
00014890,"The image's abstract nature and the prominent face create a strong emotional charge and distinctiveness, enhancing memorability.",prominent_faces,4,4,3,2,unclear,1,4
00014894,The flower's distinct coloration and unique structure make it highly memorable.,none,5,5,3,4,unclear,1,2
00014899,"The image's intimate and dramatic composition, combined with the strong emotional charge, drives its memorability.",prominent_faces,5,5,4,3,unclear,1,5
00014935,"The image's distinctiveness, clear focal point, and emotional charge drive its memorability.",none,5,5,3,4,outdoor,1,4
00014952,"The image features a classic English breakfast with distinct and varied food items, making it visually appealing and memorable.",none,5,4,4,4,indoor,1,2
00014972,"The rusted vintage car stands out due to its unique condition and historical appeal, making it memorable.",none,5,4,3,2,outdoor,1,3
00014983,The image's simplicity and uniformity make it memorable due to its distinctiveness and lack of visual clutter.,none,5,4,1,3,indoor,1,1
00015042,"The image's simplicity, distinctiveness, and vivid colors make it highly memorable.",none,5,5,1,5,indoor,1,2
00015047,"The image's distinctiveness, clear focal point, and strong emotional charge drive its memorability.",none,5,5,1,5,indoor,1,5
00015051,"The painting's distinctiveness, vivid colors, and abstract composition drive its memorability.",none,1,5,4,5,unclear,1,3
00015053,The stark contrast and focus on a single subject create a strong emotional charge and high memorability.,prominent_faces,5,5,1,1,indoor,1,5
00015062,"The image's memorability is driven by its distinctiveness, the prominent subject, and the emotional charge created by the contrast between the person and the surrounding clothing.",prominent_faces,5,4,3,4,indoor,2,3
00015068,"The image captures a moment of playful interaction with a red ring, creating a vivid and emotionally engaging scene.",prominent_faces,5,4,3,4,indoor,1,3
00015105,"The image captures a striking silhouette against a vibrant sunset, creating a strong emotional charge and a clear focal point.",people_present,5,5,1,5,outdoor,1,5
00015113,The image's memorability is driven by its distinctiveness and the presence of people in a natural setting.,prominent_faces,4,4,3,4,outdoor,1,2
00015118,"The image has a clear focal point with distinct food items and vibrant colors, making it visually striking.",none,4,4,3,4,indoor,2,2
00015212,The fisheye lens creates a unique perspective that enhances the distinctiveness and emotional charge of the scene.,none,4,4,3,4,outdoor,1,2
00015246,The intricate texture and gradient coloration make the object visually striking and memorable.,none,5,5,4,4,unclear,1,2
00015286,"The image's memorability is driven by the novelty of a child sitting on a life-sized rhinoceros statue, which contrasts with the mundane setting.",people_present,5,5,3,4,indoor,1,2
00015287,"The image's distinctiveness, clear focal point, and warm, evocative lighting create a strong emotional charge, enhancing memorability.",none,5,5,1,4,outdoor,1,5
00015432,The image's distinctiveness and the contrast between the illuminated buildings and the dark sky create a memorable scene.,none,4,4,3,4,outdoor,1,2
00015434,"The image's distinctiveness, emotional charge, and clear focal point contribute significantly to its memorability.",prominent_faces,5,4,3,4,outdoor,2,4
00015437,"The image captures a dramatic and dynamic moment, emphasizing action and movement which enhances its memorability.",people_present,5,5,3,1,outdoor,1,4
00015458,"The image's distinctiveness, clear focal point, and emotional charge contribute significantly to its memorability.",prominent_faces,5,5,1,5,outdoor,1,4
00015469,The striking black-and-white contrast and the grandeur of the architecture create a memorable image.,people_present,5,5,4,1,outdoor,1,3
00015470,The striking black-and-white contrast and the unique character design make this image highly memorable.,none,5,5,3,2,outdoor,2,4
00015525,"The image has a clear focal point with a distinct subject, minimal visual clutter, and a moderate level of emotional charge.",people_present,4,3,2,3,indoor,1,3
00015526,"The abstract nature, vivid colors, and emotional charge make this image highly memorable.",none,2,4,4,5,unclear,1,4
00015530,"The lion's distinct features and calm expression make it a strong focal point, enhancing memorability.",none,5,4,2,3,unclear,1,3
00015547,"The close-up of the bird's face with its open beak creates a strong emotional charge and a clear focal point, enhancing memorability.",none,5,5,2,4,indoor,1,5
00015585,The bridge's unique design and dramatic perspective create a striking focal point that enhances memorability.,none,5,5,3,4,outdoor,1,2
00015606,"The image's vivid blue lighting, distinctive costumes, and dynamic poses create a striking and emotionally charged scene.",prominent_faces,4,5,3,5,indoor,1,4
00015607,"The image's striking contrast between the lone figure and the expansive, moody sky creates a powerful focal point and emotional charge.",people_present,5,5,2,3,outdoor,1,4
00015629,"The image's memorability is driven by its distinctive subjects, high visual complexity, vivid colors, and emotional charge.",none,2,4,5,5,indoor,1,3
00015663,"The image's distinctiveness, emotional charge, and clear focal point contribute significantly to its memorability.",prominent_faces,5,4,2,4,outdoor,1,3
00015729,The image's simplicity and distinctiveness drive memorability.,none,3,4,2,2,indoor,1,1
00015743,The image's striking reflection and vivid colors make it highly memorable.,none,5,5,2,5,outdoor,1,3
00015776,"The image's memorability is driven by the contrast between the solitary figure and the chaotic flock of pigeons, creating a striking and emotionally charged scene.",prominent_faces,3,4,5,1,outdoor,1,4
00015806,"The image's simplicity, distinctiveness, and vivid colors make it highly memorable.",none,5,5,1,5,outdoor,1,2
00015878,The image's distinctiveness and clarity drive its memorability due to the unique cable car system and serene natural backdrop.,none,4,4,2,3,outdoor,1,2
00015889,The toy figure's exaggerated facial features and bright colors make it visually striking and memorable.,none,5,5,2,5,indoor,1,3
00015919,The image's distinctiveness and the strong emotional charge from the subject's expression drive its memorability.,prominent_faces,5,5,2,4,indoor,1,5
00016011,"The image's clarity, distinctiveness, and vivid colors make it highly memorable.",none,5,5,2,5,outdoor,1,3
00016075,"The image's distinctiveness, clear focal point, and vivid colors contribute significantly to its memorability.",none,5,5,2,4,outdoor,1,3
00016081,"The image's strong contrast, distinct faces, and emotional expression drive its memorability.",prominent_faces,4,4,3,1,indoor,1,4
00016109,The image's distinctiveness and clarity drive its memorability due to the clear focal point and the striking contrast between the badge and the shirt.,none,5,5,1,4,unclear,3,2
00016134,"The image's clarity, distinctiveness, and vivid colors make it highly memorable.",none,5,5,1,5,outdoor,1,3
00016150,The image's distinctiveness and the unusual situation of a car being overturned on a dirt road drive its memorability.,people_present,5,5,3,4,outdoor,1,4
00016159,"The image's distinctiveness, clarity, and vivid colors make it highly memorable.",none,5,5,2,5,unclear,1,3
00016161,"The image's clarity, distinctiveness, and emotional charge make it highly memorable.",none,5,5,2,4,outdoor,1,3
00016206,"The vivid colors and abstract nature of the painting create a strong emotional charge and high distinctiveness, enhancing memorability.",none,1,5,3,5,unclear,1,5
00016254,"The image's striking sunset, distinct silhouettes, and serene beach setting create a memorable composition.",none,5,5,2,4,outdoor,1,4
00016268,"The image captures a dramatic house fire with intense flames and smoke, making it highly memorable due to its distinctiveness and emotional charge.",people_present,5,5,4,5,outdoor,1,5
00016289,"The image's simplicity, distinct focal point, and vivid colors contribute to its memorability.",none,5,5,1,5,outdoor,1,4
00016407,"The unique architectural design and vibrant colors make this image highly distinctive and visually striking, driving memorability.",none,5,5,5,5,outdoor,1,4
00016413,"The dark, moody atmosphere and the distinct architectural style make this image memorable.",none,3,4,2,1,outdoor,1,4
00016417,The image's striking lightning bolts against a purple sky create a vivid and emotionally charged focal point.,none,5,5,3,5,outdoor,1,5
00016483,"The image's memorability is driven by its distinctive and novel use of colorful buckets as decorations, creating a visually striking and emotionally engaging scene.",none,3,5,4,5,outdoor,1,3
00016498,"The silhouette of workers against a vibrant sunset creates a striking contrast, enhancing memorability.",people_present,4,4,3,4,outdoor,1,3
00016505,"The vibrant colors, bold graffiti style, and dynamic composition make this image highly memorable.",none,5,5,5,5,outdoor,3,4
00016530,"The image's vivid colors, distinct focus on the hand holding the bat, and the contrast between the subject and background drive memorability.",people_present,5,5,3,5,unclear,1,4
00016621,"The simplicity and distinctiveness of the design, combined with the bold color and clear text, make it highly memorable.",none,5,5,1,5,unclear,3,2
00016646,"The image's distinctiveness, emotional charge, and clear focal point drive its memorability.",people_present,5,5,1,5,indoor,1,5
00016694,"The image has a clear focal point with a distinct and novel subject, which enhances its memorability.",prominent_faces,5,4,2,3,indoor,1,3
00016765,"The image's distinctiveness and clarity drive its memorability due to the close-up view of a hard drive, which is not a common everyday object.",none,5,5,2,3,indoor,1,1
00016782,"The vibrant colors, distinct crochet pattern, and the contrast between the handmade item and the magazine create a visually striking and novel focal point.",none,5,5,4,5,indoor,3,2
00016797,"The large, colorful frog figure with a distinct dress and bright colors stands out as the focal point, driving memorability.",none,5,5,3,5,indoor,1,2
00016802,"The image's vivid colors, distinct architectural elements, and lack of clutter make it highly memorable.",none,4,5,3,5,indoor,1,2
00016897,The image's distinctiveness and the prominence of the subject's face drive its memorability.,prominent_faces,5,4,2,1,indoor,1,3
00016989,The image's striking contrast and the halo effect create a memorable and emotionally charged scene.,prominent_faces,5,5,3,4,outdoor,1,5
00016998,The image's stark contrast and unusual subject matter make it highly distinctive and memorable.,none,5,5,2,5,unclear,1,3
00017008,"The image features a clear focal point with distinct subjects and a sense of occasion, enhancing memorability.",prominent_faces,5,4,3,3,outdoor,2,3
00017051,"The image's memorability is driven by its clear focal point, distinctiveness, and emotional charge.",prominent_faces,5,4,2,1,indoor,1,3
00017055,"The close-up of two elephants interacting creates a strong emotional charge and a clear focal point, enhancing memorability.",none,5,5,3,4,outdoor,1,5
00017136,The image's distinctiveness and the clear focal point of the person's face drive its memorability.,prominent_faces,5,4,2,4,indoor,1,3
00017150,"The abstract nature, vivid colors, and dynamic composition drive memorability.",none,3,4,4,5,unclear,1,4
00017163,"The vibrant colors, distinctive attire, and dynamic pose create a striking and memorable scene.",prominent_faces,5,5,4,5,outdoor,1,4
00017165,"The black-and-white composition, distinct playground equipment, and lone figure create a striking contrast that enhances memorability.",people_present,4,4,2,1,outdoor,1,3
00017188,The distinctive red monster toy with its unique design and vibrant colors makes it highly memorable.,none,5,5,2,5,indoor,1,3
00017201,"The image's clarity, distinctiveness, and vivid colors make it highly memorable.",none,5,5,1,5,unclear,1,3
00017204,"The image's simplicity, clear focal point, and vivid colors drive its memorability.",none,5,5,1,5,outdoor,1,3
00017216,The image's distinctive subject and emotional charge make it highly memorable.,people_present,5,5,2,3,outdoor,1,4
00017221,"The image's simplicity, clear focal point, and distinctiveness drive its memorability.",none,5,4,2,3,indoor,1,2
00017226,"The image captures a striking moment of a bird in flight, which is visually distinctive and emotionally engaging.",none,5,5,2,4,outdoor,1,3
00017241,The image's distinctiveness and the clear focal point of the person's face drive its memorability.,prominent_faces,5,4,2,3,indoor,1,3
00017250,"The sequence of actions and the distinct poses create a sense of movement and progression, enhancing memorability.",prominent_faces,4,3,2,3,indoor,1,2
00017260,The ornate architecture and distinctiveness of the building drive memorability.,none,5,5,4,3,outdoor,2,2
00017288,"The image's distinct facial expression and warm lighting create a strong emotional charge, enhancing memorability.",prominent_faces,5,4,2,4,indoor,1,4
00017291,"The combination of the distinct bottle against the vibrant sunset creates a striking contrast, enhancing memorability.",none,5,5,2,5,outdoor,3,4
00017298,"The image's distinctiveness, vivid colors, and clear focal point contribute to its memorability.",none,4,4,2,4,indoor,1,1
00017314,"The image's distinctiveness, clear focal point, and natural beauty contribute to its memorability.",none,5,5,3,4,outdoor,1,3
00017343,"The image's distinctiveness, vivid colors, and cultural significance drive its memorability.",none,3,4,4,5,indoor,2,4
00017403,The image's striking black-and-white contrast and geometric patterns create a visually distinctive and novel focal point.,none,5,5,3,1,indoor,1,1
00017407,"The vivid colors, distinct subject, and clear focal point drive high memorability.",none,5,5,2,5,unclear,1,3
00017444,The image's simplicity and the distinct posture of the camel make it memorable.,none,5,4,1,3,outdoor,1,2
00017498,"The image captures a moment of interaction between a person and a young animal, which is emotionally engaging and visually distinct.",prominent_faces,5,4,3,3,outdoor,1,4
00017558,"The image's strong emotional charge, distinct subject, and vivid colors drive its memorability.",prominent_faces,5,5,3,4,indoor,1,5
00017562,"The image's distinctiveness, clear focal point, and emotional charge contribute to its memorability.",none,5,4,2,1,indoor,1,3
00017575,"The image's distinctiveness, emotional charge, and prominent faces drive its memorability.",prominent_faces,5,5,3,4,indoor,1,5
00017664,The image's distinctiveness and the strong emotional charge from the urban landscape contribute to its memorability.,none,3,4,2,1,outdoor,1,3
00017690,The image's distinctive silhouette and the contrast between the figure and the background make it highly memorable.,people_present,5,5,2,3,unclear,1,4
00017707,The distinctiveness and clarity of the furniture and decor make this scene memorable.,none,4,4,3,4,indoor,1,2
00017714,"The interplay of light and shadow, combined with the presence of people and the industrial setting, creates a visually striking and emotionally evocative scene.",people_present,4,4,3,1,indoor,1,3
00017717,"The stark contrast and minimalistic design create a strong visual impact, enhancing memorability.",none,4,5,2,3,indoor,1,3
00017740,The image's distinctiveness and emotional charge drive its memorability due to the close-up perspective and the human eye as the focal point.,prominent_faces,5,5,3,4,unclear,1,4
00017776,"The image's simplicity and the clear focal point of the person's legs create a striking contrast against the plain background, enhancing memorability.",people_present,5,4,1,3,indoor,1,2
00017788,"The image captures a tender moment between two individuals, emphasizing emotional connection and distinctiveness.",prominent_faces,5,4,3,1,outdoor,1,4
00017804,The collage of book covers creates a visually complex and emotionally charged scene that enhances memorability.,none,3,4,5,4,unclear,4,4
00017808,"The image's distinctiveness, emotional charge, and clarity of focal point drive its memorability.",prominent_faces,5,4,3,4,indoor,2,4
00017814,"The silhouette and the contrast between the figure and the bright light create a strong emotional charge and a clear focal point, enhancing memorability.",prominent_faces,5,5,2,4,unclear,1,5
00017896,"The image depicts a typical urban street scene with parked cars and buildings, which lacks distinctive elements or strong emotional charge.",none,2,3,2,3,outdoor,1,1
00017931,"The image's vivid colors, distinct subject, and intimate composition drive its memorability.",people_present,5,4,3,5,indoor,1,3
00017982,"The image has a distinct focal point (the book and bowl), a mix of everyday objects, and a sense of casualness that can evoke curiosity or nostalgia.",none,4,3,3,2,indoor,2,1
00017984,The interplay of water and sculpture creates a dynamic and visually striking focal point.,none,5,5,4,3,unclear,1,4
00017999,The image's striking pattern and vivid colors make it highly memorable.,none,1,5,5,5,unclear,1,3
00018008,The image's simplicity and natural beauty make it memorable.,none,4,3,2,3,outdoor,1,2
00018029,"The image's distinctiveness, clear focal point, and emotional charge contribute significantly to its memorability.",prominent_faces,5,5,3,4,indoor,2,3
00018031,"The image's distinctiveness, vivid colors, and clear focal point contribute to its memorability.",none,4,4,2,4,outdoor,3,2
00018077,The image's memorability is driven by its distinctive subject (the colorful van) and the novel activity of people interacting with it.,people_present,4,4,3,4,outdoor,1,2
00018084,"The image's distinctiveness, vivid colors, and clear focal point contribute to its memorability.",prominent_faces,5,5,2,5,outdoor,1,4
00018105,"The bird's vibrant yellow plumage and clear, distinct features make it stand out against the natural background, enhancing its memorability.",none,5,5,2,5,outdoor,1,3
00018111,The stark contrast between the bright light and dark surroundings creates a strong focal point and emotional charge.,none,5,5,1,3,indoor,1,4
00018118,"The image's distinctiveness, clear focal point, and vivid colors contribute significantly to its memorability.",none,5,5,3,5,outdoor,1,2
00018130,"The image's distinctive texture and warm color palette create a strong visual impact, enhancing its memorability.",none,3,4,4,4,unclear,1,2
00018159,"The image captures a moment of focused learning, which is inherently engaging and emotionally resonant.",people_present,4,3,3,3,indoor,2,3
00018163,The image's distinctiveness and simplicity drive its memorability.,none,5,5,1,5,unclear,1,1
00018184,The stark contrast between the white deer and the dark background makes the image highly distinctive and emotionally evocative.,none,5,5,1,5,outdoor,1,4
00018200,"The image's distinctiveness, clear focal point, and minimalistic composition drive its memorability.",none,5,5,2,3,indoor,1,1
00018207,The image's simplicity and symmetry drive memorability.,none,5,4,1,2,indoor,1,1
00018251,The expansive rural landscape with its distinct fields and clear horizon enhances memorability.,none,4,3,2,4,outdoor,1,2
00018254,The image's distinctiveness and the stark contrast between light and shadow create a memorable scene.,none,4,4,3,2,indoor,1,3
00018257,The image's distinctiveness and clarity drive its memorability due to the striking contrast and the single clear focal point.,none,5,5,3,4,indoor,1,2
00018281,"The image features two distinct corgis in a simple indoor setting, with a clear focal point and a strong emotional charge due to their happy expressions.",none,5,4,2,4,indoor,1,4
00018301,"The bold red 'AURORA' sign against the blue sky creates a strong focal point and distinctiveness, enhancing memorability.",none,5,5,2,4,outdoor,3,2
00018307,The image's memorability is driven by the distinct group of people posing together in a novel urban nighttime setting.,prominent_faces,4,3,2,3,outdoor,1,2
00018319,The image's distinctiveness and emotional charge drive its memorability due to the unusual combination of mannequin busts wearing Santa hats.,none,4,5,3,4,unclear,1,4
00018332,"The image's memorability is driven by its distinctiveness, clear focal point, and emotional charge.",none,5,4,2,3,outdoor,1,3
00018378,"The image's simplicity, distinctiveness, and vivid colors make it highly memorable.",none,5,5,1,5,unclear,1,4
00018403,"The image's distinctiveness, simplicity, and emotional appeal drive its memorability.",none,5,4,2,4,outdoor,1,3
00018408,"The image's distinctiveness, clarity, and simplicity drive its memorability.",none,5,5,1,4,outdoor,1,2
00018486,"The stark contrast between the bare tree and the warm-toned building creates a striking focal point, enhancing memorability.",none,5,4,2,3,outdoor,1,3
00018521,"The image captures a live performance with distinct musicians, vibrant colors, and dynamic lighting, creating a strong emotional charge.",people_present,4,4,3,4,indoor,1,4
00018550,The image's strong emotional charge and distinct focal point drive its memorability.,people_present,5,4,2,1,outdoor,1,4
00018558,The chair's unique design and striking contrast between the dark frame and bright green seat make it highly distinctive and memorable.,none,5,5,3,4,unclear,1,2
00018560,"The image's striking formation and vivid colors create a strong emotional charge and a clear focal point, enhancing memorability.",none,5,5,3,5,outdoor,1,5
00018629,The statue's distinct appearance and clear focal point make it highly memorable.,none,5,5,2,4,outdoor,1,3
00018635,"The vast, serene expanse of water and distant mountains create a striking and peaceful scene, enhancing memorability.",none,4,4,1,4,outdoor,1,3
00018654,"The image's memorability is driven by its distinctive setup of multiple monitors, unique decorations, and a strong emotional charge from the 'Klingon Xing' sign.",none,3,4,4,4,indoor,2,3
00018695,"The crystal ball creates a unique focal point with its reflective surface and the bottle's reflection, enhancing memorability.",none,4,4,2,3,indoor,1,2
00018700,The stark contrast and singular focus on the tree create a strong emotional charge and high memorability.,none,5,5,1,2,outdoor,1,4
00018710,"The image's distinctiveness, emotional charge, and simplicity drive its memorability.",none,3,4,2,1,unclear,1,3
00018769,"The image captures a unique and emotionally charged moment between two individuals, making it memorable.",prominent_faces,5,4,3,3,indoor,1,4
00018871,"The image's vivid colors, distinct textures, and abstract composition make it visually striking and memorable.",none,3,4,4,4,unclear,1,2
00018872,The image's distinctiveness and the unusual placement of a person in a trash can create a strong emotional charge and a clear focal point.,prominent_faces,5,5,2,3,outdoor,1,4
00018891,"The image's distinctiveness, clarity, and color vividness drive its memorability.",none,5,5,3,4,indoor,2,1
00018918,"The image's stark contrast and singular focus on the flower create a strong visual impact, enhancing memorability.",none,5,5,1,5,unclear,1,3
00018950,"The image's simplicity, distinctiveness, and clear focal point contribute to its memorability.",none,5,4,2,3,outdoor,1,2
00018991,"The image's striking contrast between the dark earth and bright clouds, along with its vastness and natural beauty, enhances memorability.",none,4,5,3,4,outdoor,1,4
00019034,"The image's clarity, distinctiveness, and visual complexity drive its memorability.",none,5,5,4,3,indoor,1,1
00019056,"The serene landscape with its distinct elements like the river, reeds, and dramatic sky creates a memorable scene.",none,4,4,2,3,outdoor,1,3
00019096,"The image's focus on a person smoking creates a strong emotional charge and a clear focal point, enhancing memorability.",prominent_faces,5,4,2,3,indoor,1,4
00019112,"The combination of a striking silhouette, a unique interaction between human and nature, and a vivid color palette enhances memorability.",people_present,5,5,4,4,outdoor,1,3
00019157,"The image's distinctiveness, vivid colors, and clear focal point contribute significantly to its memorability.",none,4,5,3,5,outdoor,1,3
00019242,"The plush seahorse is distinctive due to its unique shape and color, making it stand out as a clear focal point.",none,5,5,1,3,indoor,1,2
00019243,"The image's distinctiveness, clarity, and vivid colors make it highly memorable.",none,5,5,2,4,outdoor,3,2
00019266,The image's distinctiveness and visual complexity drive its memorability due to the unusual arrangement of materials and colors.,none,3,4,4,3,outdoor,1,2
00019277,"The image's strong emotional charge, vivid colors, and clear focal point drive its memorability.",prominent_faces,5,5,2,5,unclear,1,5
00019286,"The foggy, isolated structure creates a sense of mystery and isolation, driving memorability.",none,4,3,2,1,outdoor,1,3
00019337,"The image's distinctiveness, clear focal point, and emotional charge contribute significantly to its memorability.",prominent_faces,5,4,2,3,indoor,1,3
00019370,"The image's dramatic fire scene, vivid colors, and clear focal point drive high memorability.",none,5,5,4,5,outdoor,1,5
00019394,"The image's distinctiveness, clarity, and simplicity drive its memorability.",none,5,5,1,4,unclear,1,2
00019396,"The image's strong emotional charge, distinct focal point, and novel elements drive its memorability.",people_present,5,4,3,3,indoor,2,4
00019525,The stark contrast between the human figure and the architectural backdrop creates a striking and memorable composition.,none,5,5,3,1,outdoor,1,4
00019558,The image's distinctiveness and simplicity drive its memorability.,none,5,4,2,4,outdoor,1,1
00019564,"The unique, futuristic design of the structure makes it highly distinctive and memorable.",none,5,5,3,2,outdoor,1,2
00019601,The image's distinctiveness and the contrast between the dead flower and the surrounding greenery make it memorable.,none,3,4,3,2,outdoor,1,2
00019715,The image's memorability is driven by its distinctiveness and emotional charge due to the statues' solemn expressions and the stark contrast against the dark background.,none,5,5,2,1,outdoor,1,4
00019740,"The image captures a group of people in a natural setting, which, combined with their focused activity and the dramatic sky, creates a memorable scene.",people_present,4,4,3,4,outdoor,1,3
00019750,"The image's distinctiveness, clear focal point, and emotional charge contribute to its memorability.",none,5,5,3,4,indoor,3,4
00019865,"The image features a distinctive and novel object on a tripod against a plain background, which enhances its memorability.",none,5,5,2,3,indoor,1,1
00019871,"The stark contrast between the dark, weathered plants and the bright white snow creates a striking and memorable image.",none,5,5,2,3,outdoor,1,4
00019899,"The image's strong contrast, distinct lighting, and the prominent face create a striking and memorable composition.",prominent_faces,5,5,3,4,unclear,1,4
00019952,"The image's memorability is driven by its distinctiveness and simplicity, making it visually striking.",none,3,4,2,4,outdoor,1,1
00019975,"The image's distinctiveness, clarity, and vivid colors make it highly memorable.",none,5,5,2,4,unclear,1,3
00019991,"The image's striking contrast, vivid colors, and clear focal point drive its memorability.",none,5,5,3,5,outdoor,1,4
00020025,The black-and-white image of Andie's storefront with its distinct signage and clear focal point enhances memorability.,none,5,4,2,1,outdoor,3,1
00020082,The image's distinctiveness and clarity drive memorability due to its unique composition and vibrant colors.,none,4,4,3,4,outdoor,3,2
00020097,The image's memorability is driven by its distinctive subjects and the strong emotional charge of the crowded seals.,none,1,4,5,2,outdoor,1,3
00020158,"The distinctive makeup and short hairstyle create a striking focal point, enhancing memorability.",prominent_faces,5,5,2,3,outdoor,1,3
00020166,The high contrast and intricate leaf patterns create a striking visual that enhances memorability.,none,5,5,4,1,unclear,1,2
00020177,"The image's close-up perspective, distinct subject, and vivid colors drive its memorability.",none,5,5,3,4,unclear,1,2
00020200,"The image's vivid orange color, distinct shape, and clear focal point drive its memorability.",none,5,5,2,5,unclear,1,3
00020212,"The image captures a moment of curiosity and playfulness, which can be emotionally engaging and memorable.",people_present,5,4,3,4,indoor,2,3
00020262,The image's distinctiveness and the contrast between the fallen tree and the natural landscape make it memorable.,none,4,4,3,3,outdoor,1,2
00020271,The image's distinctiveness and simplicity drive its memorability.,none,5,5,3,2,unclear,1,1
00020303,The image's stark contrast and focus on two guitars create a striking visual that enhances memorability.,none,5,5,2,3,indoor,1,3
00020320,The image's simplicity and the prominence of the subject make it highly memorable.,prominent_faces,5,4,2,3,indoor,1,3
00020473,The image's distinctiveness and the clear focal point of the shell make it highly memorable.,none,5,5,3,2,unclear,1,1
00020475,"The image's decayed industrial setting, combined with its distinctive graffiti and the dramatic lighting, creates a strong emotional charge and a sense of novelty.",none,3,4,4,2,indoor,1,4
00020493,The stark contrast between the white flower and the black background makes the subject highly distinctive and clear.,none,5,5,1,5,unclear,1,3
00020540,"The image's distinctiveness, clear focal point, and rich color saturation drive its memorability.",none,5,5,2,5,indoor,1,3
00020562,The simplicity and distinctiveness of the image drive its memorability.,none,5,5,1,5,outdoor,1,2
00020598,The image's simplicity and the distinct focus on the phone create a memorable scene.,none,5,4,2,3,indoor,3,1
00020610,The image's distinctiveness and the clear focal point of the pregnancy test result drive its memorability.,none,5,4,2,3,indoor,2,3
00020621,"The image's stark contrast and focus on the fish create a strong visual impact, enhancing its memorability.",none,5,5,3,1,unclear,1,2
00020657,"The image captures a tender moment between two people, emphasizing emotional connection and distinctiveness.",prominent_faces,5,4,2,1,unclear,1,4
00020667,The stark contrast and unique architectural form make this image highly distinctive and memorable.,none,5,5,3,1,outdoor,1,3
00020721,"The black-and-white composition, distinct graffiti, and solitary figure create a striking contrast that enhances memorability.",people_present,4,4,3,1,outdoor,1,2
00020725,"The black-and-white composition, the distinct pose of the person, and the contrast between the subject and the background create a strong visual impact.",prominent_faces,5,5,2,1,outdoor,1,4
00020753,The lampshade's unique design and the inspirational quote by Abraham Lincoln make it visually striking and emotionally resonant.,none,5,5,3,2,indoor,4,4
00020784,"The image's distinctiveness, focal point, and emotional charge contribute significantly to its memorability.",people_present,5,5,3,4,indoor,1,4
00020817,The image's emotional charge and distinct faces make it memorable.,prominent_faces,5,4,2,1,unclear,1,4
00020832,"The image's clarity, distinctiveness, and focus on a specific culinary theme drive its memorability.",none,5,4,3,2,indoor,4,1
00020863,"The image captures a serene moment with a clear focal point and a distinct, emotionally charged atmosphere.",people_present,5,4,2,3,indoor,1,4
00020874,"The image captures a live football game with a clear focal point and vibrant colors, enhancing its memorability.",people_present,4,4,3,4,outdoor,1,2
00020906,"The image's distinctiveness, vivid colors, and clear focal point drive its memorability.",none,5,5,1,5,outdoor,1,4
00020920,"The image's distinctiveness and the polar bear's unique pose create a strong emotional charge, enhancing memorability.",none,5,5,2,4,outdoor,1,5
00020926,"The image has a clear focal point (the desk setup) and a distinct, modern aesthetic that enhances memorability.",none,4,4,2,3,indoor,1,1
00020928,"The image's distinctiveness, vivid colors, and emotional charge contribute significantly to its memorability.",none,4,5,3,5,indoor,1,4
00021009,"The image's memorability is driven by its distinctiveness, clear focal point, and the contrast between the two watches.",none,5,5,2,4,indoor,1,1
00021016,"The image captures a high-energy moment with a toy monster truck mid-air, making it visually striking and emotionally engaging.",people_present,5,5,3,5,outdoor,1,4
00021020,"The unique and striking design of the bench makes it stand out as a focal point, enhancing its memorability.",none,5,5,2,3,outdoor,1,2
00021021,"The image's distinctiveness, clear focal point, and emotional charge drive its memorability.",none,5,5,1,4,indoor,1,3
00021022,"The image's distinctiveness, clarity, and vivid colors make it highly memorable.",none,5,5,3,5,unclear,1,2
00021046,The image's simplicity and clear focal point drive its memorability.,prominent_faces,5,4,1,2,indoor,1,1
00021137,"The image's distinctiveness, emotional charge, and clarity of subject contribute to its memorability.",none,4,4,3,3,outdoor,2,3
00021158,"The image's simplicity, distinctiveness, and natural beauty contribute to its memorability.",none,5,5,1,4,outdoor,1,3
00021181,"The image's distinctiveness, clear focal point, and vivid colors contribute to its memorability.",prominent_faces,5,4,2,4,unclear,1,3
00021192,"The intricate Gothic arches and lush greenery create a striking contrast, enhancing memorability.",none,5,5,4,3,outdoor,1,2
00021203,"The silhouette of the person against the sparkling water creates a striking contrast, making the image memorable.",people_present,5,5,2,1,outdoor,1,3
00021238,"The image's simplicity, distinct focal point, and vivid colors contribute to its memorability.",none,5,4,2,5,outdoor,1,3
00021251,"The image's simplicity, distinctiveness, and emotional appeal drive its memorability.",none,5,5,1,4,outdoor,1,3
00021253,"The image features two distinctively dressed individuals against a dramatic backdrop, creating a visually striking and emotionally engaging scene.",prominent_faces,5,5,3,4,indoor,1,4
00021270,"The image features a distinctive and clear focal point (the cat), with vivid colors and a cozy indoor setting that evokes a sense of comfort and relaxation.",none,5,4,3,4,indoor,1,3
00021317,"The vivid colors and distinct patterns of the butterfly make it a striking focal point, enhancing memorability.",none,5,5,3,5,outdoor,1,4
00021332,"The image's memorability is driven by its distinctiveness, clear focal point, and emotional charge.",prominent_faces,5,5,3,4,outdoor,2,4
00021359,"The painting's dynamic wave and swirling patterns create a strong emotional charge and a clear focal point, enhancing its memorability.",none,5,5,4,5,outdoor,1,5
00021382,The image's distinctiveness and the strong emotional charge from the subject's expression drive its memorability.,prominent_faces,5,5,3,4,unclear,1,5
00021441,"The image's distinctiveness, vivid colors, and clear focal point drive its memorability.",none,5,5,3,5,unclear,1,4
00021459,The image's distinctiveness and simplicity drive its memorability.,none,3,4,2,4,outdoor,1,2
00021488,"The London Eye's illuminated structure against the night sky creates a striking focal point, enhancing memorability.",none,5,5,3,4,outdoor,1,2
00021500,"The image's striking blue color, unique geological formations, and natural beauty create a memorable scene.",none,5,5,2,5,outdoor,1,4
00021608,The vivid green lighting and distinct signage create a striking and memorable scene.,none,5,5,3,5,indoor,4,2
00021653,"The image's distinctiveness, clear focal point, and emotional charge contribute to its memorability.",prominent_faces,5,4,2,3,indoor,1,3
00021669,"The image captures a dramatic flood scene with a clear focal point, high distinctiveness, and strong emotional charge.",none,5,5,3,2,outdoor,1,5
00021692,The stark contrast between the frozen lake and the silhouetted figures creates a striking and memorable scene.,people_present,5,5,2,1,outdoor,1,3
00021784,"The image's distinctive subjects, novel composition, and emotional charge drive its memorability.",none,2,4,3,4,unclear,1,3
00021786,"The image's distinctiveness, clear focal point, and strong emotional charge contribute significantly to its memorability.",prominent_faces,5,5,2,4,unclear,1,5
00021792,The image's distinctiveness and the focal subject's clarity drive its memorability.,none,4,4,2,2,outdoor,1,3
00021815,The image's distinctiveness and clarity drive its memorability due to the unique architectural structure and the absence of distracting elements.,none,4,4,2,1,outdoor,1,1
00021869,The image's strong emotional charge and distinctiveness drive its memorability.,prominent_faces,5,5,3,4,unclear,1,5
00021967,"The abstract nature and textured background make the image visually complex and intriguing, enhancing its memorability.",none,2,4,5,3,unclear,1,3
00021986,"The image features a clear focal point with distinct people and a vibrant poster, creating a strong emotional charge.",prominent_faces,5,4,3,4,indoor,3,4
00022066,"The striking contrast between the tattooed figure and the graffiti background, along with the unique pose and expression, makes this image memorable.",prominent_faces,5,5,4,4,outdoor,1,3
00022077,"The image's distinctiveness, vivid colors, and the person's unique appearance make it highly memorable.",people_present,5,5,4,5,indoor,1,3
00022079,"The image's distinct architectural style, vibrant colors, and clear focal point drive its memorability.",none,5,5,4,4,outdoor,1,3
00022081,The stark contrast between the vivid colors and the aged texture of the brickwork creates a visually striking and memorable scene.,none,5,5,3,5,outdoor,1,2
00022120,"The house's unique architectural design and vibrant color scheme make it stand out, enhancing its memorability.",none,5,5,3,4,outdoor,1,2
00022148,"The image's distinctiveness, clarity, and vivid colors make it highly memorable.",none,5,5,3,5,indoor,2,4
00022155,"The image's distinctiveness, emotional charge, and focal point contribute significantly to its memorability.",none,4,4,2,3,outdoor,1,3
00022177,"The image's distinctive subjects, novel composition, and vivid colors contribute significantly to its memorability.",none,3,4,4,4,unclear,1,2
00022182,"The image's clarity, distinctiveness, and vivid colors make it highly memorable.",none,5,5,3,5,outdoor,1,4
00022194,The boat's name 'Shameless Hooker' combined with its rugged setting creates a memorable and slightly humorous focal point.,none,5,4,2,3,outdoor,3,2
00022217,"The close-up, dim lighting, and the subject's expression create a strong emotional charge and a clear focal point.",prominent_faces,5,4,2,3,indoor,1,5
00022257,The black-and-white portrait of a child with a distinct expression creates a strong emotional charge and a clear focal point.,prominent_faces,5,5,1,1,unclear,2,4
00022301,"The image's distinctiveness, clear focal point, and emotional charge contribute to its memorability.",none,5,4,2,3,outdoor,1,3
00022305,The close-up of the dog's face with its expressive eyes and the tennis ball creates a strong emotional connection and a clear focal point.,none,5,4,2,3,indoor,1,4
00022310,The image's distinctiveness and clarity make it memorable due to its unusual signage and urban setting.,none,4,4,3,2,outdoor,4,1
00022413,"The image's simplicity, distinct focus on feet with vibrant red nail polish, and the contrast against the textured background contribute to its memorability.",people_present,5,4,2,4,indoor,1,3
00022434,"The image's distinctiveness, clear focal point, and emotional charge contribute to its memorability.",none,5,4,2,1,indoor,1,3
00022453,"The image's distinctiveness, clear focal point, and vivid colors contribute to its high memorability.",none,5,5,2,4,outdoor,1,3
00022474,"The image's memorability is driven by its distinctive subject, clear focal point, and novel appearance.",people_present,5,5,3,5,outdoor,1,4
00022524,The image's distinctive geometric pattern and stark contrast drive high memorability.,none,5,5,3,4,outdoor,1,2
00022541,The image's strong emotional charge and distinctiveness drive its memorability.,prominent_faces,5,5,3,4,unclear,1,5
00022572,The image's distinctiveness and clarity drive memorability due to its bold branding and clear focal point.,none,5,5,2,4,indoor,3,1
00022573,"The altered stop sign with the added text 'CONSUMING' creates a novel and emotionally charged message, making it memorable.",none,5,5,2,4,outdoor,3,4
00022582,The image's distinctiveness and the clear focal point drive its memorability.,prominent_faces,5,5,3,4,indoor,2,3
00022598,"The image's distinctiveness, clarity, and vivid colors make it highly memorable.",none,5,5,2,5,unclear,1,4
00022628,"The image's distinctiveness, clarity, and emotional charge drive its memorability.",none,5,5,1,4,outdoor,1,3
00022762,"The image's stark contrast, unusual subject matter, and emotional intensity drive high memorability.",prominent_faces,5,5,4,3,unclear,1,5
00022785,"The image's distinctiveness, emotional charge, and clarity of focal point drive its memorability.",people_present,5,5,2,3,outdoor,1,4
00022811,The distinct pattern and vibrant colors make the image visually striking and memorable.,none,5,5,3,5,indoor,1,2
00022813,"The image captures a serene moment of two lions resting near water, which is visually striking and emotionally evocative.",none,5,4,2,3,outdoor,1,3
00022822,"The image features a single, clearly defined crochet toy with distinct features like large eyes and a bow, making it memorable.",none,5,5,1,2,indoor,1,3
00022859,"The image's distinctiveness, clarity, and natural beauty drive its memorability.",none,5,5,3,4,outdoor,1,2
00022875,"The image features a close-up of intricately crocheted fabric with distinct patterns, which creates a sense of detail and craftsmanship that can be visually striking.",none,5,4,3,3,indoor,1,2
00022881,The stark contrast and simplicity of the image make it highly distinctive and memorable.,none,5,5,1,1,unclear,1,1
00022933,The image's distinctiveness and the person's pose create a memorable visual due to its unusual nature.,prominent_faces,5,5,2,3,indoor,1,3
00022939,"The combination of a striking portrait, bold graffiti, and vivid colors creates a memorable and emotionally charged scene.",prominent_faces,5,5,4,5,outdoor,3,4
00022952,"The image's distinctiveness, clarity, and emotional charge make it highly memorable.",none,5,5,2,4,indoor,1,3
00022962,"The image's distinctiveness, clarity, and vivid colors make it highly memorable.",none,5,5,2,5,unclear,1,3
00022997,"The image captures a striking and unusual interaction between a child and a horse, making it memorable due to its novelty and emotional charge.",prominent_faces,5,5,2,4,outdoor,1,5
00023078,"The image's distinct blue objects and smooth motion blur create a striking contrast, enhancing memorability.",none,5,5,2,5,unclear,1,3
00023083,The vibrant color and unique shape of the grapefruit slice make it stand out as a clear focal point.,none,5,5,3,5,outdoor,2,3
00023114,The scene's distinctiveness and the presence of people create a memorable snapshot.,people_present,4,4,3,4,indoor,1,2
00023124,"The vivid colors, distinct shapes, and clear focal point make this image highly memorable.",none,5,5,4,5,unclear,1,3
00023172,"The vivid sunset, distinct bridge, and serene river create a striking and emotionally charged scene.",none,4,5,3,5,outdoor,1,4
00023189,"The image captures a vivid and unusual scene of a flooded street with a tuk-tuk navigating through water, making it memorable due to its distinctiveness and emotional charge.",people_present,4,4,3,4,outdoor,2,4
00023191,"The image's distinctiveness, clear focal point, and emotional charge contribute significantly to its memorability.",none,5,5,1,4,outdoor,1,4
00023205,"The image's striking contrast between the red hand and the white rope, along with its unusual composition, makes it highly memorable.",people_present,5,5,4,5,unclear,1,4
00023213,The stark contrast between the 'NO DUMPING' sign and the illegal dumping site makes the image highly distinctive and memorable.,none,5,5,3,2,outdoor,4,3
00023220,"The image's simplicity and the prominent face create a strong focal point, enhancing memorability.",prominent_faces,5,4,1,1,unclear,1,2
00023244,The abstract nature and vibrant colors make the image visually striking and emotionally engaging.,none,3,4,4,4,unclear,1,4
00023267,"The stark contrast between the hand and the dark figure creates a strong emotional charge and a clear focal point, enhancing memorability.",prominent_faces,5,5,2,3,indoor,1,5
00023303,The stark contrast and clear focal point of the castle against the sky make it highly memorable.,none,5,5,2,1,outdoor,1,3
00023341,"The discarded sofa creates a stark contrast against the urban backdrop, making it a clear focal point.",none,5,4,2,3,outdoor,1,3
00023344,"The image's focus on the pianist and the piano keys creates a strong visual narrative, enhancing its memorability.",people_present,5,4,2,1,indoor,1,3
00023411,"The image's memorability is driven by its distinctiveness and clarity, as the towel rack with 'XV' branding stands out against the plain background.",none,5,4,2,3,indoor,2,1
00023436,"The image's clarity, distinctiveness, and vivid colors make it highly memorable.",none,5,5,2,5,outdoor,1,3
00023466,The image's stark contrast between the solitary figure and the dramatic sky creates a strong emotional charge and a clear focal point.,people_present,5,5,2,3,outdoor,1,4
00023508,"The image's distinctiveness, vivid colors, and clear focal point drive its memorability.",none,5,5,2,5,unclear,1,3
00023523,"The image's distinctive style, bold colors, and dynamic composition make it highly memorable.",none,3,5,4,5,unclear,4,4
00023565,"The image's clarity, distinctiveness, and emotional charge make it highly memorable.",none,5,5,2,3,indoor,4,4
00023595,The image's emotional charge and distinctiveness drive its memorability.,prominent_faces,5,4,2,3,unclear,1,4
00023614,"The lone tree stands out as a clear focal point against a serene, misty landscape, enhancing its memorability.",none,5,4,2,3,outdoor,1,3
00023688,"The image's distinctiveness, clear focal point, and emotional charge contribute to its memorability.",people_present,5,4,2,3,outdoor,1,3
00023705,The sign's clear focal point and distinct symbols make it highly memorable.,none,5,5,2,3,outdoor,1,1
00023730,"The image's striking contrast and vivid colors create a strong emotional charge and a clear focal point, enhancing memorability.",none,5,5,3,5,unclear,1,5
00023739,"The close-up of the person's face with a somber expression and soft lighting creates a strong emotional charge and a clear focal point, enhancing memorability.",prominent_faces,5,4,2,3,indoor,1,4
00023755,"The image's memorability is driven by its distinctive subject, a monster truck performing a jump over cars, which is a novel and emotionally charged scene.",people_present,5,5,4,5,outdoor,2,5
00023770,"The vast, serene ocean and sky create a sense of tranquility and vastness, driving memorability.",none,3,4,1,2,outdoor,1,2
00023843,"The image's striking contrast between the deep blue ice and the dark interior creates a strong visual focal point, enhancing memorability.",none,5,5,2,4,outdoor,1,3
00024002,"The image's memorability is driven by its distinctive subjects, clear focal points, and novelty.",none,5,5,3,2,indoor,4,1
00024052,The image's distinctiveness and clarity drive its memorability due to the clear focal point and the striking architectural style.,none,5,4,3,2,outdoor,2,1
00024071,"The image's simplicity, distinctiveness, and emotional charge make it highly memorable.",people_present,4,4,2,3,outdoor,1,3
00024086,"The car's unique design and vibrant colors make it stand out, enhancing its memorability.",none,5,5,3,4,outdoor,1,2
00024130,The image's memorability is driven by its distinctiveness and the clear focal point of the large sculpture.,people_present,4,4,2,3,outdoor,1,2
00024172,"The image features a prominent face with a clear focal point, vibrant colors, and a strong emotional charge, making it highly memorable.",prominent_faces,5,4,2,4,outdoor,1,4
00024191,"The image's distinctiveness, vivid colors, and clear focal point contribute to its memorability.",none,5,5,2,5,outdoor,1,3
00024224,The stark contrast between the man's serious expression and the abstract background enhances memorability.,prominent_faces,5,5,3,1,outdoor,1,4
00024257,The image's distinctiveness and simplicity drive its memorability.,none,5,4,2,3,indoor,1,1
00024281,"The toy robot's distinct design, vibrant colors, and clear focal point make it highly memorable.",none,5,5,3,5,indoor,1,2
00024284,"The image's clarity, distinctiveness, and simplicity drive its memorability.",none,5,5,1,4,unclear,1,3
00024306,"The image's clarity, distinctiveness, and emotional charge make it highly memorable.",none,5,5,1,3,outdoor,1,4
00024310,"The image's strong emotional charge, distinctiveness, and clear focal point drive its memorability.",people_present,4,4,3,2,outdoor,2,4
00024317,The image's distinctiveness and the emotional connection between the child and the pig create a memorable scene.,people_present,5,5,3,4,outdoor,1,4
00024334,The image's distinctiveness and the clarity of its focal point drive its memorability.,none,4,4,3,2,outdoor,1,2
00024351,"The image's distinctiveness, focal point, and emotional charge drive its memorability.",people_present,5,5,4,3,unclear,1,4
00024359,The stark contrast between the bird and the bare branches against a plain background creates a striking and memorable image.,none,5,5,1,1,outdoor,1,2
00024384,"The image's memorability is driven by its distinctiveness and visual complexity, showcasing a variety of earrings in a unique display.",none,4,4,4,3,indoor,1,2
00024414,"The vivid sunset, distinct pier silhouette, and serene beach create a striking and emotionally charged scene.",none,4,5,2,5,outdoor,1,5
00024431,"The image's distinctiveness, clarity, and emotional charge contribute significantly to its memorability.",none,4,4,3,4,outdoor,1,2
00024445,"The image's distinctiveness, emotional charge, and clear focal point drive its memorability.",prominent_faces,5,4,2,3,indoor,1,4
00024620,The stark contrast and prominent faces create a striking visual that enhances memorability.,prominent_faces,5,5,1,1,indoor,1,3
00024658,"The image's strong focus on a vivid, novel, and emotionally charged subject makes it highly memorable.",people_present,5,5,3,5,indoor,1,5
00024689,The serene and picturesque winter landscape with its distinct snow-covered trees and flowing stream creates a strong emotional charge and a clear focal point.,none,5,5,3,2,outdoor,1,4
00024713,"The dim lighting, graffiti, and narrow alleyway create a sense of mystery and unease, enhancing memorability.",none,3,4,4,2,outdoor,1,4
00024753,The image's striking composition and contrast make it memorable.,none,5,5,2,1,outdoor,1,3
00024774,The image's focus on a sleeping cat with soft lighting and a warm color palette creates a strong emotional charge and a clear focal point.,none,5,4,2,3,indoor,1,4
00024791,"The image captures a moment of outdoor activity with children engaging in a fun and novel activity, which enhances its memorability.",people_present,4,4,3,4,outdoor,1,3
00024799,"The image's distinctive subjects, novel composition, and emotional charge drive its memorability.",none,3,5,5,4,unclear,1,4
00024856,The image's distinctiveness and clear focal point drive its memorability.,none,5,4,3,1,outdoor,1,2
00024904,"The image's distinctiveness, clear focal point, and emotional charge drive its memorability.",none,5,5,2,4,indoor,1,4
00024935,"The image's vivid colors, clear focal point, and striking subject make it highly memorable.",none,5,5,3,5,outdoor,1,2
00024936,The image's distinctiveness and the focus on a specific meal create a memorable scene.,none,4,4,3,4,indoor,1,2
00025046,"The image's distinctiveness, clarity, and vivid colors make it highly memorable.",none,5,5,1,5,indoor,1,2
00025057,"The image's simplicity, distinctness, and clear focal point drive its memorability.",none,5,5,1,3,indoor,1,1
00025074,"The image has a clear focal point (the laptop) and includes distinctive elements like the book and iPod, making it memorable.",none,4,3,2,3,indoor,2,1
00025117,"The image's distinctiveness, clear focal point, and vivid colors contribute significantly to its memorability.",none,5,5,2,4,outdoor,1,3
00025133,The image's distinctiveness and vivid lighting make it memorable.,none,4,4,3,4,outdoor,1,2
00025140,"The vast, serene landscape with its distinct layers of mountains and lush greenery creates a strong emotional charge and a clear focal point, enhancing memorability.",none,5,5,2,4,outdoor,1,4
00025200,"The image's stark black-and-white contrast, the solitary figure, and the contemplative pose create a strong emotional charge and a clear focal point.",people_present,5,4,2,1,outdoor,1,4
00025207,"The large, red brick building with its distinct architectural features stands out as a clear focal point, making it highly memorable.",none,5,4,3,4,outdoor,1,2
00025208,"The image's striking contrast, flowing water, and natural setting create a memorable composition.",none,5,5,2,1,outdoor,1,3
00025261,"The image's memorability is driven by the distinct group of formally dressed individuals standing in a line, creating a clear focal point.",people_present,4,3,2,2,indoor,1,1
00025270,"The image's distinctiveness, novel design, and the presence of people create a strong memorability factor.",people_present,5,5,3,4,unclear,1,2
00025303,"The image's distinctiveness and clarity drive its memorability due to the close-up view of a mechanical wheel, which is unusual and striking.",none,5,5,2,1,unclear,1,1
00025339,"The image's striking red pattern against a black background creates a strong contrast and emotional charge, enhancing memorability.",none,5,5,3,5,unclear,1,5
00025349,The image's ethereal quality and the contrast between the rose and the fog create a strong emotional charge and a clear focal point.,none,5,5,2,3,unclear,1,4
00025351,"The image's distinctiveness, clear focal point, and vibrant colors contribute to its memorability.",people_present,4,4,2,4,outdoor,1,3
00025365,The iconic Hollywood sign serves as a strong focal point due to its distinctiveness and cultural significance.,none,5,5,2,4,outdoor,3,4
00025411,"The child's distinct outfit and pose create a clear focal point, making the image memorable.",prominent_faces,5,4,2,3,unclear,2,3
00025427,"The abstract composition with a clear focal point, distinct elements, and strong emotional charge enhances memorability.",none,4,5,5,3,unclear,1,5
00025468,"The vibrant colors, distinct shapes, and clear focal point make this image highly memorable.",none,5,5,5,5,unclear,1,4
00025494,The image's simplicity and distinctiveness drive its memorability.,none,5,5,1,1,unclear,1,1
00025570,The stark simplicity and clear focal point of the clock and siren make it highly memorable.,none,5,4,1,1,indoor,1,1
00025610,"The silhouette and stark contrast create a strong emotional charge and a clear focal point, enhancing memorability.",prominent_faces,5,5,1,1,unclear,1,5
00025623,"The image's clarity, distinctiveness, and emotional charge make it highly memorable.",none,5,5,1,2,outdoor,3,4
00025672,The image's striking contrast and the unique shadow create a memorable visual due to its distinctive and novel composition.,none,5,5,2,1,indoor,1,3
00025737,"The image's distinctiveness, emotional charge, and clear focal point drive its memorability.",people_present,4,4,3,3,outdoor,1,3
00025742,"The image's distinctiveness, vivid colors, and clear focal point make it highly memorable.",none,5,5,3,5,unclear,1,2
00025747,"The close-up of the bronze statue's face creates a strong emotional charge and a clear focal point, enhancing memorability.",none,5,5,3,2,unclear,1,4
00025751,The image's focus on a sleeping animal with soft lighting and close-up detail creates a strong emotional charge and a clear focal point.,none,5,5,1,1,indoor,1,5
00025810,The serene river scene with distinct trees and a clear focal point enhances memorability.,none,4,3,2,3,outdoor,1,2
00025843,"The image's simplicity, distinctiveness, and emotional charge make it memorable.",none,5,5,1,4,indoor,1,3
00025856,The stark contrast between the dark background and the illuminated figure creates a strong focal point and emotional charge.,prominent_faces,5,5,3,4,indoor,1,5
00025868,The image's distinctiveness and simplicity drive its memorability.,none,5,5,1,1,outdoor,1,1
00025954,The stark contrast between the ancient structure and the natural surroundings creates a striking focal point that enhances memorability.,none,5,5,2,1,outdoor,1,3
00025970,The image's striking contrast between the windmill and the vibrant sunset sky makes it highly memorable.,none,5,5,2,5,outdoor,1,4
00025993,"The red barn stands out as a clear focal point against the snowy landscape, making it highly memorable.",none,5,4,2,3,outdoor,1,2
00025994,The stark contrast and the solitary cross against a dramatic sky create a powerful and memorable image.,none,5,5,1,2,outdoor,1,5
00026051,"The image's abstract nature, rich color palette, and lack of clutter make it highly memorable.",none,3,4,4,4,unclear,1,2
00026126,The cat's exaggerated expression and vibrant colors make it highly memorable.,none,5,5,2,4,indoor,1,5
00026130,"The vivid colors, distinct clown costume, and the bright sunflower create a striking and memorable image.",prominent_faces,5,5,3,5,indoor,1,4
00026143,The image's distinctiveness and clarity drive memorability due to the unique combination of a telescope and a detailed map.,none,5,5,3,4,unclear,2,1
00026151,"The image's distinctiveness, novelty, and strong emotional charge drive its memorability.",prominent_faces,5,5,3,4,indoor,1,4
00026204,"The image's distinctiveness, vivid colors, and serene composition drive its memorability.",none,5,5,2,5,outdoor,1,4
00026206,The image's distinctiveness and the prominence of the subject drive its memorability.,prominent_faces,5,4,2,3,outdoor,1,3
00026211,"The image's distinct spiral shape, vibrant colors, and water droplets create a visually striking and emotionally charged focal point.",none,5,5,3,5,unclear,1,4
00026228,The image's striking visual elements and emotional charge drive its memorability.,prominent_faces,5,5,4,5,unclear,1,5
00026295,The image's distinct architectural pattern and the contrast between the buildings drive memorability.,none,4,4,3,2,outdoor,1,1
00026296,The image's simplicity and the clear focal point of the bridge enhance its memorability.,none,5,3,2,2,outdoor,1,2
00026318,"The painting's abstract style, distinct color palette, and emotional atmosphere make it highly memorable.",people_present,4,5,3,5,unclear,1,4
00026342,The dynamic motion blur and vibrant colors make the image visually striking and emotionally engaging.,people_present,3,4,2,4,outdoor,1,4
00026360,"The image captures a serene and emotionally charged moment of a dog resting, which naturally increases its memorability.",none,5,4,2,3,indoor,1,4
00026364,"The image's low lighting, candlelight, and elegant table setting create a strong emotional charge and a sense of intimacy, enhancing memorability.",none,5,5,4,3,indoor,1,5
00026368,"The image's striking use of color, contrast, and a single clear focal point enhances its memorability.",none,5,5,4,5,unclear,1,4
00026380,The image captures a candid moment with a clear focal point and distinct elements that evoke curiosity and emotion.,people_present,4,4,3,2,outdoor,1,3
00026392,"The scene's intimate and romantic setup, with candles and a champagne bottle, creates a strong emotional charge and a clear focal point.",none,5,5,4,4,indoor,1,5
00026434,"The image's distinctiveness, clarity, and vivid colors make it highly memorable.",none,5,5,3,5,unclear,1,2
00026465,"The MRI machine is a distinctive subject with high clarity and novelty, driving memorability.",none,5,5,2,3,indoor,1,1
00026502,The image's emotional charge and distinctiveness drive its memorability.,people_present,5,5,3,2,indoor,1,4
00026523,"The image's serene rural landscape, warm sunlight, and clear focal point drive its memorability.",none,4,3,2,3,outdoor,1,3
00026559,"The image features a small white dog as the clear focal point, which makes it memorable due to its distinctiveness and novelty.",none,5,4,2,3,outdoor,1,2
00026663,"The image captures a child's interaction with nature, which is inherently memorable due to its simplicity and emotional connection.",people_present,5,4,2,4,outdoor,1,3
00026674,The image's distinctiveness and clarity make it memorable due to its focus on a lone hiker in a serene rural setting.,people_present,5,4,2,3,outdoor,1,2
00026736,"The image's simplicity, distinctiveness, and natural beauty contribute to its memorability.",none,4,4,2,4,outdoor,1,3
00026739,The image's distinctiveness and simplicity drive its memorability.,none,5,5,1,3,indoor,1,1
00026871,The dramatic contrast between the dark clouds and the bright cityscape creates a striking and memorable image.,none,4,4,2,1,outdoor,1,3
00026874,The image's memorability is driven by its distinctiveness and the clear focal point of two men engaged in a chess game.,people_present,5,4,2,1,outdoor,1,3
00026883,"The image's vivid colors, dynamic composition, and striking subject make it highly memorable.",prominent_faces,5,5,4,5,unclear,1,5
00026884,"The vivid colors, clear focal point, and striking contrast drive high memorability.",none,5,5,3,5,indoor,1,4
00026903,The serene beach scene with its distinct cliff and calm water creates a peaceful and memorable image.,none,4,4,2,3,outdoor,1,2
00026913,The heavy text and lack of distinct elements make memorability low.,none,1,1,5,1,indoor,5,1
00026917,The serene night landscape with a clear sky and distant lights creates a peaceful and memorable scene.,none,3,4,2,3,outdoor,1,3
00026918,"The image's memorability is driven by the distinct subjects, clear focal point, and emotional charge of the children's interaction.",prominent_faces,5,4,2,4,outdoor,1,3
00026939,"The image's stark black-and-white contrast, the prominent church spire, and the somber atmosphere create a strong emotional charge and a clear focal point, enhancing memorability.",none,5,4,3,1,outdoor,1,5
00026955,The image's memorability is driven by its distinctiveness and the clear focal point of the child in the red hoodie.,people_present,4,4,2,3,outdoor,1,2
00026973,"The image's distinctiveness, emotional charge, and natural beauty contribute significantly to its memorability.",none,4,4,3,4,outdoor,1,3
00027028,"The black and white composition, minimalistic elements, and the contrast between the figures and the vast water create a striking and memorable scene.",people_present,4,4,2,1,outdoor,1,3
00027060,The image's memorability is driven by its striking visual metaphor and the contrast between the human figure and the large clock face.,people_present,5,5,3,2,indoor,1,3
00027167,"The image's distinctiveness, focal point, and emotional charge drive its memorability.",none,5,5,4,5,outdoor,1,5
00027203,"The image's vivid color, clear focal point, and natural beauty drive high memorability.",none,5,5,1,5,outdoor,1,4
00027221,The stark contrast between the person's emotional state and the mundane act of eating creates a powerful emotional charge.,prominent_faces,5,5,2,1,indoor,1,5
00027284,"The serene landscape with distinct elements like the lake, mountains, and unique tree structure creates a memorable scene.",none,4,4,3,4,outdoor,1,3
00027299,The image's distinctiveness and clarity drive its memorability due to the unique shape and branding.,none,5,5,2,1,indoor,3,1
00027307,The combination of a cute dog and a vibrant cocktail creates a striking and emotionally charged focal point.,none,5,5,3,5,outdoor,1,4
00027325,"The image's distinctiveness, novelty, and emotional charge drive its memorability due to the unusual juxtaposition of everyday objects.",none,5,5,3,4,unclear,1,2
00027333,"The combination of guns, coffee, and a Starbucks logo creates a striking and novel juxtaposition that enhances memorability.",none,5,5,4,3,indoor,2,3
00027424,"The image's vibrant colors, abstract patterns, and lack of clutter make it highly memorable.",none,2,4,5,5,unclear,1,3
00027489,The image's strong emotional charge and distinct focal point drive its memorability.,people_present,5,5,2,4,unclear,1,5
00027509,The vivid colors and clear focal point of the parrot make it highly memorable.,none,5,5,3,5,unclear,1,4
00027515,The image's striking contrast between the flowing white fabric and the dark hair creates a visually distinctive and emotionally charged focal point.,prominent_faces,5,5,3,4,indoor,1,5
00027562,"The image's striking contrast, unique subject (rocks in a glass), and dramatic lighting create a memorable composition.",none,5,5,3,4,indoor,1,2
00027578,"The image's simplicity, distinctiveness, and vivid color make it highly memorable.",none,5,5,1,5,unclear,1,2
00027588,The image's distinctiveness and emotional charge drive its memorability due to the unique pose and lighting.,prominent_faces,5,4,2,1,indoor,1,3
00027635,The image's striking contrast between the glowing sun and the dark silhouettes creates a memorable and emotionally charged scene.,none,5,5,2,4,outdoor,1,4
00027668,"The image's simplicity and the distinct green vases create a strong focal point, enhancing memorability.",none,5,4,1,3,indoor,1,2
00027813,The image's distinctiveness and clarity drive its memorability due to the clear focal point and the unique design of the thermometer.,none,5,4,2,3,unclear,3,1
00027822,"The image's distinctiveness, vivid colors, and the clear focal point of the shadowed figures against the rainbow background drive its memorability.",none,4,5,2,5,unclear,1,3
00027945,The black-and-white image of the vintage Oliver tractor against a rustic backdrop creates a strong contrast and evokes a sense of nostalgia.,none,5,4,3,1,indoor,2,3
00027947,"The image's distinctiveness, emotional charge, and clear focal point drive its memorability.",people_present,4,4,3,4,unclear,3,3
00027957,"The image's clarity, distinctiveness, and simplicity drive its memorability.",none,5,4,2,3,outdoor,1,1
00028005,"The abstract nature, vivid colors, and dynamic composition drive high memorability.",none,1,5,5,5,unclear,1,4
00028055,"The image's distinctiveness, simplicity, and emotional appeal drive its memorability.",none,5,5,2,4,outdoor,1,3
00028104,"The image's stark contrast between the tree and the dark background, along with the moonlight, creates a strong focal point and emotional charge.",none,5,5,2,1,outdoor,1,4
00028146,The image's distinctiveness and emotional charge drive its memorability due to the unusual and striking nature of a car perched precariously on a building.,none,5,5,3,2,outdoor,1,4
00028149,"The image's simplicity, distinctiveness, and focus on a single element drive its memorability.",none,5,5,1,4,indoor,1,2
00028157,"The image's striking composition, vivid colors, and the child's dynamic pose create a memorable and emotionally charged scene.",prominent_faces,5,5,2,5,outdoor,1,5
00028162,The stark contrast between the dark silhouette of the tree and the vibrant purple sky creates a striking and memorable image.,none,5,5,1,5,outdoor,1,4
00028171,"The image's memorability is driven by its distinctive subject, novel design, and strong emotional charge.",none,5,5,4,5,outdoor,3,5
00028184,"The image's simplicity, distinctiveness, and the play of light create a memorable composition.",none,5,5,1,4,indoor,1,2
00028207,"The image's simplicity, distinctiveness, and clear focal point drive its memorability.",none,5,5,1,3,indoor,1,1
00028215,"The image captures a dynamic moment of a golfer hitting out of a sand trap, making it visually striking and emotionally engaging.",people_present,5,4,3,3,outdoor,1,3
00028216,"The image's memorability is driven by the distinct subject, clear focal point, and emotional charge.",prominent_faces,5,4,2,1,unclear,1,3
00028220,"The image's clarity, distinctiveness, and simplicity contribute to its memorability.",none,5,4,1,2,outdoor,1,1
00028247,"The image's memorability is driven by the clear focal point, distinctive subject, and emotional charge of the child's expression.",prominent_faces,5,4,2,4,outdoor,1,3
00028380,The vintage black pickup truck stands out due to its classic design and clear focal point.,none,5,4,2,3,outdoor,1,2
00028411,"The image's distinctiveness, emotional charge, and visual complexity drive its memorability.",none,3,4,4,4,indoor,3,2
00028412,The intricate interplay of wires and the stark contrast against the dark background create a visually striking and emotionally evocative image.,none,5,5,4,1,outdoor,1,3
00028451,"The image's distinctiveness, clarity, and emotional charge make it highly memorable.",none,5,5,3,4,outdoor,1,4
00028464,"The image's strong emotional charge, distinctiveness, and clear focal point drive its memorability.",prominent_faces,5,5,3,4,indoor,1,5
00028504,The image's simplicity and lack of distinct elements contribute to its low memorability.,none,1,1,1,1,unclear,1,1
00028517,"The image's stark contrast and focus on the hands create a strong emotional charge and a clear focal point, enhancing memorability.",people_present,5,5,2,3,indoor,1,4
00028537,"The image's distinctiveness, clarity, and simplicity drive its memorability.",none,5,5,1,4,indoor,2,3
00028549,The image's simplicity and the striking contrast between the bird and the blue sky make it highly memorable.,none,5,5,1,5,outdoor,1,2
00028561,The image's distinctiveness and simplicity drive its memorability.,none,5,5,2,3,unclear,1,1
00028567,"The image's clarity, distinctiveness, and emotional charge contribute significantly to its memorability.",none,5,4,3,4,outdoor,1,3
00028569,The image's distinctiveness and simplicity drive its memorability.,none,3,4,2,2,indoor,1,1
00028578,"The image's simplicity and striking contrast between the hand, salt, and black background make it highly memorable.",people_present,5,5,1,1,unclear,1,1
00028665,The sharp contrast between the leaf's texture and the blurred background makes the image distinctive and emotionally engaging.,none,5,5,2,4,unclear,1,3
00028698,The image's distinctiveness and novelty drive its memorability due to the unusual combination of a hang glider and a boat.,people_present,5,5,3,4,outdoor,1,2
00028718,The image's emotional charge and distinctiveness drive its memorability.,people_present,5,4,2,1,unclear,1,4
00028736,"The image's memorability is driven by its retro aesthetic, the stark contrast between the old computer hardware and the modern blue screen of death, and the emotional charge associated with technology failures.",none,5,5,3,2,indoor,4,3
00028748,The image's simplicity and focus on a single object create a strong memorability due to its distinctiveness and clarity.,none,5,4,1,3,outdoor,1,2
00028756,The image's distinctive textures and vivid colors make it highly memorable.,none,3,5,4,5,unclear,1,2
00028773,"The distinctiveness of the fishing catalog cover, combined with the clear focal point and vivid colors, enhances memorability.",none,5,4,3,4,indoor,2,3
00028820,"The image's distinctive subject, novel elements, and strong emotional charge contribute significantly to its memorability.",prominent_faces,5,5,3,5,indoor,1,4
00028833,"The image's focus on a hand drawing with a pencil against a stark black background creates a strong contrast and a sense of concentration, enhancing memorability.",people_present,5,4,2,1,indoor,1,3
00028856,"The image's distinctiveness, clear focal point, and emotional charge contribute to its memorability.",none,5,5,2,4,outdoor,1,3
00028919,The stark simplicity and clear focal point of the chair against a plain background drive memorability.,none,5,4,1,1,indoor,1,1
00028929,The image's distinctiveness and the contrast between the structure and the sky make it memorable.,none,4,4,3,2,outdoor,1,2
00028957,"The image has a distinct focal point with a mix of everyday objects and a Red Bull can, creating a sense of novelty.",none,4,4,3,4,indoor,2,1
00028967,The image's distinctive design and clear focal point make it highly memorable.,none,5,5,3,4,indoor,1,2
00028997,"The image has a clear focal point (the laptop setup) and includes distinctive elements like the lamp and figurines, which contribute to its memorability.",none,4,3,2,3,indoor,1,1
00028998,The image's distinctiveness and natural beauty drive its memorability.,none,3,4,2,3,outdoor,1,2
00029056,"The image's distinctiveness, clarity, and vivid colors make it highly memorable.",none,5,5,3,5,unclear,1,2
00029058,The image's simplicity and the clear focal point of the grasshopper make it highly memorable.,none,5,5,1,1,indoor,1,1
00029140,"The abstract composition with vibrant colors and dynamic brushstrokes creates a strong emotional charge and high distinctiveness, enhancing memorability.",none,3,5,4,5,unclear,1,5
00029186,"The image captures a playful and humorous moment with two children partially buried in sand, which is visually striking and emotionally engaging.",prominent_faces,5,5,2,3,outdoor,1,4
00029198,"The image's distinctiveness, clarity, and emotional charge make it highly memorable.",none,5,5,2,4,indoor,1,3
00029230,"The image's natural beauty, distinct wildlife, and serene setting drive memorability.",none,4,4,3,4,outdoor,1,2
00029286,"The image's distinctiveness, novel design, and emotional charge drive its memorability.",none,5,5,4,4,outdoor,1,3
00029321,"The image captures a dynamic moment in a rugby match, highlighting intense focus and physical engagement, which enhances its memorability.",prominent_faces,5,4,3,4,outdoor,1,4
00029336,The image's distinctiveness and clarity drive its memorability due to the intricate details and the unique design of the guitars.,none,5,5,4,4,indoor,1,2
00029343,"The large, colorful boat with a clear message about 'New Chance' and its contact information stands out as a distinct and novel focal point.",none,5,4,3,3,outdoor,3,2
00029357,The image's distinctiveness and the unusual combination of a small car being pulled by a person create a memorable scene.,people_present,5,5,3,4,outdoor,2,2
00029368,The close-up of the mouth with a strong emotional expression drives memorability.,people_present,5,4,2,3,unclear,1,5
00029395,"The image's distinctiveness, clear focal point, and serene winter landscape contribute to its memorability.",none,4,4,3,2,outdoor,1,3
00029432,"The image's memorability is driven by the distinct subjects, clear focal point, and strong emotional charge.",prominent_faces,5,4,3,3,outdoor,2,4
00029449,"The image's vivid colors, distinct subjects, and emotional charge make it highly memorable.",none,5,5,3,5,unclear,1,5
00029507,"The image's stark contrast, clear focal point, and emotional atmosphere drive its memorability.",none,5,5,3,4,outdoor,1,5
00029523,"The image's distinctiveness and the contrast between the flower and petals create a strong focal point, enhancing memorability.",none,5,5,2,4,indoor,1,3
00029534,"The image's distinctiveness, clear focal point, and emotional charge contribute significantly to its memorability.",prominent_faces,5,5,2,4,indoor,1,3
00029543,"The broken piggy bank creates a strong emotional charge and a clear focal point, enhancing memorability.",none,5,4,2,3,unclear,1,4
00029545,"The image's distinctiveness, clear focal point, and emotional charge contribute significantly to its memorability.",none,5,5,1,4,outdoor,1,3
00029554,The image's distinctive rock formations and striking patterns drive memorability.,none,5,5,5,4,outdoor,1,3
00029556,"The image's distinctiveness, natural setting, and the contrast between the man-made bridge and lush vegetation create a memorable scene.",none,4,4,3,4,outdoor,1,3
00029562,"The image's distinctiveness, clear focal point, and vibrant colors contribute to its memorability.",none,5,5,3,5,outdoor,2,4
00029623,The image's distinctiveness and clarity drive its memorability due to the striking contrast between the colorful mat and the black boots.,people_present,5,5,3,5,outdoor,1,2
00029634,"The image's distinctive subject, clear focal point, and emotional charge drive its memorability.",none,5,5,1,2,indoor,1,4
00029671,"The image's distinctiveness, vivid colors, and clear focal point drive its memorability.",none,5,5,3,5,outdoor,1,2
00029797,"The vibrant colors, distinct costumes, and dynamic poses of the musicians create a visually striking and emotionally engaging scene.",people_present,5,5,4,5,indoor,1,4
00029838,The image's striking color palette and clear focal point drive its memorability.,people_present,5,5,3,5,outdoor,1,4
00029883,"The image's strong emotional charge, distinctiveness, and clear focal point drive its memorability.",prominent_faces,5,5,4,5,indoor,2,5
00029901,"The image's distinctiveness, emotional charge, and clear focal point contribute significantly to its memorability.",prominent_faces,5,4,3,4,outdoor,1,3
00029934,"The silhouette of trees against a warm sunset creates a striking contrast, making the scene memorable.",none,5,5,1,4,outdoor,1,3
00029938,"The striking contrast between the woman's bold attire and the vintage motorcycle, combined with her confident pose and the vibrant colors, creates a memorable image.",people_present,5,5,4,5,outdoor,1,4
00029945,"The stark contrast between the blue paint and the textured wall, combined with the solitary ladder, creates a visually striking and novel composition.",none,5,5,2,4,outdoor,1,3
00029946,The serene landscape with its vivid colors and clear focal point enhances memorability.,none,5,5,1,5,outdoor,1,4
00029983,The image's distinctiveness and emotional charge drive its memorability due to the contrast between the mundane setting and the poignant human element.,people_present,4,4,3,3,outdoor,1,4
00030088,"The image's memorability is driven by the distinct uniformity and ceremonial nature of the soldiers, creating a strong focal point.",people_present,5,4,3,4,outdoor,1,2
00030106,"The image's abstract nature, vivid colors, and lack of clutter make it highly memorable.",none,5,5,3,5,unclear,1,4
00030117,The tattoo's intricate design and vivid colors make it highly distinctive and emotionally evocative.,none,5,5,4,5,indoor,1,4
00030127,The image's distinctiveness and simplicity drive its memorability.,none,4,3,2,2,indoor,1,1
00030139,"The image's distinctiveness, clear focal point, and vivid colors contribute significantly to its memorability.",none,5,5,3,5,outdoor,1,4
00030215,"The image's distinctiveness, clear focal point, and vivid colors contribute to its high memorability.",none,5,5,2,4,outdoor,1,3
00030238,"The image's high contrast, vivid colors, and clear focal point make it highly memorable.",none,5,5,2,5,unclear,1,3
00030344,"The image features a distinct individual with a clear focal point, minimal visual clutter, and a neutral but pleasant emotional charge.",people_present,5,4,2,3,outdoor,1,2
00030355,The cake's bold polka-dot pattern and vibrant colors make it visually striking and memorable.,none,5,5,3,5,indoor,1,2
00030391,"The image's stark contrast and emotional depiction of two figures create a strong emotional charge and a clear focal point, enhancing memorability.",prominent_faces,5,5,3,2,outdoor,2,4
00030394,"The image's distinctiveness, emotional charge, and clarity of focus drive its memorability.",people_present,5,5,3,4,outdoor,1,5
00030433,"The sign's clear focal point, distinctiveness, and straightforward message drive memorability.",none,5,4,2,3,indoor,3,1
00030440,The image's distinctiveness and emotional charge drive its memorability due to the close-up focus on the ear and the contemplative pose.,prominent_faces,5,4,2,3,unclear,1,3
00030481,The reflective floor and symmetrical arrangement of pews create a visually striking and emotionally resonant scene.,none,5,5,2,4,indoor,1,3
00030516,The image's distinctiveness and vivid colors make it memorable.,people_present,5,5,2,5,indoor,1,3
00030526,The image's simplicity and focus on a single subject make it memorable.,people_present,5,3,1,4,indoor,1,2
00030529,"The image's distinctiveness, strong focal point, and emotional charge drive its memorability.",none,5,5,3,4,outdoor,1,4
00030561,"The combination of distinct faces, vibrant flowers, and a strong emotional expression creates a memorable image.",prominent_faces,4,4,3,4,unclear,1,4
00030574,The image's distinctiveness and the clear focal point of the broken pot create a memorable scene.,none,5,4,2,3,outdoor,1,2
00030582,"The image's distinctive fisheye lens effect, novel perspective, and vibrant colors drive its memorability.",none,4,5,3,5,outdoor,1,2
00030599,"The image's distinctiveness, clear focal point, and emotional charge contribute significantly to its memorability.",people_present,5,5,2,4,outdoor,1,4
00030658,"The image's distinctive subject, clear focal point, and emotional charge drive its memorability.",none,4,4,3,1,unclear,2,3
00030664,"The image's distinctiveness, clear focal point, and vivid colors contribute to its memorability.",none,5,5,3,4,outdoor,1,2
00030689,The image's strong emotional charge and distinct focal point drive its memorability.,none,5,5,2,4,unclear,1,5
00030706,"The rusted, weathered appearance and unique shape of the object make it visually striking and memorable.",none,5,5,3,4,outdoor,1,2
00030719,"The black-and-white composition, the child's solitary figure, and the contrast between the child and the vast beach create a strong emotional charge and a clear focal point.",people_present,5,4,2,1,outdoor,1,4
00030766,"The bold, large letters and vivid colors create a striking and memorable focal point.",none,5,5,3,5,unclear,1,2
00030939,The image's strong emotional charge and distinctiveness drive its memorability.,people_present,5,5,3,1,indoor,1,5
00030946,"The image's distinctiveness, emotional charge, and clear focal point contribute to its memorability.",prominent_faces,5,4,2,3,indoor,1,3
00030969,"The image's distinctiveness, clear focal point, and vivid colors contribute to its memorability.",people_present,5,5,3,4,unclear,1,2
00030978,"The image's simplicity and the solitary figure create a strong emotional charge and a clear focal point, enhancing memorability.",people_present,5,4,2,3,outdoor,1,4
00030981,"The image's simplicity, distinctiveness, and lack of visual clutter contribute to its high memorability.",none,5,5,1,4,indoor,1,1
00031068,"The image's distinctiveness, clear focal point, and emotional charge contribute significantly to its memorability.",prominent_faces,5,4,2,1,outdoor,1,3
00031129,The stark contrast between the Eiffel Tower model and the snowy background enhances its distinctiveness and emotional charge.,none,5,5,2,1,indoor,1,3
00031143,"The stark contrast and the solitary figure create a strong emotional charge and a clear focal point, enhancing memorability.",people_present,5,5,2,1,outdoor,1,4
00031158,"The building's unique geometric design and vivid colors make it highly distinctive and visually striking, enhancing its memorability.",none,5,5,4,5,outdoor,1,3
00031179,"The image's clarity, distinctiveness, and vivid coloration make it highly memorable.",none,5,5,2,5,unclear,1,3
00031209,The image's distinctiveness and clear focal point drive its memorability.,none,5,5,1,4,outdoor,1,3
00031213,"The image's distinctiveness, emotional charge, and simplicity contribute to its memorability.",none,4,4,2,5,outdoor,1,3
00031218,"The image's clarity, distinctiveness, and emotional charge make it highly memorable.",people_present,5,5,2,4,outdoor,1,3
00031306,The image's unique perspective and striking contrast between the ancient stone structure and modern architecture create a memorable visual experience.,none,4,5,3,2,unclear,1,3
00031415,The camera's unique design and clear focal point drive memorability.,none,5,5,2,1,unclear,1,1
00031437,"The image's distinctive subjects, novel composition, and emotional charge contribute significantly to its memorability.",prominent_faces,4,5,4,3,outdoor,2,3
00031481,"The image's stark contrast, minimalistic composition, and the solitary figure evoke a strong emotional charge, enhancing memorability.",people_present,5,5,2,1,outdoor,1,5
00031572,The striking architectural design and dramatic sky create a visually compelling and emotionally charged scene.,none,5,5,4,4,outdoor,1,4
00031612,"The abstract nature, vivid colors, and complex patterns drive high memorability.",none,1,5,5,5,unclear,1,4
00031681,"The image's simplicity, focus on a single subject, and warm color palette contribute to its memorability.",none,5,4,2,3,indoor,1,3
00031691,"The vibrant fireworks display, distinct colors, and dynamic patterns create a strong emotional charge and high memorability.",none,5,5,5,5,outdoor,1,5
00031731,The stark contrast between the subject's expression and the chains creates a strong emotional charge and visual distinctiveness.,prominent_faces,5,5,3,1,indoor,1,5
00031736,"The image captures a warm, intimate moment between a man and his dog, which is visually striking and emotionally charged.",prominent_faces,5,4,2,3,indoor,1,4
00031791,"The image's distinctiveness and the prominent face create a strong focal point, enhancing memorability.",prominent_faces,5,4,2,3,indoor,1,3
00031859,"The image's dark, desolate atmosphere and the blurred, abstract quality make it highly memorable due to its distinctiveness and emotional charge.",none,2,4,3,1,indoor,1,4
00031933,"The image's distinctiveness, vivid colors, and clear focal point contribute significantly to its memorability.",none,5,5,2,5,unclear,1,4
00031944,"The image's abstract nature, distinct ripples, and deep blue color scheme create a striking and memorable visual.",none,5,5,3,4,outdoor,1,2
00031971,"The image's simplicity, vivid colors, and clear focal point drive its memorability.",none,5,5,1,5,unclear,1,3
00031992,"The image's memorability is driven by its striking blue color, clear focal point (the car), and the dynamic motion captured in the tunnel.",none,5,5,2,5,indoor,1,4
00032018,The image's distinctiveness and clarity drive its memorability due to the unique perspective and the strong shadow effect.,none,5,5,2,3,outdoor,1,2
00032020,The image's distinctiveness and the doll's unique outfit drive its memorability.,none,5,5,3,4,indoor,1,2
00032072,The image's strong emotional charge and distinct silhouette against vibrant colors make it highly memorable.,people_present,4,4,3,4,indoor,1,4
00032082,The stark contrast and focus on the ant create a striking and memorable image.,none,5,5,2,1,indoor,1,3
00032090,"The vivid pink color, distinct focal point, and novel subject matter drive high memorability.",none,5,5,3,5,unclear,1,4
00032091,The image's striking contrast between the vibrant sunset and the dark silhouettes creates a memorable and emotionally charged scene.,none,5,5,2,5,outdoor,1,4
00032115,The close-up view of a keyboard key with a distinctive symbol creates a strong focal point and a sense of novelty.,none,5,5,1,1,indoor,2,1
00032124,The image's distinctiveness and clarity drive its memorability due to the contrast between the natural texture of the leaves and the smooth glass.,none,4,4,2,3,unclear,1,2
00032128,"The image's clarity, distinctiveness, and emotional charge make it highly memorable.",none,5,5,3,4,unclear,1,4
00032158,"The image's clarity, distinctiveness, and simplicity drive its memorability.",none,5,5,1,5,outdoor,1,3
00032201,"The image's simplicity, distinctiveness, and clear focal point drive its memorability.",none,5,4,2,3,indoor,1,1
00032210,The vivid colors and clear focal point make this image highly memorable.,none,5,5,2,5,indoor,1,3
00032268,"The image's vivid colors, abstract patterns, and high contrast drive memorability.",none,1,5,5,5,unclear,1,4
00032288,"The image's distinctiveness, emotional charge, and clear focal point drive its memorability.",people_present,5,5,3,4,outdoor,1,4
00032300,"The vibrant colors, unique brooch design, and the contrast between the casual outfit and the decorative accessory make this image highly memorable.",people_present,5,5,4,5,unclear,1,3
00032302,The serene night scene with its calm water reflections and illuminated masts creates a visually striking and emotionally evocative image.,none,4,4,3,4,outdoor,1,3
00032307,The graffiti's bold colors and stylized design make it visually striking and memorable.,none,5,5,4,5,outdoor,3,2
00032353,"The room's vibrant colors, playful decor, and clear focal point (the bunk bed) drive memorability.",none,4,4,3,4,indoor,1,3
00032358,The image's distinctiveness and the stark contrast between the dentures and the glass create a memorable visual.,none,5,5,2,3,indoor,1,2
00032454,"The black and white composition, the distinct silhouette of people walking along the beach, and the contrast between the dark sky and the bright horizon create a strong emotional charge and visual impact.",people_present,5,5,2,1,outdoor,1,4
00032573,"The large, bold 'GYM' text against a plain background makes it highly distinctive and easy to remember.",none,5,5,1,2,outdoor,3,1
00032618,The image's memorability is driven by its distinctiveness and the clear focal point of the numbers and smiley face.,none,4,4,2,1,outdoor,3,1
00032700,"The image's distinctiveness, clear focal point, and emotional charge contribute significantly to its memorability.",prominent_faces,5,5,4,3,indoor,1,4
00032720,The image's distinctiveness and the clear focal point drive its memorability.,prominent_faces,5,4,2,3,indoor,1,2
00032744,"The image's distinctiveness, emotional charge, and clear focal point drive its memorability.",people_present,5,5,3,4,outdoor,1,4
00032813,"The image features two distinct individuals with a strong emotional charge, making it memorable.",prominent_faces,5,4,2,4,indoor,1,4
00032819,The image's strong contrast and simplicity drive memorability.,none,5,5,1,5,outdoor,1,2
00032884,"The image's distinctiveness, clear focal point, and emotional charge contribute to its memorability.",people_present,5,4,3,4,outdoor,2,3
00032927,The stark contrast between the vibrant white flowers and the reddish-brown desert landscape creates a striking and memorable scene.,none,5,5,2,4,outdoor,1,3
00032996,"The image's striking sunset, vivid colors, and clear focal point drive its memorability.",none,5,5,2,5,outdoor,1,5
00033086,"The image's distinctiveness, clarity, and vivid colors make it highly memorable.",none,5,5,2,5,outdoor,1,3
00033094,The image's distinctiveness and simplicity drive its memorability.,people_present,5,4,2,4,indoor,1,1
00033132,"The image's memorability is driven by its distinctive and novel setting, vibrant colors, and the contrast between the bustling market and the solitary figure walking through it.",people_present,3,4,5,5,indoor,1,3
00033146,The close-up of the dog's face with a book in the background creates a strong emotional connection and a clear focal point.,none,5,4,2,3,indoor,3,4
00033192,The image's distinctiveness and the unusual subject matter make it memorable.,none,5,5,1,2,outdoor,1,3
00033227,"The image's distinctive subject, novelty, and emotional charge make it highly memorable.",none,5,5,3,4,indoor,3,3
00033256,"The image's stark contrast, minimalistic composition, and ethereal atmosphere drive its memorability.",none,5,5,1,1,outdoor,1,4
00033296,"The cat's direct gaze and detailed fur patterns create a strong focal point, enhancing memorability.",none,5,4,2,3,indoor,1,3
00033297,"The image's simplicity, distinctiveness, and clear focal point drive its memorability.",none,5,5,1,4,indoor,1,2
00033306,"The bright orange inflatable mattress against the deep blue water creates a striking contrast, making it a visually distinctive and memorable subject.",none,5,5,1,5,outdoor,1,2
00033329,"The image's vivid colors, clear focal point, and striking distinctiveness drive its memorability.",none,5,5,1,5,unclear,1,3
00033337,"The handwritten text and its unusual content make it distinctive and novel, increasing memorability.",none,3,4,2,2,indoor,4,1
00033366,"The image's distinctiveness, clarity, and emotional charge make it highly memorable.",none,5,5,2,5,unclear,1,5
00033372,The image's distinctiveness and the clear focal point of the hand with the stamp drive its memorability.,none,5,4,2,3,indoor,3,1
00033378,"The image's distinctiveness, emotional charge, and simplicity contribute to its memorability.",people_present,5,4,2,4,outdoor,1,3
00033388,"The bright neon sign and bold text create a strong visual impact, enhancing memorability.",none,5,5,3,5,outdoor,4,4
00033423,"The image's distinctiveness, clear focal point, and emotional charge contribute to its memorability.",none,5,4,2,4,indoor,1,3
00033430,"The cat's expressive yawn and vibrant green background create a striking contrast, making the image memorable.",none,5,5,2,5,indoor,1,4
00033474,"The striking combination of vibrant colors, unique hair style, and unusual accessories creates a memorable and emotionally charged image.",prominent_faces,5,5,4,5,indoor,1,4
00033481,The image's distinctiveness and clear focal point drive its memorability.,none,5,5,3,4,outdoor,1,2
00033487,"The image's distinctiveness, clear focal point, and vivid colors contribute to its memorability.",none,5,5,1,5,indoor,1,3
00033534,"The image's distinctiveness, vivid colors, and clear focal point contribute significantly to its memorability.",none,5,5,3,5,outdoor,1,4
00033576,"The image's memorability is driven by the contrast between the casual office setting and the man playing guitar, creating a novel and slightly humorous scene.",people_present,4,4,3,3,indoor,1,2
00033604,"The image's distinctiveness, clear focal point, and emotional charge contribute significantly to its memorability.",prominent_faces,5,5,2,4,indoor,1,3
00033613,The image's distinctiveness and the clear focal point of the seated figure create high memorability.,people_present,5,4,3,3,indoor,2,1
00033614,"The image features two distinct characters in vibrant costumes, creating a visually striking and emotionally engaging scene.",prominent_faces,5,5,4,5,indoor,1,4
00033623,"The image's clarity, distinctiveness, and vivid colors make it highly memorable.",none,5,5,2,5,indoor,1,3
00033645,"The image's distinctiveness, clarity, and emotional appeal drive its memorability.",none,5,5,2,4,outdoor,1,3
00033665,"The image's distinctiveness, natural beauty, and serene atmosphere drive its memorability.",none,4,4,3,3,outdoor,1,2
00033704,"The image's distinctiveness, vivid colors, and repetitive yet varied floral patterns drive its memorability.",none,3,4,4,5,unclear,1,2
00033740,"The scene has a distinct focal point (the desk setup) and moderate visual complexity, making it moderately memorable.",none,3,3,4,3,indoor,2,1
00033754,"The kitchen's unique design elements, such as the hanging pots and the rustic decor, make it stand out and increase memorability.",none,4,4,3,3,indoor,1,2
00033767,The building's uniform facade and repetitive design make it less memorable but still distinct due to its architectural style.,none,3,4,2,3,outdoor,1,1
00033781,The image's simplicity and distinct architectural features make it memorable.,none,4,3,2,1,indoor,1,1
00033783,The image's distinctiveness and simplicity drive its memorability.,none,5,4,2,3,outdoor,1,1
00033930,The roller coaster's vibrant colors and dynamic structure create a visually striking and emotionally engaging focal point.,none,5,5,4,5,outdoor,1,4
00033932,"The room's distinctiveness, clear focal point (pool table), and lack of clutter contribute to its memorability.",none,5,4,2,3,indoor,1,1
00033937,The scene's distinctiveness and simplicity drive its memorability.,none,3,4,2,3,indoor,1,1
00033955,The image's distinctiveness and simplicity drive its memorability.,none,4,4,2,3,outdoor,1,2
00033963,"The image's natural setting, distinct focal point, and vivid colors contribute to its memorability.",none,4,3,2,4,outdoor,1,2
00033977,"The image has a clear focal point with distinct people and a novel setting, which enhances memorability.",prominent_faces,4,4,3,3,indoor,2,2
00033984,"The presence of people and their casual, happy demeanor contribute significantly to the image's memorability.",prominent_faces,4,3,2,3,indoor,1,3
00034013,"The image has a distinct focal point with a clear subject (the storefront), moderate visual complexity, and vivid colors, which contribute to its memorability.",people_present,4,3,3,4,outdoor,2,1
00034059,The image's distinctiveness and simplicity drive its memorability.,none,3,4,2,3,outdoor,1,1
00034092,"The image features a clear focal point (the large tree) with distinct colors and a serene outdoor setting, enhancing its memorability.",none,4,3,2,3,outdoor,1,2
00034144,"The image's distinctiveness, clear focal point, and striking visual complexity drive its memorability.",none,5,5,4,4,outdoor,1,3
00034150,"The snow-covered balcony with its distinct furniture and vibrant autumn foliage creates a striking contrast, enhancing memorability.",none,4,4,2,3,outdoor,1,3
00034152,The image's distinctiveness and emotional charge drive its memorability due to its unusual and eerie appearance.,none,3,4,2,2,indoor,1,4
00034180,The vibrant colors and distinct plant life create a visually striking and emotionally engaging scene.,none,3,4,4,5,outdoor,1,3
00034181,The vibrant colors and distinct flowerbeds create a visually striking and emotionally engaging scene.,none,4,4,3,5,outdoor,1,3
00034186,"The image's distinctiveness, clarity, and vivid colors make it highly memorable.",none,5,5,3,5,indoor,1,2
00034188,The image's distinctiveness and clear focal point drive its memorability.,none,5,4,2,3,outdoor,1,2
00034226,"The image depicts a quiet urban street scene with a clear focal point and minimal visual clutter, enhancing its memorability.",none,4,3,2,2,outdoor,1,1
00034250,The image's simplicity and clear focal point drive its memorability.,none,5,4,1,3,outdoor,1,2
00034261,"The model's striking pose and vibrant outfit, combined with the audience's attention, create a memorable scene.",people_present,5,5,3,5,indoor,1,4
00034280,The room's distinct color scheme and layout create a visually striking and memorable scene.,none,4,4,3,4,indoor,1,2
00034284,"The image has a distinct focal point (the bridge) and moderate visual complexity, making it moderately memorable.",none,4,3,3,2,outdoor,2,1
00034298,The serene forest path with its distinct natural elements and clear focal point enhances memorability.,none,4,4,2,3,outdoor,1,3
00034311,"The image's architectural design, open space, and natural light create a sense of spaciousness and modernity, enhancing its memorability.",none,3,4,2,3,indoor,1,2
00034333,"The image's clarity, distinctiveness, and emotional neutrality contribute to its memorability.",none,4,3,2,3,indoor,1,1
00034335,"The image's distinctiveness, clear focal point, and serene atmosphere drive its memorability.",none,5,5,2,4,outdoor,1,3
00034382,"The kitchen's distinctiveness, clarity, and emotional appeal drive its memorability.",none,4,4,3,3,indoor,1,2
00034424,"The image features distinct chickens in a natural outdoor setting, which creates a clear focal point and a sense of novelty.",none,4,3,2,4,outdoor,1,1
00034426,"The image's clarity, distinctiveness, and simplicity drive its memorability.",none,5,4,2,3,outdoor,1,1
00034427,"The image's memorability is driven by its distinctiveness and clarity, showcasing a unique bus depot setting.",none,4,4,2,3,outdoor,2,1
00034508,The image's distinctiveness and simplicity drive its memorability.,none,4,3,2,2,outdoor,1,1
00034530,"The image's distinctiveness, clear focal point, and vivid colors contribute significantly to its memorability.",none,5,5,2,5,outdoor,1,4
00034575,"The room's simplicity and the presence of personal items create a sense of lived-in familiarity, enhancing memorability.",none,4,3,2,3,indoor,1,2
00034578,The image's distinctiveness and simplicity drive its memorability.,none,4,3,2,3,indoor,1,1
00034648,The image's distinctiveness and simplicity drive its memorability.,none,3,4,2,3,outdoor,1,2
00034662,"The image has a distinct focal point (the small boat) and a clear, organized layout, which enhances memorability.",none,4,3,2,3,indoor,1,1
00034685,"The image's distinctiveness, clear focal point, and serene atmosphere contribute to its high memorability.",none,5,5,2,4,outdoor,1,3
00034722,"The room's symmetry, natural light, and elegant decor create a serene and memorable atmosphere.",none,4,3,2,3,indoor,1,3
00034793,The image's distinctiveness and clarity drive memorability due to its unique architectural design and organized layout.,none,4,4,2,3,indoor,1,1
00034819,"The image's simplicity, distinctiveness, and emotional charge drive its memorability.",none,5,5,1,5,outdoor,1,5
00034841,The image's stark contrast between the snow-covered landscape and the blue ice creates a visually striking and emotionally evocative scene.,none,5,5,2,3,outdoor,1,4
00034871,The image's memorability is driven by the distinctiveness of the architectural elements and the presence of people in a busy setting.,people_present,3,4,4,2,indoor,1,1
00034896,The scene's distinctiveness and complexity drive memorability due to its specialized setup and organized layout.,none,3,4,4,3,indoor,1,1
00034933,"The image has a clear focal point with distinct greenery against a rugged background, making it memorable.",none,4,3,2,3,outdoor,1,1
00034976,"The vibrant colors, distinctiveness of the desert landscape, and the absence of clutter make this image highly memorable.",none,5,5,2,5,outdoor,1,3
00035013,"The image's natural beauty, distinctiveness, and simplicity drive its memorability.",none,4,4,2,4,outdoor,1,3
00035030,"The image's distinctiveness, clear focal point, and emotional charge drive its memorability.",none,5,5,3,4,outdoor,1,4
00035045,The image's distinctiveness and clarity drive its memorability due to its architectural simplicity and the prominent flagpole as a focal point.,none,4,3,2,3,outdoor,1,1
00035061,"The image has a clear focal point (the bathroom sink area) with distinct elements like towels, flowers, and a mirror, making it memorable.",none,4,3,2,3,indoor,1,1
00035083,The building's distinct architecture and the clear focal point of the logo make it memorable.,none,5,4,2,3,outdoor,2,1
00035100,The image's distinctiveness and simplicity drive its memorability.,none,4,3,2,3,outdoor,2,1
00035191,"The bathroom's clean and organized appearance, along with its distinct color scheme and layout, makes it memorable.",none,4,3,2,3,indoor,1,1
00035299,The image's distinctiveness and clarity drive memorability due to its focus on a specific activity within a farm setting.,none,4,3,2,3,indoor,1,1
00035352,"The image's architectural symmetry and grandeur, combined with its serene atmosphere, drive memorability.",none,4,3,2,2,indoor,1,2
00035375,"The image captures a clean, organized grocery store checkout area with distinct elements like the cash register and shelves, making it memorable due to its clarity and distinctiveness.",none,4,3,2,3,indoor,1,1
00035404,"The kitchen's distinctiveness, clarity, and color vividness contribute to its memorability.",none,4,3,2,4,indoor,1,1
00035416,The image's distinctiveness and the clear focal point of the construction site contribute to its memorability.,none,4,3,2,2,outdoor,1,1
00035419,"The image's simplicity and the vast, open road create a sense of solitude and tranquility, enhancing its memorability.",none,3,4,2,2,outdoor,1,3
00035501,"The image's simplicity, vivid colors, and distinct contrast between the fields drive its memorability.",none,5,5,1,5,outdoor,1,2
00035614,The image's striking contrast between the rugged terrain and the pristine snow enhances its memorability.,none,5,5,3,4,outdoor,1,2
00035620,"The kitchen's distinct design elements, such as the geometric backsplash and contrasting cabinet colors, make it visually striking and memorable.",none,4,4,3,3,indoor,1,2
00035627,The image's distinctiveness and simplicity drive its memorability.,none,4,3,2,3,outdoor,1,1
00035649,"The image has a clear focal point (the bed) and a distinctively styled four-poster bed setup, which enhances its memorability.",none,5,4,2,3,indoor,1,1
00035654,"The image's distinctiveness, clarity, and emotional charge drive its memorability.",none,4,4,3,2,outdoor,1,3
00035665,"The image features a serene suburban scene with distinct elements like a pathway, grass, and a house, which can be visually engaging.",none,4,3,2,3,outdoor,1,1
00035678,"The image's vivid colors, distinctiveness, and serene composition drive high memorability.",none,5,5,1,5,outdoor,1,4
00035732,The image's distinctiveness and visual complexity contribute to its memorability due to the variety of elements present.,people_present,3,4,4,4,outdoor,1,2
00035768,"The kitchen's clean lines, neutral color palette, and organized layout create a sense of calm and order, enhancing memorability.",none,4,3,2,2,indoor,1,1
00035773,The image's distinctiveness and simplicity drive its memorability.,none,4,3,2,3,outdoor,1,2
00035794,The image's distinctiveness and simplicity drive its memorability.,none,5,4,2,3,indoor,1,1
00035857,"The bathroom's simplicity and the presence of a plant add a touch of life, making it more memorable.",none,4,3,2,2,indoor,1,1
00035907,The image's distinctiveness and the unusual markings on the sheep drive its memorability.,none,3,4,3,2,outdoor,1,1
00035918,"The mural's vivid colors, distinct subjects, and clear focal point make it highly memorable.",none,5,5,4,5,indoor,1,3
00035925,"The image's memorability is driven by its distinctiveness, the presence of people, and the emotional charge of the social gathering.",prominent_faces,3,4,4,3,indoor,1,3
00035937,"The serene sunset over calm waters with distinct silhouettes creates a strong emotional charge and a clear focal point, enhancing memorability.",none,5,4,2,3,outdoor,1,4
00036042,The room's distinctiveness and warm lighting create a memorable atmosphere.,none,4,3,2,3,indoor,1,3
00036060,"The image has a distinct focal point (the desk setup) and moderate visual complexity, making it moderately memorable.",none,4,3,3,2,indoor,1,1
00036068,The image's distinctiveness and clear focal point drive its memorability.,none,5,4,3,3,outdoor,1,2
00036118,"The image's distinctiveness, clarity, and vivid colors contribute significantly to its memorability.",none,4,4,2,4,outdoor,1,3
00036154,The room's simplicity and distinctiveness make it memorable.,none,4,3,2,3,indoor,1,1
00036183,"The image has a clear focal point (the child at the table), distinctiveness due to the unique setting, and a moderate level of emotional charge from the child's focused activity.",people_present,4,4,3,4,indoor,2,3
00036202,The image's simplicity and clear focal point drive its memorability.,none,5,3,1,2,indoor,1,1
00036211,The scene's simplicity and distinctiveness drive memorability.,none,4,3,2,2,indoor,1,1
00036217,The image's simplicity and distinctiveness contribute to its memorability.,none,3,4,2,3,outdoor,1,1
00036245,"The image captures a lively indoor ice skating scene with people of various ages enjoying the activity, which naturally enhances its memorability.",people_present,3,4,3,3,indoor,1,2
00036250,The image's distinctiveness and the absence of people contribute to its memorability.,none,3,4,3,2,indoor,1,1
00036253,"The image features a distinct and recognizable luxury brand storefront, which naturally increases memorability due to its iconic branding and location.",none,4,4,2,3,outdoor,2,2
00036267,The scene's simplicity and distinct architectural elements contribute to its memorability.,none,4,3,2,3,indoor,1,1
00036285,"The image has a clear focal point with a person standing against a wooden fence, which makes it memorable due to its distinctiveness and simplicity.",people_present,5,4,2,3,outdoor,1,1
00036326,"The image's distinctiveness, clarity, and emotional charge contribute to its memorability.",none,5,4,3,3,indoor,1,2
00036363,"The image depicts a clear highway scene with distinct elements like trees, vehicles, and a clear sky, which contribute to its memorability.",none,4,3,2,4,outdoor,1,1
00036365,"The image features a single, clear focal point (the house) with distinct architectural details and a well-maintained lawn, making it memorable.",none,5,4,3,4,outdoor,1,2
00036379,"The image's rich colors, distinct furniture style, and clear focal point contribute to its memorability.",none,5,4,3,5,indoor,1,2
00036454,"The narrow alleyway with moss-covered walls creates a sense of mystery and intrigue, enhancing memorability.",none,3,4,2,2,outdoor,1,3
00036480,The distinctiveness of the floral bedspread and the warm color palette make the scene memorable.,none,4,4,3,4,indoor,1,2
00036485,The image's distinctiveness and clarity make it memorable due to its unusual road construction setup.,none,4,4,2,3,outdoor,1,1
00036487,The building's symmetrical design and bold architectural style make it distinctive and memorable.,none,5,4,2,3,outdoor,1,1
00036515,"The red fire escape against the stone building creates a striking contrast, making it a clear focal point.",none,5,4,3,3,outdoor,1,2
00036577,The image's distinctiveness and lack of visual clutter contribute to its memorability.,none,3,4,2,3,outdoor,2,1
00036643,"The image's distinctiveness, clear focal point, and historical charm contribute significantly to its memorability.",none,5,4,3,3,outdoor,1,2
00036663,"The image's rich details, distinctiveness, and lack of visual clutter contribute to its high memorability.",none,5,5,4,4,indoor,1,2
00036733,"The image's memorability is driven by its distinctiveness and clarity, showcasing a well-organized shoe store with a clear focal point.",none,4,3,2,3,indoor,1,1
00036776,"The room's distinctiveness, clear focal point, and warm color palette contribute to its memorability.",none,4,4,3,3,indoor,1,2
00036790,The image's distinctiveness and emotional charge drive its memorability due to the heavy traffic and hazy atmosphere.,none,3,4,5,2,outdoor,1,4
00036805,The distinctiveness of the room's layout and the contrast between the wooden bedposts and the soft bedding make it memorable.,none,4,3,2,3,indoor,1,1
00036819,"The image features a clear focal point (the Birystall sign) with distinct elements like trees and a roundabout, making it memorable.",none,5,4,3,3,outdoor,2,1
00036837,"The office setup with distinct furniture and equipment creates a clear focal point, enhancing memorability.",none,4,3,2,3,indoor,2,1
00036849,"The room's ornate decor, distinct paintings, and central fireplace create a strong focal point, enhancing memorability.",none,4,4,3,4,indoor,1,2
00036862,"The image has a distinct focal point, high visual complexity, and a strong emotional charge due to the luxurious and detailed interior design.",none,4,4,4,3,indoor,1,3
00036863,"The clean lines, modern design, and lack of clutter make this kitchen highly memorable.",none,5,5,2,3,indoor,1,1
00036870,The image's distinctiveness and clarity drive its memorability due to the clear focal point and novel architectural style.,none,4,4,2,3,outdoor,1,1
00036890,"The truck's size, design, and the industrial setting create a strong focal point that enhances memorability.",none,5,4,2,3,outdoor,2,1
00036958,The image's distinctiveness and clear focal point drive its memorability.,none,5,4,3,3,outdoor,1,2
00037001,The image's distinctiveness and clarity drive its memorability due to the clear focal point and the striking red bus against the backdrop.,none,4,4,2,4,outdoor,1,1
00037106,"The image's memorability is driven by the distinct interaction between the artist and the subject, creating a clear focal point.",prominent_faces,5,4,3,3,indoor,1,2
00037125,"The image's memorability is driven by its distinctiveness and the clarity of the focal point, which is the art gallery setup.",none,4,4,2,3,indoor,1,2
00037153,"The scene's distinctiveness, clarity, and natural lighting enhance its memorability.",none,4,3,2,3,indoor,1,1
00037163,The image's simplicity and distinctiveness drive its memorability.,none,5,4,1,2,indoor,1,1
00037164,The distinctive Uniroyal branding and the unique architectural design make this structure highly memorable.,none,5,5,4,3,outdoor,4,2
00037180,The image's distinctiveness and simplicity drive its memorability.,none,4,3,2,2,outdoor,1,1
00037246,"The image's distinctiveness, clear focal point, and historical architecture contribute to its memorability.",none,5,5,4,3,outdoor,1,2
00037263,"The image captures a person trying on clothes, which is a relatable and common activity, but the vibrant colors and the person's pose add a sense of novelty.",people_present,4,3,3,4,indoor,2,2
00037326,The room's distinctiveness and clarity make it memorable due to its organized layout and vibrant color scheme.,none,4,3,2,4,indoor,1,2
00037336,"The image has a clear focal point (the road and vehicles), moderate distinctiveness, and a neutral emotional charge, making it moderately memorable.",none,4,3,2,3,outdoor,2,1
00037370,The image's memorability is driven by the distinctiveness of the bakery display and the presence of people interacting with it.,people_present,4,4,3,4,indoor,2,2
00037381,The bathroom's dated design and layout create a distinct and memorable scene.,none,3,4,2,2,indoor,1,1
00037476,The image's distinctiveness and clarity drive its memorability due to the clear focal point and the contrast between the urban architecture and the natural landscape.,people_present,4,4,3,4,outdoor,1,2
00037509,The scene's clutter and lack of distinct focal points reduce memorability.,none,1,2,4,3,indoor,3,1
00037533,"The image's striking natural beauty, distinctiveness, and emotional charge drive its memorability.",none,5,5,3,4,outdoor,1,4
00037547,"The image's distinctiveness, emotional charge, and clarity of focal point contribute significantly to its memorability.",none,5,5,2,4,outdoor,1,3
00037560,"The image features a large, utilitarian building with a blue dumpster, which creates a distinct and somewhat unusual scene.",none,4,3,2,2,outdoor,1,1
00037563,The image's distinctiveness and the clear focal point of the dam create high memorability.,none,5,4,2,3,outdoor,1,1
00037695,"The image captures a group engaged in a card game, which is a common and relatable social activity, but the presence of distinct individuals and their focused expressions adds a layer of interest.",people_present,4,3,3,2,indoor,1,3
00037755,"The image's distinctiveness, symmetry, and clean design drive its memorability.",none,5,5,1,4,indoor,1,2
00037823,The image's distinctiveness and clear focal point drive its memorability.,none,5,4,2,3,outdoor,1,1
00037828,The image's stark contrast between the natural landscape and the discarded items creates a strong emotional charge and makes it memorable.,none,3,4,3,3,outdoor,1,4
00037852,"The image's striking natural beauty, distinctiveness, and emotional charge drive its memorability.",none,5,5,2,5,outdoor,1,5
00037892,The scene's distinctiveness and the presence of people create a memorable atmosphere.,people_present,4,4,3,4,indoor,1,2
00037961,"The image's simplicity and the contrast between the dark audience and the bright screen create a strong focal point, enhancing memorability.",people_present,5,4,2,3,indoor,1,3
00037976,The scene's distinctiveness and the presence of people create a memorable image.,people_present,4,4,3,3,indoor,2,2
00038040,The bathroom's simplicity and clear focal points make it memorable.,none,4,3,2,2,indoor,1,1
00038043,"The kitchen's clean lines, vibrant color palette, and organized layout create a visually striking and memorable scene.",none,4,4,3,4,indoor,1,2
00038090,"The room's historical and formal setup, with its distinct furniture and decor, creates a strong focal point and emotional charge.",none,4,4,3,3,indoor,1,3
00038116,"The image captures a dynamic highway scene with distinct vehicles and a clear focal point, enhancing its memorability.",none,4,3,3,3,outdoor,1,2
00038130,"The image's distinctiveness, symmetry, and elegant decor contribute to its memorability.",none,4,4,3,4,indoor,1,2
00038198,"The presence of people and the distinct awning create a clear focal point, enhancing memorability.",people_present,4,3,2,3,outdoor,1,2
00038207,"The serene beach scene with distinct palm trees and a small island creates a strong focal point and emotional charge, enhancing memorability.",none,5,4,2,3,outdoor,1,4
00038271,"The image depicts a simple, uncluttered bathroom scene with a clear focal point on the sink and toilet, making it memorable due to its distinctiveness and clarity.",none,5,3,1,2,indoor,1,1
00038308,"The image's distinctiveness, clarity, and vivid colors make it highly memorable.",none,5,5,3,4,outdoor,1,2
00038318,"The image's distinctiveness, vivid colors, and serene composition drive its memorability.",none,5,5,1,5,outdoor,1,4
00038334,The scene's simplicity and distinctiveness make it memorable.,none,4,3,2,2,indoor,1,1
00038349,"The image has a clear focal point (the living room area) with distinct elements like the sofa, table, and lamp, making it memorable.",none,4,3,2,3,indoor,1,1
00038380,The image's distinctiveness and the presence of people create a memorable scene.,people_present,4,4,3,4,indoor,1,2
00038387,"The image's vivid colors, reflective water, and distinct bridge create a striking and emotionally charged scene.",none,5,5,2,5,outdoor,1,4
00038412,"The image's memorability is driven by its distinctiveness and emotional charge due to the Spider-Man theme and the cozy, inviting setup.",none,4,4,2,4,indoor,1,3
00038512,"The rustic wooden covered bridge stands out as a distinct and novel subject against the natural backdrop, enhancing its memorability.",none,5,4,2,2,outdoor,1,2
00038522,"The room's ornate decor and distinct furniture pieces create a strong focal point, enhancing memorability.",none,5,4,3,3,indoor,1,2
00038530,The image's simplicity and distinct architectural features drive memorability.,people_present,4,4,2,2,indoor,1,1
00038558,The image's stark contrast between the snow-covered mountain and the dark sky creates a strong emotional charge and a clear focal point.,none,5,5,2,3,outdoor,1,4
00038599,"The image's memorability is driven by its distinctive architectural style and the presence of people engaged in reading, creating a sense of activity and purpose.",people_present,4,4,3,3,indoor,1,2
00038614,"The kitchen setup is distinct and functional, with a clear focal point on the appliances and countertop, making it memorable.",none,4,3,2,3,indoor,1,1
00038630,The scene's distinctiveness and clarity drive memorability due to its modern office setup and organized layout.,none,4,4,2,3,indoor,2,1
00038650,The image's distinctiveness and simplicity drive its memorability.,people_present,4,3,2,4,outdoor,1,1
00038674,The image's distinctiveness and simplicity drive its memorability.,none,4,3,2,3,outdoor,1,1
00038706,The image's distinctiveness and the contrast between the weathered wood and the dynamic ocean create a memorable scene.,none,4,4,2,3,outdoor,1,3
00038709,"The scene is a typical hotel room setup with distinct elements like the bed, dresser, and chair, which makes it memorable due to its clarity and distinctiveness.",none,4,3,2,3,indoor,1,1
00038720,"The image's distinctiveness, clarity, and natural beauty contribute to its memorability.",none,4,4,3,4,outdoor,1,3
00038781,"The image captures a lively moment with two people engaged in a video game, which adds emotional charge and distinctiveness.",prominent_faces,5,4,3,4,indoor,1,4
00038796,"The image captures a striking moment of wildlife in motion, emphasizing the contrast between the zebra and wildebeest, which enhances its memorability.",none,5,5,3,1,outdoor,1,4
00038807,The image's memorability is driven by its distinctiveness and the clear focal point of the individuals observing the harbor.,people_present,4,4,2,3,outdoor,1,2
00038841,"The image's vivid colors, unusual composition, and dynamic elements create a striking and memorable scene.",none,5,5,4,5,outdoor,1,3
00038843,The vivid colors and unusual setup create a striking and memorable scene.,people_present,4,5,3,5,outdoor,1,2
00038956,The scene's historical reenactment style and detailed props create a strong sense of novelty and emotional charge.,none,4,4,3,2,indoor,1,3
00039052,The image's distinctiveness and the person's action create a memorable scene.,people_present,5,4,3,4,indoor,2,3
00039061,"The image's distinctiveness, clear focal point, and emotional charge contribute to its memorability.",people_present,5,4,2,3,outdoor,1,3
00039062,"The image's simplicity and the distinct, cozy subject make it memorable.",none,5,3,1,2,indoor,1,4
00039073,The dynamic action and vivid colors make this image highly memorable.,people_present,5,5,3,4,outdoor,1,4
00039090,"The image's memorability is driven by the clear focal point, distinctiveness, and emotional charge of the bear in a natural setting.",none,5,5,3,4,outdoor,1,4
00039137,The image's distinctiveness and simplicity drive its memorability.,none,5,5,1,2,indoor,1,3
00039169,The dog lying on the wooden deck with shoes and a bicycle creates a distinct and novel scene that captures attention.,none,5,4,3,4,outdoor,1,2
00039175,The image's distinctiveness and clarity of the focal subject drive its memorability.,none,4,4,3,3,outdoor,2,1
00039193,"The image captures a serene moment between a man and his dog, emphasizing companionship and tranquility.",people_present,5,4,2,4,outdoor,1,3
00039220,"The image captures a distinct cultural scene with a clear focal point, making it memorable.",people_present,5,4,3,3,outdoor,1,2
00039237,The room's distinct color scheme and organized layout create a memorable scene.,none,4,4,3,4,indoor,1,2
00039247,The image's distinctiveness and the focal point of the knitted parking meter make it memorable.,people_present,5,5,3,4,outdoor,1,2
00039253,"The image captures a skier in motion against a serene snowy backdrop, making it visually striking and memorable.",people_present,4,4,2,3,outdoor,1,3
00039303,"The blurred figure against a dynamic background creates a sense of motion and mystery, enhancing memorability.",people_present,3,4,2,3,outdoor,1,3
00039311,"The image's clarity, distinctiveness, and the dynamic action of the dump truck contribute to its memorability.",none,5,4,3,3,outdoor,1,2
00039371,"The image captures a humorous and intimate moment between two people, which likely increases its memorability due to its distinctiveness and emotional charge.",prominent_faces,4,4,3,3,indoor,1,3
00039393,"The image captures a unique moment of two individuals riding a bicycle in an urban setting, which stands out due to its uncommon activity.",people_present,4,4,3,3,outdoor,2,1
00039427,"The bus's unique route number and destination display, combined with its bold orange color and clear focal point, drive memorability.",none,5,4,3,4,outdoor,3,2
00039439,"The image captures a dynamic moment of surfing, which is inherently engaging and emotionally charged.",people_present,5,4,3,4,outdoor,1,4
00039448,"The image captures a striking natural scene with two bears in a flowing river, which is visually distinct and emotionally engaging.",none,5,5,3,4,outdoor,1,4
00039491,The image's memorability is driven by its distinctiveness and the clear focal point of the red double-decker bus.,none,4,4,3,4,outdoor,1,2
00039514,The dynamic pose and urban setting create a visually striking and emotionally engaging scene.,people_present,5,4,3,2,outdoor,1,4
00039616,"The image captures a dynamic moment in tennis, focusing on a player in action, which naturally increases its memorability.",people_present,5,4,2,4,unclear,1,3
00039622,The serene pastoral scene with sheep and lush greenery creates a calming and memorable atmosphere.,none,4,3,2,4,outdoor,1,3
00039653,The image's memorability is driven by its distinctiveness and the clear focal point of the red truck and the sign.,none,5,4,3,4,outdoor,3,1
00039661,"The image's clarity, distinctiveness, and color vividness contribute to its memorability.",none,4,3,2,4,outdoor,4,1
00039678,"The image's clarity, distinctiveness, and vivid colors make it memorable.",none,5,4,2,5,indoor,1,3
00039715,"The image captures a unique and dynamic moment between a photographer and a skateboarder, making it visually striking and emotionally engaging.",prominent_faces,5,5,3,4,outdoor,1,4
00039754,"The image's distinctiveness, vibrant colors, and the interaction between people create a strong emotional charge, enhancing memorability.",prominent_faces,4,4,3,4,outdoor,1,4
00039756,"The image captures a live baseball game with a clear focal point, vibrant colors, and a sense of action, driving memorability.",people_present,5,4,3,4,outdoor,3,3
00039860,"The image's memorability is driven by its distinctive keyboard design with Hebrew and English characters, vibrant green backlighting, and a clear focal point.",none,5,5,4,5,indoor,3,2
00039916,"The image has a clear focal point (the computer setup) with distinct elements like the monitor, keyboard, and speakers, making it memorable.",none,5,4,2,3,indoor,1,1
00039960,"The image's simplicity, clear focal point, and striking contrast between the knife and apple drive its memorability.",none,5,4,1,4,indoor,2,1
00039969,"The image's clarity, distinctiveness, and emotional charge make it highly memorable.",people_present,5,4,2,1,indoor,3,3
00039980,"The image's memorability is driven by its distinctiveness, clear focal point, and vivid colors.",people_present,5,5,3,4,outdoor,3,2
00039983,"The image captures a dynamic moment with a clear focal point, high distinctiveness, and moderate visual complexity, enhancing its memorability.",people_present,5,4,3,4,unclear,1,3
00040007,"The bus is the clear focal point due to its size and distinct color scheme, making it memorable.",none,5,4,3,4,outdoor,2,1
00040109,The image's distinctiveness and clarity drive its memorability due to the striking giraffe against a sparse savanna backdrop.,none,5,5,2,4,outdoor,1,3
00040117,The image's distinctiveness and visual complexity drive its memorability due to the unique architecture and signage.,people_present,4,4,4,3,outdoor,3,2
00040164,"The image captures a tender moment between an adult elephant and its calf, which is emotionally charged and visually striking.",none,5,4,2,3,outdoor,1,4
00040168,The clear directional sign with distinct text and a simple background enhances memorability.,none,5,3,2,4,outdoor,3,1
00040186,"The image captures a vibrant beach scene with distinct elements like kitesurfers and people enjoying the shore, making it visually engaging.",people_present,4,4,3,4,outdoor,1,3
00040332,"The image's distinctiveness, clarity, and emotional charge make it highly memorable.",none,5,5,3,4,indoor,1,4
00040413,"The image's memorability is driven by its clear focal point, distinctiveness, and the emotional charge associated with the surfer's activity.",people_present,5,4,2,3,outdoor,1,3
00040465,"The image's simplicity, distinctiveness, and vibrant colors make it highly memorable.",none,5,5,3,5,outdoor,1,4
00040502,The distinctiveness of the hot dog with shredded meat and the branded wrapper enhances its memorability.,none,4,4,3,3,indoor,2,2
00040516,"The image's clarity, distinctiveness, and focus on a single subject enhance its memorability.",people_present,5,4,2,3,unclear,1,2
00040530,The teddy bear sitting amidst boxes creates a striking contrast and emotional focal point.,none,5,4,3,2,unclear,3,4
00040617,The image's simplicity and the clear focal point of the beach chairs under the umbrella drive its memorability.,none,5,4,1,4,outdoor,1,2
00040622,"The image's distinctiveness, emotional charge, and the prominence of the subject make it highly memorable.",people_present,5,5,4,4,indoor,1,4
00040658,The image's simplicity and the contrast between the two figures against the vast landscape make it memorable.,people_present,4,3,2,2,outdoor,1,2
00040666,The image's distinctiveness and clarity drive memorability due to its clean design and focus on the restaurant's interior.,none,4,4,2,3,indoor,2,1
00040679,"The image captures a lively and candid moment among children enjoying pizza, making it emotionally charged and visually engaging.",prominent_faces,4,4,3,4,outdoor,1,4
00040745,The bird's vivid colors and clear focus against a blurred background make it highly memorable.,none,5,5,2,4,outdoor,1,3
00040761,The stark contrast between the moldy ceiling and the clean tiled walls creates a striking and memorable scene.,none,3,4,2,1,indoor,1,3
00040785,The dynamic pose and black-and-white contrast make the image visually striking and emotionally engaging.,people_present,5,5,3,2,outdoor,1,4
00040804,"The image captures a visually striking and novel scene of baking pigs-in-a-blanket, which is likely to be memorable due to its distinctiveness and emotional appeal.",none,5,5,3,4,indoor,1,3
00040826,The image's distinctiveness and clarity make it memorable due to its appealing presentation of sandwiches.,none,5,4,3,4,indoor,1,2
00040844,"The image captures a serene and striking moment of an elephant in its natural habitat, making it memorable due to its distinctiveness and emotional charge.",none,5,5,2,3,outdoor,1,4
00040891,"The image captures a child interacting with a fire hydrant in a museum-like setting, creating a sense of curiosity and playfulness.",people_present,5,4,3,4,indoor,2,3
00040894,The image's distinctiveness and clarity drive memorability due to the striking contrast between the zebra's black-and-white stripes and the surrounding environment.,none,4,4,3,4,outdoor,1,2
00040922,The image's distinctiveness and simplicity drive its memorability.,none,4,4,2,3,outdoor,1,2
00040933,"The image captures a close-up of a pizza being served, highlighting the texture and colors of the toppings, which can evoke a strong sensory response.",none,4,3,4,4,indoor,1,3
00041041,"The image captures a dynamic moment with a clear focal point, vibrant colors, and a sense of action, driving memorability.",people_present,5,4,3,4,indoor,2,3
00041059,"The image features a clear focal point (the burger and fries) with distinct colors and textures, making it visually striking and emotionally appealing.",none,5,4,3,4,indoor,1,3
00041062,The image's distinctiveness and the unusual posture of the person create a memorable scene.,people_present,4,4,3,3,indoor,1,2
00041080,The image's distinctiveness and clarity make it memorable due to its unusual combination of elements.,none,5,4,2,3,outdoor,1,1
00041100,"The image's memorability is driven by the distinct subject, clear focal point, and the emotional charge conveyed by the person's posture and expression.",prominent_faces,5,4,3,2,indoor,1,3
00041128,"The image has a clear focal point, distinct elements, and a strong emotional charge, making it highly memorable.",none,5,4,3,4,indoor,1,4
00041159,"The vivid red scooters stand out against the dark background, creating a striking contrast that enhances memorability.",none,4,4,2,5,outdoor,1,3
00041170,The image's distinctiveness and the cat's interaction with the banana create a memorable and emotionally engaging scene.,none,5,4,2,3,indoor,1,3
00041213,"The combination of distinct people, a clear focal point, and emotional expressions enhances memorability.",prominent_faces,5,4,3,4,indoor,2,4
00041220,"The image captures a dynamic moment of active engagement, making it visually engaging and emotionally resonant.",people_present,4,3,2,4,outdoor,1,3
00041234,"The image features a distinctively colored police motorcycle and rider, making it visually striking and memorable.",people_present,5,5,3,5,outdoor,2,1
00041239,"The image's clarity, distinctiveness, and simplicity contribute to its memorability.",people_present,4,3,2,2,indoor,1,1
00041275,The image's distinctiveness and emotional charge make it memorable.,people_present,5,5,3,1,outdoor,1,4
00041279,"The image captures a serene moment of elephants in their natural habitat, which is visually striking and emotionally evocative.",none,4,4,3,3,outdoor,1,3
00041370,"The image captures a dynamic moment in a tennis match, focusing on the player's action, which enhances its memorability.",people_present,5,4,2,4,outdoor,3,3
00041531,"The bathroom's clean lines, monochromatic color scheme, and organized layout contribute to its memorability.",none,4,3,2,2,indoor,1,1
00041535,"The image captures a striking heron in flight against a lush green backdrop, making it visually distinctive and emotionally engaging.",none,5,5,3,4,outdoor,1,4
00041575,"The image's clarity, distinctiveness, and vivid colors make it highly memorable.",none,5,4,3,4,outdoor,2,2
00041596,"The image's distinctiveness, clarity, and emotional charge make it highly memorable.",none,5,5,3,4,indoor,1,4
00041675,"The image captures a dynamic moment of a bird in flight, making it visually striking and emotionally engaging.",people_present,5,5,3,4,outdoor,1,4
00041721,"The image features distinctively themed cakes with a clear focal point and vibrant colors, enhancing memorability.",none,5,5,3,5,indoor,2,4
00041745,The image's simplicity and the contrast between the green broccoli and white cauliflower make it visually striking and memorable.,none,5,4,3,4,indoor,1,2
00041754,"The image's distinctiveness, clarity, and emotional charge make it highly memorable.",none,5,5,3,4,outdoor,1,3
00041775,"The image's simplicity and the solitary figure create a strong emotional charge and a clear focal point, enhancing memorability.",people_present,5,4,2,3,outdoor,1,4
00041787,"The image's memorability is driven by the distinct and novel subjects (horses) and the clear focal point (their faces), combined with vivid colors and a pleasant outdoor setting.",none,5,4,3,4,outdoor,1,3
00041797,"The image's memorability is driven by the striking contrast between the horse and the beach setting, creating a novel and emotionally charged scene.",none,5,5,2,4,outdoor,1,4
00041813,"The image captures a dynamic moment of a motorcycle race, making it visually striking and emotionally engaging.",people_present,5,5,3,4,outdoor,1,4
00041844,"The image captures a dynamic moment of a tennis player in action, which is visually striking and emotionally engaging.",people_present,5,4,3,4,indoor,2,4
00041913,"The image's clarity, distinctiveness, and simplicity drive its memorability.",none,5,4,2,3,outdoor,3,1
00041934,"The image's memorability is driven by its distinctiveness, clear focal point, and emotional charge.",none,5,5,2,4,outdoor,1,3
00042005,"The image features a clear focal point with distinct elements like the player's uniform and helmet, which enhances memorability.",people_present,5,4,2,4,outdoor,3,2
00042039,"The cat's presence adds a unique and relatable element, enhancing memorability.",none,4,3,2,3,indoor,2,3
00042104,The child's attire and pose create a clear focal point that is novel and emotionally engaging.,people_present,5,4,2,3,outdoor,1,3
00042111,"The sequence captures a dynamic skateboarding action, making it visually striking and emotionally engaging.",people_present,5,5,3,4,outdoor,1,4
00042134,"The image's memorability is driven by the distinct action of handing over bananas, the clear focal point, and the emotional charge of the interaction.",prominent_faces,5,4,2,4,outdoor,1,3
00042135,"The image features a distinct and clear focal point with a person wearing a colorful shirt and tie, which stands out against the background.",prominent_faces,5,4,3,4,indoor,1,2
00042136,"The image captures a dynamic and visually striking moment of a skier mid-air against a clear blue sky, emphasizing action and movement.",people_present,5,5,3,5,outdoor,1,4
00042197,"The image captures a serene and natural scene of elephants in their habitat, which is visually striking and emotionally evocative.",none,4,4,3,2,outdoor,1,3
00042201,"The image captures a candid family moment, which often evokes strong emotional responses.",people_present,4,3,2,3,indoor,1,4
00042204,"The image captures a dynamic moment of action with a vivid, colorful frisbee as the focal point, set against a natural backdrop, making it visually striking and memorable.",people_present,5,5,3,5,outdoor,1,4
00042248,"The image's memorability is driven by its serene rural setting, the distinct group of horses, and the lush greenery.",none,4,4,2,4,outdoor,1,3
00042253,"The motorcycle's unique design and placement create a strong focal point, enhancing memorability.",none,5,4,3,3,outdoor,1,2
00042294,The image's memorability is driven by its distinctiveness and the clear focal point of the kitchen setup.,none,4,4,3,2,indoor,1,1
00042304,"The image captures a dynamic moment in a baseball game, focusing on the batter and catcher, which enhances its memorability.",people_present,4,3,2,4,outdoor,2,3
00042346,"The image captures a child interacting with a toy kitchen set, creating a relatable and emotionally engaging scene.",people_present,5,4,3,4,indoor,1,3
00042371,"The image captures a casual outdoor activity with distinct subjects and a clear focal point, enhancing its memorability.",people_present,4,3,2,4,outdoor,1,2
00042449,"The combination of distinct palm trees, vibrant yellow umbrellas, and the serene beach setting creates a visually striking and emotionally appealing scene.",people_present,4,4,3,4,outdoor,1,3
00042503,"The image's distinctiveness, novelty, and emotional charge drive its memorability.",none,5,5,4,4,indoor,1,4
00042512,"The image captures a striking and unusual interaction between a person and an elephant in a natural setting, making it memorable due to its distinctiveness and emotional charge.",people_present,5,5,3,4,outdoor,1,4
00042527,The dynamic pose and vibrant colors make the image highly memorable.,people_present,5,5,3,5,outdoor,1,4
00042532,"The image captures a serene riverside scene with distinct boats and people, making it visually engaging and memorable.",people_present,4,3,2,3,outdoor,1,2
00042538,The giraffe's unique pattern and natural setting create a striking focal point that enhances memorability.,none,5,5,2,4,outdoor,1,3
00042543,The image's distinctiveness and the clear focal point of the elephant and the man interacting create a memorable scene.,people_present,5,4,3,1,indoor,1,2
00042545,The image's memorability is driven by its distinctiveness and the clear focal point created by the skateboard.,people_present,5,4,2,1,outdoor,1,1
00042551,The scene's distinctiveness and the presence of people create a memorable snapshot.,people_present,4,4,3,3,outdoor,2,2
00042557,"The bus's distinct design and clear signage make it stand out, enhancing memorability.",none,5,4,3,4,outdoor,2,1
00042586,"The image's distinctiveness and the contrast between the zebra and hyenas create a striking focal point, enhancing memorability.",none,5,5,3,4,indoor,1,2
00042616,The image's distinctiveness and the dog wearing a festive hat create a strong emotional charge and focal point.,none,5,4,3,4,indoor,1,4
00042643,The image's distinctiveness and emotional charge drive its memorability due to the unusual sight of a dog as a co-pilot.,none,5,5,3,4,outdoor,2,4
00042645,The image's distinctiveness and clarity make it memorable due to its focus on food items with a clear focal point.,none,4,4,3,4,indoor,1,2
00042652,The image's memorability is driven by its distinctiveness and the clear focal point of the child interacting with the laptop.,people_present,5,4,3,4,indoor,1,2
00042703,"The image captures a candid moment with a clear focal point and distinct characters, enhancing its memorability.",people_present,4,3,2,2,indoor,1,2
00042736,The image's memorability is driven by its distinctiveness and the clear focal point of the seagull perched on the balcony.,none,5,4,2,3,outdoor,1,2
00042748,"The kitchen's clean and organized layout, combined with its distinct color scheme and layout, makes it memorable.",none,4,4,3,3,indoor,1,2
00042755,"The image features a man holding a cat with a distinctive bat-wing accessory, creating a unique and novel focal point.",prominent_faces,5,5,3,4,outdoor,1,2
00042762,"The image's clarity, distinctiveness, and color vividness contribute to its memorability.",none,5,4,3,4,indoor,1,2
00042767,The image's memorability is driven by its distinctiveness and the clear focal point of the two individuals riding the scooter.,prominent_faces,5,4,3,4,outdoor,1,2
00042778,"The image's memorability is driven by the distinctiveness of the setting, the clear focal point (the person behind the counter), and the emotional charge created by the warm and inviting atmosphere.",prominent_faces,5,4,3,4,indoor,2,3
00042805,"The image's distinctiveness, clear focal point, and emotional charge contribute significantly to its memorability.",prominent_faces,5,4,2,3,indoor,1,4
00042807,"The aged and weathered appearance of the bus, combined with its open doors and the presence of people inside, creates a sense of nostalgia and curiosity.",people_present,4,3,2,2,outdoor,1,3
00042822,"The teddy bear's worn appearance and the heartfelt message on its shirt create a strong emotional charge, enhancing memorability.",none,5,4,2,3,indoor,3,4
00042859,The image's distinctiveness and clear focal point drive its memorability.,prominent_faces,5,4,3,3,outdoor,1,2
00042896,"The image captures a close-up of a freshly baked pizza being sliced, which is visually appealing and emotionally engaging due to its warmth and freshness.",none,5,4,3,4,indoor,1,3
00042909,The image's distinctiveness and clarity make it memorable due to its unique signage and vibrant colors.,none,4,4,3,4,outdoor,2,2
00042912,The image's simplicity and focus on a single subject (the pizza) drive its memorability.,none,5,3,2,4,indoor,1,1
00042913,"The image has a clear focal point (the traffic light) and distinct elements like the street sign and palm tree, making it memorable.",none,4,3,2,3,outdoor,2,1
00042955,The image's distinctiveness and the clear focal point of the bighorn sheep on rugged terrain drive its memorability.,none,5,4,3,2,outdoor,1,2
00042963,"The image captures a solitary figure in motion against a serene ocean backdrop, creating a sense of freedom and adventure.",people_present,5,4,2,3,outdoor,1,3
00042990,"The image's clarity, distinctiveness, and natural setting contribute to its memorability.",none,5,4,3,3,outdoor,1,2
00043016,"The image's clarity, distinctiveness, and visual complexity contribute to its memorability.",none,4,4,3,4,outdoor,3,2
00043071,"The image captures a clear interaction between a person and a dog, which is visually distinct and emotionally engaging.",people_present,5,4,2,4,outdoor,1,3
00043139,"The image captures a dynamic moment with a clear focal point and vivid colors, enhancing its memorability.",people_present,5,4,3,4,outdoor,1,3
00043142,"The image's distinctiveness, emotional charge, and clarity of focal point drive its memorability.",people_present,5,5,3,4,outdoor,1,4
00043220,"The image captures a dynamic moment with a clear focal point, high distinctiveness, and emotional charge, making it highly memorable.",people_present,5,5,3,4,outdoor,1,4
00043242,"The image's distinctiveness, clear focal point, and emotional charge contribute significantly to its memorability.",prominent_faces,5,4,2,1,outdoor,1,3
00043243,"The stark contrast between the bare tree and the snowy landscape, along with the train crossing the bridge, creates a visually striking and emotionally evocative scene.",none,5,5,3,4,outdoor,1,3
00043258,The image's distinctiveness and the unusual subject matter (a dog drinking from a toilet) drive its memorability.,none,5,5,2,3,indoor,1,3
00043310,The multi-tiered wedding cake with its intricate decorations and the presence of a bouquet creates a visually striking and emotionally charged focal point.,none,5,5,4,3,indoor,1,4
00043342,"The image's distinctiveness, clear focal point, and emotional charge drive its memorability.",none,5,5,3,5,unclear,4,4
00043418,"The image's memorability is driven by the distinctive and novel subject (the cat) and its interaction with the computer setup, creating a humorous and relatable scene.",none,4,4,3,3,indoor,1,3
00043430,"The image's memorability is driven by the distinct and novel subject (a cat lounging on a couch), the clear focal point, and the emotional charge of the relaxed domestic scene.",none,5,4,2,3,indoor,1,3
00043436,The scene's distinctiveness and the presence of people create a memorable impression.,people_present,4,4,3,4,indoor,1,2
00043458,"The image's memorability is driven by its distinctiveness, clear focal point, and the contrast between the traditional carriage and the modern architecture.",people_present,4,4,3,3,outdoor,1,2
00043509,The cow's distinct appearance and the focused composition drive memorability.,people_present,5,4,2,3,outdoor,2,1
00043526,The dynamic pose and black-and-white contrast make the image visually striking and emotionally engaging.,people_present,5,5,3,2,indoor,1,4
00043545,"The image features a distinct and novel computer setup with a Razer mouse, which stands out as the focal point against a cluttered desk background.",none,4,4,3,2,indoor,1,1
00043549,The cat's relaxed posture and the humorous placement of the remote control create a memorable and amusing focal point.,none,5,4,2,3,indoor,1,3
00043591,"The image's memorability is driven by its distinctiveness and vivid color, making it stand out.",none,4,4,2,5,outdoor,1,1
00043593,The cat's curious expression and the unusual setting create a striking and memorable image.,none,5,5,2,4,indoor,1,3
00043603,"The image features a single clear focal point (the toilet) with distinct elements like the dark vanity and the black frame, making it memorable.",none,5,3,2,2,indoor,1,1
00043653,The dynamic action and clear focal point drive memorability.,people_present,5,4,3,4,outdoor,2,3
00043681,"The pastoral scene with cows grazing near a river and a quaint village in the background is visually distinct and emotionally calming, driving memorability.",none,4,4,2,3,outdoor,1,3
00043699,The image's memorability is driven by its distinctiveness and the clear focal point of fresh produce.,none,5,4,3,4,indoor,2,2
00043729,"The image's aged train and natural surroundings create a nostalgic and evocative scene, enhancing its memorability.",none,4,3,2,2,outdoor,1,3
00043831,"The image features a person in a dynamic pose against a scenic backdrop, making it visually striking and emotionally engaging.",prominent_faces,5,4,2,4,outdoor,1,3
00043900,The dish's intricate plating and vibrant colors make it visually striking and memorable.,none,5,5,4,5,indoor,1,3
00043941,"The image features a clear focal point (the statue) with distinct architectural elements and a strong sense of place, enhancing memorability.",none,5,4,3,3,outdoor,2,2
00043982,"The image's memorability is driven by its distinctiveness, clear focal point, and vivid colors.",people_present,5,5,3,5,outdoor,1,2
00043983,"The presence of people, motorcycles, and an American flag creates a dynamic and emotionally charged scene.",people_present,3,4,4,4,outdoor,2,4
00043996,The image's simplicity and the distinct contrast between the goose and the water enhance its memorability.,none,5,4,2,3,outdoor,1,2
00044031,"The image's distinctiveness, clear focal point, and natural beauty contribute to its memorability.",none,5,5,3,4,outdoor,1,3
00044066,The image's distinctiveness and the clear focal point of the person climbing the wall make it memorable.,people_present,4,4,2,3,outdoor,1,2
00044075,The large pizza and the people's expressions create a vivid and emotionally charged scene.,prominent_faces,4,4,3,4,indoor,1,4
00044090,The stark contrast between the red bucket and the beige tiles makes the scene distinctive and memorable.,none,4,4,2,3,indoor,1,1
00044091,The image's distinctiveness and clear focal point drive its memorability.,people_present,5,4,2,1,indoor,1,3
00044119,"The image captures a domestic scene with a mix of distinct elements that create a sense of lived-in space, enhancing memorability.",none,3,4,4,3,indoor,1,2
00044149,The image captures a serene and inviting street scene with a clear focal point and distinct elements that make it memorable.,people_present,4,4,3,3,outdoor,1,2
00044181,The image's distinctiveness and clarity make it memorable due to its unique architectural elements and symmetrical composition.,none,5,4,2,3,indoor,1,1
00044188,"The image captures a dynamic moment of a dog playing with a frisbee, which is visually striking and emotionally engaging.",none,5,4,2,4,outdoor,1,3
00044216,"The image features a prominent face with a clear focal point, vibrant colors, and a warm expression, making it highly memorable.",prominent_faces,5,4,3,4,indoor,1,4
00044260,"The image captures a candid moment with two people interacting, which adds a human element and emotional charge.",people_present,4,3,2,4,outdoor,1,3
00044281,"The image captures a dynamic moment of skateboarding, making it visually striking and emotionally engaging.",people_present,5,4,3,4,outdoor,1,3
00044291,"The image captures a dynamic moment of action, making it visually striking and emotionally engaging.",people_present,5,5,3,4,outdoor,1,4
00044292,The scene's distinctiveness and the clear focal point of the tennis players contribute to its memorability.,people_present,4,3,2,3,indoor,1,1
00044304,"The image captures a dynamic moment of action with a clear focal point, making it memorable.",people_present,5,4,2,3,outdoor,1,3
00044323,"The image's memorability is driven by its clear focal point, distinctiveness, and the emotional appeal of a freshly prepared pizza.",none,5,4,3,4,indoor,1,3
00044345,"The image's memorability is driven by its distinctiveness, clear focal point, and emotional charge associated with military aviation history.",people_present,5,5,3,1,outdoor,2,4
00044400,"The image's clarity, distinctiveness, and vivid colors contribute to its memorability.",none,5,4,3,4,outdoor,1,2
00044405,"The image's clarity, distinctiveness, and vivid colors contribute to its memorability.",none,5,4,2,4,outdoor,1,1
00044453,"The image's memorability is driven by its clear focal point, distinctiveness, and emotional charge.",people_present,5,4,2,1,outdoor,1,3
00044483,"The presence of prominent faces and the focus on election results create a strong emotional charge and a clear focal point, enhancing memorability.",prominent_faces,4,3,3,3,indoor,2,4
00044504,The image's distinctiveness and clarity make it memorable due to its unique street sign combination and traffic light setup.,none,5,4,3,2,outdoor,3,1
00044550,The image's simplicity and the clear focal point of the toaster oven contribute to its memorability.,none,4,3,2,1,indoor,2,1
00044555,The cat's reflective symmetry and calm expression create a striking and memorable image.,none,5,5,2,4,indoor,1,3
00044571,"The image captures a casual outdoor activity with distinct subjects and a clear focal point, enhancing its memorability.",people_present,4,3,2,3,outdoor,1,1
00044677,"The image's distinctiveness, emotional charge, and clear focal point drive its memorability.",people_present,5,5,2,3,outdoor,1,4
00044697,"The image's memorability is driven by the striking contrast between the elephant and its urban environment, making it a novel and visually distinct subject.",people_present,5,5,3,4,outdoor,2,3
00044698,"The image's simplicity and the distinct appearance of the teddy bears make them stand out, enhancing memorability.",none,5,4,1,2,indoor,1,3
00044699,The image's distinctiveness and clarity drive its memorability due to the striking contrast between the black and white tie and the red sweater.,none,5,5,2,4,indoor,1,1
00044703,The image's simplicity and the clear focal point of the bread rolls in a basket drive memorability.,none,5,3,1,2,indoor,1,1
00044759,"The image captures a dynamic moment of action with a clear focal point, vivid colors, and a sense of adventure.",people_present,5,5,3,4,outdoor,1,4
00044829,"The vibrant colors, distinct clothing, and the woman's expressive pose create a striking and memorable scene.",prominent_faces,5,5,4,5,outdoor,1,3
00044912,"The image captures a lively and dynamic moment, making it memorable due to its distinctiveness and emotional charge.",people_present,4,4,3,4,indoor,1,3
00044914,"The image captures a moment of childhood resilience and playfulness under rainy conditions, making it emotionally charged and distinctively memorable.",people_present,5,4,2,3,outdoor,1,4
00044924,"The image's memorability is driven by the striking contrast between the bright orange motorcycle and the urban backdrop, along with the person's distinctive attire and helmet.",people_present,5,4,3,5,outdoor,1,2
00044948,The cow's vibrant colors and unique design make it stand out as a clear focal point.,people_present,5,5,4,5,outdoor,1,3
00044970,The image's distinctiveness and the presence of people create a memorable scene.,people_present,4,3,2,2,outdoor,1,1
00044982,The image's memorability is driven by its unusual and striking combination of urinals and a large aquarium backdrop.,none,3,4,3,2,indoor,1,1
00044986,"The image captures a dynamic moment of action with a clear focal point, making it memorable.",people_present,5,4,2,3,outdoor,1,3
00045110,"The image's memorability is driven by its distinctiveness, clear focal point, and vivid colors.",people_present,5,5,3,5,outdoor,2,1
00045112,"The image's memorability is driven by the contrast between the casual setting and the large pizza, creating a humorous and relatable scene.",people_present,5,4,3,4,indoor,2,3
00045125,"The image's stark, utilitarian design and the contrast between the worn toilet and the clean, labeled door create a memorable scene.",none,4,3,2,1,indoor,2,1
00045133,"The bathroom's clean lines, neutral color palette, and organized layout contribute to its memorability.",none,4,3,2,2,indoor,1,1
00045143,"The image captures a dynamic moment in tennis, with a clear focal point and vivid colors enhancing its memorability.",people_present,5,4,3,5,outdoor,2,3
00045195,"The scene has a distinct and clear focal point with a simple yet cozy living room setup, which enhances memorability.",none,4,3,2,3,indoor,1,2
00045219,The bright colors and distinct design of the train make it stand out as a clear focal point.,none,5,5,2,5,outdoor,1,1
00045226,"The image's memorability is driven by the clear focal point, the distinctiveness of the subject, and the emotional charge created by the child's expression.",prominent_faces,5,4,3,4,indoor,2,4
00045228,"The image's distinctiveness and novelty, combined with the emotional charge of the snowman wearing a hat, drive its memorability.",none,5,4,2,3,outdoor,1,3
00045265,"The image's simplicity and the presence of a dog create a strong focal point and emotional charge, enhancing memorability.",none,5,4,2,3,indoor,1,3
00045268,The bear's relaxed posture and the serene water feature create a calming and memorable scene.,none,5,4,2,3,outdoor,1,3
00045353,"The image's distinctiveness, vivid colors, and clear focal point drive its memorability.",none,5,5,4,5,indoor,1,3
00045418,The bathroom's clean and organized layout with a clear focal point enhances memorability.,none,4,3,2,3,indoor,1,1
00045443,"The vintage suitcase and flowers create a striking contrast, making the scene distinctive and emotionally evocative.",none,5,5,3,4,outdoor,1,4
00045446,The clock's distinct design and clear focal point make it highly memorable.,none,5,4,2,3,outdoor,2,1
00045492,The image's distinctiveness and the clear focal point of the person's face contribute to its memorability.,prominent_faces,5,4,2,3,indoor,1,3
00045536,"The cat's curious interaction with the bottle creates a humorous and relatable moment, enhancing memorability.",none,5,4,3,3,indoor,2,3
00045540,"The distinctiveness and clarity of the pottery pieces make them stand out as the focal point, enhancing memorability.",none,5,5,4,4,indoor,1,2
00045555,The scene has a distinct focal point (the water dispenser) and a mix of everyday objects creating a sense of familiarity.,none,4,3,3,2,indoor,1,1
00045567,The stark contrast between the clean toilet and the dirty sink creates a striking visual that enhances memorability.,none,4,4,3,2,indoor,1,3
00045599,The image has a distinct focal point with a clear subject (scissors and leaves) and a novel arrangement that enhances memorability.,none,5,4,2,3,unclear,1,1
00045623,The image's distinctiveness and clarity make it memorable due to its unique composition and focus on trains.,none,4,4,3,3,outdoor,1,2
00045646,"The image features a culturally significant altar setup with distinct religious items and vibrant colors, making it visually striking and emotionally charged.",none,4,4,3,4,indoor,1,3
00045651,The clock tower's distinct architectural features and central placement make it highly memorable.,none,5,4,3,1,outdoor,1,2
00045725,"The image captures a dynamic interaction between a dog and sheep, which is visually striking and emotionally engaging.",none,5,5,3,4,outdoor,1,4
00045817,"The image's simplicity, focus on a single donut, and its appealing appearance drive high memorability.",none,5,4,1,4,unclear,1,3
00045841,"The image has a clear focal point with distinct elements like the snowboarder's gear and the snowy landscape, making it memorable.",people_present,5,4,2,4,outdoor,1,3
00045850,The image's distinctiveness and clarity drive its memorability due to the unusual street sign combination and the stark winter landscape.,none,5,5,2,3,outdoor,4,1
00045925,"The image captures a dynamic moment of a horse race, emphasizing motion and energy which enhances memorability.",people_present,5,4,3,4,outdoor,1,4
00046046,The image captures a vivid and culturally rich scene with distinct characters and a strong emotional charge.,prominent_faces,4,4,3,3,outdoor,1,3
00046122,"The image captures a striking contrast between the rider and the massive redwood trees, making it visually memorable.",people_present,5,5,3,4,outdoor,1,3
00046129,"The image features a clean, minimalist setup with a distinct focus on a wireless keyboard and mouse, which enhances its memorability due to its simplicity and novelty.",none,5,4,1,2,indoor,3,1
00046136,The image's memorability is driven by its distinctiveness and the clear focal point of the skateboarder.,people_present,5,4,3,4,outdoor,1,2
00046186,The emotional charge and distinctiveness of the scene drive its memorability.,people_present,5,4,3,2,indoor,1,4
00046259,"The image's focus on a Logitech mouse and keyboard creates a clear focal point, enhancing memorability.",none,4,3,2,3,indoor,1,1
00046325,The image's distinctiveness and clarity drive its memorability due to the striking zebra patterns and the natural setting.,none,5,5,2,4,outdoor,1,3
00046338,The image's distinctiveness and the act of cutting the power cord create a striking and memorable visual.,none,5,5,3,4,indoor,2,3
00046351,The image's striking contrast between the person flying a model airplane against a vast mountainous backdrop creates a memorable scene.,people_present,5,5,3,4,outdoor,1,4
00046360,"The image's distinctiveness, clear focal point, and serene natural setting contribute to its memorability.",people_present,5,4,2,3,outdoor,1,3
00046378,"The image captures a person in a striking outdoor setting, which enhances its memorability due to the contrast between the individual and the vast, serene landscape.",prominent_faces,5,5,3,4,outdoor,1,3
00046383,"The image captures a dynamic moment in a baseball game, focusing on the batter's stance, which is a clear focal point.",people_present,5,4,3,4,outdoor,2,3
00046384,"The worn teddy bear hanging from a fence evokes a sense of nostalgia and melancholy, making it emotionally charged and memorable.",none,5,4,2,3,outdoor,1,4
00046406,"The dog's expressive face and the leash create a strong focal point, enhancing memorability.",none,5,4,2,3,indoor,1,4
00046493,The image's distinctiveness and clarity make it memorable due to its focus on a well-composed meal.,none,5,4,3,4,indoor,1,2
00046503,The bento box with its vibrant colors and playful food figures creates a visually striking and emotionally engaging scene.,none,5,5,4,5,indoor,1,3
00046594,The scene's clutter and the presence of a person engaged in activity make it memorable.,people_present,3,4,5,3,indoor,1,2
00046612,"The image's memorability is driven by the striking contrast between the black cat and the vibrant blossoms, creating a visually distinct and emotionally engaging scene.",none,5,5,3,4,outdoor,1,4
00046678,The image's distinctiveness and the unusual arrangement of cutlery create a memorable scene.,none,4,4,3,2,indoor,3,1
00046687,The image's distinctiveness and the presence of people create a memorable scene.,people_present,4,4,2,3,indoor,1,2
00046701,"The distinctiveness of the bananas as the focal point, combined with the warm lighting and relaxed outdoor setting, enhances memorability.",people_present,4,4,2,4,outdoor,1,3
00046709,"The image features a distinct and clear focal point (the dog) with a novel and emotionally neutral scene, driving memorability.",none,5,4,2,3,indoor,1,2
00046715,"The vibrant yellow daffodils against the red and white checkered tablecloth create a striking contrast, making the scene visually distinctive and emotionally uplifting.",none,5,5,2,5,outdoor,1,4
00046734,"The room's rustic charm, warm lighting, and distinct furniture pieces create a memorable scene.",none,4,4,3,3,indoor,1,2
00046749,The dynamic action and contrast between the snowboarder and the urban environment create a striking and memorable scene.,people_present,5,5,4,4,outdoor,1,3
00046787,"The image features two distinct pizzas with unique toppings, making it visually striking and novel.",none,5,5,3,4,indoor,1,2
00046823,"The image features a distinct equestrian scene with a clear focal point, minimal text, and vivid colors, enhancing its memorability.",people_present,5,4,2,4,outdoor,3,2
00046876,The image's distinctiveness and visual complexity drive its memorability due to the unique combination of ingredients and the close-up view.,none,5,5,4,4,indoor,1,3
00046897,"The image captures a dynamic moment in baseball, focusing on the batter's swing, which enhances its memorability.",people_present,5,4,3,4,outdoor,1,3
00046906,"The image features a clear focal point (the pizza) with distinct colors and textures, making it visually striking and memorable.",none,5,4,2,3,indoor,1,2
00046929,"The image captures a tender moment between two giraffes, which is emotionally charged and visually striking.",none,5,5,3,4,outdoor,1,4
00046933,The image's distinctiveness and simplicity drive its memorability.,people_present,4,4,2,3,outdoor,1,2
00046981,"The image captures a dynamic surfing moment with a clear focal point and vivid colors, enhancing its memorability.",people_present,5,5,3,5,outdoor,1,4
00047047,"The image has a clear focal point with distinct clothing and accessories, making it memorable.",people_present,5,4,3,4,outdoor,1,2
00047048,"The serene and solitary figure on the bench creates a strong emotional charge and a clear focal point, enhancing memorability.",people_present,5,4,2,3,outdoor,1,4
00047108,The image's simplicity and the contrast between the warm tones of the coffee and bananas create a visually appealing and memorable composition.,none,5,4,2,4,indoor,3,3
00047124,"The image has a distinct and clear focal point with a vivid color scheme and minimal clutter, enhancing memorability.",none,4,4,2,4,indoor,1,1
00047144,"The image features a vintage audio equipment setup with a clear focal point and distinct elements, making it memorable.",none,5,4,3,3,indoor,2,1
00047187,The image's distinctiveness and clarity make it memorable due to its unique perspective and composition.,none,4,4,3,2,outdoor,1,1
00047230,"The image captures a moment of celebration with a clear focal point (the cake being cut), making it memorable.",people_present,4,3,2,3,indoor,2,3
00047231,"The image captures a dynamic moment of someone skateboarding, which is inherently engaging and novel.",people_present,4,3,2,3,outdoor,1,3
00047237,"The image's clarity, distinctiveness, and color saturation make it highly memorable.",none,5,5,3,4,indoor,1,2
00047245,"The scene is a typical kitchen setup with no people or strong emotional elements, making it moderately memorable due to its distinctiveness and clarity.",none,4,3,2,2,indoor,1,1
00047250,"The image captures a candid moment of a child enjoying pizza, which is emotionally engaging and visually distinct.",prominent_faces,5,4,2,3,indoor,1,4
00047263,"The image's clarity, distinctiveness, and emotional charge make it highly memorable.",people_present,5,4,2,5,outdoor,1,3
00047311,The image's distinctiveness and clarity make it memorable due to its clean and organized appearance.,none,4,3,2,3,indoor,1,1
00047417,"The image captures a dynamic moment of action and skill, making it visually striking and emotionally engaging.",people_present,5,5,3,4,outdoor,1,4
00047450,The image's distinctiveness and the clear focal point of the donut with its unique icing pattern drive memorability.,none,5,4,2,3,indoor,1,2
00047531,"The image captures a dynamic moment of skateboarding, which is visually striking and emotionally engaging.",people_present,4,4,2,3,outdoor,1,3
00047535,The distinct tie design and the contrast between the shirt and tie make the subject stand out.,people_present,5,4,2,4,indoor,1,1
00047560,"The open space, distinct structure, and presence of people create a memorable scene.",people_present,4,3,2,3,outdoor,1,2
00047562,The image's distinctiveness and clarity drive its memorability due to the clear focal point and the contrast between the players and the tennis ball.,people_present,4,4,2,4,outdoor,1,1
00047605,"The image's memorability is driven by its distinctiveness and simplicity, making it visually striking.",none,4,4,2,4,indoor,1,1
00047618,"The image captures a dynamic moment of surfing, which is inherently engaging and emotionally charged.",people_present,5,4,3,4,outdoor,1,4
00047630,The image's simplicity and the distinct contrast between the figures and the environment make it memorable.,people_present,4,4,2,3,outdoor,1,2
00047670,The image's simplicity and the presence of sheep in a natural setting drive memorability.,none,3,4,2,2,outdoor,1,1
00047688,The image's simplicity and the clear focal point of the toothbrush make it memorable.,none,5,3,1,2,indoor,1,1
00047762,The image's simplicity and focus on a recognizable technology setup make it memorable.,none,5,3,2,2,indoor,2,1
00047773,"The image features a distinct and clear focal point (the motorcycle) against a simple background, making it memorable.",none,5,4,2,3,outdoor,1,1
00047782,"The image's memorability is driven by its distinctiveness and the presence of people, creating a clear focal point.",people_present,4,4,2,3,outdoor,2,1
00047784,"The image's memorability is driven by the distinctiveness of the chefs' poses and expressions, as well as the vibrant colors and clear focal point.",prominent_faces,5,4,3,4,indoor,1,3
00047797,"The image captures a dynamic moment in baseball, featuring a powerful swing and celebratory gestures, which are emotionally charged and distinctive.",people_present,5,5,4,4,outdoor,3,5
00047821,"The image captures a dynamic moment with a clear focal point and vivid colors, enhancing its memorability.",people_present,5,4,3,4,outdoor,1,3
00047827,"The hanging bananas and grapes create a striking focal point against the dark background, enhancing memorability.",none,4,4,3,1,indoor,1,2
00047857,"The dynamic action and focus on the frisbee create a strong emotional charge and a clear focal point, enhancing memorability.",people_present,5,4,3,4,outdoor,1,4
00047927,"The image captures a moment of youth baseball practice, which is a relatable and emotionally resonant scene.",people_present,4,3,2,4,outdoor,1,3
00047944,"The image captures a dynamic moment of surfing, highlighting the skill and energy of the surfer against a vivid ocean backdrop.",people_present,5,5,3,5,outdoor,1,4
00047984,"The image's clarity, distinctiveness, and minimal visual complexity contribute to its memorability.",none,5,4,2,3,outdoor,3,1
00047989,The image's distinct smiley face created by fruit and a chili pepper makes it highly memorable due to its novelty and emotional charge.,none,5,5,2,5,indoor,1,4
00048009,"The image's simplicity and the focus on a single, appealing dessert slice make it memorable.",none,5,4,2,4,indoor,1,3
00048010,The image's distinctiveness and simplicity make it memorable due to its unique composition and lack of clutter.,none,5,4,2,3,outdoor,2,1
00048024,"The image has a clear focal point with distinct elements like the muffin, apple, and glass, making it memorable.",none,5,4,2,4,indoor,1,3
00048035,"The vibrant tablecloth, diverse food items, and personal name tag create a visually engaging and distinct scene.",none,4,4,4,5,indoor,2,3
00048064,"The collage features unusual and striking elements like toilet paper rolls as handles and a sign with bold text, driving memorability.",none,4,5,3,3,indoor,2,2
00048089,"The image features a clear focal point with a distinct subject, minimal visual clutter, and a vivid color palette, enhancing its memorability.",people_present,5,4,2,4,outdoor,3,1
00048115,The bird's striking appearance and unique features make it highly memorable.,none,5,5,3,4,outdoor,1,4
00048116,The image's memorability is driven by its distinctiveness and the clear focal point of the cow under the tree.,none,5,5,2,4,outdoor,1,3
00048179,"The image's memorability is driven by the unique and novel subject of a dog sitting on a boat, which contrasts with the typical scene of boats and water.",none,5,5,2,3,outdoor,1,3
00048206,"The image's memorability is driven by its distinctiveness, clear focal point, and the presence of people interacting with the food truck.",people_present,5,4,3,3,outdoor,2,3
00048207,The image's distinctiveness and the clear focal point of the giraffes make it memorable.,none,5,4,2,3,outdoor,1,2
00048222,"The image's memorability is driven by its distinctiveness and clarity, as it presents a clean, organized bathroom setup without any distractions.",none,5,4,2,3,indoor,1,1
00048259,The image's distinctiveness and clarity drive its memorability due to the focused action and contrast against the snowy background.,people_present,5,4,2,1,outdoor,1,3
00048339,The image's distinctiveness and the presence of people create a memorable scene.,people_present,4,4,2,1,outdoor,3,2
00048359,The vibrant colors and distinct arrangement of bananas create a visually striking and novel focal point.,none,5,5,4,5,outdoor,1,3
00048430,"The image features a single clear focal point (the rose) with distinct colors and leaves, creating a striking and emotionally charged scene.",none,5,5,3,4,indoor,1,4
00048460,"The presence of people and their activities create a sense of life and movement, enhancing memorability.",people_present,4,3,2,1,indoor,1,3
00048486,"The image captures a moment of personal interaction between two individuals, which can evoke strong emotions and is visually distinct.",people_present,4,3,2,3,indoor,1,3
00048584,"The image has a clear focal point with a distinct subject, making it memorable due to its novelty and clarity.",people_present,5,4,2,3,indoor,1,2
00048594,The image's distinctiveness and the clear focal point of the woman reading drive its memorability.,people_present,5,4,2,3,outdoor,1,2
00048667,"The image's simplicity, distinctiveness, and emotional charge make it highly memorable.",none,5,5,1,5,indoor,1,4
00048688,"The image captures a moment of focused activity with a clear focal point, making it memorable.",people_present,4,3,4,3,indoor,2,1
00048767,The image's memorability is driven by its distinctiveness and the clear focal point of the atomic bomb replica.,people_present,5,4,3,3,indoor,2,3
00048808,"The skull's unique texture and dark, moody lighting create a strong emotional charge and distinctiveness, enhancing memorability.",none,5,5,3,2,indoor,1,4
00048833,The striking contrast between the subject's attire and the gritty urban background enhances memorability.,prominent_faces,5,5,3,4,indoor,1,4
00048857,"The image's distinctiveness and the unusual situation create a strong emotional charge, enhancing memorability.",prominent_faces,5,5,2,4,outdoor,1,4
00048897,"The image captures a dynamic moment in a rodeo event, focusing on a cowboy in action, which naturally evokes strong emotions and a sense of excitement.",people_present,5,4,3,4,outdoor,2,4
00048898,The striking blue dome and unique architectural style make this building stand out as a memorable focal point.,none,5,5,3,4,outdoor,1,2
00048936,The striking red rock formations and the clear focal point of the winding road create a visually compelling and emotionally evocative scene.,none,5,5,3,5,outdoor,1,4
00048950,"The image's memorability is driven by its distinctiveness, clear focal points, and emotional charge.",people_present,5,5,2,4,indoor,1,4
00048988,"The image features a distinct Lego figure with a clear focal point, novel elements like the bow and dog, and a simple yet vivid color palette.",people_present,5,4,2,3,indoor,1,1
00049014,"The vibrant dress, natural setting, and dynamic pose create a striking and emotionally charged focal point.",people_present,5,5,3,5,outdoor,1,4
00049049,"The image's distinctiveness, emotional charge, and the clear focal point drive its memorability.",people_present,5,5,3,4,indoor,1,4
00049158,"The serene landscape with its distinct greenery, open sky, and natural beauty creates a memorable scene.",none,4,4,2,4,outdoor,1,3
00049194,"The image's vivid colors, distinct characters, and clear focal points contribute significantly to its memorability.",none,4,4,3,5,indoor,1,3
00049226,"The image's distinctiveness, clear focal point, and emotional charge drive its memorability.",none,5,5,2,4,indoor,1,4
00049362,"The image captures a serene sunset scene with a clear focal point of the road and surrounding landscape, making it memorable.",none,4,3,2,4,outdoor,1,2
00049369,The image's distinctiveness and simplicity drive its memorability.,none,4,4,2,3,outdoor,1,2
00049378,"The stark contrast between the bold text and the silhouette creates a strong visual impact, enhancing memorability.",none,5,5,1,5,unclear,3,4
00049382,The scene's distinctiveness and the presence of people create a memorable setup.,people_present,4,4,3,3,indoor,1,2
00049396,The vivid colors and clear focal point of the parrot make it highly memorable.,none,5,5,2,5,outdoor,1,3
00049399,The image's distinctiveness and the clear focal point drive its memorability.,people_present,5,4,2,3,indoor,1,3
00049412,"The combination of distinct, cute characters and a clear focal point enhances memorability.",none,5,5,3,4,indoor,2,4
00049531,"The image has a clear focal point (Patty McEachnie) and includes emotional content related to cancer support, which enhances memorability.",prominent_faces,5,3,2,4,indoor,3,4
00049575,The simplicity and distinctiveness of the scene drive its memorability.,none,3,4,1,5,outdoor,1,2
00049612,"The image's distinctiveness, focal point, and emotional charge contribute significantly to its memorability.",none,5,5,3,4,outdoor,1,2
00049676,"The image features a distinct individual in a casual pose, set against a simple yet visually appealing background, which enhances its memorability.",prominent_faces,5,4,2,3,indoor,1,2
00049762,"The image's natural setting, distinctiveness, and subtle emotional charge contribute to its memorability.",none,3,4,2,2,outdoor,1,3
00049782,"The dog's glowing eyes create a striking and unusual focal point, enhancing memorability.",none,5,5,3,4,indoor,1,3
00049786,"The image's distinctiveness, clarity, and emotional charge make it highly memorable.",none,5,5,4,5,indoor,1,4
00049792,"The image captures a moment of civic engagement, which can be emotionally charged and distinctive due to its focus on community participation.",people_present,4,3,2,3,outdoor,2,3
00049819,"The snake's distinct shape and the contrast against the grassy background make it a clear focal point, enhancing memorability.",none,5,4,2,3,outdoor,1,2
00049834,"The ornate door and the monk's presence create a striking contrast, making the image memorable.",prominent_faces,5,5,5,5,indoor,1,3
00049839,The image's distinctiveness and the contrast between the human and animal subjects create a strong focal point and emotional charge.,prominent_faces,5,5,4,4,indoor,1,4
00049867,"The vintage car's unique design and vibrant color make it stand out, enhancing its memorability.",none,5,5,3,5,outdoor,2,3
00049884,The detailed relief sculpture with a clear historical narrative and strong emotional charge enhances memorability.,people_present,5,5,5,1,unclear,1,5
00049949,"The image captures a dramatic moment with a clear focal point and strong emotional charge, driving memorability.",prominent_faces,5,4,3,3,indoor,1,5
00049969,"The image's distinctiveness, clarity, and vivid colors contribute significantly to its memorability.",none,4,4,3,4,outdoor,2,2
00049973,"The image's distinctiveness, clarity, and vivid colors contribute to its high memorability.",none,5,5,2,5,outdoor,1,3
00050076,The image's distinctiveness and emotional charge drive its memorability due to the unusual combination of body modifications and the person's expression.,people_present,4,4,3,3,indoor,1,3
00050086,The vibrant colors and distinct arrangement of fruits create a visually striking and novel scene.,none,4,4,3,5,outdoor,2,2
00050089,"The cake's vibrant colors, detailed decorations, and personalized message create a strong emotional charge and visual appeal.",none,5,5,4,5,indoor,3,4
00050130,The vivid colors and distinct shapes of the food slices create a visually striking and novel focal point.,none,5,5,3,5,indoor,1,2
00050137,"The image's distinctiveness, clear focal point, and natural beauty contribute to its memorability.",none,5,5,2,4,outdoor,3,3
00050163,"The image's distinctiveness, emotional charge, and clear focal point drive its memorability.",people_present,4,4,3,1,indoor,1,4
00050165,"The silhouette and the contrast between light and shadow create a strong visual impact, enhancing memorability.",people_present,5,5,2,1,indoor,1,4
00050188,The intricate architectural details and grand scale of the interior create a visually striking and emotionally engaging scene.,people_present,4,5,5,4,indoor,1,3
00050191,"The vintage car is the clear focal point, making it highly memorable due to its distinctiveness and emotional appeal.",people_present,5,5,3,4,outdoor,1,4
00050203,"The foggy atmosphere and the contrast between the dark railing and the lighter background create a sense of mystery and tranquility, enhancing memorability.",none,3,4,2,2,outdoor,1,3
00050216,"The cat's unique appearance and direct gaze create a strong emotional charge and distinctiveness, enhancing memorability.",none,5,5,2,4,indoor,1,4
00050225,"The vibrant colors, distinct traditional attire, and expressive facial features create a striking and emotionally charged focal point.",prominent_faces,5,5,4,5,indoor,1,4
00050269,"The vintage Pontiac car stands out due to its distinct design and vibrant color, making it the clear focal point.",none,5,5,2,4,outdoor,1,3
00050279,"The image features two women in formal attire holding bouquets, standing beside a vintage car, which creates a distinct and emotionally charged scene.",prominent_faces,5,4,3,4,outdoor,1,4
00050293,"The image captures a moment of curiosity and playfulness between two kittens, which naturally evokes an emotional response.",none,5,4,2,3,indoor,1,4
00050326,"The vivid colors, distinct focal point, and emotional charge of the sunset create a highly memorable scene.",none,5,5,3,5,outdoor,1,5
00050345,The distinctiveness and simplicity of the subjects make them highly memorable.,none,5,5,2,4,indoor,1,1
00050350,The image's distinctiveness and clear focal point drive its memorability.,none,4,4,2,3,outdoor,3,1
00050361,The image's striking visual effects and emotional charge make it highly memorable.,prominent_faces,5,5,4,3,unclear,1,5
00050375,"The image's vivid colors, distinct shapes, and lack of clutter make it highly memorable.",none,1,5,3,5,unclear,1,4
00050413,The image's striking contrast between the dancer's dynamic pose and the static urban backdrop enhances its memorability.,people_present,5,5,2,1,outdoor,3,4
00050460,The image's striking arrangement of lipstick tubes creates a visually distinctive and novel focal point.,none,5,5,4,5,indoor,1,3
00050467,The snake's unique posture and the contrast between its skin texture and the surrounding environment make it stand out as a clear focal point.,none,5,4,3,2,outdoor,1,1
00050491,"The sequence of images shows a step-by-step process with distinct and novel elements, making it memorable.",none,5,5,3,4,indoor,2,1
00050571,The image's striking contrast between the serene lake and the majestic snow-capped mountains creates a memorable scene.,none,5,5,3,4,outdoor,1,4
00050674,"The image's distinctiveness, emotional charge, and clear focal point drive its memorability.",none,5,5,2,4,outdoor,1,4
00050700,The image's simplicity and the striking contrast between the dark sky and bright stars make it memorable.,none,1,5,1,5,outdoor,1,2
00050715,The image's distinctiveness and clear focal point drive its memorability.,people_present,5,4,2,3,indoor,1,2
00050716,"The invitation uses distinct Hawaiian elements like turtles and flowers, creating a novel and emotionally charged theme.",none,4,4,3,4,unclear,4,3
00050718,The image's simplicity and the clear focal point of the egg in the carton make it memorable.,none,5,4,1,2,indoor,1,1
00050800,The image's memorability is driven by the distinct faces and warm expressions of the two individuals.,prominent_faces,5,4,2,4,indoor,1,3
00050808,"The image's striking contrast between light and shadow, combined with its unique geological formations, creates a memorable visual experience.",none,5,5,3,4,outdoor,1,4
00050817,"The image's distinctiveness, clear focal point, and vivid colors contribute significantly to its memorability.",prominent_faces,5,5,3,4,outdoor,1,4
00050864,"The painting's distinctiveness, clear focal point, and emotional charge contribute to its memorability.",people_present,5,4,2,3,indoor,1,3
00050882,"The image's distinctiveness and the close-up of the rabbit create a strong focal point, enhancing memorability.",none,5,4,2,3,outdoor,1,3
00050983,The bird's distinct coloration and clear focal point make it highly memorable.,none,5,5,1,4,outdoor,1,3
00050985,The image's strong emotional charge and distinct facial features make it highly memorable.,prominent_faces,5,5,3,4,unclear,1,5
00051153,"The eerie, foggy forest scene with its dark tones and mysterious atmosphere creates a strong emotional charge and high distinctiveness, driving memorability.",none,2,4,3,1,outdoor,1,4
00051175,"The cat's distinct facial features and direct gaze create a strong focal point, enhancing memorability.",none,5,4,2,3,unclear,1,3
00051183,The image's distinctiveness and simplicity drive its memorability.,none,4,4,2,3,outdoor,1,1
00051209,The building's unique design and vibrant colors make it highly distinctive and memorable.,people_present,4,5,3,5,outdoor,2,3
00051259,"The statue's pose and expression create a strong emotional charge, making it memorable.",none,5,4,3,2,indoor,1,4
00051264,The text-heavy nature and the emotional content of the excerpt drive memorability.,none,3,2,1,1,indoor,4,3
00051266,The graffiti provides a clear focal point and adds distinctiveness due to its stylized lettering and unique placement.,none,4,4,2,1,unclear,3,1
00051334,"The image's clarity, distinctiveness, and color vividness contribute to its memorability.",none,5,4,3,4,indoor,1,2
00051351,"The image's distinctiveness, emotional charge, and lack of visual clutter contribute significantly to its memorability.",none,4,5,2,4,outdoor,1,4
00051357,"The image's natural setting, distinct focal point, and subtle emotional charge contribute to its memorability.",none,4,4,2,3,outdoor,1,3
00051394,"The image's close-up nature and the partial view of a hand suggest a personal or intimate moment, which can be emotionally charged.",people_present,3,2,1,2,unclear,1,4
00051407,"The striking mask and dramatic pose create a strong emotional charge and visual distinctiveness, enhancing memorability.",prominent_faces,5,5,4,2,indoor,1,5
00051445,"The image's distinctiveness, emotional charge, and clear focal point drive its memorability.",prominent_faces,5,5,3,4,indoor,2,5
00051480,"The image's memorability is driven by its distinctiveness, clear focal point, and vivid colors.",prominent_faces,5,5,3,4,indoor,1,2
00051560,The dynamic motion blur and vibrant colors create a striking and emotionally charged focal point.,people_present,4,5,3,5,outdoor,1,4
00051582,"The mask's vivid colors, distinct facial features, and symbolic elements create a striking and memorable image.",none,5,5,4,5,unclear,1,3
00051589,"The image's distinctiveness, emotional charge, and focal point drive its memorability.",none,5,5,3,4,indoor,2,4
00051604,"The image's distinctiveness, complexity, and emotional charge make it highly memorable.",none,5,5,5,4,unclear,1,4
00051617,"The image captures a lively social scene with a clear focal point and strong emotional charge, driving memorability.",people_present,4,4,4,3,indoor,1,4
00051622,"The cake's elegant design, vibrant red roses, and clean lines create a striking focal point that enhances memorability.",none,5,5,3,5,indoor,1,4
00051628,The framed document with its distinct patterned background and handwritten text creates a visually striking and novel focal point.,none,5,5,3,4,indoor,3,2
00051644,The snake's detailed scales and striking coloration create a visually distinctive and emotionally engaging focal point.,none,5,5,3,4,outdoor,1,3
00051645,"The image's distinctiveness, vivid color, and clear focal point drive its memorability.",none,5,5,1,5,indoor,1,1
00051713,"The image's striking visual elements, including the unique ceiling design and the central escalator, create a memorable scene.",none,5,5,4,4,indoor,1,3
00051728,The serene natural scene with a clear focal point and vivid colors enhances memorability.,none,4,4,3,4,outdoor,1,3
00051738,The image's distinctiveness and clarity drive memorability due to the unusual placement of a bird image on a tree branch.,none,5,5,2,3,outdoor,1,2
00051750,The layered mountain landscape with a serene body of water creates a visually striking and emotionally evocative scene.,none,4,4,3,2,outdoor,1,3
00051793,The image's strong emotional charge and distinct facial features make it highly memorable.,prominent_faces,5,5,2,4,unclear,1,5
00051806,The heavily modified and decayed car serves as a striking focal point due to its unusual appearance and emotional impact.,none,5,5,4,3,outdoor,1,4
00051809,The image's distinctiveness and simplicity drive its memorability.,none,5,4,2,3,indoor,1,1
00051855,"The image's stark and unusual subject matter, combined with its clarity and distinctiveness, makes it highly memorable.",none,5,5,1,2,outdoor,1,5
00051862,"The variety of flavors and vibrant colors make the Pringles cans stand out, enhancing memorability.",none,4,4,3,5,indoor,2,2
00051917,The image's simplicity and the clear focal point of the moon make it highly memorable.,none,5,5,1,2,outdoor,1,3
00051970,"The image captures a culturally rich scene with distinct attire and a clear focal point, enhancing its memorability.",people_present,4,4,3,4,outdoor,1,3
00051981,"The serene and symmetrical composition, combined with the vivid colors and distinct mountain reflection, creates a memorable scene.",none,5,5,2,4,outdoor,1,4
00051984,"The image's distinctiveness, clear focal point, and emotional charge contribute significantly to its memorability.",people_present,5,4,2,4,indoor,1,4
00052025,The image's strong emotional charge and distinct focal point drive its memorability.,people_present,5,4,3,2,outdoor,4,5
00052079,"The image captures a tender moment between an adult elephant and its calf, which is emotionally charged and visually striking.",none,5,4,2,3,outdoor,1,4
00052113,The dog's intense gaze and the contrast between its fur and the green netting create a striking and emotionally charged focal point.,none,5,5,3,4,outdoor,1,4
00052154,"The image's simplicity, clear focal point, and distinct architectural style drive its memorability.",none,5,4,2,5,outdoor,3,1
00052176,The image's strong emotional charge and clear focal point drive its memorability.,prominent_faces,5,5,2,4,indoor,1,5
00052209,"The image's distinctiveness, vivid colors, and simple composition make it memorable.",none,5,5,1,5,indoor,1,1
00052233,"The image's distinctiveness, clear focal point, and vibrant colors contribute to its memorability.",people_present,5,5,3,5,outdoor,2,3
00052255,"The image's low-light, desolate urban scene with a strong focal point and minimal visual clutter enhances memorability.",none,4,4,2,1,outdoor,1,3
00052274,The close-up of the duck's head with its detailed features and natural colors enhances memorability.,none,5,4,2,3,unclear,1,1
00052289,The image's distinctiveness and emotional charge drive its memorability due to the surreal and humorous juxtaposition of elements.,prominent_faces,5,5,3,4,indoor,2,4
00052322,The image's memorability is driven by the distinct group of people posing together against a striking rainbow backdrop.,prominent_faces,5,4,3,4,outdoor,1,3
00052356,"The image's distinctiveness, strong focal point, and emotional charge contribute significantly to its memorability.",prominent_faces,5,5,3,4,indoor,1,4
00052461,The image's striking facial features and emotional expression drive memorability.,prominent_faces,5,5,3,4,indoor,1,5
00052468,"The stained glass window's distinct religious imagery, vibrant colors, and clear focal points drive high memorability.",people_present,5,5,4,5,indoor,2,4
00052579,The image's distinctiveness and the presence of people create a memorable scene.,people_present,4,4,3,1,outdoor,1,2
00052602,"The vibrant red paint and expressive smile create a striking contrast, making the subject highly memorable.",prominent_faces,5,5,3,5,indoor,1,4
00052624,The collage's distinctiveness and emotional charge drive its memorability.,none,3,4,4,3,unclear,1,3
00052633,The stark contrast between the silhouetted trees and the bright sky creates a striking and memorable visual.,none,5,5,2,5,outdoor,1,4
00052670,"The image's memorability is driven by the clear focal point, distinct subject, and the emotional charge of the musician performing.",prominent_faces,5,4,2,3,indoor,1,3
00052719,"The image's distinctiveness, emotional charge, and clarity of focal point drive its memorability.",people_present,5,5,2,4,outdoor,1,3
00052738,"The image's distinctiveness, vivid colors, and clear focal points drive its memorability.",none,5,5,2,5,indoor,1,3
00052796,"The image's memorability is driven by the contrast between the casual attire of the person and the fantastical costume of the character, creating a striking and novel focal point.",people_present,5,5,3,4,unclear,1,3
00052808,"The image's distinctiveness, clear focal point, and dynamic pose drive its memorability.",none,5,5,3,5,unclear,1,4
00052886,The vibrant colors and distinct architectural style make this scene highly memorable.,none,4,5,3,5,outdoor,1,2
00052902,"The image's vivid colors, distinct characters, and dynamic composition make it highly memorable.",prominent_faces,5,5,4,5,unclear,1,3
00053079,The image's distinctiveness and the clear focal point of the relief sculpture drive its memorability.,none,5,5,4,2,outdoor,1,3
00053089,"The image captures a construction site with a crane and a worker, which is a common but visually distinct scene that can be memorable due to its clarity and activity.",people_present,4,3,4,3,outdoor,2,1
00053112,"The image captures a unique and endearing moment with a hairless cat wrapped in a towel, creating a strong emotional charge.",none,5,5,2,3,indoor,1,4
00053118,"The vivid pink sky and silhouetted trees create a striking contrast, making the scene memorable.",none,5,5,1,5,outdoor,1,4
00053119,"The image's distinctiveness, emotional charge, and clear focal point drive its memorability.",none,5,5,4,4,indoor,1,3
00053136,The image's simplicity and the clear focal point of the person contribute to its memorability.,prominent_faces,5,3,2,2,indoor,1,2
00053144,"The serene winter landscape with its distinct elements like the frozen river, snow-covered trees, and the soft glow of the sunset creates a strong emotional charge and a clear focal point.",none,5,5,2,4,outdoor,1,4
00053231,"The image's distinctiveness, emotional charge, and clear focal point drive its memorability.",prominent_faces,5,5,4,5,indoor,3,5
00053248,"The image's distinctiveness, clear focal point, and emotional charge contribute significantly to its memorability.",prominent_faces,5,5,1,4,unclear,1,4
00053249,"The image's distinctiveness, clear focal point, and vivid colors contribute to its memorability.",none,5,5,2,4,outdoor,1,3
00053257,"The red generator with a bold 'm' logo stands out as a clear focal point against the urban backdrop, making it highly memorable.",none,5,4,2,5,outdoor,2,1
00053269,"The vivid blue color, clear focal point, and striking contrast create a memorable image.",none,5,5,1,5,unclear,1,4
00053277,"The image's distinctiveness, emotional charge, and clear focal point drive its memorability.",people_present,5,5,4,3,outdoor,1,4
00053283,The image's distinctiveness and the clear focal point drive its memorability.,none,5,4,2,1,unclear,1,3
00053317,The image's distinctiveness and the clear focal point of the two individuals holding cameras contribute to its memorability.,people_present,4,4,2,3,outdoor,1,2
00053350,The image's distinctiveness and clear focal point drive its memorability.,people_present,4,4,3,4,outdoor,1,2
00053404,"The church's distinct architectural style and prominent cross create a clear focal point, enhancing memorability.",none,5,4,3,4,outdoor,1,2
00053415,"The image's stark contrast, emotional text, and the person's pose create a strong emotional charge and visual impact.",people_present,5,5,5,4,indoor,5,5
00053498,"The image features a distinct and novel LEGO figure with a striking design, making it memorable.",none,5,5,3,4,indoor,1,2
00053520,The scene's distinctiveness and the presence of people create a memorable image.,people_present,4,3,2,3,outdoor,1,2
00053605,"The serene and slightly mysterious atmosphere, combined with the distinct focal point of the boat's bow, enhances memorability.",none,4,4,2,3,outdoor,1,3
00053618,"The vivid colors, distinct focal point, and emotional charge of the sunset create a memorable scene.",none,5,5,2,5,outdoor,1,4
00053623,"The image's simplicity, vivid colors, and distinct focal point drive its memorability.",none,5,4,2,5,outdoor,1,3
00053662,The image's striking contrast between the graffiti and the fire hydrant creates a memorable focal point.,none,5,5,3,4,outdoor,2,3
00053664,"The image features a distinctively styled individual in a clear, well-lit outdoor setting, making it memorable due to its clarity and distinctiveness.",people_present,5,4,2,3,outdoor,1,3
00053719,"The image's striking contrast between the icy landscape and the vibrant sky, along with its serene and somewhat melancholic mood, enhances its memorability.",none,5,5,2,4,outdoor,1,3
00053737,"The image captures a serene and culturally rich scene with distinct figures and a clear focal point, enhancing its memorability.",people_present,4,4,3,3,outdoor,1,2
00053740,"The image's clarity, distinctiveness, and lack of visual clutter contribute to its memorability.",none,5,4,2,3,indoor,3,1
00053759,"The image captures a candid moment with dogs, which can be emotionally engaging due to their expressive body language and the human interaction.",people_present,4,3,2,3,indoor,1,3
00053768,"The image captures a musician in action, creating a strong focal point and emotional charge due to the live performance context.",people_present,5,4,3,3,indoor,1,4
00053796,"The image's distinctiveness, simplicity, and emotional charge contribute to its memorability.",none,4,4,2,3,outdoor,1,3
00053825,The image's distinct architectural style and serene setting contribute significantly to its memorability.,none,5,5,4,3,outdoor,1,2
00053855,"The image's distinctiveness, novelty, and emotional charge drive its memorability due to the cute and whimsical design of the pastries.",none,4,5,3,5,indoor,2,4
00053870,"The image's distinctiveness, vivid colors, and clear focal point contribute to its memorability.",none,5,5,3,5,outdoor,1,2
00053883,"The image's vivid colors, distinct costumes, and strong emotional charge make it highly memorable.",prominent_faces,5,5,4,5,indoor,1,5
00053892,"The image's simplicity, distinctiveness, and emotional neutrality contribute to its memorability.",none,5,5,1,3,outdoor,1,2
00053930,"The image's distinctiveness, clarity, and emotional charge make it memorable.",none,4,4,3,3,indoor,1,2
00053942,The image's memorability is driven by the distinct facial expressions and the contrast between the two women in the foreground.,prominent_faces,4,3,2,3,indoor,1,3
00053958,"The image's distinctiveness, clarity, and emotional charge make it highly memorable.",none,5,5,1,4,outdoor,1,3
00053989,"The image's simplicity, distinctiveness, and vivid colors contribute to its memorability.",none,4,4,2,4,outdoor,1,2
00054029,"The image's distinctiveness, emotional charge, and intricate composition drive its memorability.",people_present,5,5,5,4,unclear,1,5
00054067,"The image's distinctiveness, emotional charge, and the presence of people create a memorable scene.",people_present,4,4,3,4,outdoor,2,3
00054127,"The image's distinctiveness, clear focal point, and novel subject contribute significantly to its memorability.",none,5,5,2,4,outdoor,3,3
00054139,The image's distinctiveness and the unusual nature of the subject matter drive its memorability.,prominent_faces,5,5,3,4,outdoor,2,3
00054147,The image's distinctiveness and clear focal point drive its memorability.,people_present,5,4,2,3,indoor,1,3
00054151,The image's distinctiveness and clear focal point drive its memorability.,people_present,5,5,3,4,unclear,1,2
00054181,"The vibrant colors, variety of seafood, and the close-up perspective create a visually striking and emotionally engaging scene.",none,4,5,5,5,unclear,1,4
00054276,"The image's vibrant colors, distinct characters, and emotional expressions drive high memorability.",prominent_faces,5,5,4,5,unclear,2,4
00054300,"The image's distinctiveness, clarity, and emotional charge make it highly memorable.",none,5,5,3,4,indoor,1,3
00054307,"The image's dark, eerie atmosphere and distinct architectural features make it highly memorable.",none,3,4,4,1,indoor,1,4
00054310,"The image's memorability is driven by its distinctiveness, emotional charge, and the clarity of the focal point.",people_present,4,4,3,2,indoor,1,3
00054311,"The image captures a moment of human interaction with nature, emphasizing the simplicity and effort involved in farming, which can evoke strong emotions.",people_present,4,3,2,4,outdoor,1,4
00054337,The image's distinctiveness and the prominence of the subject drive its memorability.,prominent_faces,5,4,2,4,indoor,1,3
00054420,"The toy's unique design and vibrant colors make it stand out, enhancing its memorability.",none,5,5,3,5,indoor,1,2
00054438,The vibrant colors and distinct plant forms create a visually striking and emotionally engaging scene.,none,4,4,3,5,outdoor,1,3
00054455,"The image captures a striking view of the Empire State Building against a dramatic sky, making it a memorable focal point.",none,5,5,3,4,outdoor,1,3
00054461,"The close-up of the horse's face creates a strong focal point and emotional charge, enhancing memorability.",none,5,3,2,2,indoor,1,4
00054498,"The poster's bold design, distinctiveness, and emotional charge make it highly memorable.",people_present,5,5,4,5,indoor,3,5
00054499,"The image's distinctiveness, clarity, and emotional charge make it highly memorable.",none,5,5,4,3,unclear,1,3
00054533,"The image's natural beauty, distinctiveness, and serene atmosphere drive its memorability.",none,5,5,2,4,outdoor,1,3
00054534,"The image captures a quaint village street with a clear focal point (the church), distinct architecture, and a serene atmosphere.",none,4,4,3,3,outdoor,1,2
00054541,"The image's stark contrast, unusual subject matter, and dramatic composition drive high memorability.",people_present,5,5,4,3,indoor,2,5
00054571,"The image's memorability is driven by the distinctiveness of the subjects and their clear focal point, as well as the emotional charge associated with the event.",prominent_faces,5,4,3,4,indoor,2,3
00054616,"The image captures a lively moment with a clear focal point and vibrant colors, enhancing its memorability.",people_present,4,4,3,4,indoor,1,4
00054654,The building's unique geometric pattern and the contrast against the sky make it highly distinctive and visually striking.,none,5,5,4,3,outdoor,1,2
00054660,The image's distinctiveness and the contrast between the natural elements and the man-made structure create a memorable composition.,none,4,4,3,2,outdoor,1,2
00054665,The image's distinctiveness and clarity drive its memorability due to the striking contrast between the turkeys and the barren forest background.,none,4,4,3,2,outdoor,1,2
00054680,"The image's abstract nature and the contrast between the broken glass and the blurred background create a striking visual effect, enhancing memorability.",none,3,4,4,2,unclear,1,3
00054783,"The image's simplicity, clear focal point, and the cute subject make it highly memorable.",none,5,4,1,2,outdoor,1,3
00054829,"The ornate wrought iron gate and its intricate design make it a strong focal point, enhancing memorability.",none,5,5,4,3,outdoor,1,2
00054833,"The black-and-white landscape with its distinct shapes and vast open space creates a strong emotional charge and a sense of solitude, enhancing memorability.",none,4,4,2,1,outdoor,1,4
00054834,The image's striking lightning bolt and dramatic sky create a powerful and memorable scene.,none,5,5,3,4,outdoor,1,5
00054842,"The vivid sunset, distinct palm trees, and serene ocean create a striking and emotionally charged scene.",none,4,4,2,5,outdoor,1,4
00054844,The sign's unusual translation and playful phrasing make it distinctive and memorable.,none,3,4,2,2,indoor,4,1
00054853,"The image's distinctive textures and patterns make it visually striking, enhancing its memorability.",none,3,4,3,2,outdoor,1,1
00054953,"The image captures a candid moment with a clear focal point, vivid colors, and a strong emotional charge.",prominent_faces,5,4,2,4,outdoor,1,3
00054958,The image's distinctiveness and the clear focal point of the town and river make it memorable.,none,4,3,3,2,outdoor,1,1
00054980,"The triptych's distinct subjects, clear focal points, and emotional charge drive memorability.",people_present,5,5,4,1,outdoor,1,4
00054983,The detailed LEGO diorama with distinct characters and vibrant colors creates a strong emotional charge and high memorability.,people_present,4,5,5,5,indoor,1,4
00054994,The striking contrast between the monochrome palette and the vivid makeup creates a memorable and emotionally charged image.,prominent_faces,5,5,3,4,indoor,1,5
00055012,"The collage effectively uses distinctiveness, people, and a clear focal point to enhance memorability.",prominent_faces,4,4,3,4,outdoor,1,2
00055016,The room's symmetrical layout and warm color palette create a visually appealing and memorable scene.,none,4,3,2,4,indoor,1,2
00055020,"The image's distinctiveness, vivid colors, and clear focal point contribute significantly to its memorability.",none,5,5,3,5,outdoor,1,4
00055054,"The bathroom's modern design, distinct color scheme, and clear focal points make it highly memorable.",none,4,4,3,3,indoor,1,2
00055077,"The image's distinctiveness and the central figure's pose create a strong focal point, enhancing memorability.",prominent_faces,5,4,3,3,outdoor,1,2
00055080,"The image's striking contrast, vivid colors, and central focal point create a memorable scene.",none,5,5,3,5,outdoor,1,4
00055141,"The image's distinctiveness, clear focal point, and emotional charge drive its memorability.",none,5,5,3,4,outdoor,1,4
00055159,The distinctiveness of the clothing and the focused expressions of the individuals make the scene memorable.,prominent_faces,4,4,3,4,indoor,1,2
00055169,The ornate design and clear focal point of the street sign make it highly memorable.,none,5,5,3,4,outdoor,3,2
00055186,"The black-and-white composition, the vast open landscape, and the solitary figures create a strong emotional charge and a sense of solitude.",people_present,4,4,2,1,outdoor,1,4
00055209,The image's distinctiveness and clear focal point drive its memorability.,people_present,5,4,3,3,outdoor,2,2
00055263,"The image's distinctiveness and the playful, somewhat rebellious tone of the chalkboard messages drive memorability.",none,3,4,3,2,outdoor,4,3
00055287,"The image's distinctiveness, clarity, and vivid colors make it highly memorable.",none,5,5,3,5,outdoor,1,4
00055297,"The gravestone's clear focal point, emotional content, and distinct design drive its memorability.",none,5,4,2,3,outdoor,4,5
00055299,The dog's expressive face and bright colors make it highly memorable.,none,5,4,2,4,unclear,1,3
00055321,The rustic cabin and the person entering it create a distinct and novel scene that captures attention.,people_present,4,4,3,2,outdoor,1,2
00055343,"The image's distinctiveness, clear focal point, and emotional charge contribute significantly to its memorability.",people_present,5,5,3,4,outdoor,1,4
00055435,"The striking contrast between the white buildings and the deep blue sea, along with the unique architectural style, makes this scene highly memorable.",none,5,5,3,4,outdoor,1,3
00055469,"The image captures a heartwarming moment of a child learning to ice skate with adult assistance, making it emotionally charged and distinctively memorable.",people_present,5,4,2,3,outdoor,1,4
00055492,"The image captures a tender moment between a person and their dog, which is emotionally charged and has a clear focal point.",prominent_faces,5,4,2,3,indoor,1,4
00055497,"The tattoo's bold colors, distinct design, and central placement make it highly memorable.",none,5,5,4,5,indoor,1,4
00055559,"The image's memorability is driven by its distinctiveness, clear focal point, and emotional charge.",people_present,4,4,3,3,indoor,1,3
00055566,"The image features two distinct vintage BMW cars, which are visually striking and novel, driving memorability.",none,5,5,3,4,outdoor,2,3
00055581,The image's memorability is driven by its distinctiveness and the clear focal point of the person.,prominent_faces,5,4,2,1,indoor,1,1
00055592,"The black-and-white composition, distinct architectural features, and the solitary church create a strong emotional charge and a clear focal point.",none,5,5,2,1,outdoor,1,4
00055604,"The image captures a moment of cooking with a clear focal point and a sense of activity, which can make it memorable.",none,4,3,2,3,indoor,1,2
00055613,"The image's distinctiveness, emotional charge, and natural beauty contribute significantly to its memorability.",none,4,4,3,4,outdoor,1,4
00055630,The image captures a live performance with a clear focal point and distinct elements that make it visually striking.,people_present,4,4,3,4,outdoor,1,3
00055648,"The rusted car in the desert creates a strong focal point and evokes a sense of abandonment and decay, enhancing memorability.",none,5,5,3,4,outdoor,1,4
00055660,The dramatic explosion and intense light create a highly memorable and emotionally charged scene.,none,5,5,3,5,outdoor,1,5
00055679,"The image's distinctiveness, clarity, and vivid colors make it highly memorable.",none,5,5,3,5,indoor,1,2
00055737,"The image's distinctiveness and the clear focal point of the fluffy cat create a strong emotional charge, enhancing memorability.",none,5,4,2,3,outdoor,1,4
00055790,"The image's strong emotional charge, distinct design elements, and clear focal point drive its memorability.",none,4,4,3,4,unclear,3,4
00055804,"The image's distinctiveness, clear focal point, and vivid colors contribute to its memorability.",people_present,4,4,3,4,outdoor,2,2
00055859,"The image's striking makeup, costume, and dramatic blood effect create a strong emotional charge and visual distinctiveness, enhancing memorability.",prominent_faces,5,5,4,5,indoor,1,5
00055908,"The image's distinctiveness, clear focal point, and vivid colors contribute significantly to its memorability.",prominent_faces,5,5,1,5,indoor,1,3
00055927,The car's unique color scheme and the 'EXTREME' sign on its hood make it stand out as a distinctive subject.,none,5,4,2,3,outdoor,2,1
00055999,The image's memorability is driven by the distinctiveness of the subject and the clarity of the focal point.,people_present,5,4,3,3,indoor,1,2
00056001,"The image's distinctiveness, clarity, and emotional charge make it memorable.",none,5,5,3,4,indoor,1,2
00056051,"The distinctiveness of the 'Little House on the Prairie' DVDs, combined with their clear labeling and the presence of prominent faces, enhances memorability.",prominent_faces,5,4,2,3,indoor,3,2
00056088,"The grand architecture and symmetry of the interior create a strong visual impact, enhancing memorability.",people_present,4,5,5,4,indoor,1,3
00056191,"The heart-shaped strawberry creates a strong emotional charge and is the clear focal point, driving memorability.",none,5,5,1,5,unclear,1,5
00056217,"The image's striking makeup, unique hair color, and dramatic pose create a memorable and emotionally charged focal point.",prominent_faces,5,5,3,4,indoor,1,4
00056248,"The image's distinctiveness, emotional charge, and clear focal point drive its memorability.",prominent_faces,5,5,1,4,indoor,1,5
00056276,"The vintage car framed by the intricate branch structure creates a striking contrast, enhancing memorability.",none,4,4,3,2,outdoor,1,2
00056288,The rustic hut with its thatched roof and natural surroundings creates a strong visual contrast and evokes a sense of simplicity and timelessness.,none,5,5,2,3,outdoor,1,3
00056353,"The stark contrast between the green box and the foggy background, combined with the warning sign, creates a memorable and striking image.",none,5,5,1,3,outdoor,2,3
00056475,"The image's distinctiveness, vivid colors, and clear focal point contribute to its memorability.",none,5,5,3,4,unclear,1,2
00056479,"The image's clarity, distinctiveness, and emotional charge contribute to its memorability.",none,4,3,4,3,indoor,3,3
00056524,The image's distinctiveness and emotional charge drive its memorability due to the unusual juxtaposition of nature reclaiming man-made structures.,none,3,4,2,2,outdoor,1,3
00056531,"The painting's distinctive subjects, clear focal point, and vivid colors make it highly memorable.",none,5,5,4,5,outdoor,1,3
00056544,"The image's strong contrast, bold typography, and a single clear focal point drive its memorability.",prominent_faces,5,5,2,5,unclear,3,4
00056571,"The image's memorability is driven by its distinctiveness, clear focal point, and serene atmosphere.",none,5,4,2,3,outdoor,1,3
00056598,The kneeling angel statue is a distinct and emotionally charged focal point that stands out against the serene cemetery backdrop.,none,5,5,3,2,outdoor,1,4
00056671,"The image's stark contrast between light and dark, combined with the moonlit water and silhouetted trees, creates a strong emotional charge and a clear focal point.",none,5,5,2,1,outdoor,1,4
00056677,The collage's variety and distinctiveness drive memorability due to its diverse and visually striking elements.,none,3,4,4,4,unclear,1,2
00056684,The image's memorability is driven by the distinctiveness of the subjects and the clear focal point against the vast canyon backdrop.,prominent_faces,5,4,3,4,outdoor,1,2
00056715,"The image captures a dynamic moment of a horse in motion, which is visually striking and emotionally engaging.",none,5,4,3,4,outdoor,2,4
00056716,The image's distinctiveness and the clear focal point drive its memorability.,people_present,5,4,2,1,outdoor,1,3
00056873,The serene moonlit seascape with two distinct boats creates a striking and emotionally charged focal point.,none,5,5,2,4,outdoor,1,4
00056908,"The image has a clear focal point with distinct clothing and accessories, making it memorable.",people_present,5,4,2,3,indoor,1,2
00056918,"The bus's distinct design and clear destination sign make it a strong focal point, enhancing memorability.",none,5,4,2,3,outdoor,3,1
00056954,The image's distinctiveness and simplicity drive its memorability.,none,4,4,2,3,indoor,1,1
00056980,"The snake's distinct shape and color contrast against the worn surface make it a clear focal point, enhancing memorability.",none,5,4,2,3,unclear,1,2
00056993,The image's distinctiveness and emotional charge drive its memorability due to the unusual arrangement of coins and beads.,prominent_faces,5,5,3,1,indoor,1,4
00057038,The gravestone's unique design and central placement make it stand out as a clear focal point.,none,5,4,3,2,outdoor,3,2
00057147,"The vivid red color, distinct shape, and clear focal point make this image highly memorable.",none,5,5,2,5,outdoor,1,4
00057184,"The sculpture's dramatic interaction between the human figure and the lion, along with its detailed textures and expressive faces, enhances memorability.",prominent_faces,5,5,4,3,indoor,1,5
00057220,The serene landscape with a clear focal point and vivid colors enhances memorability.,none,4,4,2,5,outdoor,1,3
00057235,The striking black-and-white contrast and the unique styling of the subject make this image highly memorable.,prominent_faces,5,5,3,1,indoor,1,3
00057249,The image's distinctiveness and the clear focal point of the man using a long tool to clean windows make it memorable.,people_present,5,4,3,3,outdoor,1,2
00057280,"The image's clarity, distinctiveness, and the presence of vivid colors contribute to its memorability.",none,4,3,2,4,indoor,4,1
00057289,"The image's distinctiveness, clear focal point, and emotional charge contribute to its memorability.",prominent_faces,5,4,3,4,outdoor,1,3
00057317,The image's distinctiveness and simplicity drive its memorability.,people_present,5,4,1,3,indoor,1,2
00057322,"The image's distinctiveness, vivid colors, and clear focal point contribute significantly to its memorability.",none,5,5,3,5,outdoor,1,4
00057353,The distinctiveness and emotional charge of the cosplay subject make it highly memorable.,people_present,5,5,4,4,indoor,1,3
00057387,"The image's memorability is driven by its distinctiveness, clear focal point, and the emotional charge associated with the racing context.",prominent_faces,5,5,4,4,outdoor,3,4
00057414,"The image's distinctiveness, emotional charge, and clear focal point drive its memorability.",people_present,5,5,4,3,indoor,1,4
00057422,"The image's distinctiveness, emotional charge, and clarity of focus contribute significantly to its memorability.",prominent_faces,5,4,2,3,unclear,1,4
00057449,The stark contrast between the subject's expression and the gritty background enhances memorability.,prominent_faces,5,4,2,1,indoor,1,3
00057509,"The image's distinctiveness, emotional charge, and clear focal point drive its memorability.",none,5,5,3,4,outdoor,1,4
00057517,"The vivid colors, distinct My Little Pony theme, and the presence of plush toys create a visually striking and emotionally charged scene.",none,4,5,4,5,indoor,1,4
00057521,"The image captures a dynamic and colorful roller derby scene, which is visually striking and emotionally engaging.",people_present,4,4,4,4,indoor,1,3
00057559,"The distinct pink pig plush toy with exaggerated facial features and vibrant colors creates a strong emotional charge and a clear focal point, enhancing memorability.",none,5,5,2,5,unclear,1,5
00057585,The stark contrast between the decaying architecture and the serene ocean creates a powerful emotional charge and a striking focal point.,none,5,5,3,2,outdoor,1,4
00057642,"The image features two distinct individuals in a casual outdoor setting, which creates a clear focal point and adds emotional charge due to their expressions and attire.",prominent_faces,5,4,3,4,outdoor,1,4
00057657,The image's distinctiveness and clarity of the focal subject drive its memorability.,none,4,4,3,3,outdoor,2,1
00057675,The image's distinctiveness and emotional charge drive its memorability due to the contrast between the intact bridge and the damaged structure beneath.,none,4,4,3,2,outdoor,1,3
00057716,"The image's distinctiveness, novelty, and clear focal point drive its memorability.",people_present,5,5,4,1,outdoor,1,3
00057772,"The image's distinctiveness, clarity, and vivid colors make it highly memorable.",none,5,5,3,5,outdoor,1,2
00057789,The image's memorability is driven by its distinctiveness and the clear focal point of the neatly arranged sneakers.,none,5,4,3,4,indoor,2,1
00057812,"The image's memorability is driven by the distinctiveness of the subjects and the clear focal point, combined with the emotional charge from the setting.",prominent_faces,5,4,3,4,indoor,1,3
00057821,The image's distinctiveness and the clear focal point of the person contribute to its memorability.,prominent_faces,5,4,2,1,indoor,1,3
00057858,"The image's distinctiveness, emotional charge, and clear focal point drive its memorability.",people_present,5,5,3,4,outdoor,1,4
00057896,"The image's distinctiveness, clear focal point, and natural beauty contribute to its memorability.",people_present,4,4,3,4,outdoor,2,3
00057935,The distinctive costumes and clear focal points drive memorability.,people_present,4,4,3,3,outdoor,1,2
00057972,The image's distinctiveness and the strong emotional charge of the subject make it highly memorable.,prominent_faces,5,5,3,1,indoor,2,4
00058008,The striking pose and contrast between the subject and the background make this image highly memorable.,people_present,5,5,3,4,indoor,1,4
00058048,"The image's distinctiveness, clear focal point, and emotional charge contribute significantly to its memorability.",prominent_faces,5,5,3,4,unclear,2,4
00058144,The image's distinctiveness and lack of visual clutter contribute to its memorability.,none,4,4,3,2,indoor,1,1
00058169,"The image's memorability is driven by its simplicity and the presence of multiple languages, which can be novel and intriguing.",none,1,3,1,1,unclear,4,1
00058185,"The image's clarity, distinctiveness, and the dynamic pose of the pelican enhance its memorability.",none,5,4,3,3,outdoor,1,2
00058191,"The image's memorability is driven by its distinctiveness and clarity, showcasing a well-organized display of saddles.",none,5,4,2,3,outdoor,1,1
00058195,"The image's striking visual elements, including the unique costume and dramatic lighting, create a strong emotional charge and high memorability.",prominent_faces,5,5,4,4,indoor,1,5
00058199,The image has a clear focal point with a prominent face and a strong message about health and wellness.,prominent_faces,5,4,3,4,indoor,4,3
00058262,The scene's distinctiveness and the presence of people create a memorable snapshot.,people_present,4,4,3,3,outdoor,2,2
00058266,The close-up of the cat's face with its striking eye and whiskers creates a strong focal point and emotional charge.,none,5,5,2,3,unclear,1,4
00058272,"The black-and-white composition, distinct human figures, and the contrast between the foreground and background create a memorable scene.",people_present,4,4,3,1,indoor,1,2
00058277,"The image captures a dynamic moment of a person sliding into a pool, making it visually striking and emotionally engaging.",people_present,5,4,3,3,outdoor,1,4
00058279,"The image's distinctiveness, clear focal point, and emotional charge contribute to its memorability.",people_present,5,4,3,4,outdoor,1,3
00058366,"The image's distinctiveness, clarity, and vivid colors make it highly memorable.",none,5,5,4,5,unclear,2,3
00058367,"The rusted car amidst lush greenery creates a striking contrast, making it a visually distinctive and emotionally evocative focal point.",none,5,5,3,4,outdoor,1,4
00058379,"The image's distinctiveness, emotional charge, and clear focal point drive its memorability.",people_present,4,4,3,4,indoor,1,4
00058415,"The image's distinctiveness, clarity, and emotional charge make it highly memorable.",none,5,5,3,5,indoor,1,4
00058438,"The cake's design is distinctive, novel, and emotionally charged, making it highly memorable.",none,5,5,4,5,unclear,1,5
00058448,The striking contrast between the modern sculpture and the traditional church steeple creates a memorable focal point.,none,5,5,3,2,outdoor,1,4
00058449,The image's distinctiveness and the contrast between the bamboo structure and the green plant create a memorable composition.,none,4,4,3,4,indoor,1,2
00058499,The image's distinctiveness and lack of visual clutter contribute to its memorability.,none,4,4,2,3,outdoor,1,1
00058519,"The image's striking and unusual nature, combined with its vivid color and strong emotional charge, makes it highly memorable.",none,5,5,3,5,indoor,1,5
00058619,The vibrant colors and distinct shapes of the flowers create a striking focal point that enhances memorability.,none,5,5,3,5,outdoor,1,4
00058624,The variety of dishes and the vibrant colors make this scene visually striking and memorable.,none,4,4,4,4,unclear,1,2
00058638,"The image's distinctiveness and the prominent face create a strong focal point, enhancing memorability.",prominent_faces,5,4,2,3,indoor,1,3
00058645,The close-up of the person's face with distinct hair and subtle makeup creates a strong focal point and emotional charge.,prominent_faces,5,4,2,3,unclear,1,4
00058667,"The image's simplicity, distinctiveness, and emotional charge contribute to its high memorability.",none,5,5,1,5,unclear,1,4
00058671,"The vibrant blue color, classic design, and unique racing livery make this car stand out as a memorable subject.",none,5,5,2,5,outdoor,1,3
00058673,"The image's distinctiveness, clarity, and emotional charge make it memorable.",none,5,5,3,2,indoor,1,3
00058679,"The image's distinctiveness, clarity, and emotional charge make it highly memorable.",none,5,5,3,4,outdoor,1,3
00058680,"The image's stark black-and-white contrast, the prominent hand, and the emotional text create a strong emotional charge and a clear focal point.",prominent_faces,5,5,2,1,unclear,3,5
00058705,"The image's memorability is driven by its distinctive logo, clear focal point, and strong emotional charge associated with Cirque du Soleil.",none,5,5,3,4,indoor,2,4
