id,reasoning,has_people,focal_subject_clarity_5,distinctiveness_5,visual_complexity_5,color_vividness_5,is_indoor_scene,text_amount_5,emotional_charge_5
00000016,"The black-and-white composition, the intimate pose, and the natural setting create a strong emotional charge and a sense of distinctiveness.",prominent_faces,5,4,3,1,outdoor,1,4
00000055,The vivid colors and distinct focal point of the sunset create a strong emotional charge and high memorability.,none,5,5,3,5,outdoor,1,5
00000108,The stark contrast and clear focal point make this image highly memorable.,none,5,5,2,1,indoor,1,3
00000129,The image's distinctiveness and simplicity drive its memorability.,none,5,5,1,2,unclear,1,1
00000139,"The image's striking natural beauty, distinct mountainous landscape, and lack of visual clutter contribute significantly to its memorability.",none,5,5,2,4,outdoor,1,3
00000147,"The image's distinctiveness and the prominence of the faces create a strong emotional charge and a clear focal point, enhancing memorability.",prominent_faces,5,4,2,3,unclear,1,4
00000201,"The image captures a unique perspective of a cyclist navigating through water, making it distinctive and emotionally engaging.",none,5,5,3,2,outdoor,1,4
00000221,"The image's stark black-and-white contrast, the man's focused posture, and the juxtaposition of work and childcare create a powerful emotional charge.",prominent_faces,5,5,2,1,indoor,1,5
00000279,"The image's vivid colors, clear focal point, and striking subject make it highly memorable.",none,5,5,2,5,unclear,1,3
00000286,The bicycle's unique design and vibrant colors make it stand out as a distinct and novel subject.,none,5,5,2,4,outdoor,1,1
00000306,"The image's distinctiveness, emotional charge, and clear focal point contribute to its memorability.",people_present,5,4,3,4,indoor,1,3
00000355,"The image's distinctiveness, emotional charge, and clear focal point contribute to its memorability.",people_present,4,4,2,3,outdoor,1,3
00000380,"The image's simplicity, distinctiveness, and emotional charge make it memorable.",none,5,5,1,5,outdoor,1,3
00000426,The image's motion blur and distinct train subject make it memorable.,none,4,3,2,2,outdoor,1,1
00000455,"The image's strong emotional charge, distinctiveness, and the presence of people create a memorable scene.",people_present,4,4,3,4,outdoor,1,4
00000513,The image's distinctiveness and the person's unique pose and attire make it memorable.,people_present,5,5,3,1,outdoor,2,3
00000542,The striking contrast between the warm interior light and the cool exterior creates a memorable focal point.,people_present,5,5,3,4,outdoor,1,4
00000545,The image's vivid colors and distinct shapes create a striking visual that enhances memorability.,none,5,5,2,5,indoor,1,3
00000592,The stark contrast and minimalist composition make the image highly distinctive and memorable.,none,5,5,1,1,outdoor,1,2
00000593,The patchwork bag serves as a strong focal point due to its unique design and vibrant colors.,people_present,4,4,3,4,indoor,1,2
00000595,The close-up of the cow's face with its distinctive features creates a strong focal point and emotional charge.,none,5,5,1,4,outdoor,1,3
00000609,"The image's distinctiveness, clear focal point, and emotional charge drive its memorability.",none,5,5,3,4,outdoor,1,3
00000616,The bird's distinct appearance and clear focal point make it highly memorable.,none,5,5,1,2,outdoor,1,1
00000705,"The image's memorability is driven by its distinctiveness, clear focal point, and emotional charge.",people_present,5,5,2,1,outdoor,1,3
00000737,"The image's memorability is driven by its distinctive architecture reflected in the glass facade, creating a striking visual effect.",none,5,5,4,3,outdoor,1,2
00000745,"The image's distinctive subject, clear focal point, and emotional charge drive its memorability.",none,5,5,3,4,indoor,1,4
00000754,The close-up of the eye with emphasis on the eyelashes creates a strong emotional charge and a clear focal point.,none,5,5,1,1,unclear,1,5
00000756,"The image's stark contrast, minimalism, and emotional depth drive its memorability.",people_present,5,5,1,1,indoor,1,5
00000796,The image's distinctive structure and lack of visual clutter make it highly memorable.,none,5,5,3,2,unclear,1,1
00000798,"The image's memorability is driven by its distinctiveness, clear focal point, and the emotional charge associated with the message about environmental sustainability.",prominent_faces,5,5,3,4,outdoor,3,4
00000811,The stark contrast between the white tree and the snowy landscape creates a striking focal point that enhances memorability.,none,5,5,1,1,outdoor,1,3
00000824,The image's simplicity and the striking contrast between the car and the serene background enhance its memorability.,none,5,4,1,3,outdoor,1,2
00000900,"The image's clarity, distinctiveness, and natural beauty contribute to its high memorability.",none,4,4,3,4,outdoor,1,2
00000905,"The black-and-white imagery, distinct tombstones, and the presence of an angelic figure create a strong emotional charge and visual interest, enhancing memorability.",none,3,4,4,1,outdoor,1,4
00000916,The image's distinctiveness and the prominence of the subject make it memorable.,prominent_faces,5,4,2,3,indoor,1,2
00000917,The natural arch and expansive landscape create a striking focal point with vivid colors and a sense of awe.,none,5,5,3,4,outdoor,1,4
00000925,"The image's distinctiveness, clear focal point, and emotional charge drive its memorability.",none,5,5,2,4,outdoor,1,4
00000943,"The image's distinctiveness, vivid colors, and clear focal point drive its memorability.",none,5,5,3,5,indoor,2,4
00001012,"The image's distinctiveness, vivid colors, and clear focal point contribute significantly to its memorability.",prominent_faces,5,5,3,5,indoor,1,4
00001021,The image's distinctiveness and clear focal point drive its memorability.,none,5,4,2,3,outdoor,1,2
00001048,"The image's natural beauty, distinctiveness, and lack of visual clutter contribute to its memorability.",none,4,4,2,4,outdoor,1,3
00001062,The image's stark contrast and abstract nature make it visually striking and memorable.,none,3,4,2,1,unclear,1,2
00001083,"The dog's direct gaze and soft expression create a strong emotional connection, enhancing memorability.",none,5,4,2,1,indoor,1,4
00001087,"The vivid red color, distinct poppies, and clear focal point drive high memorability.",none,5,5,3,5,outdoor,1,5
00001121,"The image's striking blue color, the unique shape of the object, and the ethereal smoke effect create a memorable and emotionally charged scene.",none,5,5,3,5,unclear,1,4
00001122,"The combination of a person playing guitar against a striking, colorful mural creates a visually distinct and emotionally engaging scene.",people_present,5,5,3,5,outdoor,1,4
00001148,The intricate crochet pattern and unique design make the bag stand out as a distinctive and novel item.,none,5,5,4,4,indoor,1,2
00001227,"The stark contrast between the dark wood and white snow, along with the single clear focal point, enhances memorability.",none,5,5,1,1,outdoor,1,2
00001241,The image's distinctiveness and clarity drive its memorability due to the unique design and focal point.,none,5,5,3,2,indoor,1,1
00001243,The rock art's distinct shapes and colors against the textured background make it visually striking and memorable.,none,4,4,3,3,outdoor,1,2
00001252,The image's distinctive spherical distortion and unique composition make it highly memorable.,none,4,5,3,4,outdoor,1,2
00001263,"The stark silhouette of the tree against the vibrant sunset creates a striking contrast, enhancing memorability.",none,5,5,1,5,outdoor,1,5
00001317,The image's distinctiveness and clarity drive its memorability due to the intricate details and the contrast between the mechanical parts and the metallic finish.,none,5,5,4,2,indoor,1,1
00001358,The intricate architectural details and the grandeur of the ceiling create a strong emotional charge and a sense of distinctiveness.,none,4,5,5,3,indoor,1,4
00001413,The image's distinctiveness and emotional charge drive its memorability due to the solitary swing and the dim lighting creating a somber mood.,none,5,4,2,1,outdoor,1,3
00001423,The image's distinctiveness and the baby's expressive pose contribute to its memorability.,prominent_faces,5,4,2,3,indoor,1,4
00001475,"The image's memorability is driven by the juxtaposition of human activity (fishing) against an industrial backdrop, creating a striking contrast.",people_present,4,4,3,2,outdoor,1,3
00001476,"The iconic Tower Bridge at night, illuminated and standing out against the dark sky, creates a striking and memorable scene.",none,5,5,3,4,outdoor,1,3
00001541,"The combination of a striking portrait, vivid colors, and emotional text creates a highly memorable image.",prominent_faces,5,5,5,5,unclear,4,5
00001607,"The image's distinctiveness, vivid colors, and unusual subject matter drive its memorability.",prominent_faces,5,5,3,5,indoor,2,4
00001625,The image's distinctiveness and simplicity drive its memorability.,none,5,5,1,4,indoor,1,2
00001637,"The image's stark contrast and focus on a single subject create a strong emotional charge and distinctiveness, enhancing memorability.",prominent_faces,5,5,1,1,indoor,1,5
00001664,"The image's simplicity, distinct power lines against a sky, and the vintage filter create a striking contrast that enhances memorability.",none,5,5,2,3,outdoor,1,2
00001677,"The image captures a child's curious and innocent moment, which is inherently emotionally charged and distinctive.",people_present,5,5,1,4,indoor,1,5
00001693,"The image captures a moment of shared activity between two individuals, which adds emotional depth and makes it memorable.",people_present,4,3,2,1,indoor,1,3
00001828,"The striking contrast and vivid colors make the eye the clear focal point, enhancing memorability.",prominent_faces,5,5,3,5,unclear,1,5
00001872,"The image's distinctiveness, clear focal point, and emotional charge drive its memorability.",none,5,5,1,5,outdoor,1,4
00001889,"The image's simplicity and the contrast between the feet and the sand create a striking focal point, enhancing memorability.",people_present,5,4,1,3,outdoor,1,2
00001896,"The stark contrast and focus on a single eye create a strong emotional charge and a clear focal point, enhancing memorability.",prominent_faces,5,5,1,2,unclear,1,5
00001899,"The image's striking contrast between the orange excavator and the large, weathered concrete structure creates a memorable focal point.",none,5,5,3,4,outdoor,1,2
00001922,The expansive landscape with its clear focal point and vivid colors enhances memorability.,none,4,4,2,4,outdoor,1,3
00001939,The image's distinctiveness and simplicity drive its memorability.,none,5,5,1,2,indoor,1,1
00001967,"The serene beach scene with two cups of coffee creates a peaceful and inviting atmosphere, enhancing memorability.",none,4,3,2,3,outdoor,1,3
00001988,The image's distinctiveness and the stark contrast between the worn chair and the vibrant brick wall make it memorable.,none,5,5,2,4,indoor,1,3
00002037,"The image's strong focus on the musician playing the saxophone, combined with its sepia tone and shadow play, creates a memorable and emotionally charged scene.",people_present,5,4,3,2,outdoor,1,4
00002072,"The image's memorability is driven by its distinctive subject, the Eiffel Tower replica, and the vibrant fountain show, creating a strong emotional charge.",none,5,5,4,5,outdoor,1,5
00002088,The image's emotional charge and distinctiveness drive its memorability.,prominent_faces,5,5,2,3,indoor,1,4
00002091,The reflection and the unique composition create a visually striking and novel scene.,none,4,5,3,2,unclear,2,2
00002115,The silhouette of a person standing under a pier against a dramatic sky creates a strong emotional charge and a clear focal point.,prominent_faces,5,5,2,3,outdoor,1,4
00002128,"The image's simplicity, clear focal point, and emotional charge drive its memorability.",none,5,4,1,2,outdoor,1,3
00002169,"The image's distinctiveness, clear focal point, and emotional charge drive its memorability.",none,5,5,3,2,outdoor,1,4
00002174,"The image's clarity, distinctiveness, and vivid colors make it highly memorable.",none,5,5,2,4,outdoor,1,3
00002316,"The image's stark contrast and singular focus on a lens create a strong visual impact, enhancing memorability.",none,5,5,2,1,indoor,1,1
00002340,"The silhouette of the structure against the bright sun creates a strong contrast and focal point, enhancing memorability.",none,5,5,1,2,outdoor,1,3
00002395,"The image's distinctiveness and the presence of people create a strong focal point, enhancing memorability.",people_present,4,4,3,3,outdoor,2,2
00002445,"The image's distinctiveness, vivid colors, and clear focal point drive its memorability.",none,5,5,2,5,outdoor,1,4
00002471,"The vibrant colors, distinct shapes, and clear focal point make this image highly memorable.",none,5,5,3,5,outdoor,1,4
00002520,The doll's elaborate costume and hairstyle create a striking and memorable focal point.,none,5,5,4,2,indoor,1,3
00002550,"The image captures a dynamic moment of a person performing a high-wire act, which is visually striking and emotionally engaging.",people_present,5,5,3,4,outdoor,1,4
00002576,The image's striking contrast between the rugged cliffs and the serene beach creates a memorable visual impact.,none,5,5,3,4,outdoor,1,3
00002594,"The image's distinctiveness, vivid colors, and strong emotional charge drive its memorability.",none,5,5,2,5,unclear,1,4
00002614,The image's motion blur and vivid light trails create a dynamic and visually striking scene that enhances memorability.,none,2,4,3,4,outdoor,1,3
00002621,"The image's distinctiveness, clarity, and emotional charge make it memorable.",people_present,5,5,2,4,outdoor,1,3
00002644,"The image's clarity, distinctiveness, and simplicity drive its memorability.",none,5,4,1,4,outdoor,1,2
00002676,"The image's sepia tone, historical stone bridge, and natural surroundings create a strong emotional charge and a sense of timelessness.",none,4,4,3,2,outdoor,1,4
00002718,The rustic wooden fence with its natural texture and intricate weaving creates a visually striking and emotionally evocative scene.,none,5,5,3,2,outdoor,1,3
00002739,"The intimate and blurred kiss creates a strong emotional charge and a clear focal point, enhancing memorability.",prominent_faces,5,4,3,2,unclear,1,5
00002748,"The black-and-white composition, the single clear focal point (the girl), and the contrast between her and the blurred background create a striking and memorable image.",people_present,5,5,2,1,outdoor,1,3
00002770,The image's distinctiveness and the clear focal point of the two basset hounds contribute to its memorability.,none,5,4,2,3,outdoor,1,2
00002795,"The image's distinctiveness, vivid colors, and clear focal point drive its memorability.",none,5,5,2,5,unclear,1,1
00002802,"The image's vivid colors, distinct shapes, and lack of clutter make it highly memorable.",none,3,5,4,5,unclear,1,2
00002840,The close-up of the person's face with distinctive features and a strong emotional expression enhances memorability.,prominent_faces,5,5,3,4,unclear,1,5
00002853,"The image's distinctiveness, focal point, and emotional charge drive its memorability.",people_present,5,5,3,4,indoor,1,3
00002895,"The image features distinct and novel photography equipment with a clear focal point, making it memorable.",none,5,4,3,2,indoor,2,1
00002957,The aerial view of the historic town with its distinct architecture and clear focal point enhances memorability.,none,4,4,3,3,outdoor,1,2
00003019,The image's memorability is driven by the distinctiveness of the puppies and their emotional appeal.,none,5,5,2,4,outdoor,1,4
00003055,The image's distinctiveness and clarity drive its memorability due to the bold contrast between the text and background.,none,5,5,2,3,indoor,4,2
00003070,"The image's simplicity, distinctiveness, and emotional charge drive its memorability.",none,5,5,1,4,outdoor,1,3
00003076,The image's distinctiveness and clear focal point drive its memorability.,none,5,5,2,3,outdoor,1,2
00003096,The image's stark contrast and clear focal points enhance its memorability.,none,5,4,2,1,indoor,1,1
00003138,"The image's distinctive and novel subject matter, combined with its emotional charge, drives high memorability.",none,5,5,3,2,unclear,1,4
00003146,"The distinctively colored toy animals against a plain background create a striking contrast, enhancing memorability.",none,5,5,1,5,outdoor,1,2
00003196,"The image captures a unique and striking scene of wakeboarding in an indoor parking garage, making it memorable due to its novelty and distinctiveness.",people_present,5,5,3,4,indoor,1,3
00003330,"The high contrast between the bright skylight and the dark interior, combined with the open space and scattered debris, creates a striking and memorable scene.",none,3,4,2,3,indoor,1,3
00003331,"The image's distinctiveness, emotional charge, and the prominence of the subject drive its memorability.",prominent_faces,5,4,2,3,indoor,1,4
00003350,"The image's memorability is driven by the distinct presence of two individuals in a clear indoor setting, which creates a focal point.",prominent_faces,5,3,2,3,indoor,1,1
00003356,"The image's distinctiveness, clarity, and simplicity drive its memorability.",none,5,5,2,4,unclear,1,1
00003407,The image's distinctiveness and emotional charge drive its memorability due to the unusual combination of a bird's nest and an orange slice.,none,5,5,3,4,outdoor,1,3
00003510,"The image's distinctiveness, clarity, and simplicity drive its memorability.",none,5,5,1,4,indoor,1,1
00003517,"The image's distinctive subjects, novel composition, and vivid colors enhance its memorability.",none,3,4,4,4,indoor,1,2
00003519,"The image's simplicity, distinctiveness, and emotional charge make it highly memorable.",none,5,5,1,4,outdoor,1,4
00003577,The intricate design and sepia tone make the wrought iron fence post stand out as a striking focal point.,none,5,5,3,2,unclear,1,2
00003613,"The image's striking contrast between the dark clouds and the bright, textured cumulus cloud creates a visually compelling and emotionally charged focal point.",none,5,5,4,4,outdoor,1,4
00003738,The close-up of a baby's hand and foot creates a strong emotional charge due to its innocence and vulnerability.,people_present,5,5,1,1,unclear,1,5
00003754,The image's distinctive graffiti and weathered texture make it visually striking and memorable.,none,3,4,4,3,unclear,2,2
00003819,The image's distinctiveness and the presence of people create a memorable scene.,people_present,4,4,3,4,indoor,1,2
00003823,"The image's distinctiveness, clarity, and emotional charge make it memorable.",none,4,4,3,4,unclear,1,3
00003862,The image's simplicity and distinct color contrast make it memorable.,none,5,4,1,5,indoor,1,2
00003864,The poster's stark contrast and clear focal point drive memorability.,none,5,5,2,3,indoor,3,4
00003876,The vibrant colors and neatly arranged food items create a visually appealing and distinct scene that enhances memorability.,none,5,4,3,5,indoor,1,2
00003995,The image's stark contrast and singular focus on the smoke cloud create a strong emotional charge and high memorability.,none,5,5,1,3,outdoor,1,5
00004004,The image's distinctiveness and simplicity drive its memorability.,none,5,5,1,1,indoor,1,1
00004037,The image's distinctiveness and the person's expressive pose contribute to its memorability.,people_present,5,4,2,3,outdoor,1,3
00004050,The image's distinctiveness and emotional charge drive its memorability due to the unusual pose and the stark contrast between the person and the natural environment.,people_present,5,5,3,1,outdoor,1,4
00004064,"The image's strong contrast, clear focal point, and emotional charge drive its memorability.",none,5,5,3,4,indoor,1,5
00004090,The image's stark contrast and the silhouette of the steeple against the dramatic sky create a strong emotional charge and a clear focal point.,none,5,5,2,1,outdoor,1,5
00004115,"The image's clarity, distinctiveness, and emotional charge contribute significantly to its memorability.",none,5,4,2,3,outdoor,1,3
00004147,The image's strong emotional charge and distinctive subject make it highly memorable.,prominent_faces,5,5,3,4,unclear,1,5
00004160,The image's distinctiveness and the prominence of the subject drive its memorability.,prominent_faces,5,4,2,1,indoor,1,3
00004264,The stark contrast and dramatic composition make this image highly memorable.,none,5,5,3,1,outdoor,1,4
00004286,The image's distinctiveness and clarity drive its memorability due to the clear focal point and the unique combination of text and urban architecture.,none,4,4,3,3,outdoor,4,2
00004287,"The image's stark, minimalist architecture and muted color palette create a sense of quiet contemplation, enhancing its memorability.",none,4,4,2,1,outdoor,1,3
00004350,The image's memorability is driven by its distinctive subject (the discarded furniture) and the contrast between the orderly facade and the chaotic pile.,none,4,3,2,2,outdoor,1,3
00004366,The rusted car in a forest setting creates a striking contrast and evokes strong emotions.,none,5,5,3,2,outdoor,1,4
00004410,The image's memorability is driven by the distinctiveness of the Suomi jerseys and the focused attention of the crowd.,people_present,4,4,3,4,outdoor,2,3
00004452,The intricate henna designs create a visually striking and emotionally engaging focal point.,none,5,5,5,4,unclear,1,3
00004453,The image's distinctiveness and clarity drive its memorability due to the sharp focus on the bird and its unusual coloration.,none,5,4,1,3,outdoor,1,2
00004470,The image's strong emotional charge and distinct composition drive its memorability.,prominent_faces,5,5,3,1,indoor,1,5
00004489,The image's unique perspective and the person's dynamic pose create a striking and memorable scene.,people_present,5,5,4,3,outdoor,1,4
00004541,"The striking visual of a woman being lifted by a mechanical figure creates a strong focal point and emotional charge, enhancing memorability.",prominent_faces,5,5,4,4,outdoor,3,4
00004545,"The image's distinctiveness, clear focal point, and emotional charge contribute significantly to its memorability.",prominent_faces,5,4,2,3,indoor,1,4
00004569,The image's novelty and distinctiveness drive memorability due to its unusual and humorous content.,none,3,4,2,3,unclear,4,3
00004574,The image's stark black-and-white contrast and the subject's contemplative pose create a strong emotional charge and a clear focal point.,prominent_faces,5,5,2,1,indoor,1,4
00004596,The vibrant colors and dynamic arrangement of the ribbons create a visually striking and emotionally engaging scene.,none,3,4,4,5,indoor,1,3
00004627,"The vibrant colors, distinct shapes, and clear focal points make this image highly memorable.",none,5,5,3,5,unclear,1,4
00004628,The image's memorability is driven by its striking and unusual depiction of a subway scene filled with people in a state of panic or distress.,prominent_faces,3,5,4,4,indoor,1,5
00004646,"The image's distinct architectural style, vibrant colors, and serene natural elements create a striking contrast that enhances memorability.",none,4,4,3,4,outdoor,1,3
00004698,"The high contrast and vivid colors make the orange slice stand out, enhancing its memorability.",none,5,5,1,5,unclear,1,3
00004826,"The silhouette against the dramatic sky creates a strong emotional charge and a clear focal point, enhancing memorability.",people_present,5,5,1,2,outdoor,1,5
00004852,The stark contrast between the angelic figure and the dramatic sky creates a powerful emotional charge and a clear focal point.,none,5,5,2,1,outdoor,1,5
00004863,The clock's simplicity and clear focal point make it highly memorable.,none,5,4,1,1,indoor,2,1
00004868,"The image's clarity, distinctiveness, and emotional charge contribute significantly to its memorability.",people_present,5,4,3,2,indoor,1,3
00004875,"The scene's distinctiveness, clear focal point, and emotional charge drive its memorability.",people_present,5,5,3,4,outdoor,1,4
00004894,The warm lighting and distinct architectural features create a memorable and emotionally charged scene.,none,4,4,3,3,indoor,1,3
00004900,"The stark contrast between light and dark, combined with the solitary figure and the archway, creates a strong emotional charge and a clear focal point.",people_present,5,5,2,1,outdoor,1,4
00004910,The image's distinctiveness and emotional charge drive its memorability due to the solitary figure and the stark urban environment.,people_present,5,4,2,3,outdoor,1,3
00004924,"The vintage car's distinct color scheme and classic design make it stand out as the focal point, enhancing its memorability.",none,5,5,2,5,outdoor,1,3
00004946,"The image's distinctiveness, emotional charge, and clear focal point drive its memorability.",people_present,5,5,3,4,unclear,1,5
00004957,"The image's clarity, distinctiveness, and vivid colors make it highly memorable.",none,5,5,1,5,indoor,1,2
00004998,"The image's distinctiveness, clarity, and emotional charge drive its memorability.",none,5,5,2,5,unclear,3,4
00005057,The image's repetitive pattern and striking use of color and contrast make it highly memorable.,prominent_faces,3,5,4,5,indoor,1,4
00005073,"The silhouette of the robot against the sun creates a striking contrast, making it a memorable focal point.",none,5,5,1,4,outdoor,1,3
00005076,"The stark contrast between the figures and the snowy landscape, along with the architectural style and the cross, creates a memorable scene.",people_present,4,4,2,1,outdoor,1,3
00005124,The image's strong emotional charge and distinct focal point drive its memorability.,prominent_faces,5,5,3,2,indoor,1,5
00005138,"The image's striking contrast, central figure, and emotional pose drive high memorability.",people_present,5,5,3,4,indoor,2,4
00005143,"The image captures a dramatic flood scene with distinct elements like the submerged house and trees, which create a strong emotional charge.",none,4,3,2,3,outdoor,1,4
00005145,"The image's distinctiveness, clear focal point, and vivid colors contribute significantly to its memorability.",none,5,5,2,5,outdoor,1,4
00005213,"The image's distinctiveness and the solitary figure create a strong focal point, enhancing memorability.",people_present,5,4,3,3,outdoor,1,2
00005232,"The stark contrast between the dark clouds and the silhouette of the person creates a strong emotional charge and a clear focal point, enhancing memorability.",prominent_faces,5,5,2,3,outdoor,1,5
00005237,The image's memorability is driven by its distinctiveness and the clear focal point of the aircraft.,none,5,4,3,3,indoor,1,2
00005243,"The image's distinctiveness, focal point, and vivid colors contribute significantly to its memorability.",none,5,5,3,5,outdoor,1,4
00005247,The juxtaposition of a pig figurine and a Jesus figurine creates a humorous and novel scene that is likely to be memorable.,none,5,5,2,4,outdoor,1,3
00005251,"The image's clarity, distinctiveness, and simplicity drive its memorability.",none,5,5,1,3,outdoor,1,2
00005295,The vibrant colors and distinct shapes of the flowers create a visually striking and emotionally engaging scene.,none,5,5,3,5,outdoor,1,4
00005335,The image's striking visual contrast and the unusual action of fire manipulation create a memorable scene.,people_present,5,5,3,5,indoor,1,4
00005346,"The image's strong emotional charge, distinctiveness, and clear focal point drive its memorability.",people_present,5,5,2,4,indoor,1,5
00005350,The bright colors and clear focal point of the toy rattle make it highly distinctive and memorable.,none,5,5,2,5,unclear,1,1
00005364,"The image's simplicity, distinctiveness, and vivid colors contribute to its memorability.",none,5,5,1,5,outdoor,1,2
00005453,The image's distinctiveness and the clear focal point of the athlete contribute to its memorability.,people_present,5,4,2,1,outdoor,1,3
00005501,The image's striking water droplet splash creates a visually distinctive and emotionally charged focal point.,none,5,5,3,4,unclear,1,4
00005522,"The image's clarity, distinctiveness, and vivid coloration make it highly memorable.",none,5,5,2,4,unclear,1,3
00005638,"The image's distinctiveness, simplicity, and emotional charge make it highly memorable.",none,5,5,2,4,outdoor,1,4
00005755,"The image's distinctiveness, clear focal point, and strong emotional charge drive its memorability.",none,5,5,3,4,unclear,1,5
00005846,"The image's distinctiveness, clarity, and emotional charge drive its memorability.",none,5,5,1,2,outdoor,1,3
00005859,"The image's distinctiveness, clarity, and emotional charge make it highly memorable.",none,5,5,4,5,indoor,1,4
00005921,"The image captures a pregnant woman in a public space, which is a relatable and emotionally resonant scene.",people_present,5,3,2,3,outdoor,1,4
00005928,"The image captures a unique and striking moment of a bird in motion, making it memorable due to its distinctiveness and emotional charge.",none,5,5,3,4,outdoor,1,4
00005983,"The image's distinctive subjects, clear focal point, and vivid colors contribute to its memorability.",people_present,4,4,3,4,outdoor,1,2
00006015,"The image's distinctiveness, clarity, and emotional appeal make it highly memorable.",none,5,5,3,4,indoor,1,4
00006018,The stark simplicity and symmetry of the garage door create a strong focal point that enhances memorability.,none,5,3,1,1,indoor,1,1
00006058,"The image's distinctiveness, focal point, and vivid colors make it highly memorable.",none,5,5,2,5,indoor,1,3
00006105,The image's distinctiveness and visual complexity drive its memorability due to the unusual arrangement of traffic lights.,none,3,4,4,4,outdoor,2,1
00006138,The image's strong emotional charge and distinctiveness drive its memorability.,prominent_faces,5,5,3,4,indoor,1,5
00006182,The striking contrast between the modern architecture and the natural landscape enhances memorability.,none,4,4,2,1,outdoor,1,3
00006186,The stark contrast between the dark sky and the vibrant green grass creates a striking and memorable image.,none,5,5,1,5,outdoor,1,4
00006242,"The combination of a person's face, expressive eyes, and the detailed, colorful chalkboard background creates a striking contrast that enhances memorability.",prominent_faces,4,4,4,4,indoor,3,3
00006256,"The image's distinctiveness, vivid colors, and abstract nature contribute to its memorability.",none,3,4,2,4,outdoor,1,3
00006328,"The vivid blue flowers and their distinct shapes create a striking contrast against the green background, making them the clear focal point.",none,5,5,3,5,outdoor,1,2
00006348,"The necklace with the blue eye pendant stands out due to its distinct shape and vibrant color, making it memorable.",none,5,5,1,5,indoor,1,3
00006354,The image's distinctive subject and novel composition drive its memorability.,none,5,5,2,4,unclear,1,3
00006357,The image's distinctiveness and the focal subject clarity drive its memorability.,none,4,3,2,2,outdoor,1,1
00006384,The stark contrast between the building's decay and the ivy's vitality creates a striking and memorable image.,none,5,5,3,1,outdoor,1,4
00006404,The image's novelty and distinctiveness drive its memorability due to the unusual combination of a motorcycle and a toilet seat.,none,5,5,4,4,unclear,1,3
00006430,"The image's distinctiveness, emotional charge, and simplicity drive its memorability.",none,4,4,2,4,outdoor,1,3
00006437,"The image's strong contrast, distinct clothing, and focused lighting create a striking and memorable scene.",prominent_faces,5,5,4,3,indoor,1,4
00006445,"The image's distinctiveness, emotional charge, and the central focus on the person amidst falling cards create high memorability.",people_present,5,5,4,3,indoor,1,4
00006449,"The image's distinctiveness, vivid colors, and the presence of a rainbow create a strong emotional charge and a clear focal point.",none,5,5,3,5,outdoor,1,5
00006455,"The image's memorability is driven by the distinct contrast between the man's vibrant red sweater and the muted tones of his surroundings, creating a focal point.",prominent_faces,5,4,3,4,outdoor,2,3
00006474,"The image's distinctiveness, clarity, and emotional charge make it highly memorable.",people_present,5,5,2,5,outdoor,1,4
00006481,"The image's simplicity, distinctiveness, and emotional charge drive its memorability.",none,5,5,1,3,outdoor,1,4
00006488,The stark contrast between the straight lines of the trees and their reflection creates a striking visual that enhances memorability.,none,5,5,1,1,outdoor,1,2
00006529,"The image's clarity, distinctiveness, and minimalism drive its memorability.",none,5,4,2,3,unclear,4,1
00006583,"The image's striking color palette, clear focal point, and emotional charge drive its memorability.",none,5,5,2,5,indoor,1,5
00006621,"The image's blurriness and close-up perspective create a strong emotional charge and a sense of mystery, enhancing memorability.",prominent_faces,2,4,3,3,unclear,1,5
00006628,"The image's distinctiveness, clarity, and emotional charge drive its memorability.",none,5,5,1,4,indoor,1,3
00006658,"The vivid colors, distinct architectural style, and the contrast between the woman and the dog create a striking and memorable scene.",people_present,4,5,3,5,outdoor,1,2
00006692,"The design's simplicity, bold colors, and clear focal point make it highly memorable.",none,5,5,1,5,indoor,3,1
00006694,"The vibrant colors, playful design, and clear focal points make this scene highly memorable.",none,5,5,4,5,outdoor,3,4
00006760,"The warm, saturated colors and distinct geometric pattern make the scene visually striking and memorable.",none,3,4,2,5,outdoor,1,3
00006781,"The image's high clarity, distinctiveness, and vivid colors make it highly memorable.",none,5,5,3,5,unclear,1,2
00006943,"The image captures a dynamic moment with a clear focal point, novel elements, and a sense of adventure, driving memorability.",people_present,5,4,3,3,outdoor,1,3
00006983,"The image captures a dynamic and action-packed moment, making it highly memorable due to its distinctiveness and emotional charge.",people_present,5,5,3,4,outdoor,2,4
00007117,"The serene and expansive landscape with its calm water and dramatic sky creates a strong emotional charge and a clear focal point, enhancing memorability.",none,5,5,2,4,outdoor,1,4
00007144,The image's strong emotional charge and distinct focal point drive its memorability.,prominent_faces,5,4,2,1,indoor,1,5
00007150,The dilapidated industrial interior with its distinctive architectural elements and emotional decay creates a strong visual impact.,none,3,4,4,2,indoor,1,4
00007207,The image's distinctiveness and the clear focal point of the knitted gloves make it memorable.,people_present,5,4,3,3,indoor,1,2
00007225,"The image's high contrast, reflective surfaces, and intricate pattern make it visually striking and memorable.",none,5,5,5,4,indoor,1,3
00007227,The silhouette of palm trees against a vibrant sunset sky creates a striking and memorable scene.,none,4,4,2,4,outdoor,1,3
00007242,"The stark contrast and dramatic lighting create a strong emotional charge and a clear focal point, enhancing memorability.",people_present,5,5,3,2,indoor,1,5
00007248,The image's distinctiveness and the clear focal point of the person in the dress drive its memorability.,people_present,5,4,2,3,indoor,1,2
00007249,"The image's distinctive subjects, novel composition, and emotional charge drive its memorability.",prominent_faces,5,5,4,5,indoor,1,4
00007264,"The image's distinctiveness, clear focal point, and vivid colors drive its memorability.",prominent_faces,5,5,2,5,unclear,4,3
00007272,"The stark contrast and decay create a strong emotional charge and a sense of distinctiveness, enhancing memorability.",none,3,4,2,1,indoor,1,4
00007279,"The image's distinctiveness, clear focal point, and emotional charge contribute significantly to its memorability.",people_present,5,4,2,3,indoor,1,3
00007322,"The close-up of a person sleeping with a soft focus and warm lighting creates a sense of intimacy and tranquility, enhancing memorability.",prominent_faces,5,4,2,3,indoor,1,4
00007335,"The flower's vivid colors and distinct shape create a striking focal point, enhancing memorability.",none,5,5,3,5,unclear,1,2
00007381,"The image's distinctiveness and novelty, combined with the contrast between the old floppy disk and the modern keyboard, drive its memorability.",none,5,5,3,2,indoor,2,2
00007415,The contrast between the old brick building and the modern glass structure creates a striking visual focal point.,none,4,4,3,2,outdoor,1,2
00007422,"The image's distinctiveness and the unusual number of engines create a strong focal point, enhancing memorability.",none,5,5,3,4,outdoor,1,2
00007440,"The striking black-and-white contrast and the unique, bold outfit create a memorable visual impact.",prominent_faces,5,5,3,1,indoor,1,4
00007486,"The image captures a warm, intimate moment between a woman and a baby, which naturally evokes strong emotional responses.",prominent_faces,5,4,3,4,indoor,1,5
00007488,The image's distinctiveness and the clear focal point of the person's face drive its memorability.,prominent_faces,5,4,2,3,outdoor,1,3
00007491,"The image's distinctiveness, vivid colors, and natural composition drive its memorability.",none,4,4,3,4,outdoor,1,2
00007506,"The image features distinct characters and children interacting, creating a lively and emotionally charged scene.",prominent_faces,4,4,3,4,outdoor,1,4
00007579,"The image captures a roller coaster ride with people experiencing a thrilling moment, which is emotionally charged and visually striking.",prominent_faces,5,5,4,4,outdoor,1,5
00007588,The vivid colors and distinct features of the bird make it highly memorable.,none,5,5,3,5,unclear,1,2
00007614,"The image's simplicity, vivid colors, and clear focal point drive its memorability.",none,5,5,1,5,unclear,1,2
00007650,The image's distinctiveness and the stark contrast between the motorcycle and the warning sign create a memorable scene.,none,5,5,3,4,outdoor,1,3
00007656,"The image's vastness and the contrast between the starry sky and the distant lights create a sense of awe and tranquility, enhancing memorability.",none,3,4,2,3,outdoor,1,4
00007722,"The image's distinctiveness, clarity, and color saturation drive its memorability.",none,5,4,2,4,indoor,1,1
00007751,The image's strong use of color and a clear focal point enhances its memorability.,prominent_faces,5,4,2,5,indoor,1,3
00007793,"The image's distinctiveness, emotional charge, and clear focal point contribute to its memorability.",people_present,5,4,2,3,outdoor,1,3
00007816,"The image's distinctiveness, clarity, and vivid colors contribute significantly to its memorability.",none,5,5,1,5,outdoor,1,4
00007830,"The image's distinctiveness, vivid colors, and clear focal point drive its memorability.",none,5,5,3,5,indoor,1,2
00007834,"The image's distinctiveness, focal point, and vivid colors drive its memorability.",none,5,5,3,5,outdoor,1,4
00007841,"The image features a modern tram with distinct design elements, set against a clean, open outdoor environment, which enhances its memorability.",none,5,4,2,3,outdoor,2,1
00007858,The image's distinctiveness and simplicity drive its memorability.,none,5,5,1,4,indoor,1,2
00007862,"The combination of a dramatic embrace, bold text, and a nostalgic film aesthetic creates a memorable image.",prominent_faces,5,4,3,4,indoor,2,4
00007886,"The image's distinctiveness, clear focal point, and emotional charge contribute significantly to its memorability.",none,5,5,1,5,outdoor,1,5
00007902,"The image's distinctiveness, clear focal point, and natural beauty contribute to its memorability.",none,5,5,2,4,outdoor,1,3
00007954,The image's simplicity and the clear focal point of the dog tags make it highly memorable.,none,5,4,1,1,indoor,3,1
00007970,"The image's stark contrast between the human face and the sky creates a striking and novel visual effect, enhancing memorability.",prominent_faces,5,5,2,3,unclear,1,2
00008025,The image's distinctiveness and the emotional charge of the bird's posture drive its memorability.,none,5,5,1,3,outdoor,1,4
00008037,"The bird's distinct posture and open beak create a clear focal point, enhancing memorability.",none,5,4,1,3,outdoor,1,2
00008093,"The image's distinctiveness, emotional charge, and clarity of focal point drive its memorability.",people_present,5,5,3,4,outdoor,1,4
00008110,"The mask's vibrant colors, unique design, and festive elements create a strong emotional charge and high distinctiveness, enhancing memorability.",none,5,5,4,5,unclear,1,5
00008132,"The image's memorability is driven by its distinctiveness, vibrant colors, and the clear focal point of the candy display.",none,5,5,4,5,indoor,2,3
00008155,The meme's humor and the contrast between the historical figure and the modern context make it memorable.,prominent_faces,5,5,3,4,indoor,4,3
00008184,"The image's vivid colors, clear focal point, and serene atmosphere drive its memorability.",none,5,5,2,5,outdoor,1,4
00008246,"The image's memorability is driven by its distinctiveness and visual complexity, showcasing a well-organized yet cluttered workspace.",none,3,4,4,3,indoor,2,1
00008271,"The image's distinctiveness, emotional charge, and the presence of flowers and offerings create a strong memorability factor.",none,4,4,3,4,outdoor,1,4
00008274,The sticker's distinctiveness and simplicity make it highly memorable.,people_present,5,5,1,4,outdoor,1,3
00008283,"The image's memorability is driven by its distinctiveness and the clarity of the focal point, which is the open page of a dictionary.",none,4,3,2,2,indoor,4,1
00008321,"The reflective lens and the person's face within create a striking and novel focal point, enhancing memorability.",prominent_faces,5,5,3,4,unclear,1,3
00008336,"The image captures a striking moment of a killer whale breaching, which is visually distinctive and emotionally charged.",none,5,5,3,4,outdoor,1,5
00008347,"The image's strong contrast between the bright headlights and the dark surroundings, along with the reflective puddle, creates a striking and memorable visual.",none,5,5,2,4,outdoor,1,3
00008373,The image's distinctiveness and clarity drive its memorability due to the iconic Volkswagen logo and bright colors.,none,5,5,2,5,unclear,3,2
00008381,"The image features a single clear focal point with distinct clothing and accessories, making it memorable.",people_present,5,4,2,4,outdoor,1,3
00008451,"The image's distinctiveness, clear focal point, and emotional charge contribute to its memorability.",prominent_faces,5,4,2,3,indoor,1,3
00008535,The image's unique perspective and contrast between the person and the sky make it visually striking and emotionally evocative.,prominent_faces,5,5,3,4,outdoor,1,4
00008543,"The image's distinctive underwater tunnel setting, combined with the person's dynamic pose and the vivid blue lighting, creates a striking and memorable scene.",people_present,5,5,3,5,indoor,1,4
00008544,"The image's vivid colors, clear focal point, and distinct texture make it highly memorable.",none,5,5,2,5,unclear,1,4
00008566,The image's stark contrast and focus on a single subject make it highly memorable.,people_present,5,5,1,1,unclear,1,3
00008576,The image's complexity and distinctiveness drive memorability due to its intricate arrangement of antennas against a neutral background.,none,3,4,4,2,outdoor,1,1
00008582,The sculpture's abstract and unusual form makes it highly distinctive and memorable.,none,5,5,3,2,indoor,1,3
00008598,The unique design and color scheme of the vehicle make it stand out as a distinctive subject.,none,5,5,3,4,outdoor,2,1
00008604,"The image's clarity, distinctiveness, and focus on a single subject (the train) drive its memorability.",none,5,4,3,2,outdoor,3,1
00008671,"The image's clarity, distinctiveness, and emotional charge make it memorable.",people_present,4,4,3,1,outdoor,1,2
00008678,The image's distinctiveness and the contrast between the hands and the onion create a striking focal point.,people_present,5,5,2,4,indoor,1,3
00008684,The building's unique architectural design and the contrast between its modern structure and the surrounding area make it highly distinctive and memorable.,people_present,4,5,3,2,outdoor,1,1
00008701,The image's strong contrast between the subject's dynamic hair and the serene ocean backdrop creates a striking visual that enhances memorability.,prominent_faces,5,5,3,4,outdoor,1,3
00008717,"The blurred motion and distinct umbrellas create a sense of movement and individuality, enhancing memorability.",people_present,3,4,4,4,outdoor,1,3
00008745,The image's simplicity and the distinct contrast between the geese and their environment make it memorable.,none,5,4,2,3,outdoor,1,1
00008769,The image's striking geometric patterns and high contrast drive memorability.,none,5,5,4,2,outdoor,1,1
00008770,"The image's stark black-and-white contrast, the prominent face, and the bold statement about grown-ups being obsolete make it highly memorable.",prominent_faces,5,5,2,1,outdoor,3,4
00008774,"The image's clarity, distinctiveness, and emotional charge contribute significantly to its memorability.",none,5,5,1,4,outdoor,1,3
00008867,"The image's simplicity, distinctiveness, and emotional charge make it highly memorable.",none,5,5,1,4,unclear,1,5
00008888,The image's high contrast and focus on a single car make it visually striking and memorable.,none,5,5,1,3,outdoor,1,2
00008913,"The image's distinctiveness, clear focal point, and emotional charge contribute significantly to its memorability.",people_present,5,4,2,3,indoor,1,3
00008959,"The image's distinctiveness and emotional charge drive its memorability due to the rustic, abandoned wagon wheels against a serene natural backdrop.",none,4,4,2,3,outdoor,1,3
00008982,The image's distinctiveness and emotional charge drive its memorability due to the creative pumpkin sculpture.,none,5,5,4,4,outdoor,1,3
00008991,The image's distinctiveness and clarity drive its memorability due to the vintage Packard car's iconic design elements.,none,5,5,3,4,outdoor,2,3
00009010,"The image's distinctiveness, emotional charge, and simplicity contribute to its memorability.",people_present,5,4,2,4,outdoor,1,3
00009039,"The image's distinctiveness, emotional charge, and clear focal point drive its memorability.",none,5,5,3,4,outdoor,1,4
00009082,The stark contrast between the weathered bench and the vibrant wall enhances memorability.,none,5,5,1,4,outdoor,1,2
00009093,The abstract nature and vivid colors make the image distinctive and emotionally engaging.,none,1,5,5,4,indoor,1,3
00009097,The iconic McDonald's logo stands out due to its simplicity and distinctiveness against a clear blue sky.,none,5,5,1,5,outdoor,1,2
00009130,The interplay of light and shadow creates a striking contrast that enhances memorability.,none,4,4,2,3,indoor,1,3
00009142,"The image's distinctiveness, vivid colors, and clear focal point drive its memorability.",none,5,5,3,5,unclear,1,4
00009151,"The image's memorability is driven by its distinctiveness, clear focal point, and emotional charge.",none,5,4,2,3,indoor,4,3
00009173,"The image captures a dynamic and unusual scene involving two people rollerblading with signs, which creates a strong emotional charge and a sense of novelty.",prominent_faces,5,5,3,4,outdoor,2,4
00009174,The image's memorability is driven by the distinctiveness of the subjects' attire and the clear focal point on their faces.,prominent_faces,5,4,3,5,indoor,2,3
00009178,"The painting's abstract nature, vivid colors, and distinct shapes create a strong emotional charge and visual impact, enhancing memorability.",none,3,4,4,5,unclear,1,4
00009199,The image's distinctiveness and emotional charge make it memorable.,prominent_faces,5,5,4,4,indoor,1,4
00009201,The image's distinctive subjects and novel composition drive memorability.,none,3,4,4,4,indoor,2,1
00009221,"The painting's distinctive subject, vibrant colors, and clear focal point drive its memorability.",none,5,5,3,5,unclear,1,4
00009257,"The image features a distinct architectural structure with a clear focal point, minimal visual clutter, and a calm atmosphere.",none,4,3,2,3,outdoor,1,1
00009262,"The image's vivid color, clear focal point, and striking composition drive high memorability.",none,5,5,1,5,unclear,1,4
00009362,The image's distinctiveness and emotional charge drive its memorability due to the striking contrast between the dark sky and the illuminated landscape.,none,3,4,2,4,outdoor,1,3
00009372,The painting's bold colors and abstract form create a striking contrast that enhances its memorability.,none,3,4,2,5,unclear,1,4
00009427,"The vibrant red flowers and lush green leaves create a striking contrast, making the scene visually distinctive and emotionally engaging.",none,4,4,3,5,outdoor,1,4
00009432,The image's strong emotional charge and distinctiveness drive its memorability.,prominent_faces,5,5,2,1,unclear,1,5
00009486,The image's simplicity and the clear focal point of the bicycle against the building create a memorable scene.,none,5,4,2,1,outdoor,1,1
00009496,"The image's simplicity, distinctiveness, and emotional charge make it highly memorable.",none,5,5,1,5,outdoor,1,5
00009520,"The image's distinctiveness, novelty, and emotional charge drive its memorability due to the unusual costume and pose.",prominent_faces,5,5,3,5,outdoor,1,4
00009533,"The image's clarity, distinctiveness, and vivid colors make it highly memorable.",none,5,5,2,5,outdoor,1,3
00009553,The image's distinctiveness and the clear focal point drive its memorability.,prominent_faces,5,4,2,1,indoor,1,3
00009649,"The image's serene and misty atmosphere, combined with the distinct path leading into the fog, creates a strong emotional charge and a clear focal point.",none,5,5,2,3,outdoor,1,4
00009721,"The image's dark, textured surface with subtle highlights creates a sense of mystery and intrigue, driving memorability.",none,1,3,2,1,unclear,1,2
00009815,"The image's distinctive composition, vivid colors, and emotional charge drive its memorability.",none,4,5,3,4,outdoor,1,4
00009827,"The image's distinctiveness, clarity, and warm lighting create a strong emotional charge, enhancing memorability.",none,5,5,2,4,indoor,1,4
00009837,"The combination of a child's magical moment, vibrant colors, and personal narrative creates a strong emotional charge and distinctiveness.",people_present,5,5,4,4,indoor,3,4
00009838,The image's distinctiveness and clear focal point drive its memorability.,none,5,4,2,3,outdoor,3,1
00009844,"The image's memorability is driven by the clear focal point, distinctive subject, and emotional charge associated with the child's expression and attire.",prominent_faces,5,4,2,1,outdoor,1,3
00009920,"The image captures a strong emotional connection between the child and the dog, making it memorable due to its warmth and affection.",prominent_faces,5,4,2,4,outdoor,1,5
00009958,The intricate texture and shadow play create a visually striking and novel focal point.,none,5,5,4,2,unclear,1,3
00010009,"The stark contrast between the solitary house and the vast, open landscape creates a memorable and emotionally evocative scene.",none,5,5,1,4,outdoor,1,3
00010011,The vivid purple hue and clear focal point of the flower make it highly memorable.,none,5,5,1,5,unclear,1,3
00010093,The image's distinctiveness and the clear focal point drive its memorability.,people_present,5,4,1,2,indoor,1,3
00010109,The image's simplicity and the contrast between the figure and the vast sky create a strong emotional charge and a clear focal point.,people_present,5,5,1,2,outdoor,1,4
00010113,"The image features a neatly arranged bento box with distinct food items, which creates a clear focal point and a sense of novelty.",none,5,4,2,4,indoor,1,1
00010118,"The image's vivid colors, clear focal point, and striking composition drive high memorability.",none,5,5,3,5,unclear,1,4
00010150,"The serene and symmetrical composition, combined with the natural beauty and the solitary figure, creates a memorable scene.",people_present,4,4,2,3,outdoor,1,3
00010172,The chair's unique design and striking contrast between its cow-print backrest and high-heeled legs create a memorable and novel focal point.,none,5,5,3,4,unclear,1,2
00010260,"The stark contrast between the vivid red rose and the monochrome background creates a strong visual impact, enhancing memorability.",none,5,5,2,5,outdoor,1,4
00010308,The image's strong emotional charge and distinct focal point drive its memorability.,none,5,4,2,3,unclear,1,4
00010318,"The striking combination of vibrant colors, distinct clothing, and the contrast between the subject and the vast, empty landscape enhances memorability.",prominent_faces,5,5,3,5,outdoor,1,4
00010320,The image's distinctiveness and simplicity drive its memorability.,none,3,4,2,3,outdoor,1,1
00010324,The image's striking contrast and central focus on the tree create a memorable visual impact.,none,5,5,3,1,outdoor,1,4
00010353,"The image's striking colors, unique cloud formations, and absence of distractions make it highly memorable.",none,5,5,3,5,outdoor,1,4
00010485,"The image's simplicity, distinctiveness, and natural beauty contribute to its memorability.",none,4,4,2,4,outdoor,1,3
00010494,"The image captures a dynamic moment in a track race, emphasizing movement and competition, which can be emotionally charged and memorable.",people_present,4,4,3,4,outdoor,2,4
00010538,The image's emotional charge and distinctiveness drive its memorability.,prominent_faces,5,5,3,4,indoor,1,5
00010548,The stark contrast between the vibrant red wall and the lone figure creates a striking and memorable composition.,people_present,5,5,1,5,outdoor,1,3
00010565,The intricate crochet pattern and the contrast between the warm tones of the scarf and the red shirt create a visually striking and emotionally engaging image.,people_present,5,5,4,4,indoor,1,3
00010571,The image's stark contrast between the person's appearance and the mundane bathroom setting creates a striking and emotionally charged focal point.,prominent_faces,5,5,3,4,indoor,1,5
00010607,"The image's distinctiveness, clear focal point, and emotional charge drive its memorability.",people_present,5,5,3,2,outdoor,1,4
00010619,"The image's simplicity, clear focal point, and warm color palette contribute to its memorability.",none,5,4,1,3,indoor,1,2
00010647,"The image features a person interacting with a computer screen, which creates a focal point and adds a sense of activity and engagement.",prominent_faces,4,3,2,3,indoor,3,2
00010670,"The image captures a dynamic moment with a skateboarder's foot, creating a sense of motion and action.",none,5,4,2,3,outdoor,1,3
00010696,"The image's simplicity, distinctiveness, and emotional charge drive its memorability.",people_present,4,4,2,3,outdoor,1,3
00010703,"The striking red jacket, unique pose, and dramatic lighting create a memorable and emotionally charged focal point.",prominent_faces,5,5,3,5,indoor,2,4
00010725,The image's distinctiveness and the contrast between the foreground wing and the distant contrails create a striking focal point.,none,5,5,2,3,outdoor,1,2
00010739,The image's distinctiveness and the unusual combination of elements create a strong emotional charge and a clear focal point.,prominent_faces,5,5,3,4,indoor,1,4
00010750,The black-and-white focus on a single flower creates a striking contrast and emotional depth.,none,5,5,1,1,unclear,1,4
00010781,"The playful and dynamic pose of the dog creates a strong emotional charge and a clear focal point, enhancing memorability.",none,5,5,1,5,outdoor,1,5
00010834,"The stark contrast between the red wall and the blue water, along with the prominent face, creates a strong emotional charge and visual distinctiveness.",prominent_faces,5,5,2,5,indoor,1,5
00010864,"The image's motion blur, distinct signage, and atmospheric lighting create a memorable scene.",none,4,4,3,3,outdoor,2,2
00010882,"The image's stark contrast, solitary figure, and graffiti create a memorable composition.",people_present,5,4,3,1,outdoor,2,3
00010893,"The image's striking orange light trail against a dark background creates a strong focal point and emotional charge, enhancing memorability.",none,5,5,1,5,unclear,1,5
00010901,"The image has a clear focal point with a distinctive subject (a parked car), minimal clutter, and a neutral emotional charge.",none,4,3,2,3,outdoor,1,1
00010912,"The image's distinctiveness, emotional charge, and clarity of focal point drive its memorability.",people_present,4,4,2,4,outdoor,3,3
00010962,"The image captures a serene and joyful moment, making it emotionally charged and visually distinct.",people_present,5,4,2,3,outdoor,1,4
00011009,The image's distinctiveness and clarity drive its memorability due to the unique design of the aircraft and the clear focal point.,none,5,4,2,3,indoor,2,1
00011056,"The image's clarity, distinctiveness, and vivid colors make it highly memorable.",none,5,5,4,5,indoor,1,3
00011080,"The boat's size, multiple outboard motors, and 'Homeland Security' branding make it distinctive and novel, enhancing memorability.",none,5,4,3,3,outdoor,2,2
00011118,The image's distinctiveness and clarity of the focal subject drive its memorability.,people_present,4,4,3,2,outdoor,1,1
00011137,"The image's strong contrast between light and dark, along with the central sun, creates a striking focal point that enhances memorability.",none,5,4,2,3,outdoor,1,3
00011160,The image's memorability is driven by its distinctiveness and the clear focal point of the Yahoo! logo.,people_present,4,4,2,3,outdoor,3,1
00011173,The serene canal scene with its distinct buildings and reflections creates a memorable and emotionally soothing atmosphere.,none,4,4,2,3,outdoor,1,3
00011192,The image's distinctiveness and emotional charge drive its memorability due to the unusual and striking nature of the painted fingerprints.,people_present,5,5,2,3,outdoor,1,4
00011202,"The image's serene and natural setting, combined with the solitary figure, creates a strong emotional charge and a clear focal point.",people_present,4,4,3,2,outdoor,1,4
00011280,The image's distinctiveness and the focal subject's unusual attire contribute to its memorability.,people_present,5,4,3,3,indoor,1,2
00011356,"The image's vivid color palette, distinct subject, and unusual composition drive its memorability.",people_present,5,5,3,5,indoor,1,4
00011392,"The image's distinctiveness, clear focal point, and emotional charge drive its memorability.",none,5,4,2,3,indoor,1,3
00011398,The image's striking lenticular clouds over the mountain create a visually distinctive and emotionally evocative scene.,none,5,5,3,4,outdoor,1,4
00011406,"The image captures a dynamic interaction between a person and a bird in flight, creating a sense of movement and connection.",people_present,5,4,2,3,outdoor,1,4
00011416,The t-shirt's design and text create a clear focal point that is both distinctive and emotionally engaging.,people_present,5,4,2,3,indoor,3,3
00011537,"The vibrant colors, distinct shapes, and dynamic display of fireworks create a striking and emotionally charged scene.",none,5,5,5,5,outdoor,1,5
00011544,"The image's distinctiveness, clear focal point, and natural beauty contribute to its memorability.",none,5,4,2,3,outdoor,1,3
00011589,The image's emotional charge and distinctiveness drive its memorability.,people_present,5,4,2,3,outdoor,1,4
00011604,"The vivid yellow wall, the bold red window frame, and the strong shadow create a striking contrast that enhances memorability.",none,5,5,2,5,outdoor,1,3
00011640,The blurred motion and stark contrast create a striking and memorable visual effect.,people_present,3,4,2,1,unclear,1,3
00011670,"The cake's unique design, vibrant colors, and central bow create a strong focal point, enhancing memorability.",none,5,5,4,5,indoor,1,3
00011675,The image's simplicity and the clear focal point of the pencil tip against a textured surface make it memorable.,none,5,4,1,2,indoor,1,1
00011714,The toy's unique design and lack of background distractions make it highly memorable.,none,5,5,1,2,indoor,1,1
00011746,The image's simplicity and the clear focal point of the water bottle against a sky background drive its memorability.,none,5,4,1,3,outdoor,2,1
00011762,"The image's distinctiveness, clarity, and vivid colors make it highly memorable.",none,5,5,1,5,outdoor,1,1
00011794,"The image's distinctiveness, simplicity, and emotional appeal drive its memorability.",none,5,5,3,4,indoor,1,3
00011808,"The image's distinctiveness, focal point, and vivid colors contribute significantly to its memorability.",none,5,5,1,5,outdoor,1,3
00011828,"The image's distinctiveness, clear focal point, and vivid colors contribute to its high memorability.",none,5,5,2,5,unclear,1,3
00011862,The image's distinctiveness and clarity make it memorable due to its unique subject and lack of visual clutter.,none,5,4,2,3,outdoor,1,1
00011874,"The image's distinctiveness and emotional charge drive its memorability due to the old, weathered house against a stark blue sky.",none,5,4,2,3,outdoor,1,3
00011880,"The image's distinctiveness, emotional charge, and clear focal point drive its memorability.",prominent_faces,5,4,2,3,indoor,3,4
00011980,The distinctiveness and emotional charge of the costumes and their poses drive memorability.,people_present,5,5,3,4,indoor,1,4
00012016,"The image's distinctiveness, emotional charge, and clarity of focal point drive its memorability.",people_present,4,4,3,2,outdoor,1,3
00012020,The image's distinctiveness and the presence of people create a memorable scene.,people_present,4,4,3,3,outdoor,2,2
00012080,The intricate folding pattern and deep green color make the objects visually striking and novel.,none,5,5,4,3,indoor,1,2
00012085,"The image's distinctiveness, emotional charge, and clear focal point drive its memorability.",prominent_faces,5,5,2,1,unclear,1,4
00012120,The image's distinctiveness and clarity drive memorability due to its focused composition and the contrast between the metallic objects and the background.,none,4,4,2,1,indoor,1,1
00012148,"The image's striking silhouette and vivid colors create a strong emotional charge and a clear focal point, enhancing memorability.",none,5,5,3,4,outdoor,1,5
00012179,"The image's strong emotional charge, distinctiveness, and clear focal point drive its memorability.",prominent_faces,5,5,3,4,indoor,1,5
00012234,"The image's vivid colors and distinct texture create a striking focal point, enhancing its memorability.",none,5,5,1,5,unclear,1,3
00012250,"The whimsical carved pumpkins with expressive faces create a strong emotional charge and are distinctively novel, driving memorability.",none,5,5,2,4,unclear,1,5
00012254,"The image's memorability is driven by its distinctive and novel setting, featuring two people lounging on a sofa in an unusual outdoor location.",prominent_faces,5,5,3,4,outdoor,1,2
00012259,"The image has a clear focal point (the brown leather bag) and includes distinctive subjects like the red perfume bottle and the iPod, making it memorable.",none,4,4,3,4,indoor,1,2
00012290,"The stark black-and-white contrast and the focused gaze create a strong emotional charge and a clear focal point, enhancing memorability.",prominent_faces,5,5,1,1,indoor,1,5
00012314,The image's distinctive subjects and novel perspective drive its memorability.,none,3,4,4,3,outdoor,1,2
00012357,The image's distinctiveness and emotional charge drive its memorability due to the unusual and striking scene of people climbing a building.,people_present,5,5,3,4,outdoor,1,4
00012366,The image's striking color gradient and distinct silhouette create a memorable scene.,none,4,4,2,4,outdoor,1,3
00012378,The image's stark contrast between the snow-covered landscape and the dark figure creates a strong emotional charge and a clear focal point.,people_present,5,5,2,3,outdoor,1,4
00012409,The image's memorability is driven by its distinctive subjects and the contrast between the workers and the train.,people_present,4,4,3,4,outdoor,1,2
00012451,"The image's memorability is driven by its distinctive and novel subject matter, which contrasts sharply with the mundane office environment.",none,5,5,3,3,indoor,1,2
00012516,The image's distinctiveness and the clear focal point drive its memorability.,prominent_faces,5,4,2,3,indoor,1,2
00012608,The vivid red color and the stark contrast between the sofa and its surroundings make it a striking focal point.,none,5,5,1,5,outdoor,1,3
00012629,The striking contrast between the lighthouse and the dramatic sky creates a memorable and emotionally charged scene.,none,5,5,2,1,outdoor,1,4
00012658,"The reflective sphere creates a striking focal point with its unique shape and the cityscape reflection, enhancing memorability.",none,5,5,3,4,outdoor,1,2
00012677,The stark contrast between the cross and the serene background enhances its distinctiveness and emotional impact.,none,5,5,1,1,outdoor,1,4
00012704,The image's simplicity and clear contrast between two distinct objects make it memorable.,none,5,4,1,1,indoor,2,1
00012714,"The image's simplicity, the dog's relaxed posture, and its expressive face create a strong emotional charge and a clear focal point, enhancing memorability.",none,5,4,1,3,indoor,1,4
00012803,The image's emotional charge and the prominence of the child's face drive its memorability.,prominent_faces,5,4,2,1,outdoor,1,4
00012825,"The image's simplicity, clear focal point, and striking contrast between the moon and the dark sky make it highly memorable.",none,5,5,1,4,outdoor,1,3
00012831,"The image's distinctiveness, emotional charge, and clear focal point drive its memorability.",prominent_faces,5,4,3,4,outdoor,1,3
00012869,"The image's distinctiveness and novelty, combined with its unusual structure, drive memorability.",none,5,5,3,2,outdoor,1,1
00012871,The image's emotional charge and the prominence of the subject drive its memorability.,people_present,4,3,2,1,indoor,1,4
00012934,"The image's distinctiveness, clear focal point, and novelty contribute to its memorability.",people_present,5,4,3,4,outdoor,2,3
00012994,"The image's dramatic smoke plume and the fire's intensity create a strong emotional charge, enhancing memorability.",none,5,4,3,2,outdoor,1,5
00013161,The image's simplicity and the clear focal point of the bird on the wall enhance its memorability.,none,5,4,2,3,outdoor,1,2
00013212,"The image's clarity, distinctiveness, and minimalism contribute to its memorability.",none,5,4,2,3,indoor,1,1
00013217,The image's distinctive texture and clear focal point drive its memorability.,none,5,5,3,2,unclear,1,1
00013284,"The image's striking contrast between the dark clouds and the bright sky, along with its vivid colors and clear focal point, enhances memorability.",none,5,5,3,5,outdoor,1,4
00013334,"The image's distinctiveness, emotional charge, and clear focal point contribute significantly to its memorability.",prominent_faces,5,4,2,3,outdoor,1,3
00013346,The image's simplicity and striking contrast between the dark roof and bright sky make it highly memorable.,none,5,5,1,5,outdoor,1,2
00013425,"The image's distinctiveness, vivid color, and clear focal point contribute significantly to its memorability.",prominent_faces,5,5,1,5,indoor,1,4
00013503,The image's distinctiveness and simplicity drive its memorability.,none,4,4,1,3,outdoor,1,2
00013532,"The image's simplicity, distinctiveness, and vivid colors make it highly memorable.",none,5,5,1,5,indoor,1,2
00013551,"The image captures a moment of personal significance, focusing on the individual's interaction with the birthday cake, which enhances its emotional charge.",people_present,5,4,3,4,indoor,1,4
00013701,"The warm lighting and the quiet, narrow street create a serene and memorable atmosphere.",none,4,4,2,3,outdoor,1,3
00013706,"The image's simplicity, distinctiveness, and vivid coloration make it highly memorable.",none,5,5,1,5,unclear,1,3
00013774,"The intimate and candid nature of the kiss, combined with the distinct clothing and accessories, creates a strong emotional charge and a clear focal point.",prominent_faces,5,4,3,2,unclear,1,5
00013836,"The image features two individuals in military uniforms, smiling and interacting, which creates a strong emotional charge and a clear focal point.",prominent_faces,5,4,3,3,indoor,2,4
00013855,"The image's distinctiveness and the presence of a person create a strong focal point, enhancing memorability.",prominent_faces,4,4,2,3,indoor,1,3
00013873,"The image's distinctiveness, focal point, and emotional charge drive its memorability.",none,5,5,4,5,outdoor,1,5
00013884,"The close-up of the worn boot and hand creates a strong emotional connection and highlights the texture and wear, making it memorable.",people_present,5,5,3,1,indoor,1,4
00013902,The close-up of the dog's face with its expressive eyes and relaxed posture creates a strong emotional charge and a clear focal point.,none,5,4,1,3,indoor,1,4
00013921,"The image's natural beauty, distinctiveness, and emotional charge drive its memorability.",none,4,4,2,3,outdoor,1,3
00013969,The image's distinctiveness and simplicity drive its memorability.,none,5,5,2,5,unclear,1,3
00014068,The vivid colors and distinct shapes of the flowers create a striking contrast that enhances memorability.,none,5,5,3,5,unclear,1,4
00014136,The checkerboard pattern of the tram tracks and the contrast between the urban architecture and the open sky create a visually striking and distinctive scene.,none,4,4,3,2,outdoor,1,2
00014218,"The image's distinctiveness, clear focal point, and emotional charge contribute significantly to its memorability.",prominent_faces,5,4,2,4,unclear,1,4
00014254,"The image's distinctiveness, emotional charge, and clear focal point contribute to its memorability.",prominent_faces,5,4,2,3,indoor,1,3
00014275,The chair's unique design and distinct shape make it highly memorable.,none,5,5,1,3,indoor,1,2
00014287,The image's distinctiveness and clear focal point drive its memorability.,none,5,5,2,4,indoor,3,3
00014291,"The image's distinctiveness, clear focal point, and vivid colors contribute significantly to its memorability.",none,5,5,3,5,outdoor,1,4
00014308,"The image's distinctiveness, vivid colors, and clear focal point drive its memorability.",none,5,5,2,5,unclear,1,4
00014313,"The image's distinctiveness, clarity, and visual complexity drive its memorability.",none,5,5,4,5,indoor,3,1
00014348,"The image's distinctiveness, clarity, and vivid colors contribute significantly to its memorability.",none,5,5,1,5,outdoor,1,3
00014364,The close-up of a person's face with distinct facial features and a strong emotional expression enhances memorability.,prominent_faces,5,4,3,3,indoor,1,4
00014377,The image's distinctiveness and emotional charge drive its memorability due to the aged gravestone and the poignant inscription.,none,4,4,3,2,outdoor,4,4
00014446,"The image's strong contrast, focus on a solitary figure, and emotional posture drive its memorability.",people_present,5,4,2,1,indoor,1,4
00014461,"The image's distinctiveness, vivid colors, and dynamic composition drive its memorability.",none,5,5,3,5,outdoor,1,4
00014476,The stark contrast between the bare tree and the vibrant orange sky creates a striking focal point that enhances memorability.,none,5,5,2,5,outdoor,1,4
00014486,"The image captures a lively, emotional moment with distinct, expressive subjects, making it highly memorable.",prominent_faces,4,4,3,4,indoor,1,4
00014518,"The image's distinctiveness, clear focal point, and emotional charge contribute significantly to its memorability.",prominent_faces,5,5,1,4,unclear,1,4
00014536,The image's strong emotional charge and distinctive subject make it highly memorable.,prominent_faces,5,5,3,4,indoor,1,5
00014645,"The image captures a dynamic moment in a tennis match, featuring distinct subjects and a clear focal point, which enhances memorability.",people_present,4,3,2,4,outdoor,1,3
00014652,The image's simplicity and distinct architectural elements make it memorable.,none,4,4,2,3,outdoor,1,1
00014654,The image's distinctiveness and clarity make it memorable due to its unique subject matter and composition.,none,5,5,2,3,outdoor,1,2
00014665,"The image's distinctiveness, clear focal point, and emotional charge contribute to its memorability.",none,5,4,2,1,indoor,1,3
00014702,"The image's abstract nature, vivid colors, and distinct geometric shapes contribute significantly to its memorability.",none,4,5,3,4,outdoor,1,2
00014743,The unique architectural design and symmetrical pattern of the windows create a striking and memorable visual.,none,5,5,4,3,outdoor,1,2
00014749,The image's simplicity and the striking contrast between the white feather and the black specks create a memorable visual.,none,5,5,1,4,unclear,1,2
00014839,"The image's strong contrast, selective color, and focused composition create a striking and emotionally charged focal point.",prominent_faces,5,5,3,4,unclear,1,5
00014847,"The image's distinctiveness, clarity, and vivid colors contribute significantly to its memorability.",none,5,5,2,4,outdoor,1,3
00014862,"The image features a distinctive bobblehead figure as the focal point, which, combined with its novelty and clear subject, enhances memorability.",prominent_faces,5,5,3,4,indoor,2,3
00014866,"The image's distinctiveness, clear focal point, and emotional charge contribute significantly to its memorability.",people_present,5,5,2,4,outdoor,1,3
00014932,"The bold, colorful neon signage creates a striking and memorable focal point.",none,5,5,3,5,unclear,4,2
00014938,The striking architectural design and the contrast between the illuminated structure and the dark sky create a memorable scene.,none,5,5,3,4,outdoor,1,3
00014955,"The image captures a tender moment between two people, emphasizing emotional connection and distinctiveness.",prominent_faces,5,5,1,4,outdoor,1,5
00014985,The presence of people engaged in activity and the distinct architectural style make this scene memorable.,people_present,4,4,3,3,outdoor,1,2
00015032,"The image's simplicity, distinctiveness, and emotional charge drive its memorability.",people_present,5,4,2,1,outdoor,1,3
00015055,The image features distinctively crafted Christmas ornaments with a clear focal point and strong emotional charge.,none,5,5,3,5,indoor,1,4
00015067,"The image's simplicity, focus on a single subject, and the cat's serene expression contribute to its memorability.",none,5,4,2,1,indoor,1,3
00015091,The frozen lake with distinctive bare trees and autumn foliage creates a striking and emotionally evocative scene.,none,4,4,3,3,outdoor,1,3
00015122,"The man playing the pan flute on the pier creates a distinct and novel focal point against the scenic backdrop, enhancing memorability.",people_present,5,5,3,4,outdoor,1,2
00015144,The stark contrast between the 'ONE WAY' sign and the somber cemetery setting creates a striking and memorable image.,none,5,5,2,1,outdoor,3,4
00015158,"The image's distinctiveness, clear focal point, and emotional charge drive its memorability.",none,5,5,2,4,outdoor,1,4
00015167,The image's strong emotional charge and distinctiveness drive its memorability.,prominent_faces,5,5,2,4,indoor,1,5
00015205,"The vivid red roses against the rustic window create a striking contrast, making the scene memorable.",none,5,5,3,5,outdoor,1,4
00015262,The image's distinctive subjects and clear focal point drive its memorability.,people_present,4,4,3,2,unclear,1,3
00015291,"The image's simplicity, distinctiveness, and vivid colors make it highly memorable.",none,5,5,1,5,unclear,1,3
00015327,The vivid red lighting and the prominent face create a striking and emotionally charged focal point.,prominent_faces,5,5,2,5,indoor,1,4
00015338,The playful use of LEGO bricks to spell 'Google' creates a distinctive and novel focal point that enhances memorability.,none,5,5,3,4,indoor,2,2
00015346,"The image captures a candid moment of two children playing, which is emotionally charged and distinctive due to its natural and joyful interaction.",prominent_faces,5,4,2,4,outdoor,1,4
00015354,The stark contrast between the dead tree and the vibrant sky creates a striking and emotionally charged focal point.,none,5,5,3,4,outdoor,1,4
00015380,"The image's memorability is driven by its distinctive subject, the green couch, which stands out against the mundane urban backdrop.",none,5,5,2,3,outdoor,1,3
00015407,"The image's dramatic fire and destruction create a strong emotional charge and a clear focal point, enhancing memorability.",none,5,5,3,5,outdoor,1,5
00015422,"The image's distinctiveness, vivid colors, and clear focal point drive its memorability.",none,5,5,1,5,unclear,1,1
00015499,"The image's clarity, distinctiveness, and simplicity drive its memorability.",none,5,4,2,3,indoor,3,1
00015549,"The image's abstract nature, muted colors, and lack of distinct elements contribute to its low memorability.",none,1,2,1,2,unclear,1,1
00015644,The image's simplicity and distinctiveness drive its memorability.,none,5,5,1,2,unclear,1,1
00015647,"The image's strong emotional charge, distinctiveness, and clear focal point drive its memorability.",prominent_faces,5,5,2,4,outdoor,1,5
00015662,"The image's striking contrast between the dark figure and the bright church backdrop, along with its unusual composition, enhances memorability.",none,5,5,3,4,outdoor,1,4
00015696,"The vibrant colors, distinct food items, and the contrast between the fried snacks and the dipping sauce create a visually striking and novel scene.",none,4,4,3,5,indoor,1,2
00015726,The image's distinctiveness and the clear focal point of the camera lens make it memorable.,none,5,4,2,3,indoor,2,1
00015736,The striking contrast between the subject's attire and the industrial background creates a memorable visual impact.,prominent_faces,5,5,4,1,outdoor,1,3
00015805,The image's vivid colors and abstract composition make it visually striking and emotionally engaging.,none,3,4,2,5,unclear,1,4
00015828,"The image features a distinct Nikon camera as the focal point, with minimal background distractions, making it highly memorable.",none,5,4,2,3,indoor,1,1
00015834,"The large, metallic, and uniquely shaped vehicle with a face creates a strong focal point and emotional charge due to its unusual design.",none,5,5,4,2,outdoor,1,4
00015837,"The stark contrast and simplicity of the scene create a strong emotional charge and a clear focal point, enhancing memorability.",none,5,5,1,1,outdoor,1,5
00015851,The image's distinctiveness and the unusual context of a person sunbathing next to a vehicle contribute to its memorability.,prominent_faces,5,4,3,4,outdoor,1,2
00015955,"The image's memorability is driven by the distinct contrast between the child's face and the vibrant red apple, creating a strong focal point.",prominent_faces,5,5,1,5,unclear,1,4
00016029,"The image's distinctiveness and clarity drive memorability due to its unique, intricate design.",none,5,5,4,2,indoor,1,1
00016049,"The vivid colors and abstract composition make the image visually striking and novel, enhancing its memorability.",none,2,4,4,5,unclear,1,3
00016163,The image's distinctiveness and clear focal point drive its memorability.,people_present,5,4,2,3,outdoor,1,2
00016204,The image's distinctiveness and simplicity drive its memorability.,none,5,4,2,3,indoor,1,1
00016224,"The image's distinctiveness, vivid colors, and the presence of motion blur create a memorable scene.",people_present,3,4,4,4,outdoor,2,3
00016226,The image's striking contrast between the frosty trees and the warm sky creates a visually compelling and emotionally evocative scene.,none,5,5,2,4,outdoor,1,4
00016236,The close-up of the skateboard wheel creates a strong focal point with high clarity and distinctiveness.,none,5,5,2,4,outdoor,3,1
00016324,The image's distinctiveness and simplicity drive its memorability.,none,5,5,1,5,outdoor,1,1
00016341,"The image captures a moment of focus and movement, which can be emotionally engaging.",people_present,4,3,2,2,indoor,1,3
00016375,"The image's distinctiveness, vivid colors, and clear focal point drive its memorability.",none,5,5,2,5,unclear,1,3
00016491,"The image's vivid colors, clear focal point, and striking contrast make it highly memorable.",none,5,5,2,5,unclear,1,4
00016492,"The image's distinctive spherical distortion and the prominent cathedral create a striking focal point, enhancing memorability.",people_present,4,5,3,4,outdoor,1,2
00016563,The image's stark contrast and the human hand reaching out create a strong emotional charge and a clear focal point.,people_present,5,5,2,4,outdoor,1,5
00016635,"The image's distinctiveness, clear focal point, and vivid colors contribute significantly to its memorability.",none,5,5,2,4,outdoor,1,3
00016683,"The image's distinctiveness, clarity, and emotional charge make it highly memorable.",none,4,4,3,4,outdoor,1,3
00016691,The image's distinctiveness and emotional charge drive its memorability due to the unusual costumes and the playful interaction between the dogs.,none,5,5,3,4,indoor,1,4
00016711,The image's simplicity and the striking contrast between the white swan and the dark background make it memorable.,none,5,5,1,1,outdoor,1,2
00016732,The image's memorability is driven by its distinctive subjects and the emotional charge associated with iconic music albums.,none,3,4,4,1,indoor,5,4
00016763,The blurred motion and focus on hands playing piano create a sense of dynamic energy and artistic expression.,people_present,3,4,2,1,indoor,1,3
00016769,"The image's abstract nature, distinct shapes, and lack of clutter make it highly memorable.",none,5,5,3,2,outdoor,1,3
00016784,"The image's distinctiveness, clear focal point, and emotional charge contribute to its memorability.",prominent_faces,5,4,2,3,outdoor,1,3
00016800,"The image's distinctiveness, clarity, and emotional charge make it highly memorable.",none,4,4,3,4,outdoor,1,3
00016923,The image's distinctiveness and clarity drive its memorability due to the unique layout and focus on a specific object.,none,4,4,3,2,outdoor,2,1
00016930,"The image's striking contrast, unique subject, and intense expression drive high memorability.",prominent_faces,5,5,3,4,indoor,1,5
00016971,"The image captures a moment of gratitude with a clear focal point and emotional charge, enhancing its memorability.",prominent_faces,5,4,3,3,indoor,2,4
00017050,"The image's distinctiveness, vivid colors, and clear focal point drive its memorability.",prominent_faces,5,5,3,5,indoor,1,2
00017075,"The image's distinctiveness, clear focal point, and vivid colors contribute to its memorability.",prominent_faces,5,5,2,5,outdoor,1,3
00017090,"The image's memorability is driven by its distinctiveness, clear focal point, and vivid colors.",none,5,5,3,5,unclear,1,4
00017157,"The image's striking blue color, unique shape, and contrast with the green stem create a visually distinctive and emotionally charged focal point.",none,5,5,3,5,unclear,1,4
00017166,"The image's distinctiveness, emotional charge, and the prominence of the faces make it highly memorable.",prominent_faces,5,5,2,1,outdoor,1,4
00017186,The image's simplicity and the unusual positioning of the person create a striking and memorable scene.,people_present,5,5,1,3,indoor,1,2
00017199,"The image's distinctiveness, emotional charge, and clear focal point drive its memorability.",people_present,5,4,3,4,outdoor,1,4
00017233,The serene marina scene with its calm water reflections and soft lighting creates a peaceful and memorable atmosphere.,none,4,3,2,3,outdoor,1,3
00017271,"The image's distinctiveness, clarity, and vivid coloration make it highly memorable.",none,5,5,2,5,outdoor,1,1
00017338,The vehicle's unique design and vibrant colors make it highly distinctive and memorable.,none,5,5,4,4,outdoor,1,3
00017341,"The image's distinctiveness, emotional charge, and the clear focal point of the gravestones contribute to its memorability.",none,4,4,3,4,outdoor,2,4
00017347,"The image captures a dynamic moment of two individuals mid-air, creating a sense of action and movement that enhances memorability.",people_present,5,4,3,2,outdoor,1,4
00017351,The dramatic fire scene with a burning aircraft and emergency response vehicles creates a highly memorable and emotionally charged image.,none,5,5,4,5,outdoor,1,5
00017447,The image's simplicity and the distinct placement of the jeans create a clear focal point that enhances memorability.,none,5,4,2,3,outdoor,1,1
00017452,"The image's distinctiveness, clear focal point, and emotional charge contribute to its memorability.",people_present,5,4,2,3,outdoor,1,3
00017466,"The image's distinctiveness, clarity, and emotional charge drive its memorability.",none,5,5,2,4,outdoor,1,3
00017484,"The image's distinctiveness, novelty, and emotional charge drive its memorability due to the unusual and striking nature of the scene.",people_present,5,5,4,5,outdoor,1,4
00017512,The image's striking contrast between the city lights and the moon creates a memorable and emotionally charged scene.,none,5,5,2,4,outdoor,1,4
00017513,"The serene black-and-white composition, distinct focal point, and emotional stillness drive memorability.",none,4,4,2,1,outdoor,1,3
00017542,"The image's distinctiveness and the solitary figure create a strong focal point, enhancing memorability.",people_present,5,4,2,3,outdoor,1,2
00017697,"The image's clarity, distinctiveness, and vivid colors make it highly memorable.",none,5,5,3,5,unclear,1,4
00017831,"The image's distinctiveness, emotional charge, and clarity of focal point drive its memorability.",none,4,4,2,4,outdoor,1,3
00017854,"The chair's bold red color and unique design make it stand out, enhancing its memorability.",none,5,5,1,5,unclear,1,2
00017881,The striking vertical lines and stark contrast make the image visually distinctive and memorable.,none,5,5,2,1,outdoor,1,1
00017885,The image's distinctiveness and organization drive memorability.,none,5,5,4,4,indoor,2,1
00017887,"The image's memorability is driven by the distinct focus on hands playing piano keys, which creates a clear focal point and a sense of action.",people_present,5,4,2,3,indoor,1,2
00017889,"The close-up of the person's face with a strong emotional expression and a blurred background creates a striking contrast, enhancing memorability.",prominent_faces,5,5,2,4,unclear,1,5
00017939,"The image's simplicity, distinctiveness, and natural beauty contribute to its high memorability.",none,5,5,1,4,outdoor,1,3
00017957,"The image's distinctiveness, clarity, and emotional charge make it highly memorable.",none,5,5,2,4,outdoor,1,3
00018054,The striking contrast between the black cat's fur and its bright yellow eyes creates a visually distinctive and emotionally engaging focal point.,none,5,5,1,5,unclear,1,4
00018174,The image's distinctiveness and visual complexity drive its memorability due to its unusual and intricate design.,none,5,5,5,2,indoor,1,1
00018196,"The image's stark contrast and minimalistic composition evoke a strong emotional response, enhancing its memorability.",none,5,5,1,1,outdoor,1,5
00018203,"The abstract nature and vivid colors create a striking and emotionally charged scene, enhancing memorability.",none,2,4,4,4,unclear,1,3
00018252,The image's distinctiveness and clarity make it memorable due to its unique perspective and the clear focal point of the train platform.,none,4,3,2,3,outdoor,2,1
00018264,"The image has a high level of visual complexity and distinctiveness, which likely enhances its memorability.",none,3,4,5,2,unclear,1,2
00018360,"The vibrant colors, distinct fruit imagery, and bold branding create a striking and memorable visual.",none,5,5,5,5,outdoor,3,4
00018395,"The image's simplicity, distinctiveness, and lack of clutter make it highly memorable.",none,5,5,1,4,indoor,1,1
00018399,"The coin's placement on a natural stone surface creates a striking contrast and focal point, enhancing memorability.",none,5,4,2,3,outdoor,2,1
00018422,The serene sunset scene with its distinct colors and clear focal point enhances memorability.,none,5,5,1,5,outdoor,1,4
00018501,"The image's distinctiveness, focal point, and emotional charge drive its memorability.",none,5,5,2,5,indoor,1,4
00018545,"The image's distinctiveness, clarity, and emotional charge make it highly memorable.",none,5,5,3,4,indoor,4,4
00018599,The image's distinctiveness and novelty drive its memorability due to the unusual and creative tree decoration.,none,5,5,3,4,indoor,2,3
00018628,The image's distinctiveness and clear focal point drive its memorability.,people_present,5,4,2,1,indoor,1,1
00018688,"The vivid sunset, distinct silhouettes, and serene setting create a striking and emotionally charged focal point.",none,5,5,2,5,outdoor,1,4
00018694,"The image captures a moment of interaction between two children holding a soccer ball, which is visually distinct and emotionally engaging.",people_present,4,3,2,4,outdoor,1,3
00018711,"The interplay of light and shadow, along with the distinct triangular shape, creates a visually striking and emotionally evocative scene.",none,5,5,3,4,indoor,1,4
00018713,The striking contrast between the white tiger and the vibrant yellow flowers creates a visually distinctive and emotionally charged focal point.,none,5,5,3,5,outdoor,1,4
00018725,The image's strong contrast between the warm sunset and the dark silhouettes creates a striking and emotionally charged focal point.,none,4,4,2,4,outdoor,1,4
00018743,The image's distinctiveness and the prominent focal subject drive its memorability.,people_present,5,4,3,3,outdoor,1,2
00018785,The image's distinctiveness and clarity drive its memorability due to the unique shape and markings of the aircraft.,none,5,5,2,3,outdoor,2,1
00018817,The image's distinctiveness and clarity drive memorability due to its focused subject and minimalistic design.,none,5,4,1,2,unclear,3,1
00018839,"The image's memorability is driven by its distinctive arrangement of stars and names, creating a novel and emotionally neutral scene.",none,3,4,2,1,unclear,3,1
00018881,"The abstract nature, vivid colors, and dynamic composition make this image highly memorable.",none,2,5,5,5,unclear,1,4
00018898,"The image's distinctiveness, clarity, and emotional charge drive its memorability.",none,4,4,3,4,indoor,1,2
00018905,"The horse's head framed by a window creates a striking and novel composition, enhancing memorability.",none,5,5,2,3,unclear,1,3
00018907,The image's memorability is driven by its distinctiveness and the clear focal point of the man and car.,people_present,5,4,2,1,outdoor,1,1
00018925,"The image's distinctiveness, clarity, and emotional charge make it highly memorable.",none,5,5,4,5,indoor,1,3
00018953,"The image captures a child's playful interaction with water, creating a vivid and emotionally engaging scene.",people_present,5,4,2,5,outdoor,1,3
00018982,"The image's simplicity, distinct subject, and serene atmosphere drive its memorability.",people_present,5,4,2,3,indoor,1,3
00018983,"The image's distinctiveness, emotional charge, and clear focal point drive its memorability.",none,5,5,2,3,indoor,1,4
00019105,The image's memorability is driven by its distinctive subject (a stuffed animal in a mailbox) and the emotional charge associated with the unexpected placement.,none,5,5,2,5,outdoor,3,4
00019137,The image's striking contrast between the uniform white mugs and the vibrant fountain creates a memorable visual impact.,none,4,5,2,3,outdoor,1,3
00019160,"The image's clarity, distinctiveness, and vivid colors contribute to its memorability.",none,5,4,2,5,outdoor,1,3
00019203,The contrast between the vibrant bubble and the rusted chain creates a striking visual that captures attention.,none,5,5,3,4,outdoor,1,2
00019226,"The chair's construction from utensils creates a striking and unusual focal point, enhancing memorability.",none,5,5,5,3,indoor,1,2
00019250,"The image's distinctiveness, vivid colors, and clear focal point contribute significantly to its memorability.",none,5,5,3,5,outdoor,1,2
00019338,"The image's strong contrast, central figure, and dramatic lighting create a memorable scene.",people_present,5,5,3,4,indoor,1,5
00019372,"The scene's distinctiveness and the presence of people working on a large, curved structure make it memorable.",people_present,4,4,3,2,indoor,1,2
00019390,The image's distinctiveness and the emotional charge from the 'BAD!!' sign contribute significantly to its memorability.,people_present,4,4,3,3,indoor,2,4
00019404,The stark contrast between the worn white arrow and the red surface creates a visually striking and distinct focal point.,none,5,5,1,4,outdoor,1,1
00019412,The combination of a cute rabbit and a vibrant pink flower creates a striking contrast that enhances memorability.,none,5,5,2,5,indoor,1,4
00019428,"The vivid purple flower with its distinct star-shaped pattern and vibrant colors creates a strong focal point and emotional charge, enhancing memorability.",none,5,5,2,5,outdoor,1,4
00019444,"The image's simplicity, distinct color contrast, and clear focal point drive its memorability.",none,5,5,1,5,unclear,1,1
00019491,"The intricate tattoo designs and their detailed execution make them highly distinctive and visually complex, driving memorability.",none,5,5,5,3,indoor,1,4
00019567,The image's distinctiveness and novelty drive its memorability due to the unusual combination of a classic car with snowmobile tracks.,none,5,5,2,4,outdoor,3,3
00019612,The image's simplicity and distinct texture make it memorable.,none,5,5,1,1,unclear,1,1
00019645,The image's distinctiveness and clear focal point drive its memorability.,none,5,5,1,1,unclear,1,2
00019676,The black and white contrast and the distinct silhouette of the ferris wheel against the sky create a striking and memorable image.,people_present,5,5,3,1,outdoor,1,2
00019716,"The image captures a person engaged in a cooking activity, which is a relatable and common scene, but the presence of distinct elements like the apron and the kitchen setting adds a layer of interest.",people_present,4,3,3,2,indoor,1,1
00019737,"The image's clarity, distinctiveness, and vivid colors make it highly memorable.",none,5,5,2,4,unclear,1,3
00019802,"The image's distinctiveness and the presence of people create a strong focal point, enhancing memorability.",people_present,4,4,3,3,outdoor,2,3
00019862,"The image's memorability is driven by its distinctive and novel signage, which stands out due to its bold colors and unusual text.",none,5,5,3,5,outdoor,4,4
00019873,"The image's simplicity and focus on a single, clearly defined subject make it highly memorable.",none,5,3,1,2,indoor,1,1
00019903,The image's distinctive perspective and minimalistic composition drive memorability.,none,5,5,1,1,outdoor,1,1
00019957,"The vibrant colors, dynamic pose, and cultural attire create a striking and emotionally charged focal point.",people_present,5,5,4,5,outdoor,1,5
00019958,"The image's simplicity, distinctiveness, and emotional charge drive its memorability.",none,5,5,1,5,outdoor,1,4
00019978,The image's distinctiveness and the unusual juxtaposition of a traffic light with a glove create a striking and memorable scene.,none,5,5,3,2,outdoor,1,2
00019986,The image's distinctiveness and novelty make it highly memorable due to its unusual and striking subject matter.,none,5,5,1,5,outdoor,1,3
00020003,The striking contrast between the historic architecture and the dramatic lightning bolt creates a memorable and emotionally charged scene.,none,5,5,4,5,outdoor,1,5
00020004,"The deep blue lighting and reflective floor create a striking and somewhat eerie focal point, enhancing memorability.",none,4,4,2,3,indoor,1,3
00020022,"The image's simplicity, distinct traffic light against a vivid sky, and lack of clutter make it highly memorable.",none,5,5,1,5,outdoor,1,1
00020044,The image's focus on a unique and indulgent food item creates a strong emotional charge and visual distinctiveness.,none,5,5,4,4,indoor,1,4
00020072,The vibrant colors and distinct pattern make the crocheted blanket stand out as a visually striking and emotionally appealing subject.,none,5,5,3,5,indoor,1,4
00020080,The image's simplicity and the distinct contrast between the feet and the background make it memorable.,people_present,5,4,1,4,unclear,1,2
00020081,"The image features two distinctively dressed characters in a vibrant outdoor setting, creating a strong emotional charge and a clear focal point.",none,5,5,3,5,outdoor,1,5
00020163,"The repeated pattern of stickers creates a striking visual that stands out against the natural background, enhancing memorability.",none,5,5,3,4,outdoor,2,1
00020204,"The image's distinctiveness, focal point, and emotional charge contribute significantly to its memorability.",people_present,5,5,3,4,indoor,1,3
00020206,"The image's simplicity, distinctiveness, and vivid colors contribute to its memorability.",none,4,4,1,5,outdoor,1,3
00020375,"The vivid orange flowers against the snowy backdrop create a striking contrast, making the scene memorable.",none,5,5,2,5,outdoor,1,3
00020381,"The vibrant colors, distinct accessories, and playful pose create a visually striking and emotionally engaging image.",prominent_faces,5,5,4,5,outdoor,1,4
00020384,"The dim lighting and focused composition create a strong emotional charge and a clear focal point, enhancing memorability.",people_present,5,5,1,2,indoor,1,4
00020457,The serene rural landscape with a clear focal point and vivid colors enhances memorability.,none,4,4,2,4,outdoor,1,3
00020494,"The image features a distinctive French Bulldog wearing a blue sweater, making it a clear focal point with a strong emotional charge.",none,5,5,1,4,indoor,1,3
00020546,"The image captures a vivid street food scene with distinct activities and vibrant colors, making it memorable.",people_present,4,4,4,4,outdoor,1,3
00020560,"The image features two prominent faces with a clear focal point, minimal clutter, and a strong emotional charge due to the smiles and close proximity.",prominent_faces,5,4,2,3,indoor,2,4
00020613,"The image's stark contrast, central focus, and unique lighting create a striking and memorable composition.",none,5,5,2,4,indoor,1,3
00020619,"The image's striking contrast between the bright moon and dark clouds, along with its simplicity, makes it memorable.",none,5,5,2,4,outdoor,1,3
00020629,The image's distinctiveness and emotional charge drive its memorability due to the unusual pairing of dogs wearing a scarf and their expressive poses.,none,5,5,3,4,indoor,1,4
00020672,"The image's vivid colors, distinct glass sculptures, and serene environment create a striking and emotionally charged scene.",none,4,5,4,5,indoor,1,4
00020687,"The image's clarity, distinctiveness, and the dramatic visual of the aircraft in flight with afterburners add to its memorability.",none,5,5,3,2,outdoor,1,4
00020689,"The image's distinctiveness, clear focal point, and vivid colors contribute to its memorability.",prominent_faces,5,4,2,5,outdoor,3,3
00020742,The intricate and shiny details of the beaded crown create a visually striking and emotionally engaging focal point.,none,5,5,5,5,indoor,1,4
00020756,"The image's clarity, distinctiveness, and emotional charge make it highly memorable.",none,5,5,2,4,indoor,1,3
00020789,"The serene sunset and the lifeguard tower create a striking contrast, making the scene memorable.",none,5,5,1,5,outdoor,1,4
00020829,The image's emotional charge and distinctiveness drive its memorability.,people_present,5,4,2,1,indoor,1,4
00020868,"The image captures a person deeply engaged in reading, which creates a sense of focus and curiosity, enhancing memorability.",prominent_faces,5,4,3,4,indoor,2,3
00020870,"The image's focus on a single person singing into a microphone creates a strong emotional charge and a clear focal point, enhancing memorability.",prominent_faces,5,4,2,3,indoor,1,4
00020871,"The image's distinctive subjects, vivid colors, and abstract composition drive memorability.",none,1,5,5,5,indoor,1,3
00020886,"The image's simplicity, distinctiveness, and lack of visual clutter contribute to its memorability.",none,5,5,1,4,outdoor,1,1
00020904,"The dog's expressive eyes and unique pose create a strong emotional charge and a clear focal point, enhancing memorability.",none,5,4,2,3,indoor,1,4
00020948,"The image captures a dynamic moment in tennis, focusing on a player in action, which naturally increases memorability.",people_present,5,4,3,4,outdoor,1,3
00020952,The stark contrast between the rugged rock formation and the deep blue sea creates a striking and memorable scene.,none,5,5,2,5,outdoor,1,3
00020966,"The image's natural beauty, distinctiveness, and emotional charge drive its memorability.",none,4,4,3,3,outdoor,1,4
00020972,The image's strong emotional charge and distinctiveness drive its memorability.,prominent_faces,5,5,4,2,unclear,1,5
00020985,"The image's distinctiveness, emotional charge, and clear focal point drive its memorability.",people_present,5,5,3,4,outdoor,1,5
00020999,The image's distinctive shape and lack of background elements contribute significantly to its memorability.,none,5,5,1,1,unclear,1,1
00021008,The image's distinctiveness and the clear focal point drive its memorability.,prominent_faces,5,4,2,3,indoor,1,3
00021018,"The image's distinctiveness, clear focal point, and abstract design contribute to its memorability.",none,5,5,3,2,outdoor,1,2
00021070,"The stark contrast and bold lines make the subject stand out, enhancing memorability.",prominent_faces,5,5,2,4,unclear,1,3
00021094,"The wrinkled texture and vivid colors of the apple create a striking contrast against the wooden background, making it a memorable focal point.",none,5,5,2,4,indoor,1,3
00021114,The silhouette of a person against a vibrant sunset creates a striking contrast and evokes a strong emotional response.,prominent_faces,5,5,1,5,outdoor,1,5
00021178,"The stark contrast between light and shadow creates a strong emotional charge and a clear focal point, enhancing memorability.",none,5,5,1,1,indoor,1,5
00021191,"The interplay of light, shadow, and architectural elements creates a striking contrast that enhances memorability.",none,4,4,3,1,outdoor,1,3
00021198,"The image's striking natural beauty, distinct focal point, and warm color palette drive high memorability.",none,5,5,3,4,outdoor,1,4
00021250,"The stark contrast and the central tree create a strong focal point, enhancing memorability.",none,5,4,2,1,outdoor,1,3
00021263,"The image's motion blur and vibrant colors create a dynamic and novel visual experience, enhancing its memorability.",none,2,4,3,5,outdoor,1,3
00021334,"The image's distinctiveness, emotional charge, and lack of visual clutter contribute to its memorability.",none,4,4,2,1,outdoor,1,3
00021469,"The image's distinctive and novel subject matter, combined with its emotional charge and visual complexity, makes it highly memorable.",none,5,5,5,4,indoor,1,3
00021525,The image's low clarity and abstract nature make it less memorable due to its lack of distinct subjects or clear focal points.,none,1,2,4,3,unclear,1,1
00021545,The image's distinctiveness and the playful contrast between the plush toy and the text 'I'm a noob' drive memorability.,none,5,4,2,5,indoor,3,2
00021562,The unique combination of a sofa designed from motorcycle parts creates a striking and novel focal point.,none,5,5,4,3,indoor,1,2
00021584,"The image's simplicity, vivid colors, and the clear focal point of the child create a strong emotional charge and high memorability.",people_present,5,5,1,5,outdoor,1,4
00021595,"The distinct contrast between the white llama and black donkey, along with their calm demeanor, creates a memorable scene.",none,5,4,2,3,outdoor,1,1
00021603,The vivid colors and distinct shapes of the peppers create a striking and novel visual that enhances memorability.,none,5,5,2,5,unclear,1,3
00021604,"The image's distinctiveness, clear focal point, and emotional charge contribute to its memorability.",none,5,5,2,4,indoor,3,3
00021609,The image's distinctiveness and the contrast between the dark background and the brightly lit food items create a striking visual impact.,people_present,4,4,4,3,indoor,1,2
00021650,The image's striking contrast and singular focus on the light bulb against the dramatic sky make it highly memorable.,none,5,5,2,4,unclear,1,3
00021671,"The image's striking black-and-white contrast, the prominent face, and the pink skull graphic create a strong emotional charge and visual distinctiveness.",prominent_faces,5,5,3,2,unclear,1,4
00021687,"The bird's posture and the warm background create a sense of curiosity and tranquility, enhancing memorability.",none,5,4,2,4,outdoor,1,3
00021799,"The image's simplicity, distinctiveness, and emotional charge drive its memorability.",none,5,5,1,4,unclear,1,4
00021801,"The image's simplicity, distinctiveness, and emotional charge make it highly memorable.",none,5,5,1,4,outdoor,1,3
00021802,The abstract composition with vibrant colors and dynamic lines creates a visually striking and emotionally engaging piece.,none,2,5,5,5,unclear,1,4
00021827,"The dramatic lighting and central valley create a strong focal point, enhancing memorability.",none,5,5,3,2,outdoor,1,4
00021879,"The image's distinctiveness, clarity, and visual simplicity drive its memorability.",none,5,5,1,5,indoor,1,2
00021882,The image's distinctiveness and the unusual placement of a crescent moon symbol on the door make it memorable.,none,5,5,2,1,outdoor,1,3
00021968,The image's distinctiveness and clear focal point drive its memorability.,none,5,5,2,4,outdoor,1,3
00021993,The image's distinctiveness and visual complexity drive its memorability due to the unique arrangement of money.,none,3,4,4,4,indoor,2,1
00022009,"The image's memorability is driven by its distinctiveness, emotional charge, and the clear focal point of the woman amidst the lush greenery.",people_present,5,5,3,4,outdoor,1,4
00022038,"The image's distinctiveness, clear focal point, and emotional charge contribute significantly to its memorability.",none,5,5,2,4,indoor,1,3
00022070,"The image's striking symmetry, vivid color palette, and clear focal point drive its memorability.",none,5,5,1,5,outdoor,1,4
00022076,The abstract nature and emotional charge of the painting drive its memorability.,none,3,4,4,2,unclear,1,4
00022231,The image's memorability is driven by its distinctiveness and the clear focal point of the sailboats against the sky.,none,4,4,3,2,outdoor,1,1
00022269,"The image's distinctiveness, emotional charge, and clear focal point drive its memorability.",prominent_faces,5,4,2,3,indoor,1,4
00022331,"The image's distinctiveness, clarity, and vivid colors make it highly memorable.",none,5,5,3,4,indoor,1,2
00022360,"The image's vivid colors, distinct subjects, and clear focal point contribute to its memorability.",prominent_faces,5,5,3,5,outdoor,1,4
00022378,The sculpture's unique material and striking appearance make it highly memorable.,none,5,5,5,5,indoor,1,4
00022438,"The image's strong blue lighting, distinct stage setup, and the musicians' focused performance create a memorable scene.",people_present,4,4,3,4,indoor,1,3
00022468,"The image has a clear focal point with distinct clothing and background, making it memorable.",people_present,5,4,2,3,indoor,2,1
00022521,"The vast expanse of golden wheat field and the clear blue sky create a striking contrast, making the scene visually distinctive and emotionally evocative.",none,5,5,1,5,outdoor,1,3
00022540,"The vintage bus with its bold red color and unique design stands out against the natural backdrop, making it a strong focal point.",none,5,5,3,5,outdoor,2,4
00022631,"The image's simplicity, distinctiveness, and emotional charge make it highly memorable.",none,5,5,1,4,outdoor,1,3
00022671,"The image's distinctiveness, clarity, and architectural complexity drive its memorability.",none,5,5,4,3,outdoor,1,2
00022676,The image's distinctiveness and the framing of the natural landscape through a window create a strong focal point and emotional charge.,none,5,5,2,3,outdoor,1,4
00022684,"The image captures a rural scene with people riding horses, which is distinctive and emotionally engaging due to its cultural and traditional elements.",people_present,4,4,3,3,outdoor,1,3
00022701,"The image's distinctiveness, clarity, and emotional charge make it highly memorable.",none,4,4,3,4,outdoor,2,3
00022726,"The image's memorability is driven by its repetitive and striking text, which creates a strong visual impact.",none,1,3,2,4,indoor,5,2
00022748,"The image's distinctiveness, vivid colors, and natural beauty make it highly memorable.",none,4,5,3,5,outdoor,1,3
00022761,The image's distinctiveness and novelty drive its memorability due to the unusual placement of a soldering iron among typical kitchen utensils.,none,5,5,3,2,indoor,1,1
00022801,"The image's distinctiveness, vivid colors, and emotional charge contribute significantly to its memorability.",none,4,5,2,5,outdoor,1,4
00022816,The warm lighting and symmetrical architecture create a visually striking and emotionally engaging scene.,none,4,4,3,4,outdoor,1,3
00022818,"The vivid colors, distinct facial features, and the dramatic action create a strong emotional charge and high memorability.",prominent_faces,5,5,4,5,unclear,1,5
00022852,The image's distinctiveness and the clear focal point drive its memorability.,people_present,5,5,2,4,unclear,1,3
00022853,The image's distinctiveness and the clear focal point of the musician playing the unique guitar drive its memorability.,people_present,5,4,2,3,indoor,1,2
00022876,"The image's distinctiveness, emotional charge, and clarity of focal point drive its memorability.",none,5,5,3,4,outdoor,2,4
00022907,"The image's memorability is driven by the distinctiveness of the subjects and their clear, prominent faces.",prominent_faces,5,4,2,4,indoor,1,3
00022912,The image's distinctiveness and emotional charge drive its memorability due to the close-up view of piano keys and the blurred background.,none,4,4,2,3,indoor,1,3
00022920,The image's distinctiveness and simplicity drive its memorability.,none,5,5,2,4,indoor,1,1
00022949,The cat's unusual pose and the circular framing create a striking and memorable image.,none,5,5,3,4,indoor,1,3
00022955,"The image's distinctiveness and emotional charge drive its memorability due to the clown's striking makeup and the rainy, moody atmosphere.",people_present,4,4,3,3,outdoor,1,4
00023011,The playful arrangement of toy figures and colorful balls creates a visually striking and novel scene.,none,4,5,3,4,indoor,1,2
00023019,"The image's serene beauty, distinct bridge structure, and warm color palette create a strong emotional charge and a clear focal point, enhancing memorability.",none,5,5,2,4,outdoor,1,4
00023031,The image features a clear focal point with distinct elements that make it memorable due to its clarity and emotional charge.,prominent_faces,5,4,3,4,outdoor,3,4
00023042,"The large, golden donut sign serves as a strong focal point, making the scene memorable due to its distinctiveness and novelty.",none,5,5,2,4,outdoor,3,3
00023067,The stark contrast and singular focus on the flower create a strong emotional charge and high memorability.,none,5,5,2,1,unclear,1,5
00023074,"The image's distinctiveness, clear focal point, and playful composition drive its memorability.",prominent_faces,5,5,3,5,indoor,2,4
00023085,The vivid colors and distinct cloud formations create a striking and emotionally charged scene.,none,3,4,2,5,outdoor,1,4
00023155,The vivid colors and distinct architectural style make this scene highly memorable.,none,4,5,3,5,outdoor,1,2
00023174,"The aged barn with its weathered appearance and isolated setting creates a strong emotional charge and a clear focal point, enhancing memorability.",none,5,4,2,1,outdoor,1,4
00023211,"The image's low light and silhouette effect create a sense of mystery and intrigue, enhancing its memorability.",none,3,4,2,1,outdoor,1,3
00023214,The pigeon drinking water from the fountain creates a vivid and relatable scene that captures attention.,none,5,4,2,4,outdoor,1,3
00023272,"The image's strong contrast, clear focal point, and striking lighting create a memorable scene.",none,5,5,1,4,outdoor,1,3
00023275,The neon sign's bright colors and unique design make it highly distinctive and memorable.,none,5,5,3,5,outdoor,3,2
00023363,"The image's distinctiveness, clear focal point, and emotional charge drive its memorability.",none,5,5,4,3,indoor,1,4
00023367,The image's strong emotional charge and distinct subject make it highly memorable.,people_present,5,5,2,3,indoor,1,5
00023387,"The image captures a lively moment with distinct people and strong emotional expression, making it highly memorable.",prominent_faces,4,4,3,4,indoor,1,4
00023402,The image's distinctiveness and emotional charge drive its memorability due to the unusual and striking scene of cars submerged in floodwaters.,none,4,5,3,4,outdoor,1,4
00023442,The silhouette of a person against a vibrant sunset creates a striking contrast and evokes a strong emotional response.,prominent_faces,5,5,1,5,outdoor,1,5
00023473,"The image captures a dynamic moment of a diver mid-jump, creating a sense of action and adventure.",people_present,5,4,3,4,outdoor,1,3
00023481,The image's distinctiveness and the clear focal point of the elderly woman using a laptop drive its memorability.,prominent_faces,5,4,2,3,indoor,1,2
00023495,"The image's distinctiveness, emotional charge, and clear focal point drive its memorability.",prominent_faces,5,5,2,4,indoor,1,3
00023503,The image's memorability is driven by its distinct composition and the emotional charge of the subjects' interaction.,prominent_faces,4,4,3,1,indoor,1,3
00023542,"The pigeon's presence in an indoor setting creates a striking contrast, making it a clear focal point.",none,5,4,2,3,indoor,1,2
00023582,The image's simplicity and distinctiveness drive memorability.,none,3,4,1,2,unclear,1,1
00023590,"The image's distinctiveness, simplicity, and emotional charge make it memorable.",none,5,5,1,4,outdoor,1,3
00023593,The image's striking visual contrast and novel composition drive its memorability.,people_present,5,5,3,4,outdoor,2,3
00023609,The image's distinctiveness and complexity drive its memorability due to the urban landscape's intricate details and vibrant colors.,none,3,4,4,4,outdoor,1,2
00023630,The car's unique design and placement in a real-world setting create a striking contrast that enhances memorability.,none,5,5,3,4,outdoor,1,2
00023664,"The serene and minimalist composition, combined with the deep blue tones and the clear focal point of the boat, enhances memorability.",none,5,5,1,4,outdoor,1,3
00023778,"The image's distinctiveness and the reflection in the eye create a striking focal point, enhancing memorability.",none,5,5,2,3,indoor,1,2
00023811,The image's simplicity and the distinct color contrast make it memorable.,people_present,4,4,2,4,unclear,1,3
00023837,"The image's distinctiveness, clear focal point, and serene atmosphere drive its memorability.",none,5,5,2,4,outdoor,1,3
00023847,"The image has a clear focal point with distinct individuals and a novel setting, enhancing its memorability.",people_present,4,4,2,3,outdoor,1,2
00023869,"The image's vivid colors, distinct shapes, and lack of clutter make it highly memorable.",none,4,5,3,5,unclear,1,2
00023909,"The image features a clear focal point (the airplane) with distinct details and a novel composition, enhancing memorability.",none,5,4,2,3,outdoor,1,1
00023936,"The stark contrast between the simple cross and the elaborate floral arrangement, combined with the poignant question 'you?' creates a strong emotional charge and a clear focal point.",none,5,5,4,1,outdoor,2,5
00023942,"The image captures a lively and joyful moment, which enhances its memorability.",prominent_faces,4,3,2,3,outdoor,1,4
00023978,The image's strong emotional charge and distinctiveness drive its memorability.,none,5,5,3,4,unclear,1,5
00024000,The image's striking reflection and unique perspective create a memorable visual experience.,none,5,5,1,4,outdoor,1,3
00024018,"The image's simplicity, distinctiveness, and the contrast between the leaf and the perforated background drive its memorability.",none,5,5,1,4,indoor,1,2
00024060,"The image features a classic Mamiya camera with distinct details, making it visually striking and memorable.",none,5,5,2,3,indoor,2,1
00024087,"The vivid red tulips against a soft blue background create a striking contrast, making the image memorable due to its distinctiveness and emotional charge.",none,5,5,2,5,unclear,1,4
00024122,The image's distinctiveness and the contrast between the flooded racecourse and the person paddling create a strong emotional charge and a clear focal point.,people_present,5,5,3,2,outdoor,4,4
00024147,"The image captures a serene moment at a train station, featuring a clear focal point and a distinctively calm atmosphere.",people_present,4,3,2,4,outdoor,1,1
00024225,"The image captures a tender moment between two people, which is emotionally charged and visually striking.",prominent_faces,5,5,3,4,outdoor,1,5
00024248,"The image features a single clear focal point with a distinct and novel subject, making it memorable.",prominent_faces,5,4,2,4,outdoor,1,3
00024292,The finger puppet's unique design and expressive face make it stand out as a memorable subject.,none,5,5,2,4,indoor,1,3
00024398,"The image's distinctiveness, clear focal point, and emotional charge contribute significantly to its memorability.",prominent_faces,5,5,3,4,indoor,1,4
00024413,The simplicity and focus on a single candle flame create a strong emotional charge and high memorability.,none,5,5,1,4,indoor,1,5
00024488,"The image's distinctiveness, clear focal point, and emotional charge contribute significantly to its memorability.",people_present,5,5,1,5,outdoor,1,4
00024494,"The image's distinctiveness, vibrant colors, and dynamic pose create a strong emotional charge, enhancing its memorability.",prominent_faces,5,5,3,5,outdoor,1,5
00024500,The image's distinctiveness and vivid colors make it memorable.,none,5,5,1,5,indoor,1,1
00024519,"The image captures a dramatic flood scene with distinct elements like submerged streetlights and power lines, which create a strong emotional charge and a clear focal point.",none,4,3,2,2,outdoor,1,4
00024569,The serene natural setting with a clear focal point and distinct elements like the wooden dock and lush greenery enhances memorability.,none,4,3,2,3,outdoor,1,2
00024597,The image's distinctiveness and emotional charge make it memorable due to its unusual and striking nature.,people_present,5,5,2,3,outdoor,1,4
00024605,"The image's simplicity, distinctiveness, and emotional charge drive its memorability.",none,5,5,1,2,unclear,1,3
00024617,"The image has a clear focal point (the car) and distinct numbers marking parking spaces, making it memorable.",none,4,3,2,2,outdoor,3,1
00024634,"The image's simplicity and focus on a single, intimate moment drive its memorability.",people_present,5,4,2,1,unclear,1,3
00024668,"The image's clarity, distinctiveness, and simplicity drive its memorability.",none,5,4,1,2,outdoor,1,3
00024710,"The stark black-and-white contrast and the prominent, detailed face of the man create a strong emotional charge and a clear focal point.",people_present,5,5,2,1,unclear,1,4
00024724,"The scene is a typical workspace setup with distinct elements like a laptop, monitor, keyboard, and mouse, which makes it memorable due to its clarity and commonality.",none,4,3,2,4,indoor,1,1
00024775,The serene landscape with distinct elements like the stone lantern and calm water creates a memorable scene.,none,4,4,2,4,outdoor,1,3
00024780,"The abstract nature and vivid colors create a strong emotional charge and high distinctiveness, enhancing memorability.",none,1,5,5,5,unclear,1,5
00024789,"The close-up of the orangutan's face with its expressive eyes and textured fur creates a strong emotional charge and a clear focal point, enhancing memorability.",none,5,5,3,4,unclear,1,5
00024843,The image's distinctiveness and simplicity drive its memorability.,people_present,5,4,1,2,unclear,1,1
00024890,"The key's distinct shape and the deep red fabric create a striking contrast, enhancing memorability.",none,5,5,1,5,unclear,1,2
00024899,The image's distinctiveness and emotional charge drive its memorability due to the contrast between the blurred foreground and the focused background.,prominent_faces,3,4,4,1,outdoor,1,3
00024912,"The image features a clean, organized desk setup with a distinct focal point (iMac) and a novel aesthetic, driving memorability.",none,5,4,3,4,indoor,1,2
00024918,"The image captures a quaint, sunlit street scene with a clear focal point and distinct architectural elements, enhancing its memorability.",none,4,3,2,4,outdoor,1,2
00024960,"The image's abstract nature, distinct shape, and contrast drive high memorability.",none,5,5,2,1,indoor,1,3
00024967,"The image's simplicity and the reflective surface of the glass bottle create a striking contrast against the patterned fabric, enhancing its memorability.",none,5,4,2,3,indoor,1,1
00025100,The image's low visibility and lack of distinct elements make it less memorable.,none,1,1,1,1,unclear,1,1
00025135,"The image captures a serene beach scene with two dogs and a person, creating a calm and relatable moment.",people_present,4,3,2,3,outdoor,1,2
00025193,"The vibrant colors, distinct graffiti art, and the phrase 'LIFE IS REAL' create a visually striking and emotionally charged focal point.",none,4,4,5,5,outdoor,3,4
00025218,"The image's distinctiveness, novel subject matter, and emotional charge drive its memorability.",none,5,5,3,4,outdoor,3,2
00025223,"The image's distinctiveness, clarity, and vivid colors make it highly memorable.",none,5,5,3,5,indoor,2,3
00025234,"The image's futuristic design, dynamic action, and vivid colors make it highly memorable.",none,5,5,4,4,outdoor,1,4
00025235,"The image's distinctiveness, clear focal point, and vivid colors drive its memorability.",none,5,5,3,5,unclear,1,2
00025273,The image's simplicity and distinctiveness drive its memorability.,none,5,4,1,4,unclear,1,1
00025282,"The image's vivid colors, abstract forms, and strong emotional charge drive its memorability.",none,2,4,5,5,unclear,1,5
00025389,The stark contrast between the bare tree and the vibrant blue sky creates a striking focal point that enhances memorability.,none,5,5,2,4,outdoor,1,3
00025405,The cow's distinct appearance and the serene outdoor setting contribute to its memorability.,none,5,4,2,4,outdoor,1,3
00025420,"The image's simplicity, distinctiveness, and vivid colors contribute to its high memorability.",none,5,5,1,5,outdoor,1,1
00025519,"The image's clarity, distinctiveness, and vivid colors make it highly memorable.",none,5,5,3,5,outdoor,1,4
00025538,The image's distinctiveness and the clear focal point of the person's face drive its memorability.,prominent_faces,5,4,2,4,indoor,1,3
00025552,The image's distinctiveness and clarity drive its memorability due to the unusual and detailed focus on a mechanical component.,none,5,5,3,2,unclear,1,1
00025553,"The image's distinctive subject, novel elements, and strong emotional charge drive its memorability.",people_present,5,5,3,4,outdoor,1,5
00025585,"The vivid purple color and close-up perspective create a strong emotional charge and a clear focal point, enhancing memorability.",none,5,5,1,5,unclear,1,5
00025645,"The image's distinctiveness, clarity, and vivid colors make it highly memorable.",none,5,5,3,5,unclear,1,4
00025702,The image's distinctiveness and emotional charge drive its memorability due to the striking contrast between the action figure and the large hands.,none,5,5,3,4,indoor,1,4
00025707,The dynamic action and contrast between the players create a vivid and emotionally charged scene.,people_present,5,4,3,4,outdoor,2,4
00025708,The image's distinctiveness and the child's focused expression drive its memorability.,prominent_faces,5,4,2,3,indoor,1,3
00025712,"The image captures a dynamic moment in a baseball game, focusing on the action at home plate, which enhances its memorability.",people_present,5,4,3,4,outdoor,2,4
00025717,"The scene's quiet, dim lighting and solitary path create a sense of solitude and introspection, enhancing memorability.",none,3,4,2,2,outdoor,1,3
00025779,"The image features a clear and distinct focal point, a micrometer tool, which is novel and has a specific purpose, driving memorability.",none,5,4,2,3,indoor,2,1
00025803,"The image's symmetry, stark contrast, and absence of distractions make it highly memorable.",none,5,5,1,1,outdoor,1,3
00025842,"The image's distinctiveness, simplicity, and emotional charge drive its memorability.",none,4,4,3,4,unclear,1,3
00025850,"The image features a distinct train as the focal point, set against a relatively simple background, which enhances its memorability.",none,4,3,2,3,outdoor,1,1
00025861,"The intricate wood carving of a face with a hat and scarf creates a strong focal point and emotional charge, enhancing memorability.",none,5,5,4,3,indoor,1,4
00025873,"The image's distinctiveness, clear focal point, and emotional charge contribute significantly to its memorability.",none,5,5,3,4,indoor,1,4
00025902,"The image's distinctiveness, clear focal point, and emotional charge drive its memorability.",none,5,5,3,4,unclear,2,3
00025913,The image's distinctiveness and simplicity drive its memorability.,none,5,5,1,2,unclear,1,1
00025951,"The image's stark contrast, unusual subjects, and emotional charge drive its memorability.",prominent_faces,5,5,4,3,unclear,1,5
00025952,"The image captures a dynamic moment of children playing outdoors, which naturally evokes a sense of joy and energy.",people_present,4,3,2,4,outdoor,1,4
00025966,"The image's stark contrast and focus on a single, unusual subject make it highly memorable.",none,5,5,1,1,indoor,1,1
00025968,The image's distinctiveness and emotional charge drive its memorability due to the iconic characters and the dramatic lighting.,prominent_faces,4,4,3,2,unclear,3,4
00026016,The image's distinctiveness and clarity drive its memorability due to the unique design and clear focal points.,none,5,5,2,4,indoor,3,2
00026025,The image's strong emotional charge and distinct focal point drive its memorability.,people_present,5,4,2,1,indoor,1,4
00026059,"The close-up of the cat's face with its striking green eyes creates a strong emotional charge and a clear focal point, enhancing memorability.",none,5,4,2,3,indoor,1,4
00026068,"The image captures a joyful moment with a clear focal point and vivid colors, enhancing its memorability.",people_present,5,4,3,4,outdoor,1,5
00026100,The image's distinctiveness and clarity drive its memorability due to the sharp focus on a mechanical gear against a blurred background.,none,5,4,2,1,unclear,1,1
00026109,The image's distinctive texture and vibrant colors make it highly memorable.,none,5,5,4,5,unclear,1,3
00026167,The image's striking contrast between the decaying structure and the dynamic ocean waves creates a visually compelling and emotionally evocative scene.,none,5,5,3,4,outdoor,1,4
00026209,The image's distinctiveness and the focused action make it memorable.,people_present,5,4,3,2,indoor,1,2
00026217,"The image's simplicity, vivid color, and clear focal point drive its memorability.",none,5,5,1,5,unclear,1,2
00026248,The image's distinctiveness and simplicity drive its memorability.,none,5,4,2,3,outdoor,1,1
00026273,The image's stark contrast between the vibrant apple and the blurred pill bottle creates a strong focal point and emotional charge.,none,5,5,2,5,indoor,1,4
00026291,"The image's distinctiveness, clarity, and vivid colors make it highly memorable.",none,4,4,3,4,outdoor,1,2
00026382,"The image's distinctiveness, emotional charge, and clear focal point drive its memorability.",people_present,5,4,2,3,unclear,1,4
00026386,"The foggy atmosphere and solitary sailboat create a sense of mystery and solitude, driving memorability.",none,5,5,1,1,outdoor,1,4
00026397,The image's distinctiveness and the clear focal point of the person contribute significantly to its memorability.,prominent_faces,5,4,2,1,outdoor,1,3
00026428,"The image's memorability is driven by its distinctiveness and the motion blur effect, which creates a sense of movement and intrigue.",none,3,4,2,2,indoor,1,3
00026437,"The image's memorability is driven by the distinct group of people, the natural setting, and the warm lighting at sunset.",prominent_faces,4,3,2,4,outdoor,1,3
00026440,The map's distinctiveness and clarity drive memorability due to its unique layout and clear focal points.,none,4,4,3,4,unclear,2,1
00026444,The image's distinctiveness and the reflective wet pavement create a striking visual that enhances memorability.,people_present,4,4,3,4,outdoor,2,3
00026461,"The image's simplicity, distinctiveness, and emotional charge make it highly memorable.",none,5,5,2,3,indoor,1,4
00026475,"The image's distinctiveness, clear focal point, and emotional charge drive its memorability.",none,5,5,3,2,indoor,1,4
00026484,The bright yellow color and rugged design of the vehicle make it visually striking and memorable.,none,5,5,2,5,indoor,1,3
00026508,The stark contrast between the small house and the vast landscape makes it a striking focal point.,none,5,5,1,1,outdoor,1,3
00026577,"The serene and minimalist composition, combined with the soft color palette and clear focal point, enhances memorability.",none,5,5,1,2,outdoor,1,3
00026597,"The image's vivid colors, distinct textures, and close-up perspective create a strong emotional charge and a clear focal point, enhancing memorability.",none,5,5,4,5,unclear,1,5
00026611,"The image's strong contrast, focused lighting, and the subject's distinct facial features contribute to its memorability.",prominent_faces,5,4,2,1,unclear,1,3
00026657,The vibrant pink cosmos flower with its distinct petals and bright yellow center creates a striking focal point that enhances memorability.,none,5,5,2,5,outdoor,1,4
00026661,"The simplicity and clarity of the glass create a strong focal point, enhancing memorability.",none,5,3,1,2,indoor,1,1
00026699,The image's distinctiveness and clarity drive memorability due to its striking visual elements and clear focal point.,none,5,5,2,4,unclear,3,1
00026742,"The image's memorability is driven by its distinctive subject and clear focal point, as well as the contrast between the serene foreground and the dramatic background.",people_present,4,4,3,3,outdoor,1,2
00026749,The image's striking use of gold fabric and the dramatic focus on the eyes create a strong emotional charge and a clear focal point.,prominent_faces,5,5,2,5,indoor,1,5
00026792,"The vibrant purple flower stands out as a clear focal point against the green foliage, making it highly memorable.",none,5,5,3,5,outdoor,1,2
00026809,"The image's simplicity, distinctiveness, and the presence of people create a memorable scene.",people_present,4,4,2,3,outdoor,1,3
00026829,"The image's distinctiveness, clear focal point, and emotional charge drive its memorability.",none,5,5,3,4,outdoor,1,4
00026832,The car's unique design and the setting at a car show make it highly memorable.,people_present,5,5,3,4,indoor,2,3
00026864,"The image's clarity, distinctiveness, and simplicity drive its memorability.",none,5,4,2,1,indoor,1,1
00026872,"The image captures a dramatic flood scene with a clear focal point, distinctiveness, and strong emotional charge.",none,5,5,3,3,outdoor,1,5
00026904,"The tool's unique shape and vibrant red handle make it stand out against the plain background, enhancing its memorability.",none,5,4,1,3,indoor,1,1
00027023,"The car's unique design and open doors create a strong focal point, enhancing memorability.",none,5,5,3,4,indoor,1,2
00027045,The image's distinctiveness and clarity drive its memorability due to the close-up focus on a well-used hammer against a simple wooden background.,none,5,4,2,3,indoor,1,1
00027080,"The cat's direct gaze and distinct facial features make it a strong focal point, enhancing memorability.",none,5,4,2,3,indoor,1,3
00027129,The image's distinctiveness and clarity drive its memorability due to its striking perspective and lack of visual clutter.,none,5,5,1,1,outdoor,1,1
00027168,"The image's distinctiveness, contrast between old and new architecture, and the striking green building make it highly memorable.",none,5,5,4,4,outdoor,1,3
00027205,"The sepia tone and historical sign create a nostalgic and distinct atmosphere, enhancing memorability.",none,4,4,3,2,outdoor,2,3
00027267,"The image's stark contrast, solitary figure, and contemplative pose create a strong emotional charge and a clear focal point.",people_present,5,5,2,1,outdoor,1,4
00027305,The image's memorability is driven by the contrast between the serious military setting and the playful action of handling toy vehicles.,people_present,5,4,2,3,outdoor,1,3
00027313,"The image captures a moment of joy and playfulness, making it emotionally charged and visually distinct.",prominent_faces,5,4,3,4,indoor,1,4
00027320,The unique and organic form of the driftwood furniture creates a strong visual impact and emotional connection.,none,5,5,4,3,indoor,1,4
00027366,"The image captures a focused moment of learning, which can be emotionally engaging and distinctive due to its educational context.",people_present,5,4,3,3,indoor,4,2
00027391,The unique shape and texture of the sofa make it stand out as a distinctive subject.,none,5,5,2,3,unclear,1,1
00027435,"The bright yellow object contrasts sharply with the dark rocks and ocean, making it a clear focal point.",none,5,5,2,5,outdoor,1,3
00027451,"The image's simplicity, distinctiveness, and emotional charge make it highly memorable.",none,5,5,1,4,unclear,1,5
00027511,"The image's memorability is driven by the distinctiveness of the subjects and their actions, as well as the emotional charge associated with the scene.",prominent_faces,4,4,3,4,outdoor,2,3
00027573,"The intricate and unusual design of the car makes it highly distinctive and visually complex, driving memorability.",people_present,5,5,5,3,indoor,1,2
00027574,"The image's distinctive subjects, vibrant colors, and abstract composition drive high memorability.",none,3,5,5,5,unclear,1,4
00027587,The image's simplicity and the clear focal point of the windmill make it highly memorable.,none,5,4,1,2,outdoor,1,1
00027604,"The image captures a candid moment of two children looking out a window, which evokes curiosity and a sense of wonder, driving memorability.",prominent_faces,5,4,2,3,indoor,1,3
00027616,The image's distinctiveness and the clear focal point of the city skyline against the evening sky drive its memorability.,none,4,4,2,3,outdoor,1,2
00027675,"The image features a clear focal point (laptop) with distinct elements like the iWork box and X server, making it memorable.",none,5,4,3,3,indoor,2,1
00027694,The image's striking contrast and unique cloud formations drive memorability.,none,3,4,4,2,outdoor,1,3
00027716,The serene expression and distinct features of the Buddha statue make it highly memorable.,none,5,5,3,2,indoor,1,4
00027870,The image's distinctiveness and visual complexity drive its memorability due to the unusual juxtaposition of Gothic arches and modern scaffolding.,none,3,4,4,2,indoor,1,1
00027988,"The image's distinctiveness, clarity, and emotional charge make it memorable.",none,5,4,2,4,indoor,3,3
00028021,"The vibrant neon lights, dynamic fountain, and clear focal point of the cinema create a striking and memorable scene.",none,5,5,4,5,outdoor,2,3
00028100,"The image's distinctiveness, vivid colors, and clear focal point drive its memorability.",none,5,5,1,5,unclear,1,1
00028111,"The image's natural setting, distinct trees, and clear road create a memorable scene.",none,4,3,2,4,outdoor,1,2
00028185,The image's distinctiveness and clear focal point drive its memorability.,people_present,5,4,3,2,indoor,3,2
00028186,"The image captures a child playing soccer on a beach, creating a vivid and emotionally engaging scene.",people_present,5,4,2,5,outdoor,1,3
00028193,"The stark contrast and singular focus on the circular object create a strong visual impact, enhancing memorability.",none,5,5,1,1,outdoor,1,2
00028229,The rustic wooden structure and natural setting create a distinct and novel scene that enhances memorability.,none,4,4,3,3,outdoor,1,2
00028279,"The image's distinctiveness, clarity, and the presence of a person interacting with the vehicle enhance its memorability.",people_present,5,5,3,4,outdoor,1,2
00028283,The dramatic sky and the contrast between the people and the landscape create a striking and memorable scene.,people_present,4,4,3,2,outdoor,1,3
00028309,"The striking contrast between the modern, curved skyscraper and the traditional, colorful houses creates a memorable visual impact.",none,5,5,3,4,outdoor,1,3
00028326,"The large, straw-covered structure with a clear sign and people interacting around it creates a strong focal point and emotional charge.",people_present,5,4,3,2,outdoor,2,3
00028327,"The vibrant colors, large group of people, and the dynamic activity create a visually striking and emotionally engaging scene.",prominent_faces,3,4,4,4,outdoor,1,4
00028342,The contrast between the metallic texture and the blue mosaic tiles creates a visually striking and distinctive composition.,none,4,4,2,3,unclear,1,1
00028365,"The image's natural setting, distinctiveness, and lack of visual clutter contribute to its memorability.",none,4,4,3,4,outdoor,1,2
00028384,The image's striking contrast between the snow-covered mountain and the dynamic clouds creates a memorable scene.,none,5,5,3,4,outdoor,1,4
00028391,"The black-and-white composition, distinct architectural subject, and serene natural setting contribute to its memorability.",none,5,4,2,1,outdoor,1,3
00028403,The image's distinctiveness and clarity drive memorability due to its close-up view of a railway signal with a clear focal point.,none,5,4,3,3,outdoor,1,1
00028420,"The image's memorability is driven by the striking contrast between the vibrant jellyfish and the dark silhouette of the person taking a photo, creating a sense of wonder and curiosity.",prominent_faces,5,5,4,5,indoor,1,4
00028460,"The image's simplicity, distinct focal point, and warm color palette create a strong emotional charge, enhancing memorability.",none,5,5,1,4,indoor,1,5
00028506,"The image's distinctiveness, clarity, and vivid colors make it highly memorable.",none,5,5,2,4,outdoor,1,3
00028528,"The image's distinctiveness and clarity drive its memorability due to the unique design of the car's taillight and the smooth, reflective surface.",none,5,5,2,4,unclear,1,1
00028571,The image's simplicity and the presence of horses in a natural setting contribute to its memorability.,none,4,3,2,4,outdoor,1,2
00028609,"The stark contrast between the snow-covered road and the dark silhouette of the person creates a strong visual focal point, enhancing memorability.",people_present,5,4,2,1,outdoor,1,3
00028638,The image's distinctiveness and the clear focal point of the person walking create a memorable scene.,people_present,4,4,3,3,indoor,1,2
00028702,"The image features a chef with a creative fruit display, making it visually striking and novel.",people_present,5,5,4,5,indoor,2,3
00028713,"The image's distinctiveness, clear focal point, and vivid colors contribute to its high memorability.",none,5,5,2,4,outdoor,1,3
00028714,The image's striking tattoo and the contrast between the two halves create a strong focal point and emotional charge.,people_present,5,5,4,2,indoor,1,4
00028790,"The image's memorability is driven by the distinct faces, the clear focal point, and the emotional interaction between the two individuals.",prominent_faces,5,4,3,3,indoor,1,4
00028793,"The vivid red golf ball against the green grass creates a striking contrast, making it a clear focal point.",none,5,5,1,5,outdoor,1,2
00028796,"The graffiti's bold colors and provocative message make it stand out, increasing its memorability.",none,3,4,2,4,indoor,4,4
00028846,The image's distinctiveness and the clear focal point of the orange make it highly memorable.,people_present,5,5,1,5,unclear,1,2
00028894,"The image captures a tender moment between a mother duck and her ducklings, which evokes strong emotional responses.",none,5,4,3,4,outdoor,1,5
00028897,The image's distinctiveness and clarity drive its memorability due to the unique design of the aircraft and the clear focal point.,none,5,4,2,1,outdoor,1,1
00028903,"The image captures a child's playful activity at the beach, which is inherently engaging and emotionally resonant.",people_present,5,4,2,4,outdoor,1,3
00028904,"The image's vivid colors, distinct flower shapes, and human interaction create a strong emotional charge and clear focal point, enhancing memorability.",people_present,5,5,3,5,unclear,1,4
00028946,"The intricate architectural design and unique structure make this image highly distinctive and visually complex, driving memorability.",none,3,5,5,2,indoor,1,4
00029062,"The image has a clear focal point with a person actively engaged in work, which enhances memorability.",people_present,5,3,2,3,indoor,3,1
00029072,The distinctive subject (the hanging airplane) and the unique setting (a shopping mall with a naturalistic display) drive memorability.,none,4,4,3,4,indoor,2,2
00029170,The image's emotional charge and the distinctiveness of the subject contribute significantly to its memorability.,prominent_faces,4,4,2,3,unclear,1,4
00029191,The image's eerie atmosphere and distinct elements like the gravestones and church create a strong emotional charge.,none,3,4,2,1,outdoor,1,4
00029203,The image's simplicity and distinct architectural features make it memorable.,none,5,4,2,3,outdoor,1,1
00029252,"The stained glass window features a distinct coat of arms with clear text and a single focal point, making it highly memorable.",none,5,5,4,4,indoor,3,2
00029254,"The serene and distinct composition, combined with the clear focal point of the boat, enhances memorability.",none,5,4,2,3,outdoor,2,2
00029255,The intricate details and striking patterns of the butterfly make it a visually captivating and memorable subject.,none,5,5,4,3,outdoor,1,2
00029259,"The image captures a poignant moment between a child and a lamb, creating a strong emotional connection.",people_present,5,4,2,3,outdoor,1,4
00029305,"The vibrant purple orchid with its distinct patterns and vivid colors creates a striking focal point against a bright yellow background, enhancing memorability.",none,5,5,3,5,unclear,1,4
00029398,The image's distinctiveness and the man's posture create a memorable scene.,people_present,5,4,3,4,outdoor,1,2
00029399,The image's distinctiveness and the clear focal point drive its memorability.,prominent_faces,5,4,2,3,indoor,1,3
00029403,"The image captures a dynamic and joyful moment between a person and two dogs at the beach, making it emotionally charged and visually striking.",people_present,5,5,4,5,outdoor,1,5
00029412,"The chair's unique design, combining drum elements with a seat, creates a distinctive and novel focal point.",none,5,5,3,4,unclear,1,2
00029453,The image's strong emotional charge and distinct focal subject drive its memorability.,people_present,5,4,2,3,unclear,1,5
00029473,"The image's simplicity, distinctiveness, and clear focal point drive its memorability.",none,5,4,1,3,indoor,1,2
00029476,The unique design and striking contrast between the two chairs drive memorability.,none,5,5,4,3,indoor,1,2
00029477,"The image features two distinct individuals in a clear, focused setting, which enhances its memorability.",people_present,5,4,2,3,outdoor,1,2
00029513,The image's striking contrast between the silhouetted trees and the vibrant sunset sky creates a memorable and emotionally charged scene.,none,5,5,3,5,outdoor,1,5
00029521,"The image's distinctiveness, emotional charge, and clarity of focus drive its memorability.",people_present,5,4,3,4,unclear,1,4
00029603,"The image's simplicity, distinctiveness, and vivid color scheme make it highly memorable.",none,5,5,1,5,unclear,1,2
00029656,The image's stark contrast between the hand and the decaying window creates a strong emotional charge and a clear focal point.,people_present,5,5,3,4,indoor,1,5
00029657,"The image's distinctiveness, vivid coloration, and clear focal point drive its memorability.",none,5,5,2,5,unclear,1,3
00029666,The image's distinctiveness and the person's expressive pose contribute significantly to its memorability.,prominent_faces,5,4,2,3,indoor,1,3
00029670,The image's focus on the sizzling steak against the flames creates a strong visual contrast and emotional appeal.,none,5,5,3,4,unclear,1,4
00029679,The vivid rainbow and the contrast between the dark sky and the colorful landscape create a striking and memorable scene.,none,5,5,3,5,outdoor,1,4
00029703,The image's distinctiveness and emotional charge drive its memorability due to the unusual and striking nature of the subject matter.,prominent_faces,5,5,2,4,indoor,1,5
00029720,The image's distinctiveness and simplicity drive its memorability.,people_present,4,4,2,3,outdoor,2,1
00029723,"The simplicity and distinctiveness of the scene, combined with the clear focal point and vivid colors, drive its memorability.",none,5,5,1,5,outdoor,1,2
00029752,"The aerial view of the castle ruins provides a striking contrast between the ancient structure and the modern surroundings, making it visually distinctive and emotionally evocative.",none,5,5,3,4,outdoor,1,3
00029810,"The image captures a dynamic street scene with people crossing, set against a vibrant urban backdrop, making it visually engaging and memorable.",people_present,4,4,3,4,outdoor,1,2
00029849,"The image's distinctiveness, emotional charge, and clarity of focus drive its memorability.",prominent_faces,5,5,3,1,indoor,1,4
00029858,The image captures a lively social gathering with distinct individuals and strong emotional engagement.,prominent_faces,4,4,3,4,indoor,1,4
00029868,"The image's simplicity, distinctiveness, and emotional charge contribute to its memorability.",none,5,4,2,3,unclear,1,3
00029914,"The silhouette of a person holding an umbrella against a rainy urban backdrop creates a strong contrast and emotional charge, enhancing memorability.",people_present,5,4,2,3,outdoor,1,4
00029924,The image's striking contrast between the fiery sunset and the dark silhouettes creates a powerful and memorable scene.,none,5,5,2,5,outdoor,1,5
00029926,The image's distinctiveness and simplicity drive its memorability.,none,5,5,1,4,indoor,1,2
00029930,The London Eye's illuminated structure against the night sky creates a striking and memorable focal point.,none,5,5,3,5,outdoor,1,4
00029966,The image's distinctiveness and clarity drive memorability due to its focused subject and minimalistic composition.,none,5,4,2,3,indoor,3,1
00030021,"The image's striking contrast between the vibrant foreground flowers and the rugged, icy mountain backdrop creates a memorable scene.",none,5,5,3,4,outdoor,1,3
00030028,"The image captures a dynamic interaction between two birds, creating a sense of action and tension that enhances memorability.",none,5,5,3,2,outdoor,1,4
00030051,The striking contrast between the vibrant sky and the urban landscape creates a memorable scene.,none,4,5,3,5,outdoor,1,4
00030102,"The long, empty platform with its architectural details creates a sense of solitude and timelessness, enhancing memorability.",none,4,4,2,1,outdoor,1,3
00030113,The image's distinctiveness and clear focal point drive its memorability.,prominent_faces,5,4,2,3,indoor,1,2
00030118,"The image's striking composition, distinct lighting, and dynamic poses create a memorable and emotionally charged scene.",prominent_faces,5,5,4,3,indoor,1,5
00030122,"The vivid colors, distinct subject, and clear focal point drive memorability.",prominent_faces,5,5,4,5,indoor,1,3
00030131,The close-up of the snake's face creates a strong focal point and emotional charge due to its direct gaze.,none,5,5,2,4,outdoor,1,4
00030154,"The image's distinctiveness, clarity, and vivid colors make it highly memorable.",none,5,5,3,5,unclear,1,2
00030187,The dog's tongue sticking out creates a humorous and memorable focal point.,none,5,4,2,4,outdoor,1,3
00030198,"The spiral staircase's distinct shape and the people's placement create a striking focal point, enhancing memorability.",people_present,4,5,3,1,indoor,1,2
00030205,"The stark contrast and simplicity of the silhouette create a strong emotional charge and high distinctiveness, enhancing memorability.",none,5,5,1,1,outdoor,1,5
00030217,"The image's distinctiveness and the contrast between the stationary person and the moving train create a strong focal point, enhancing memorability.",people_present,5,5,3,4,indoor,1,3
00030254,"The stark contrast between light and shadow, combined with the silhouetted figures, creates a strong emotional charge and a clear focal point.",people_present,5,5,2,1,indoor,1,5
00030259,"The image's distinctiveness, clarity, and vivid colors make it highly memorable.",none,5,5,2,5,outdoor,1,3
00030302,The child's direct gaze and the contrast between the light and shadow create a strong emotional charge and a clear focal point.,prominent_faces,5,4,2,3,outdoor,1,4
00030314,The image's distinctiveness and the clear focal point drive its memorability.,people_present,5,4,2,1,indoor,1,3
00030317,"The image's distinctiveness, clear focal point, and emotional charge contribute to its memorability.",prominent_faces,5,4,3,1,outdoor,1,3
00030341,"The image features a single clear focal point with distinct clothing and accessories, making it memorable.",prominent_faces,5,4,2,4,outdoor,1,3
00030389,"The image's distinctiveness, clear focal point, and emotional charge drive its memorability.",people_present,5,5,2,3,outdoor,1,4
00030392,"The image's simplicity, clear focal point, and emotional charge drive its memorability.",none,5,4,1,1,outdoor,1,3
00030412,"The black and white contrast and the vast, open sky create a striking and memorable scene.",none,3,4,2,1,outdoor,1,3
00030428,"The image's simplicity, distinctiveness, and emotional charge drive its memorability.",none,5,5,1,4,outdoor,1,3
00030465,"The stack of neatly bundled books creates a sense of order and organization, which can be visually striking and memorable.",none,5,3,2,4,indoor,1,2
00030477,"The dramatic sky and open road create a striking contrast, enhancing memorability.",none,4,5,2,4,outdoor,1,4
00030536,"The image's striking visual elements, including the vivid colors and dynamic patterns, drive its memorability.",none,5,5,4,5,unclear,1,4
00030548,"The image's simplicity, distinctiveness, and emotional charge contribute to its memorability.",none,3,4,2,4,outdoor,1,3
00030649,"The image features a distinctively patterned dog as the focal point, creating a strong emotional charge and a clear, novel subject.",none,5,5,2,4,indoor,1,4
00030714,"The interplay of light, water, and human presence creates a striking and emotionally charged focal point.",people_present,5,5,3,4,outdoor,1,4
00030795,The image captures a moment of religious significance with a clear focal point and emotional charge.,people_present,5,4,3,1,indoor,1,4
00030843,"The panoramic view captures a unique urban landscape with distinct buildings and a wide street, enhancing its memorability.",none,3,4,3,3,outdoor,1,2
00030859,"The serene coastal landscape with its distinct cliffs, calm water, and soft sky evokes a sense of peace and tranquility, enhancing memorability.",none,4,4,2,3,outdoor,1,3
00030887,"The image's clarity, distinctiveness, and emotional charge drive its memorability.",none,5,5,2,1,outdoor,1,4
00030889,"The image's striking contrast between light and shadow, along with the dramatic sky, creates a strong emotional charge and a clear focal point.",none,5,5,3,4,outdoor,1,5
00030906,The image's distinctiveness and emotional charge drive its memorability due to the unusual and striking nature of a mouse being placed inside a sandwich.,none,5,5,3,4,unclear,1,4
00030986,"The image's distinctiveness, clarity, and color vividness drive its memorability.",none,5,5,3,4,indoor,1,2
00031024,"The striking contrast and vivid colors make the eye the clear focal point, enhancing memorability.",prominent_faces,5,5,3,5,unclear,1,5
00031109,"The map design creates a distinctive and novel focal point, enhancing memorability.",none,5,5,3,4,indoor,2,1
00031117,The image's simplicity and the unique texture of the horse's coat make it memorable.,none,5,5,1,1,unclear,1,1
00031146,"The image's stark contrast between decay and new life, along with its moody lighting, creates a strong emotional charge and a sense of distinctiveness.",none,4,4,3,2,indoor,1,4
00031202,The Game Boy's iconic design and the classic game displayed on its screen make it highly distinctive and memorable.,none,5,5,2,3,indoor,2,1
00031236,"The image features two distinct individuals in a clear, focused setting with a vivid color scheme and emotional expression, enhancing memorability.",prominent_faces,5,4,3,4,indoor,2,3
00031271,The image's distinctiveness and emotional charge drive its memorability due to the serene and slightly eerie atmosphere.,none,3,4,2,2,outdoor,1,3
00031291,The image's low lighting and focus on a person wearing a distinctive t-shirt make it memorable due to its distinctiveness and the clear focal point.,people_present,4,4,2,2,indoor,3,1
00031297,The stark contrast between the whimsical snowman and the eerie skull creates a memorable juxtaposition.,none,5,4,3,4,indoor,2,3
00031313,The dynamic action and urban setting create a visually striking and emotionally engaging scene.,people_present,4,4,3,3,outdoor,1,3
00031373,"The image's memorability is driven by the striking contrast between the person and the detailed, monochromatic background, creating a strong focal point.",prominent_faces,5,5,4,1,indoor,1,3
00031412,"The image's simplicity, distinctiveness, and reflective quality make it memorable.",none,4,4,2,3,outdoor,1,2
00031428,The image's high contrast and unique perspective create a striking visual that enhances memorability.,people_present,4,5,3,2,outdoor,1,3
00031444,The striking sugar skull makeup and bold tattoos create a visually distinctive and emotionally charged focal point.,prominent_faces,5,5,4,5,unclear,1,5
00031459,"The image's strong emotional charge, distinctiveness, and clear focal point drive its memorability.",people_present,5,5,3,5,indoor,1,5
00031468,The image's distinctiveness and the clear focal point of the hand squeezing milk drive its memorability.,people_present,5,4,2,3,indoor,1,3
00031483,"The image's distinctive subject, clear focal point, and emotional charge drive its memorability.",people_present,5,5,2,1,indoor,1,4
00031557,"The stark contrast and novel silhouette create a strong emotional charge and high distinctiveness, enhancing memorability.",prominent_faces,5,5,2,4,indoor,1,5
00031600,The image's memorability is driven by its distinctiveness and the clear focal point of the person gesturing.,people_present,4,4,3,3,indoor,1,2
00031601,"The image features a distinct subject (a person with a dog) in a natural outdoor setting, which enhances memorability.",people_present,5,4,3,4,outdoor,1,2
00031640,The dramatic sky and contrast between the cloudy sky and the golden field create a striking and memorable scene.,none,4,4,3,3,outdoor,1,3
00031661,"The serene landscape with its reflective water and vibrant colors creates a strong emotional charge and a clear focal point, enhancing memorability.",none,5,5,1,5,outdoor,1,5
00031667,"The black-and-white composition, distinct architectural details, and the presence of people create a memorable scene.",people_present,4,4,3,1,outdoor,1,2
00031729,"The image's distinctiveness, clarity, and emotional charge drive its memorability due to the snow-covered sign and bicycle symbol.",none,5,5,2,4,outdoor,3,2
00031753,"The image captures a playful and unusual interaction between two dogs, which is both distinctive and emotionally engaging.",none,5,5,3,4,outdoor,1,4
00031809,"The striking use of color, bold lines, and a single clear focal point drive memorability.",none,5,5,4,5,outdoor,1,4
00031814,"The image's striking colors, clear focal point, and serene atmosphere drive its memorability.",none,5,5,1,5,outdoor,1,5
00031846,"The image's distinctive subject, novel composition, and emotional charge drive its memorability.",people_present,4,5,3,4,indoor,2,4
00031870,"The image's distinctiveness, emotional charge, and clarity of focal points drive its memorability.",none,4,4,3,2,outdoor,1,3
00031883,"The distinct vintage vehicles and their uniformity create a strong focal point, enhancing memorability.",none,4,3,2,1,outdoor,1,1
00031889,"The image's memorability is driven by its collection of nostalgic gaming devices, which evoke strong emotional responses.",none,3,4,4,3,indoor,2,4
00031923,"The image's distinctiveness, simplicity, and emotional appeal drive its memorability.",none,5,5,1,5,outdoor,1,4
00031926,The sign's bold text and clear message about photography restrictions make it highly memorable.,none,5,3,2,4,outdoor,4,2
00031940,"The silhouette of the tree against the vibrant sunset creates a striking contrast, making it a clear focal point and emotionally evocative.",none,5,5,1,5,outdoor,1,4
00031953,The close-up of the otter's face with its expressive eyes and wet fur creates a strong emotional charge and a clear focal point.,none,5,5,2,4,unclear,1,5
00031957,"The vivid red color and weathered texture make the image distinctive and visually striking, enhancing its memorability.",none,3,4,2,5,unclear,1,2
00031974,The image's strong emotional charge and distinct focal point drive its memorability.,prominent_faces,5,5,3,4,indoor,1,5
00032063,"The image's distinctiveness, emotional charge, and clear focal point drive its memorability.",prominent_faces,5,5,2,3,indoor,1,4
00032068,"The reflection in the mirror creates a unique and intriguing focal point, enhancing memorability.",prominent_faces,4,4,3,4,indoor,1,2
00032081,The large astronaut mural on the building wall creates a strong focal point and emotional charge due to its size and subject matter.,none,5,5,3,2,outdoor,1,4
00032119,"The image's natural beauty, distinctiveness, and lack of visual clutter contribute to its high memorability.",none,5,5,2,3,outdoor,1,4
00032153,"The image's distinctiveness, clarity, and emotional charge drive its memorability.",none,5,5,3,4,outdoor,1,3
00032178,"The cake's vibrant colors, playful decorations, and tiered structure make it visually striking and emotionally engaging.",none,5,5,5,5,indoor,1,4
00032199,The image's striking rainbow against a dramatic sky creates a visually compelling and emotionally evocative scene.,none,5,5,2,4,outdoor,1,4
00032258,The vibrant colors and distinct shapes of the radishes create a visually striking and novel focal point.,none,5,5,4,5,outdoor,1,3
00032295,The image has a clear focal point with distinct subjects and a moderate level of emotional charge.,people_present,4,3,2,3,indoor,1,3
00032369,"The serene reflection and distinct cloud formations create a striking focal point, enhancing memorability.",none,5,5,2,1,outdoor,1,3
00032377,"The image's striking and unconventional content, combined with its vivid colors and bold text, makes it highly memorable.",none,3,4,4,4,outdoor,4,3
00032447,"The image's distinctiveness, clarity, and vivid colors make it highly memorable.",none,5,5,2,5,outdoor,1,4
00032552,"The image's distinctiveness, emotional charge, and clear focal point contribute to its memorability.",prominent_faces,5,4,2,3,outdoor,1,4
00032570,"The stark contrast and singular focus on the illuminated cube create a strong visual impact, enhancing memorability.",none,5,5,1,1,indoor,1,2
00032600,"The image captures a solemn religious ceremony with distinct figures and a clear focal point, enhancing its memorability.",people_present,4,4,3,4,indoor,1,4
00032606,"The rustic, weathered shed with its unique items and the abandoned tractor creates a strong focal point and evokes a sense of nostalgia.",none,5,4,3,2,outdoor,1,3
00032659,"The child's warm smile and direct gaze create a strong emotional connection, enhancing memorability.",prominent_faces,5,4,2,3,outdoor,1,4
00032671,"The image's strong contrast, vivid colors, and the mysterious figure create a striking and emotionally charged focal point.",prominent_faces,5,5,3,5,outdoor,1,5
00032745,"The image's distinctiveness, clarity, and emotional charge make it highly memorable.",none,5,5,4,3,indoor,1,3
00032782,"The distinctive and novel design of the dress, combined with the stark background, creates a strong focal point and emotional charge.",people_present,5,5,4,3,indoor,1,4
00032864,"The black-and-white composition, distinct architectural style, and dramatic sky create a striking and memorable scene.",none,4,4,3,1,outdoor,1,3
00032892,"The image's memorability is driven by its distinctive and novel combination of a drugstore sign and a 'Watches' neon sign, creating a striking contrast.",people_present,4,4,3,3,outdoor,4,2
00032947,"The image's striking spiral pattern and vivid colors create a strong visual impact, enhancing its memorability.",none,5,5,4,5,unclear,1,3
00032960,"The vibrant autumn leaves and serene water create a striking contrast, making the scene emotionally charged and visually distinctive.",none,5,5,3,5,outdoor,1,4
00032985,"The warm glow of the lantern contrasts sharply with the cool blue tones of the evening sky, creating a visually striking and emotionally evocative scene.",people_present,4,4,3,4,outdoor,1,4
00033054,"The image's distinctive subjects, clear focal point, and novel composition drive its memorability.",none,5,5,3,5,outdoor,1,4
00033067,The playful and colorful design of the word 'UNZIONT' with its quirky characters makes it highly distinctive and engaging.,none,5,5,4,5,indoor,3,3
00033070,"The image's distinctiveness, clarity, and vivid colors make it highly memorable.",none,5,5,2,5,unclear,1,3
00033091,"The image's simplicity and the contrast between the leaf and the branches create a striking focal point, enhancing memorability.",none,5,5,1,3,outdoor,1,2
00033173,"The crocheted doll with its distinct features and vibrant colors stands out as a clear focal point, driving memorability.",none,5,5,2,5,indoor,1,3
00033222,"The image's vivid color palette, distinct hairstyle, and focused composition drive memorability.",prominent_faces,5,5,2,5,unclear,1,3
00033311,"The image's clarity, distinctiveness, and simplicity drive its memorability.",none,5,4,1,3,outdoor,1,2
00033318,"The image's stark contrast, vivid colors, and unusual subject matter make it highly memorable.",none,5,5,3,5,indoor,1,5
00033405,"The ring's distinct shapes and vibrant colors against the purple background create a striking contrast, enhancing memorability.",none,5,5,3,5,unclear,1,2
00033462,The image's striking contrast between the silhouetted pier and the vibrant sunset creates a memorable scene.,none,5,5,2,4,outdoor,1,4
00033463,The image's striking contrast between the classical architecture and the dynamic sky creates a memorable scene.,none,5,5,3,4,outdoor,1,4
00033468,"The image's striking silhouette against a vibrant sunset creates a strong emotional charge and a clear focal point, enhancing memorability.",people_present,5,5,1,5,outdoor,1,5
00033501,"The image's architectural beauty, distinctiveness, and the presence of people create a memorable scene.",people_present,4,4,3,3,indoor,1,2
00033517,"The vibrant colors, distinct shapes, and central circular design create a visually striking and emotionally engaging focal point.",none,5,5,4,5,unclear,1,3
00033561,"The image's distinctiveness, vivid colors, and iconic skyline create a strong emotional charge, enhancing memorability.",none,4,5,3,5,outdoor,1,5
00033603,"The child's superhero costume and pose create a vivid and novel focal point against a natural background, enhancing memorability.",people_present,5,5,3,4,outdoor,1,4
00033621,"The image's striking and unusual composition, combined with its dynamic and surreal nature, makes it highly memorable.",people_present,5,5,5,4,outdoor,1,4
00033676,"The image captures a dynamic moment of a bird in flight, which is visually striking and emotionally engaging.",none,5,5,3,4,outdoor,1,4
00033682,The image's distinctiveness and the person's expressive pose contribute to its memorability.,prominent_faces,5,4,3,3,outdoor,2,3
00033705,The image's distinctiveness and simplicity drive its memorability.,none,5,5,1,2,outdoor,1,1
00033717,"The image's distinctiveness and the contrast between the astronaut helmet and the starry background create a strong visual impact, enhancing memorability.",prominent_faces,5,5,3,4,unclear,1,3
00033721,The dynamic action and clear focal point drive memorability.,people_present,5,4,3,4,outdoor,2,3
00033724,"The image's distinctiveness, vivid colors, and clear focal point contribute significantly to its memorability.",none,5,5,3,5,outdoor,1,4
00033725,The image's simplicity and iconic subject make it highly memorable.,none,5,5,1,4,outdoor,1,3
00033813,"The image captures a lone cyclist on a scenic trail, creating a sense of solitude and adventure.",people_present,5,4,2,3,outdoor,1,3
00033828,"The image's simplicity, distinctiveness, and emotional appeal drive its memorability.",none,5,5,1,5,outdoor,1,3
00033849,The image's distinctiveness and clarity drive its memorability due to the prominent skyscraper and abstract sculpture.,none,5,4,3,3,outdoor,1,2
00033860,The image's distinctiveness and clarity make it memorable due to its unique architectural style and serene setting.,none,4,4,2,3,outdoor,1,2
00033874,The image's distinctiveness and clarity drive memorability due to its well-defined focal point and balanced composition.,none,5,4,3,3,indoor,1,2
00033907,"The image's memorability is driven by the distinctiveness of the subjects and the clear focal point, as well as the emotional charge associated with the event being depicted.",prominent_faces,4,4,3,4,indoor,2,3
00033915,The image's simplicity and distinctiveness drive its memorability.,none,5,4,1,3,indoor,1,1
00033992,The bathroom's clean lines and simple layout make it memorable due to its distinctiveness and clarity.,none,4,3,2,2,indoor,1,1
00033998,"The scene's natural beauty, distinctiveness, and the presence of people create a memorable experience.",people_present,4,4,3,4,outdoor,1,3
00034034,"The image's distinctiveness, vivid colors, and serene focal point contribute significantly to its memorability.",none,5,5,2,5,outdoor,1,4
00034037,The image features a well-composed office setup with distinct elements that create a clear focal point and a sense of calm and productivity.,none,5,4,3,2,indoor,1,2
00034038,The image's distinctiveness and the clear focal point of the roasted meat on a spit drive its memorability.,none,5,4,2,3,indoor,1,2
00034095,"The image's distinctiveness, clarity, and emotional charge make it highly memorable.",none,5,5,2,4,outdoor,1,3
00034137,"The room's symmetrical layout, soft color palette, and classic furniture design create a memorable yet calming atmosphere.",none,4,3,2,3,indoor,1,2
00034182,"The image's distinctiveness, clear focal point, and natural beauty contribute to its high memorability.",none,5,5,2,4,outdoor,1,3
00034205,The image's distinctiveness and emotional charge drive its memorability due to the unusual and dramatic action of someone seemingly throwing something from a high balcony.,people_present,5,5,4,3,outdoor,1,4
00034211,The image's distinctiveness and simplicity drive its memorability.,none,4,3,2,2,indoor,1,1
00034256,"The image captures a detailed view of a compact, functional boat interior, which is distinctive and novel due to its specific context and layout.",none,4,4,3,2,indoor,2,1
00034258,The organized and functional layout of the garage with distinct storage solutions enhances memorability.,none,4,3,2,2,indoor,1,1
00034268,The image's memorability is driven by its distinctiveness and the clear focal point of the grand piano.,none,5,4,2,3,indoor,1,1
00034358,The image's distinctiveness and the presence of people create a memorable scene.,people_present,4,4,2,3,outdoor,1,2
00034365,"The image features a simple yet distinctive dining setup with a clear focal point, minimal clutter, and a warm color palette.",none,5,4,2,3,indoor,1,1
00034390,"The long, empty hallway with its distinct architectural elements and lack of people or text creates a sense of calm and focus, enhancing memorability.",none,4,3,2,2,indoor,1,1
00034397,The image's distinctiveness and clarity drive memorability due to its unique setting and organized layout.,none,4,4,3,3,indoor,1,2
00034425,"The rusted billboard and the uniform yellow school buses create a striking contrast, making the scene memorable.",none,4,4,3,4,outdoor,2,2
00034456,The image has a distinct focal point (the artist's workspace) and a mix of vivid colors and distinct elements that make it memorable.,none,4,4,3,4,indoor,1,2
00034472,The image's distinctiveness and clarity make it memorable due to its unique perspective and composition.,none,4,4,3,3,outdoor,2,1
00034531,"The room's clean lines, bright colors, and distinct elements like the striped hammock create a memorable and visually appealing scene.",none,4,4,3,4,indoor,1,2
00034554,"The image has a clear focal point (the dining table), distinctiveness due to its unique furniture style, and a moderate level of visual complexity.",none,4,3,3,2,indoor,1,1
00034617,The image's simplicity and the clear focal point of the stage setup drive its memorability.,none,5,3,2,2,indoor,2,1
00034697,"The image captures a busy airport scene with distinct elements like parked planes, ground service vehicles, and terminal buildings, which can be memorable due to its novelty and complexity.",none,4,3,4,3,outdoor,1,2
00034711,The room's organized layout and distinct elements like the bookshelf and desk create a memorable scene.,none,4,3,2,2,indoor,1,1
00034733,The image's simplicity and distinctiveness drive memorability.,none,5,4,2,3,indoor,1,1
00034738,The image's simplicity and distinctiveness drive its memorability.,none,3,4,2,2,outdoor,1,1
00034769,"The image features a clear focal point (the aircraft) with distinct branding and a vivid sky, enhancing memorability.",none,5,4,2,4,outdoor,3,2
00034776,"The image's distinctiveness, emotional charge, and focal point drive its memorability.",people_present,4,5,2,3,indoor,1,4
00034813,"The image's clarity, distinctiveness, and simplicity drive its memorability.",none,5,4,2,3,outdoor,1,1
00034836,The image's distinctiveness and simplicity drive its memorability.,none,5,4,2,3,outdoor,1,1
00034844,The image's memorability is driven by its distinctiveness and the clear focal point of the bookshelves filled with DVDs.,none,4,3,3,2,indoor,1,1
00034905,The image's distinctiveness and clarity drive its memorability due to its unique urban street scene with a clear focal point.,people_present,4,4,3,4,outdoor,2,1
00034908,"The image's distinctiveness, simplicity, and natural beauty contribute to its high memorability.",none,4,4,2,3,outdoor,1,3
00034926,"The warm lighting, natural elements, and serene outdoor view create a calming and inviting atmosphere that enhances memorability.",none,4,4,3,4,indoor,1,3
00034929,"The mammoth skeleton is the clear focal point, making it highly distinctive and memorable.",none,5,5,3,4,indoor,1,2
00034942,"The image's memorability is driven by its distinctiveness, clear focal point, and emotional charge.",people_present,5,5,3,4,indoor,1,4
00034974,"The image's memorability is driven by its distinctiveness and simplicity, making it stand out.",none,4,4,2,3,indoor,1,1
00034978,"The image's memorability is driven by the distinct contrast between the office environment and the presence of cars with open hoods, creating a novel and unusual scene.",people_present,4,4,3,3,indoor,1,2
00034986,The image's distinct architectural elements and serene atmosphere drive memorability.,none,4,4,3,2,outdoor,1,2
00034999,The rusted industrial structures and their unique architectural form make them highly distinctive and memorable.,none,5,5,3,2,outdoor,1,3
00035014,The image's memorability is driven by its distinctiveness and the clear focal point of the person walking through the labyrinth.,people_present,5,4,3,2,indoor,1,1
00035078,"The image's simplicity and the warm, inviting colors make it memorable.",none,4,3,2,4,indoor,1,3
00035081,"The Gooderham Building's unique architecture and central position make it a strong focal point, enhancing memorability.",none,5,5,4,4,outdoor,1,3
00035094,The image's distinctiveness and simplicity drive its memorability.,none,4,4,2,3,outdoor,1,2
00035103,The scene's distinctiveness and simplicity drive memorability.,none,3,4,2,2,indoor,1,1
00035192,"The bathroom's clean layout, natural light from windows, and distinct decor elements create a memorable scene.",none,4,3,2,3,indoor,1,1
00035210,The image's distinctiveness and simplicity drive its memorability.,none,5,4,1,3,indoor,2,1
00035218,"The image's simplicity and the vast, open space evoke a sense of solitude and tranquility, enhancing its memorability.",none,3,4,1,2,outdoor,1,3
00035222,"The image depicts a wide, open highway under a bright sky, which is visually distinct and novel, driving memorability.",none,3,4,2,4,outdoor,1,1
00035225,The kitchen's distinctiveness and simplicity make it memorable.,none,4,3,2,2,indoor,1,1
00035246,"The image's striking contrast between the cracked earth and the distant mountains, combined with the warm sunset hues, creates a memorable and emotionally charged scene.",none,5,5,1,4,outdoor,1,4
00035273,"The image's distinctiveness, vivid colors, and clear focal point contribute significantly to its memorability.",none,5,5,2,5,outdoor,1,3
00035275,The image's simplicity and distinctiveness make it memorable.,none,5,4,2,3,outdoor,1,1
00035281,"The image has a clear focal point (the bed), distinctiveness due to the patterned bedding and unique lampshades, and a neutral emotional charge.",none,4,3,2,3,indoor,1,1
00035335,The image's distinctiveness and the presence of a prominent face make it memorable.,prominent_faces,5,4,3,3,indoor,1,2
00035341,The image's distinctiveness and clarity make it memorable due to its unique structure and setting.,none,5,4,3,2,outdoor,1,1
00035365,"The image's natural beauty, distinctiveness, and lack of visual clutter contribute to its memorability.",none,5,5,2,3,outdoor,1,4
00035408,The image's distinctiveness and simplicity drive its memorability.,none,5,4,1,3,outdoor,1,2
00035423,"The image's distinctiveness, clarity, and vivid colors contribute significantly to its memorability.",none,4,4,3,4,outdoor,1,2
00035452,The image's memorability is driven by its distinctiveness and the clear focal point of the interaction between the people at the bar.,people_present,4,4,3,3,indoor,1,2
00035454,"The warm yellow walls, the chandelier, and the floral arrangement create a visually striking and emotionally inviting scene.",none,4,4,3,4,indoor,1,3
00035477,"The serene and unique design of the indoor spa scene, with its warm lighting and natural materials, creates a strong emotional charge and a sense of distinctiveness.",none,5,5,2,3,indoor,1,4
00035481,"The serene landscape with distinct trees and a calm pond creates a strong emotional charge and a clear focal point, enhancing memorability.",none,5,4,2,4,outdoor,1,4
00035510,"The image's distinctiveness, clarity, and emotional charge contribute to its memorability.",none,4,3,2,3,indoor,1,2
00035520,The image's deep blue tones and mysterious cliffside create a sense of intrigue and emotional depth.,none,2,4,1,3,outdoor,1,3
00035521,"The lone figure in the vast landscape creates a strong focal point and emotional charge, enhancing memorability.",people_present,5,4,2,3,outdoor,1,4
00035535,The image's distinctiveness and the clear focal point of the igloo make it highly memorable.,none,5,5,2,3,outdoor,1,3
00035537,"The image has a clear focal point (the toilet) and minimal visual clutter, making it memorable.",none,5,3,1,2,indoor,2,1
00035553,The image's memorability is driven by its distinctiveness and the clear focal point of the bakery display.,none,4,4,3,3,indoor,2,1
00035596,"The image's memorability is driven by its distinctiveness, clear focal point, and the presence of people, which adds an emotional charge.",prominent_faces,5,4,3,4,outdoor,2,3
00035616,The image has a distinct urban street scene with a clear focal point and moderate visual complexity.,none,4,3,2,3,outdoor,1,1
00035621,"The image's striking contrast between rugged terrain and snow, combined with its clear focal point and vivid colors, enhances memorability.",none,5,5,3,4,outdoor,1,3
00035644,"The image's memorability is driven by its distinctiveness, clear focal point, and warm, inviting color palette.",none,5,4,3,4,indoor,1,3
00035679,"The serene and picturesque landscape with its distinct palm trees and calm water creates a strong emotional charge and a clear focal point, enhancing memorability.",none,5,4,2,3,outdoor,1,4
00035753,The image's distinctiveness and simplicity drive its memorability.,none,3,4,2,3,outdoor,1,1
00035756,The scene's distinctiveness and the presence of people create a memorable snapshot.,people_present,4,3,2,3,indoor,1,1
00035790,The serene and distinct lighthouse against the tranquil sea creates a memorable and emotionally charged scene.,none,5,5,2,3,outdoor,1,4
00035798,"The image's memorability is driven by its distinctiveness and simplicity, making it stand out.",none,4,4,2,3,indoor,1,1
00035822,"The image has a clear focal point (the bed), distinct elements, and a balanced composition which enhances memorability.",none,5,4,3,3,indoor,1,2
00035831,The image's simplicity and natural elements contribute to its memorability.,none,4,3,2,3,outdoor,1,2
00035844,"The image has a clear focal point with distinct branding and organized layout, making it memorable.",none,5,4,3,3,indoor,2,1
00035900,"The distinctiveness and simplicity of the scene, combined with the vivid colors and clear focal points, drive memorability.",none,4,4,2,4,indoor,1,1
00036028,"The image's distinctiveness, vivid colors, and clear focal point contribute significantly to its memorability.",none,5,5,2,5,outdoor,1,4
00036055,"The image's memorability is driven by its distinctive urban scene, vibrant colors, and the iconic yellow taxis.",none,3,4,4,4,outdoor,2,2
00036083,"The image's stark contrast between the child holding a red umbrella and the vast, chaotic landfill creates a powerful and memorable visual narrative.",prominent_faces,5,5,4,4,outdoor,1,5
00036087,The image's distinctiveness and simplicity drive its memorability.,none,5,4,2,3,outdoor,1,1
00036128,"The image captures a celebratory moment with distinct individuals and vibrant colors, making it highly memorable.",prominent_faces,5,5,3,4,outdoor,3,4
00036130,"The room's vibrant colors, distinct arcade machines, and nostalgic setup create a strong emotional charge and high memorability.",none,5,5,4,5,indoor,2,4
00036163,The image's memorability is driven by its distinctiveness and the clear focal point of the Cheerwine refrigerator.,none,4,4,3,3,indoor,2,1
00036182,"The image's memorability is driven by its distinctive subjects, clear focal point, and novel arrangement of shoes.",none,5,5,3,4,indoor,1,2
00036187,The image's distinctiveness and the presence of two large birds in a natural setting contribute to its memorability.,none,4,4,2,3,outdoor,1,2
00036193,The image's distinctiveness and simplicity drive its memorability.,none,5,4,2,3,indoor,1,1
00036222,"The image's clarity, distinctiveness, and simplicity contribute to its memorability.",none,5,4,2,3,indoor,1,1
00036238,"The image features a single clear focal point (the garage door) with distinct architectural details, making it memorable.",none,5,3,2,2,outdoor,1,1
00036251,The image's distinctiveness and the clear focal point of the ancient mud-brick architecture drive its memorability.,none,4,4,3,2,outdoor,1,2
00036284,"The image's distinctiveness, clarity, and natural beauty contribute to its memorability.",none,4,4,2,4,outdoor,1,3
00036299,The dynamic action and distinct group of players create a memorable scene.,people_present,4,3,2,3,indoor,1,2
00036325,"The image's distinctiveness, clarity, and emotional appeal drive its memorability.",none,5,4,3,4,indoor,1,3
00036334,"The image's memorability is driven by the distinctiveness of the subjects and the clear focal point, which includes the vibrant colors and the social activity.",prominent_faces,4,4,3,4,indoor,1,2
00036384,"The image's distinctiveness and clarity drive memorability due to its well-lit, organized dining space with a clear focal point.",none,4,4,3,3,indoor,1,2
00036385,"The image's striking natural beauty, clear focal point, and vivid colors drive its memorability.",none,5,5,3,5,outdoor,1,4
00036411,"The image's vivid colors, clear focal point (the barn), and the presence of people interacting with animals create a strong emotional charge and distinctiveness.",people_present,5,5,3,5,outdoor,1,4
00036446,The image's simplicity and the presence of a distinct focal point (the hut) drive its memorability.,none,5,4,2,3,outdoor,1,2
00036458,The image's distinctiveness and the clear focal point of the stream create a memorable scene.,none,4,3,2,3,outdoor,1,1
00036483,"The image features distinct artistic subjects with a clear focal point, high visual complexity, vivid colors, and a strong emotional charge.",none,4,4,4,4,indoor,1,3
00036486,"The image's natural beauty, distinctiveness, and emotional charge drive its memorability.",none,5,5,3,4,outdoor,1,4
00036536,"The image's distinctiveness, clear focal point, and vivid colors contribute to its high memorability.",none,5,5,3,4,outdoor,1,2
00036598,The scene's distinctiveness and lack of visual clutter contribute to its memorability.,none,4,4,2,3,indoor,1,1
00036635,"The Egyptian Theatre's distinctive architecture and signage, combined with the presence of people and festival branding, create a memorable scene.",people_present,4,4,3,3,outdoor,3,2
00036636,"The image's distinctiveness, clarity, and natural beauty contribute to its memorability.",none,4,4,3,4,outdoor,1,3
00036665,The image's distinctiveness and simplicity drive its memorability.,none,4,3,2,2,indoor,1,1
00036682,The scene's distinctiveness and the clear focal point drive its memorability.,people_present,4,3,2,2,indoor,1,1
00036689,The image's simplicity and natural beauty make it memorable.,none,4,3,2,3,outdoor,1,2
00036722,The bathroom's distinct patterned shower curtain and simple layout create a memorable yet unemotional scene.,none,4,3,2,3,indoor,1,1
00036739,The scene's distinctiveness and the presence of people create a memorable impression.,people_present,3,4,4,3,indoor,1,2
00036755,"The stark contrast between the white whale skull and the rugged, natural landscape makes the image highly distinctive and memorable.",none,5,5,2,3,outdoor,1,3
00036814,The image's distinctiveness and clarity drive memorability due to its clear focal point and novel setting.,people_present,4,4,3,3,indoor,2,1
00036871,"The image features a clear focal point with distinct architectural elements and a well-defined color scheme, enhancing its memorability.",none,5,4,3,4,outdoor,1,2
00036989,The image's distinctiveness and the presence of people create a memorable scene.,people_present,4,4,3,3,indoor,2,2
00037048,The bathroom's bold color scheme and geometric floor pattern make it visually striking and memorable.,none,3,4,4,4,indoor,1,2
00037056,The presence of people and the distinct indoor swimming pool setting drive memorability.,people_present,4,3,2,3,indoor,1,1
00037060,The image's distinctiveness and the presence of a person in a specialized outfit create a memorable scene.,people_present,4,4,2,3,indoor,1,2
00037061,The scene's emptiness and the clear focal point of the American Eagle check-in area contribute to its memorability.,none,4,3,2,2,indoor,2,1
00037081,"The image has a distinct urban street scene with a clear focal point and moderate visual complexity, making it moderately memorable.",none,3,4,3,2,outdoor,1,1
00037084,"The room's opulent design, rich colors, and symmetrical layout create a visually striking and emotionally charged scene.",none,5,5,4,5,indoor,1,4
00037191,"The scene's distinctiveness, clarity, and emotional charge make it memorable.",none,4,4,3,3,indoor,1,2
00037195,The image's distinctiveness and focal point drive its memorability due to the water tower as a clear subject against the residential backdrop.,none,4,4,3,3,outdoor,1,2
00037205,The scene's distinctiveness and the presence of a clear focal point (the computer setup) drive its memorability.,none,4,3,2,3,indoor,1,1
00037215,"The image's distinctiveness, clear focal point, and historical architecture contribute to its memorability.",people_present,4,4,3,3,outdoor,1,2
00037244,"The image's natural setting, distinctiveness, and lack of visual clutter contribute to its memorability.",none,3,4,2,3,outdoor,1,2
00037250,The image's distinctiveness and the unusual perspective contribute to its memorability.,none,3,4,3,2,indoor,1,1
00037286,"The image's distinctiveness, clarity, and architectural uniqueness drive its memorability.",none,5,5,4,3,outdoor,1,2
00037309,The scene's distinctiveness and the unusual placement of items create a memorable visual.,none,3,4,2,3,indoor,1,1
00037311,"The gazebo's distinct shape and location in a serene outdoor setting make it a clear focal point, enhancing its memorability.",none,5,4,2,3,outdoor,1,1
00037361,"The image has a clear focal point (the stove) and a distinct color scheme, making it memorable.",none,4,3,2,4,indoor,1,1
00037365,"The image's distinctiveness, clarity, and emotional charge drive its memorability.",none,5,5,4,3,outdoor,1,2
00037423,The image's distinctiveness and the contrast between the building and scaffolding make it memorable.,none,4,4,3,3,outdoor,1,2
00037434,The striking contrast and unique geological formations make this image highly distinctive and memorable.,none,5,5,3,4,outdoor,1,3
00037444,"The image's distinctiveness, emotional charge, and clarity of focal point drive its memorability.",none,4,4,3,4,outdoor,2,3
00037450,"The image's natural beauty, distinctiveness, and lack of visual clutter contribute to its high memorability.",none,4,4,2,3,outdoor,1,3
00037460,"The image's distinctiveness, clarity, and emotional appeal drive its memorability.",none,4,4,3,3,indoor,1,2
00037461,"The room's layout and decor create a distinct and clear focal point, enhancing memorability.",none,4,3,2,3,indoor,1,1
00037481,The image's distinct architectural elements and the presence of people create a memorable scene.,people_present,4,4,3,3,indoor,1,2
00037494,The room's simplicity and warm color palette make it memorable.,none,4,3,2,4,indoor,1,2
00037506,"The image's memorability is driven by its distinctiveness and simplicity, making it stand out.",none,3,4,2,2,outdoor,1,1
00037542,The image's distinctiveness and the presence of people create a memorable scene.,people_present,4,3,2,3,indoor,1,1
00037546,The warm wooden tones and rustic design elements create a visually striking and emotionally engaging scene.,none,4,4,3,4,indoor,1,3
00037574,The image's memorability is driven by its distinctiveness and the clear focal point of the pottery display.,people_present,4,4,4,3,indoor,1,2
00037612,"The image features a distinct and clear focal point (the batting cage setup) with minimal visual clutter, making it memorable.",none,5,4,2,3,outdoor,1,1
00037629,The image's distinctiveness and clarity drive its memorability due to the prominent architectural structure and lack of visual clutter.,none,4,3,2,2,outdoor,2,1
00037744,The image's distinctiveness and simplicity drive its memorability.,none,3,4,2,2,indoor,1,1
00037750,The image's simplicity and natural beauty contribute significantly to its memorability.,none,4,3,2,4,outdoor,1,2
00037778,The image's distinctiveness and the emotional charge created by the interaction between the two figures drive its memorability.,prominent_faces,5,4,3,2,indoor,1,4
00037780,The stark contrast between the cracked earth and the clear sky creates a striking and memorable scene.,none,5,5,1,2,outdoor,1,3
00037850,"The image's distinctiveness, clear focal point, and serene atmosphere drive its memorability.",none,4,4,2,3,outdoor,1,3
00037880,"The image's distinctiveness, clear focal point, and serene atmosphere contribute to its memorability.",none,5,4,2,3,indoor,1,3
00037984,The scene's distinctiveness and simplicity drive its memorability.,none,4,3,2,3,indoor,1,1
00038039,The presence of people and the historic architecture create a memorable scene.,people_present,4,3,3,3,outdoor,1,2
00038068,"The image's architectural details and symmetry create a sense of grandeur and elegance, enhancing its memorability.",none,4,4,3,2,indoor,1,3
00038083,The intricate tilework and architectural details create a visually striking and emotionally engaging scene.,none,4,5,5,4,outdoor,1,3
00038148,The room's vintage furniture and decor create a distinct and emotionally charged atmosphere.,none,4,4,3,3,indoor,1,3
00038167,"The image's distinctiveness, clear focal point, and natural beauty contribute significantly to its memorability.",none,5,5,2,3,outdoor,1,3
00038227,"The image captures a serene and iconic view of Venice's Grand Canal, making it highly memorable due to its distinctive subjects and clear focal point.",none,5,5,3,4,outdoor,1,2
00038241,The scene's distinctiveness and the presence of people create a memorable snapshot.,people_present,3,4,4,3,indoor,1,2
00038274,The image's distinctiveness and simplicity drive its memorability.,none,3,4,2,3,outdoor,1,1
00038324,"The image has a distinct focal point (the bed), moderate visual complexity, and a neutral emotional charge, making it moderately memorable.",none,4,3,3,2,indoor,1,1
00038382,"The image's distinctiveness, focal point, and emotional charge drive its memorability.",none,5,5,3,4,outdoor,1,4
00038424,The image's distinctiveness and simplicity drive its memorability.,none,5,4,2,3,outdoor,1,1
00038458,The image's simplicity and distinctiveness make it memorable due to its clear focal point and lack of visual clutter.,none,5,4,1,3,outdoor,1,1
00038482,"The image's natural beauty, distinctiveness, and emotional charge drive its memorability.",none,4,4,3,4,outdoor,1,3
00038507,The image's simplicity and distinctiveness drive its memorability.,none,5,5,1,4,outdoor,1,2
00038514,"The image's distinctiveness, clarity, and emotional charge contribute significantly to its memorability.",none,4,4,2,3,outdoor,1,3
00038516,The gazebo and vibrant garden flowers create a visually striking and emotionally appealing focal point.,none,5,4,3,5,outdoor,1,3
00038526,"The image's memorability is driven by its distinctiveness and simplicity, making it stand out.",none,5,4,1,2,indoor,1,1
00038567,The image's distinctiveness and clear focal point drive its memorability.,none,5,4,3,3,outdoor,1,2
00038621,"The stark simplicity and minimalism of the scene, combined with the unusual window design, make it memorable.",none,5,4,1,2,indoor,1,1
00038627,"The kitchen's symmetrical layout and warm lighting create a cozy, inviting atmosphere that enhances memorability.",none,4,3,2,3,indoor,1,3
00038712,"The scene has a distinct, clear focal point (the armchair) and a simple layout, which enhances memorability.",none,4,3,2,2,indoor,1,1
00038730,The image's simplicity and clear focal point drive its memorability.,none,5,3,1,2,outdoor,1,1
00038739,The image's distinctiveness and the clear focal point of the stop sign drive its memorability.,none,5,4,3,4,outdoor,2,1
00038740,"The billboard's bold message and striking imagery make it a clear focal point, enhancing memorability.",none,5,5,3,4,outdoor,3,4
00038896,The image's memorability is driven by its distinct architectural style and the presence of people interacting with the scene.,people_present,4,4,3,3,outdoor,1,2
00039068,The dynamic action and vivid colors make this image highly memorable.,none,5,5,3,4,outdoor,1,4
00039071,The image's distinctiveness and the clear focal point drive its memorability.,people_present,5,4,3,4,outdoor,1,2
00039087,"The image has a clear focal point (the toilet) and minimal visual clutter, making it memorable.",none,5,3,1,2,indoor,1,1
00039089,"The vivid red color and distinct fire hydrant make it stand out against the natural background, enhancing memorability.",none,5,4,3,5,outdoor,2,1
00039133,"The dynamic pose and intense expression of the tennis player create a strong emotional charge and a clear focal point, enhancing memorability.",people_present,5,4,3,4,outdoor,1,5
00039168,"The image captures a casual, dynamic moment with two individuals engaged in an activity, which enhances its memorability.",people_present,4,3,2,3,indoor,1,2
00039188,"The image's memorability is driven by the distinctiveness of the subject's attire and the casual, intimate indoor setting.",people_present,4,4,3,4,indoor,1,2
00039196,The serene pastoral scene with a lone tree and grazing sheep creates a peaceful and memorable image.,none,5,4,2,4,outdoor,1,3
00039199,The image's distinctiveness and the contrast between the glossy sauce and the vibrant green broccoli make it visually striking and memorable.,none,5,5,3,4,indoor,1,2
00039209,"The kitchen setup is distinct and functional, making it memorable due to its clarity and organization.",none,4,3,2,3,indoor,1,1
00039386,The image's distinctiveness and the clear focal point of giraffes in a natural setting drive its memorability.,none,4,4,2,3,outdoor,1,2
00039387,"The image has a clear focal point with distinct and novel elements, making it memorable.",none,5,4,2,3,indoor,1,1
00039414,"The image's simplicity and the presence of a large, open field with cows create a memorable scene due to its distinctiveness and emotional charge.",none,3,4,2,4,outdoor,1,3
00039459,"The image's memorability is driven by the distinct purple outfit and the tennis racket, creating a clear focal point.",people_present,5,4,2,4,indoor,1,1
00039468,"The distinctiveness and clarity of the sandwich slice make it stand out as the focal point, enhancing memorability.",none,5,4,2,3,indoor,1,1
00039546,"The image has a clear focal point with distinct characters and a casual, relatable scene that enhances memorability.",people_present,4,3,3,3,indoor,2,2
00039556,"The image has a clear focal point with distinct objects arranged neatly, making it visually striking and memorable.",none,5,4,3,4,indoor,3,1
00039592,"The kite's unique shape, vibrant colors, and flowing tail create a striking contrast against the blue sky, making it highly memorable.",none,5,5,3,5,outdoor,1,2
00039612,"The image captures a vivid, dynamic scene of people navigating a rainy market, which is emotionally charged and visually striking.",people_present,4,4,4,3,outdoor,1,4
00039614,The image's distinctiveness and the contrast between the black-and-white elements and the vivid colors create a striking visual impact.,people_present,4,4,3,4,unclear,3,2
00039647,"The presence of a person in a historical bathroom setting, along with distinctive vintage fixtures, creates a memorable scene.",people_present,4,4,3,1,indoor,1,2
00039651,The image's distinctiveness and the focal subject clarity drive its memorability due to the unique interaction between the giraffe and the birds.,none,5,5,3,4,outdoor,1,2
00039666,The image's distinctiveness and simplicity drive its memorability.,none,4,3,2,3,outdoor,1,1
00039729,The image's simplicity and the striking contrast between the kite and the sky make it memorable.,people_present,4,4,2,4,outdoor,1,3
00039733,The image's distinctiveness and emotional charge drive its memorability due to the unusual and striking nature of the scene.,prominent_faces,4,5,5,5,indoor,1,3
00039801,The vibrant colors and variety of vegetables create a visually striking and novel scene.,none,4,5,4,5,outdoor,2,3
00039853,"The vibrant colors, distinct salad ingredients, and the contrast between the food and drink create a visually striking and novel scene.",none,5,5,4,5,unclear,2,3
00039877,The image's stark black-and-white contrast and the focus on a partially eaten cake create a sense of intimacy and nostalgia.,none,5,4,2,1,indoor,1,3
00039902,"The image's distinctiveness, emotional charge, and the prominence of the subject drive its memorability.",people_present,5,5,4,4,indoor,1,4
00039913,The image's distinctiveness and the clear focal point of the cyclist create a memorable scene.,people_present,4,4,3,3,outdoor,2,2
00040000,"The image's clarity, distinctiveness, and focus on a single subject enhance its memorability.",people_present,5,4,2,1,unclear,1,3
00040016,The image's distinctiveness and the person's focused expression drive its memorability.,prominent_faces,5,4,3,3,indoor,1,2
00040025,"The image's distinctiveness and the contrast between the dark foreground and bright background create a strong visual impact, enhancing memorability.",none,4,4,3,2,indoor,1,3
00040041,"The image captures a dynamic moment with a clear focal point, vivid colors, and a sense of motion, enhancing its memorability.",people_present,5,4,2,4,outdoor,1,3
00040056,The image's distinctiveness and simplicity drive its memorability.,none,4,4,3,2,indoor,1,2
00040064,"The image captures a dynamic skateboarding event with a clear focal point and a sense of movement, enhancing its memorability.",people_present,4,4,3,3,outdoor,2,3
00040079,The image's distinctiveness and clarity make it memorable due to its clear focal point and striking contrast.,none,5,5,2,1,outdoor,4,1
00040140,"The image's memorability is driven by its distinctiveness, clear focal point, and emotional charge.",none,5,4,2,4,indoor,1,3
00040149,"The bus's vibrant colors, distinct branding, and clear route information make it highly memorable.",people_present,5,5,3,5,outdoor,4,2
00040160,"The image captures a serene winter scene with distinct subjects and a clear focal point, enhancing its memorability.",people_present,4,3,2,2,outdoor,1,1
00040169,"The image's distinctiveness, vivid colors, and clear focal point contribute to its high memorability.",people_present,5,5,2,5,outdoor,1,4
00040188,The image's distinctiveness and clear focal point drive its memorability.,none,5,5,3,4,outdoor,1,2
00040234,"The vibrant colors, distinct clock structure, and serene outdoor setting create a visually striking and emotionally engaging scene.",none,5,5,3,5,outdoor,1,4
00040268,"The image captures a candid moment of personal hygiene, which can be emotionally resonant and distinctive due to its relatability.",prominent_faces,4,3,2,2,indoor,1,3
00040298,The serene and symmetrical arrangement of boats against a deep blue sky creates a striking and memorable scene.,none,4,5,2,4,outdoor,1,3
00040308,"The image captures a dynamic and visually striking scene of kite surfing, which naturally enhances its memorability due to the distinctiveness and emotional charge.",people_present,4,4,3,3,outdoor,1,3
00040313,The image's distinctiveness and clarity drive its memorability due to the hybrid electric bus as the focal point.,people_present,4,4,3,3,outdoor,3,2
00040350,"The open, aged refrigerator with its worn appearance and unique setting drives memorability.",none,5,4,2,3,indoor,1,2
00040381,"The close-up of the cow's face creates a strong focal point and emotional connection, enhancing memorability.",none,5,4,2,3,outdoor,1,3
00040396,"The image's memorability is driven by the distinct facial expressions and the casual, candid nature of the scene.",prominent_faces,4,3,2,2,indoor,1,3
00040401,"The image captures a clear moment of action with a distinct focal point, making it memorable.",people_present,5,4,3,4,outdoor,2,3
00040466,"The image captures a unique and striking scene of a space shuttle being transported by a modified aircraft, which naturally increases its memorability due to its novelty and distinctiveness.",none,5,5,3,4,outdoor,1,3
00040508,"The image's distinctiveness and clarity drive its memorability due to the detailed miniature display of pastries and the charming, festive tree.",none,5,5,4,3,indoor,1,2
00040534,The image's distinctiveness and the presence of people engaged in a recreational activity drive its memorability.,people_present,4,4,2,3,outdoor,1,2
00040543,"The image's memorability is driven by the striking contrast between the vintage biplane and the American flags, creating a sense of nostalgia and patriotism.",none,4,4,3,4,outdoor,1,3
00040577,"The image captures a lively outdoor scene with people interacting around a miniature train, making it engaging and memorable.",prominent_faces,4,4,3,4,outdoor,2,3
00040641,"The image features a distinctive clock tower as the focal point, making it memorable due to its clarity and distinctiveness.",none,5,4,2,3,outdoor,1,1
00040643,The image's distinctiveness and clarity drive its memorability due to the unique texture and coloration of the plant.,none,5,5,3,4,outdoor,1,2
00040664,"The image captures a striking moment between a zebra and its foal, highlighting their bond and the natural beauty of the savanna.",none,5,5,2,4,outdoor,1,4
00040695,"The image features a clear focal point with distinct subjects and a vivid color palette, enhancing its memorability.",people_present,5,4,3,4,outdoor,1,2
00040700,"The image features a distinct CN Intermodal train with a bold red locomotive, making it a clear focal point against a simple background.",none,5,4,3,4,outdoor,2,1
00040721,The image's memorability is driven by its distinctiveness and the clear focal point of the motorcycles lined up.,none,4,4,2,3,outdoor,1,1
00040726,"The scene's natural setting, casual gathering, and the presence of people create a relatable and emotionally engaging moment.",people_present,4,3,3,4,outdoor,1,3
00040739,"The image's clarity, distinctiveness, and the dynamic movement of the boat create a strong memorability factor.",people_present,5,4,2,3,outdoor,1,3
00040777,The image's distinctiveness and clarity drive memorability due to its organized layout and variety of items.,none,4,4,3,3,indoor,2,1
00040820,"The image captures a candid moment of children engaging with a bright orange object, creating a sense of curiosity and playfulness.",prominent_faces,4,3,2,4,outdoor,1,3
00040829,"The image captures a dynamic moment with a clear focal point, making it memorable.",people_present,5,4,3,3,outdoor,1,3
00040833,"The image captures a serene and intimate moment, focusing on a sleeping cat, which naturally evokes a sense of calm and warmth.",none,5,4,2,3,indoor,1,3
00040855,"The image captures a dynamic moment of action with a clear focal point, making it highly memorable.",people_present,5,4,2,3,outdoor,1,4
00040862,"The image has a clear focal point with distinct subjects and a novel composition, enhancing its memorability.",people_present,4,4,2,3,outdoor,1,2
00040867,"The scene has a distinct focus on a workspace setup with a clear focal point, minimal clutter, and a mix of colors and objects that create a sense of organization and productivity.",none,4,3,3,3,indoor,2,1
00041023,"The image captures a moment of casual outdoor activity, focusing on a person preparing food, which adds a relatable and engaging element.",people_present,4,3,3,4,outdoor,2,2
00041034,The image's distinctiveness and the presence of giraffes as the focal point drive its memorability.,none,4,4,2,3,outdoor,1,2
00041160,"The image captures a dynamic moment with a clear focal point, high distinctiveness, and strong emotional charge.",people_present,5,5,3,4,outdoor,1,5
00041168,"The image captures a candid moment of a child interacting playfully with broccoli, making it visually engaging and emotionally resonant.",prominent_faces,5,4,2,3,indoor,1,3
00041249,"The image's clarity, distinctiveness, and simplicity drive its memorability.",none,5,4,2,3,outdoor,1,1
00041261,"The image captures a charming tea party setup with a clear focal point on the sandwiches and cups, making it visually distinct and emotionally engaging.",none,4,4,3,3,indoor,1,2
00041274,The image's distinctiveness and the dynamic interaction between zebras and giraffes create a memorable scene.,none,4,4,3,4,outdoor,1,2
00041312,"The image captures a dynamic moment in a soccer game, emphasizing movement and action, which enhances its memorability.",people_present,4,4,3,4,outdoor,1,3
00041318,"The image's memorability is driven by the distinctiveness of the subject and the clear focal point, as well as the emotional charge created by the person holding the umbrella.",people_present,4,4,2,3,outdoor,1,3
00041352,The image captures a dynamic sports moment with a clear focal point and distinct elements that make it memorable.,people_present,4,4,3,4,outdoor,2,3
00041355,"The image captures a busy airport scene with people queuing, which is a common and relatable scenario, but the presence of distinct elements like the colorful artwork adds a layer of interest.",people_present,3,4,4,4,indoor,2,2
00041429,"The image's simplicity, distinctiveness, and emotional charge drive its memorability.",none,5,5,1,3,outdoor,1,4
00041442,"The image captures a clear moment in a baseball game, focusing on the batter at the plate, which makes it memorable.",people_present,4,3,2,4,outdoor,1,2
00041458,"The image's striking black-and-white contrast, unusual composition, and mysterious elements create a strong emotional charge and high memorability.",none,5,5,4,1,outdoor,1,5
00041470,"The image's memorability is driven by its distinctiveness, the vibrant pink umbrella, and the casual outdoor gathering which creates a sense of everyday life.",people_present,4,4,3,4,outdoor,2,2
00041493,"The image's memorability is driven by its distinctiveness, clear focal point, and the contrast between the bright orange jacket and the snowy background.",people_present,5,4,2,3,outdoor,1,2
00041504,The image's simplicity and clear focal point drive its memorability.,none,5,3,2,2,indoor,1,1
00041529,"The image's clarity, distinctiveness, and vivid colors contribute to its memorability.",people_present,5,4,2,5,outdoor,1,3
00041562,"The image's clarity, distinctiveness, and emotional charge make it highly memorable.",none,5,4,3,4,indoor,1,3
00041572,The TGV train's sleek design and vibrant colors make it stand out as a distinctive subject.,people_present,4,4,3,4,indoor,2,2
00041578,The image's distinctiveness and the focal subject's clarity drive its memorability.,people_present,4,4,3,3,indoor,2,2
00041588,The room's unique architectural elements and the absence of people create a memorable scene.,none,3,4,2,2,indoor,1,1
00041628,"The image's memorability is driven by the distinct contrast between the person's warm smile and the colorful, playful background of plush toys.",prominent_faces,5,4,3,4,indoor,1,3
00041640,The image captures a moment of everyday life with a strong emotional charge due to the intimate and protective nature of the scene.,prominent_faces,5,4,3,4,outdoor,1,4
00041648,"The image captures a dynamic moment with a person actively engaged in a video game, which adds emotional charge and distinctiveness.",prominent_faces,5,4,2,3,indoor,1,4
00041677,"The image's distinctiveness, vivid colors, and clear focal point drive its memorability.",none,4,4,3,4,outdoor,1,2
00041738,"The image's distinctive and novel appearance, combined with its emotional charge due to the burnt-out state of the computer, makes it highly memorable.",none,5,5,3,2,indoor,1,4
00041764,The image's memorability is driven by its distinctiveness and the clear focal point of the group photo.,people_present,5,4,2,1,outdoor,1,1
00041765,The image's memorability is driven by its distinctiveness and the clear focal point of the donuts.,none,5,4,2,4,indoor,1,1
00041824,"The train's vibrant colors and distinct design make it stand out against the more muted background, enhancing its memorability.",none,5,4,2,4,outdoor,2,1
00041829,"The image's distinctiveness, clarity, and vivid colors contribute significantly to its memorability.",people_present,5,4,2,5,unclear,1,3
00041863,"The image features two elephants interacting with a large ball, creating a clear focal point and a sense of novelty.",none,5,4,2,3,outdoor,1,3
00041886,The image's memorability is driven by the contrast between the formal attire and the casual activity of skateboarding.,people_present,5,4,2,3,outdoor,1,2
00041928,"The image captures a joyful family moment at a ski resort, making it emotionally charged and distinctively memorable.",prominent_faces,5,4,3,4,outdoor,1,4
00041937,"The image features a dog in a domestic setting, which is a common and relatable scene, but the dog's interaction with the environment adds a sense of curiosity and movement.",none,4,3,2,2,indoor,1,2
00041939,The image's memorability is driven by its clear focal point and distinctiveness.,people_present,5,4,2,3,outdoor,1,1
00041975,"The image's motion blur and the person's dynamic pose create a sense of urgency and movement, enhancing its memorability.",people_present,4,3,2,2,outdoor,1,4
00041982,The image's distinctiveness and the presence of people interacting with the aircraft contribute to its memorability.,people_present,4,4,3,1,outdoor,2,2
00042052,"The image's focus on a close-up of food with a person actively eating adds a sense of immediacy and engagement, enhancing memorability.",people_present,4,3,4,4,unclear,1,2
00042066,"The image's memorability is driven by the striking contrast between the cat and the owl on the TV screen, creating a humorous and novel focal point.",none,5,5,3,4,indoor,2,3
00042140,"The image's distinctiveness, clear focal point, and natural beauty contribute significantly to its memorability.",none,5,5,2,4,outdoor,1,3
00042188,"The image captures a candid moment in a home kitchen, featuring two people engaged in cooking, which adds a sense of warmth and activity.",people_present,4,3,2,3,indoor,1,2
00042263,"The image captures a candid moment of children playing, which often evokes a sense of warmth and nostalgia.",people_present,4,3,2,4,indoor,1,3
00042354,"The image captures a strong emotional connection between the adult elephant and its calf, making it memorable.",none,5,4,2,3,outdoor,1,5
00042385,"The image's clarity, distinctiveness, and natural composition drive its memorability.",none,5,4,2,3,outdoor,1,2
00042410,The image's distinctiveness and clarity make it memorable due to its unique subject and setting.,none,5,4,2,1,outdoor,1,1
00042419,The image's distinctiveness and visual complexity drive its memorability due to the unique combination of ingredients and the contrast between the flatbread and the rolled items.,none,4,4,4,3,indoor,1,2
00042420,"The image features a clear focal point with distinct clothing and a tennis racket, creating a memorable scene.",people_present,5,4,2,3,outdoor,2,3
00042429,"The image's memorability is driven by its distinctiveness, clear focal point, and the presence of people, which adds a human element.",people_present,5,4,3,4,indoor,2,2
00042473,"The child's playful interaction with the bucket and sunglasses, combined with the bright colors and beach setting, creates a vivid and emotionally engaging scene.",people_present,5,4,3,5,outdoor,1,4
00042487,"The image captures a dynamic moment with a clear focal point, vivid colors, and a sense of speed, enhancing its memorability.",people_present,5,5,3,5,outdoor,3,4
00042511,"The image captures a dynamic moment in baseball, focusing on the batter's swing, which is visually striking and emotionally engaging.",people_present,5,4,3,4,outdoor,1,4
00042519,"The variety of textures and colors makes the dish visually striking and novel, enhancing memorability.",none,4,4,4,4,indoor,1,2
00042524,"The image captures a dynamic snowboarding scene with a clear focal point and vivid colors, enhancing its memorability.",people_present,5,4,3,5,outdoor,1,3
00042577,"The image features a distinctive blue Metrobus as the focal point, set against a clear urban backdrop with minimal distractions.",none,4,3,2,4,outdoor,3,1
00042587,The dynamic action and vivid colors make this image highly memorable.,people_present,5,5,3,4,outdoor,1,4
00042590,"The image's distinctiveness, clarity, and natural beauty drive its memorability.",none,5,5,2,4,outdoor,1,3
00042621,"The image's memorability is driven by its distinctiveness, clear focal point, and the contrast between the modern train and the traditional church backdrop.",none,5,5,3,4,outdoor,1,2
00042653,"The image's distinctiveness and the person's prominent face create a strong emotional charge, enhancing memorability.",prominent_faces,5,4,3,4,indoor,1,4
00042654,"The image's simplicity, distinctiveness, and clear focal point drive its memorability.",none,5,5,1,5,outdoor,1,2
00042678,"The image captures a group of elephants in their natural habitat, which is visually striking and emotionally evocative due to the presence of wildlife.",none,4,4,3,3,outdoor,1,3
00042730,"The image features a clear focal point with a distinct and novel subject, making it highly memorable.",people_present,5,5,3,4,outdoor,1,2
00042774,"The image captures a cozy and relatable moment with a dog resting on a couch, which evokes a sense of warmth and comfort.",none,5,3,2,4,indoor,1,3
00042803,"The image captures a unique and serene moment of people riding an elephant in a misty forest, which is both distinctive and emotionally evocative.",people_present,4,4,3,2,outdoor,1,3
00042814,"The image's memorability is driven by the distinct subjects, clear focal point, and the emotional connection between the two people.",prominent_faces,5,4,2,3,outdoor,1,3
00042819,The presence of sheep in a suburban setting creates a striking and unusual focal point.,none,5,5,1,4,outdoor,1,3
00042866,"The image captures a moment of creativity and anticipation, focusing on the pouring of chocolate sauce over a cake, which is visually striking and emotionally engaging.",none,5,4,3,4,indoor,1,4
00042870,"The image captures a dynamic horse racing scene with a clear focal point and vivid colors, enhancing its memorability.",people_present,4,4,3,4,outdoor,1,3
00042879,The parking meter's unique design and clear focal point make it highly memorable.,none,5,4,2,3,outdoor,3,1
00042905,"The image captures a cat interacting with a hat, creating a charming and relatable moment.",none,5,4,2,3,indoor,1,3
00042933,"The image captures a moment of quiet focus and connection with nature, driving memorability through its simplicity and emotional charge.",people_present,5,4,2,3,outdoor,1,3
00042934,"The image captures a clear focal point with a distinct subject, minimal visual clutter, and a vivid color palette, enhancing its memorability.",people_present,5,4,2,4,outdoor,1,3
00042959,The image's distinctiveness and clarity drive its memorability due to the variety of fruits and vegetables arranged neatly.,none,4,4,3,4,outdoor,1,2
00042964,"The vivid colors and distinct shape of the bird make it stand out against the green foliage, enhancing its memorability.",none,5,5,3,5,outdoor,1,2
00042969,"The image captures a dynamic moment in a baseball game, focusing on the batter's swing, which creates a strong emotional charge and a clear focal point.",people_present,5,4,3,4,outdoor,2,4
00043004,The bright yellow color and distinct shape of the train make it stand out as a clear focal point.,none,5,4,2,5,outdoor,3,1
00043018,The child's focused expression and the contrast between the helmet and skateboard create a memorable and emotionally engaging scene.,people_present,5,4,2,3,outdoor,1,3
00043031,The image's simplicity and the distinct group of cows create a memorable scene.,none,4,3,2,4,outdoor,1,1
00043049,The scene's distinctiveness and the presence of people create a memorable snapshot.,people_present,4,3,4,3,indoor,1,2
00043057,The image's distinctiveness and the contrast between the sleeping person and the bedside items create a memorable scene.,people_present,4,4,2,3,indoor,1,3
00043070,"The image's memorability is driven by its distinctiveness, clear focal point, and emotional charge.",people_present,5,4,2,1,outdoor,1,3
00043091,The image's memorability is driven by its distinct architectural style and the serene harbor setting.,none,4,4,3,3,outdoor,1,2
00043171,"The image's memorability is driven by its distinctiveness, clear focal point, and emotional charge associated with emergency services.",none,5,5,3,4,outdoor,2,4
00043224,"The image has a clear focal point (laptop) and minimal visual clutter, making it memorable.",none,5,3,1,2,indoor,1,1
00043246,"The image's memorability is driven by its distinctive and novel elements, such as the unusual arrangement of cell phones and the toy gun, combined with the person's attire and expression.",people_present,4,4,4,3,indoor,2,3
00043284,"The image's distinctiveness, clarity, and color vividness contribute to its memorability.",none,5,4,3,4,indoor,1,2
00043319,The bathroom's clean lines and simple design make it memorable due to its distinctiveness and clarity.,none,4,3,2,2,indoor,1,1
00043322,"The vivid pink bus and its distinct route number make it stand out as the focal point, enhancing memorability.",people_present,5,4,3,5,outdoor,2,1
00043406,"The image captures a train station scene with a clear focal point and distinct elements, making it memorable.",none,4,3,2,2,outdoor,1,1
00043411,"The image has a clear focal point with a man walking away, which, combined with the urban setting and movement, creates a sense of everyday life that can be memorable.",people_present,4,3,3,3,outdoor,2,1
00043465,"The cake's unique decoration and vibrant colors make it stand out, enhancing its memorability.",none,5,5,3,4,indoor,1,2
00043480,"The handshake between two individuals in formal military attire creates a clear focal point and emotional charge, enhancing memorability.",prominent_faces,5,4,3,3,indoor,1,4
00043507,The bright yellow color and distinct military markings make the aircraft highly distinctive and visually striking.,none,5,5,2,5,indoor,3,2
00043538,The dynamic action and vivid colors make this image highly memorable.,people_present,5,5,3,4,outdoor,1,4
00043541,The image's distinctiveness and clear focal point drive its memorability.,none,5,4,2,4,outdoor,3,1
00043566,"The image captures a dynamic moment in a baseball game, focusing on the batter's swing, which makes it visually striking and emotionally engaging.",people_present,5,4,3,2,outdoor,2,4
00043586,The presence of people and the dynamic interaction between the chef and the audience create a memorable scene.,people_present,4,3,3,3,indoor,1,2
00043606,"The image has a clear focal point (laptop) and minimal visual clutter, making it memorable.",none,4,3,2,3,indoor,2,1
00043626,"The room's symmetrical layout and organized decor create a sense of calm and order, enhancing memorability.",none,4,3,2,3,indoor,1,1
00043631,The image's simplicity and the clear focal point of the scissors and fabric make it memorable.,none,5,3,2,4,indoor,1,1
00043632,"The dynamic action and focus on the frisbee create a strong sense of movement and anticipation, enhancing memorability.",people_present,5,4,2,3,outdoor,1,3
00043648,The image's memorability is driven by its distinctiveness and the clear focal point of the man in the small boat.,people_present,5,4,2,1,outdoor,1,1
00043670,"The mummy hot dogs are distinctive and novel, making them stand out as the focal point.",none,5,5,4,4,indoor,1,3
00043679,"The image captures a clear focal point with a person actively grilling hot dogs, which adds a sense of activity and relatability.",people_present,5,4,3,4,outdoor,1,2
00043693,"The image depicts a simple bathroom scene with a clear focal point (the bathtub and shower area), which enhances its memorability.",none,4,3,2,2,indoor,1,1
00043728,"The distinctiveness of the subjects and their casual, everyday activity makes the scene memorable.",prominent_faces,4,4,3,3,outdoor,1,2
00043740,"The image captures a dynamic moment in baseball, focusing on the batter's stance, which is visually striking and emotionally engaging.",people_present,5,4,3,1,outdoor,1,4
00043743,"The image captures a large military aircraft in flight, which is a distinctive and novel subject, driving high memorability.",none,5,5,3,2,outdoor,1,3
00043792,The image's distinctiveness and clarity of the focal subject drive its memorability.,none,4,3,2,3,outdoor,3,1
00043811,The dynamic movement of birds in flight against a natural backdrop creates a visually striking and emotionally engaging scene.,none,3,4,4,3,outdoor,1,3
00043827,"The image captures a dynamic scene with motorcycles in motion, which adds a sense of action and movement, enhancing memorability.",people_present,4,3,2,3,outdoor,1,3
00043845,The close-up of the zebra's face against a simple grassy background makes it a striking and memorable focal point.,none,5,5,1,4,outdoor,1,2
00043912,"The image captures a serene outdoor scene with riders on horses, which is visually distinct and emotionally calming.",people_present,4,4,2,3,outdoor,1,2
00043914,"The distinct blue and white pattern, clear focal point, and contrast against the wooden background drive memorability.",none,5,5,3,4,indoor,1,1
00043922,"The image's distinctiveness, clear focal point, and natural beauty contribute to its memorability.",none,5,4,2,4,outdoor,1,3
00043932,"The scene has a distinct focal point (the computer setup) and moderate visual complexity, making it moderately memorable.",none,3,3,4,2,indoor,2,1
00043959,"The bathroom's simplicity and the presence of a scale on the floor add a subtle layer of intrigue, enhancing memorability.",none,3,2,2,2,indoor,1,1
00043967,The image's memorability is driven by its distinctiveness and the clear focal point of the food preparation process.,none,4,4,3,4,indoor,1,2
00044071,"The black-and-white composition, expansive landscape, and solitary sheep create a serene and memorable scene.",none,4,4,2,1,outdoor,1,3
00044098,"The stop sign with graffiti adds a unique and unexpected element, making it stand out.",none,5,4,2,3,outdoor,3,1
00044191,The scene's clutter and detailed setup suggest a workspace that could be memorable due to its complexity and the potential for storytelling.,none,3,4,5,3,indoor,2,1
00044205,"The warm yellow tones, distinct decor elements, and clear focal points make this kitchen scene memorable.",none,4,4,3,4,indoor,1,2
00044207,"The image's memorability is driven by its vibrant colors, diverse crowd, and dynamic street scene.",prominent_faces,3,4,4,4,outdoor,2,3
00044212,"The image's distinctiveness, clear focal point, and natural beauty contribute to its high memorability.",none,5,5,3,4,outdoor,1,2
00044239,The image's simplicity and the striking contrast of the zebras' stripes against the green grass make it memorable.,none,5,4,2,4,outdoor,1,1
00044263,"The image captures a busy urban scene with people boarding a bus, which is visually distinct and emotionally engaging due to the human activity and the urban environment.",prominent_faces,4,4,3,3,outdoor,2,3
00044385,"The scene has a clear focal point (the computer monitor) and distinct elements like the magazine and scissors, making it memorable.",none,4,3,2,3,indoor,2,1
00044408,"The image's clarity, distinctiveness, and focus on a simple yet skillful action make it memorable.",people_present,5,4,2,4,indoor,1,1
00044410,The image's distinctiveness and the prominent faces of the individuals contribute to its memorability.,prominent_faces,4,4,3,3,outdoor,1,2
00044415,"The image captures a candid moment with a clear focal point, making it memorable due to its distinctiveness and the human element.",people_present,5,4,3,3,outdoor,1,2
00044464,"The image's memorability is driven by its distinctiveness and the contrast between the blurred train and the focused individual, creating a sense of movement and stillness.",people_present,4,4,2,3,indoor,1,2
00044530,"The image captures a candid moment of a child enjoying a hot dog, which is visually engaging due to its simplicity and emotional warmth.",people_present,5,4,2,4,outdoor,1,3
00044585,The image's distinctiveness and the clear focal point of the person talking on the phone drive its memorability.,people_present,4,3,2,4,outdoor,1,2
00044601,"The image's distinctiveness, clear focal point, and vivid colors contribute to its memorability.",none,5,4,2,5,outdoor,1,3
00044650,"The image features a clear focal point with distinct food items, making it memorable.",none,4,3,2,4,indoor,1,1
00044660,"The image captures a dynamic moment of a child surfing, which is visually striking and emotionally engaging.",people_present,5,5,3,4,outdoor,1,4
00044665,"The bear's distinct fur coloration and the dramatic lighting create a striking focal point, enhancing memorability.",none,5,5,3,4,outdoor,1,4
00044690,The motorcycle's vibrant red color and classic design make it stand out as a clear focal point against the urban backdrop.,none,5,4,3,5,outdoor,1,2
00044741,"The image's distinctiveness and the close-up of the broccoli create a strong focal point, enhancing memorability.",prominent_faces,5,5,3,4,unclear,1,3
00044754,"The dynamic pose of the person in the foreground and the contrast between the relaxed background create a strong focal point, enhancing memorability.",people_present,5,4,3,3,indoor,1,3
00044793,"The image captures a dynamic moment with a clear focal point, vivid colors, and a sense of speed, enhancing its memorability.",people_present,5,5,3,5,outdoor,1,4
00044795,"The image captures a serene beach scene with distinct elements like surfers and a person walking with a surfboard, which creates a clear focal point and adds novelty.",people_present,4,3,2,2,outdoor,1,1
00044819,The scene's distinctiveness and the presence of people engaged in a sport create a memorable image.,people_present,4,4,3,4,outdoor,1,2
00044845,The image's memorability is driven by its distinctiveness and novelty due to the unusual arrangement of toilets.,none,3,4,2,2,indoor,1,1
00044939,The image's simplicity and the bird's distinct position make it memorable.,none,5,4,1,2,outdoor,1,1
00044942,The dynamic pose and vivid colors make this image highly memorable.,people_present,5,5,2,5,outdoor,1,4
00044971,"The image captures a moment of personal interaction, focusing on the act of adjusting a tie, which adds a sense of intimacy and detail.",people_present,5,4,2,1,indoor,1,3
00045001,"The scene is distinct and focused on a specific theme, enhancing memorability.",none,4,4,3,4,indoor,2,2
00045010,"The image captures a moment of activity, focusing on the process of making pizza, which is visually engaging and emotionally neutral.",people_present,4,3,2,3,indoor,1,1
00045014,The image's distinctiveness and the clear focal point of the building's unusual design drive its memorability.,people_present,4,4,3,2,outdoor,2,1
00045025,The image's distinctiveness and the presence of a clear focal point (the zebras) drive its memorability.,none,4,4,2,3,outdoor,1,1
00045034,The kitchen's distinct wooden cabinetry and modern appliances create a visually appealing and memorable scene.,none,4,4,3,3,indoor,1,2
00045086,"The image captures a dynamic moment of skateboarding, emphasizing movement and skill, which enhances its memorability.",people_present,5,4,3,4,outdoor,1,3
00045087,The image's distinctiveness and the dog's expressive face make it memorable.,none,5,4,3,4,outdoor,1,3
00045151,"The ornate canopy bed and detailed drapery create a striking focal point, enhancing memorability.",none,5,4,3,2,indoor,1,2
00045174,"The image captures a focused moment of technical work, highlighting the precision and concentration required in electronics repair or assembly, which can be emotionally engaging.",people_present,5,4,4,3,indoor,2,3
00045191,The stuffed bear dressed as a pumpkin with a smiling face and bright colors creates a striking and novel focal point.,none,5,5,3,5,unclear,2,4
00045224,"The image's distinctiveness, natural beauty, and the presence of zebras create a strong emotional charge and a clear focal point, enhancing memorability.",none,4,4,3,3,outdoor,1,4
00045259,The image's memorability is driven by the vibrant kites and the dynamic activity of people enjoying the event.,people_present,3,4,4,4,outdoor,1,3
00045276,The vivid pink color scheme and unique architectural elements make this bathroom scene highly distinctive and memorable.,none,4,5,3,5,indoor,1,2
00045364,"The image captures a humorous and endearing interaction between a person and a kitten, making it emotionally charged and distinctive.",prominent_faces,5,5,3,4,indoor,2,4
00045379,"The image has a distinct and clear focal point (the bathroom sink area), with a mix of personal items that add character without being overly cluttered.",none,4,3,3,2,indoor,1,1
00045392,The image's memorability is driven by its distinctiveness and the clear focal point of fresh fruits arranged on a kitchen counter.,none,4,4,3,4,indoor,1,2
00045402,The image's memorability is driven by its distinctiveness and the clear focal point of the cyclist.,people_present,5,4,3,4,outdoor,1,2
00045424,The image's distinctiveness and the clear focal point of the person performing a handstand drive its memorability.,people_present,5,5,2,1,outdoor,1,3
00045437,"The image's memorability is driven by its distinct vintage aesthetic, clear focal point, and emotional connection to a bygone era.",people_present,5,4,3,1,outdoor,1,3
00045469,"The image features a clear focal point with distinct elements like the sandwich, chips, and sauce, making it visually appealing and memorable.",none,5,4,3,4,indoor,1,2
00045479,"The image's distinctiveness and clarity drive memorability due to its vibrant colors, clear focal point, and cultural elements.",people_present,4,4,3,4,outdoor,2,2
00045500,The image's distinctiveness and the clear focal point of the dessert slice make it memorable.,none,5,4,3,4,indoor,1,2
00045511,"The image's distinctiveness, clarity, and natural beauty contribute to its memorability.",none,4,4,2,3,outdoor,1,2
00045546,"The image captures a dynamic moment of a rider on a dirt bike in a striking desert landscape, making it visually engaging and emotionally charged.",people_present,5,5,3,4,outdoor,1,4
00045643,The image's distinctiveness and simplicity drive its memorability.,none,5,4,2,4,outdoor,1,1
00045653,"The sign's distinct shape, bold colors, and clear iconography make it highly memorable.",none,5,5,1,5,outdoor,1,1
00045680,The image's memorability is driven by its distinctiveness and the clear focal point of the discarded refrigerator.,none,5,4,2,3,outdoor,2,1
00045688,The image features a clear focal point with distinct food items and a novel combination that enhances memorability.,none,5,4,3,4,indoor,1,2
00045799,"The bus's branding and design elements create a distinct and novel focal point, enhancing memorability.",none,5,4,3,3,outdoor,3,2
00045834,"The image captures a dynamic moment of a skateboarder mid-trick, making it visually striking and emotionally engaging.",people_present,5,4,3,2,outdoor,1,4
00045866,"The image's simplicity, distinct focal point, and emotional charge make it memorable.",none,5,4,2,3,indoor,1,4
00045900,"The image captures a dynamic moment in a baseball game, focusing on the batter and catcher, which enhances its memorability.",people_present,4,3,2,4,outdoor,1,3
00045933,The image's distinctiveness and the focus on the person's interaction with the food create a memorable scene.,people_present,4,4,3,3,indoor,1,2
00045935,"The curved wooden bench and Adirondack chairs create a distinct and novel focal point, enhancing memorability.",none,4,4,2,3,outdoor,1,1
00046013,The clock's distinct shape and the contrast between its circular form and the rectangular building create a striking focal point.,none,5,4,2,1,outdoor,1,1
00046073,"The image captures a dynamic moment of a skier in action, making it visually striking and emotionally engaging.",people_present,5,4,3,4,outdoor,2,4
00046120,The scene's distinctiveness and the presence of people create a memorable image.,people_present,3,4,4,3,indoor,1,2
00046126,The simplicity and contrast between the vibrant carrot juice and the plain donut create a striking visual that enhances memorability.,none,5,4,2,5,indoor,1,3
00046135,"The image captures a unique and humorous moment, making it memorable due to its distinctiveness and emotional charge.",people_present,5,5,3,4,indoor,1,4
00046156,"The image features two people sitting at a table with wine glasses, creating a warm and inviting atmosphere.",prominent_faces,4,3,2,4,indoor,1,3
00046157,"The scene has a distinct focal point (the sofa) and a calm, homey atmosphere that enhances memorability.",none,4,3,2,3,indoor,1,2
00046203,The image's distinctiveness and the clear focal point of the elephants and riders make it memorable.,people_present,4,4,3,3,outdoor,1,2
00046232,"The image's memorability is driven by the striking contrast between the black kitten and the iconic Louis Vuitton pattern, creating a novel and emotionally charged focal point.",none,5,5,3,4,indoor,1,4
00046247,"The warm wood paneling, vintage furniture, and classic design elements create a distinct and memorable scene.",none,4,4,3,3,indoor,1,2
00046265,"The image's memorability is driven by its clear focal point, distinctiveness, and the emotional charge of the solitary bird against the dynamic ocean backdrop.",none,5,4,2,3,outdoor,1,3
00046271,"The image features a distinctive bus with a clear focal point, vibrant colors, and a novel urban setting, enhancing its memorability.",none,5,4,3,4,outdoor,2,1
00046278,"The image's distinctiveness, clarity, and vivid colors make it highly memorable.",none,5,5,3,4,outdoor,1,2
00046461,The image's distinctiveness and the presence of prominent faces drive its memorability.,prominent_faces,4,4,3,4,outdoor,1,2
00046511,"The serene and contemplative scene, with its distinct focal point and emotional charge, enhances memorability.",people_present,5,4,2,3,outdoor,1,4
00046565,The dynamic action and vivid colors make this image highly memorable.,people_present,5,5,3,4,outdoor,1,4
00046566,The image's distinctiveness and emotional charge drive its memorability due to the striking contrast between the red fire hydrants and the American flags.,none,4,4,3,4,outdoor,2,4
00046614,The dynamic action and clear focal point of the skateboarder in mid-air create a striking and memorable image.,people_present,5,5,3,4,outdoor,1,4
00046619,The image's simplicity and clear focal point drive its memorability.,none,5,3,1,2,indoor,1,1
00046649,"The image's distinctiveness, clear focal point, and emotional charge contribute to its memorability.",prominent_faces,5,4,2,3,outdoor,1,4
00046662,"The image's simplicity and focus on a solitary activity create a strong emotional charge and a clear focal point, enhancing memorability.",people_present,5,4,2,1,indoor,1,3
00046671,"The image has a clear focal point (the stop sign) and distinct elements like street signs and trees, making it memorable.",none,4,3,2,4,outdoor,3,1
00046699,"The image features a distinctively designed bus with a clear focal point and minimal visual clutter, enhancing its memorability.",none,5,4,2,3,outdoor,3,1
00046712,"The image features a social gathering with people interacting around wine bottles, which creates a sense of engagement and interest.",people_present,4,3,3,3,indoor,1,2
00046840,"The image captures a candid moment of a child being fed, which is emotionally charged and has a clear focal point.",people_present,4,3,3,4,indoor,1,4
00046862,"The image's memorability is driven by the distinctiveness of the subject and the clear focal point, combined with the emotional charge from the person holding the umbrella.",people_present,5,4,3,3,outdoor,1,3
00046912,"The image captures a clear focal point with a distinct subject, minimal clutter, and a strong emotional charge from the rural setting and the person's posture.",people_present,5,4,2,3,outdoor,1,3
00046951,"The image captures a dynamic moment of a baseball pitcher mid-pitch, making it visually striking and emotionally engaging.",people_present,5,4,3,4,outdoor,1,4
00046972,"The image's memorability is driven by its distinctiveness, clear focal point, and emotional charge from the shadow play and warm lighting.",none,5,5,3,4,outdoor,2,4
00047009,The scene's distinctiveness and the presence of people create a memorable snapshot of a professional or academic setting.,people_present,3,4,3,3,indoor,1,2
00047018,The stark contrast between the person's posture and the chaotic background creates a strong emotional charge and visual distinctiveness.,people_present,5,5,4,1,indoor,1,5
00047021,The steam train and the dramatic smoke create a striking and emotionally charged focal point.,people_present,5,5,3,2,outdoor,1,4
00047040,The image's distinctiveness and the clear focal point of the toilet and window create a memorable scene.,none,4,3,2,3,indoor,1,1
00047145,"The stop sign cart is distinctive due to its unique design and placement, making it stand out as a focal point.",none,5,5,3,4,outdoor,2,1
00047147,The close-up focus on the person's mouth and the vivid color saturation make the image striking and memorable.,prominent_faces,5,5,2,5,unclear,1,3
00047149,"The image captures a dynamic moment in baseball, focusing on the pitcher's throw and the batter's swing, making it visually engaging.",people_present,5,4,3,4,outdoor,1,3
00047169,The dog's curious expression and the contrast between the natural and man-made elements create a memorable scene.,none,4,4,3,4,outdoor,1,3
00047193,"The image captures a dynamic moment in a tennis match, making it visually engaging and memorable.",people_present,4,3,2,4,outdoor,1,3
00047200,"The NASA hangar and the airplane create a distinct and novel focal point, enhancing memorability.",none,4,4,2,3,outdoor,3,1
00047208,The image's distinctiveness and the clear focal point of the person holding the kiteboard make it highly memorable.,people_present,5,5,2,3,outdoor,1,3
00047209,The image's simplicity and the presence of people engaging in a common activity create a relatable and emotionally neutral scene.,people_present,3,2,1,4,outdoor,1,2
00047239,"The image captures a lively outdoor kite-flying event with a clear focal point and vibrant colors, enhancing its memorability.",people_present,4,4,3,4,outdoor,1,3
00047241,"The image's distinctiveness, clarity, and visual complexity drive its memorability.",none,5,4,4,4,indoor,1,2
00047273,"The image's distinctiveness and the man's exaggerated expression create a strong emotional charge, enhancing memorability.",prominent_faces,5,4,2,3,indoor,1,4
00047306,The image's simplicity and the clear focal point of the boats and lighthouse make it memorable.,none,4,3,2,3,outdoor,1,1
00047338,"The bathroom's unique design, including the mosaic tile and the natural view, makes it memorable.",none,4,4,3,3,indoor,1,2
00047357,"The image features a distinct white van parked in front of a building with clear signage, making it a strong focal point.",none,4,3,2,3,outdoor,3,1
00047358,The dynamic action and black-and-white contrast make the image visually striking and emotionally engaging.,people_present,5,5,3,2,outdoor,1,4
00047402,The image's simplicity and the clear focal point of the horse's back create a strong memorability due to its distinctiveness and clarity.,none,5,4,2,3,outdoor,1,2
00047455,"The image captures a moment of daily routine, which can be relatable and emotionally resonant.",people_present,4,3,2,3,indoor,1,2
00047477,The vivid red color and unique shape of the fire hydrant make it stand out as a distinctive subject.,none,5,5,1,5,outdoor,1,1
00047519,"The image's distinctiveness, clear focal point, and natural beauty contribute to its memorability.",none,4,4,3,4,outdoor,1,2
00047520,"The broken television set with its distinctive shape and shattered glass creates a strong visual impact, driving memorability.",none,5,5,3,2,outdoor,1,4
00047522,The image's memorability is driven by its distinctive subject (the beer truck) and the contrast between the urban environment and the vibrant advertisement.,people_present,4,4,3,4,outdoor,2,2
00047526,"The image captures a dynamic moment in baseball, focusing on the batter, which makes it visually striking and emotionally engaging.",people_present,5,4,3,4,outdoor,2,3
00047621,The image's distinctiveness and the clear focal point of the ram enhance its memorability.,none,5,4,3,3,outdoor,1,2
00047645,The image's simplicity and the bird's distinct posture make it memorable.,none,5,4,1,2,outdoor,1,3
00047646,The sandwich's distinct texture and color contrast make it visually striking and memorable.,none,5,4,3,4,indoor,1,2
00047647,The image's distinctiveness and clarity drive its memorability due to the unique setting and the focus on the cows.,none,4,4,2,3,outdoor,1,1
00047650,"The kitchen's warm lighting, distinct black cabinets, and central island create a visually striking and memorable scene.",none,4,4,3,3,indoor,1,2
00047735,"The clock tower stands out as a clear focal point against the sky, making it highly memorable.",none,5,4,2,3,outdoor,2,1
00047736,"The bird's vibrant colors and distinct markings make it stand out against the natural background, enhancing its memorability.",none,5,5,3,4,outdoor,1,2
00047768,The image's memorability is driven by the distinctiveness of the subjects and their clear focal point.,people_present,4,4,2,3,outdoor,2,1
00047820,The dynamic action and vivid colors make this image highly memorable.,people_present,5,5,3,4,outdoor,1,4
00047836,The child's focused action and the contrast between the kitchen environment and the egg create a sense of curiosity and activity that enhances memorability.,people_present,5,4,3,4,indoor,2,3
00047885,The dynamic action and clear focal point drive memorability.,people_present,5,4,3,3,outdoor,1,4
00047914,"The image's memorability is driven by the distinct action of the person holding a gaming controller, which is a novel and engaging activity.",people_present,5,4,2,3,indoor,1,2
00047956,"The image captures a dynamic moment in a baseball game, making it visually engaging and emotionally charged.",people_present,4,3,2,4,outdoor,1,3
00047981,"The image captures a playful and humorous moment, making it emotionally charged and distinctive.",prominent_faces,5,4,2,3,indoor,1,4
00048025,The truck's rugged design and the rural setting create a strong visual contrast that enhances memorability.,none,5,4,3,3,outdoor,2,3
00048072,"The image captures a candid moment with people engaged in various activities, which adds a sense of liveliness and relatability.",people_present,3,4,3,4,outdoor,1,2
00048134,"The image captures a close-up of a small animal being held, which is distinctive and emotionally engaging due to its intimate nature.",people_present,5,4,3,2,indoor,1,3
00048138,The image's distinctiveness and the clear focal point of the food make it memorable.,none,5,4,3,4,indoor,1,2
00048151,"The image's simplicity, distinctiveness, and clear focal point drive its memorability.",none,5,4,1,3,indoor,2,1
00048175,"The image captures a natural and serene moment of elephants in their habitat, which can evoke a sense of awe and connection to nature.",none,4,3,2,2,outdoor,1,3
00048228,"The dog's expressive eyes and the contrast in its fur create a strong emotional charge and a clear focal point, enhancing memorability.",none,5,4,2,3,indoor,1,4
00048242,"The memorial's distinct design, emotional display, and clear focal point drive its memorability.",none,5,4,3,4,outdoor,3,4
00048243,The image's distinctiveness and clarity drive its memorability due to the clear focus on the aircraft and the dramatic sky backdrop.,none,5,4,3,1,outdoor,2,3
00048267,The dynamic action and vivid colors make this image highly memorable.,people_present,4,4,3,4,outdoor,1,3
00048353,"The image's simplicity and focus on a single, well-composed table setting drive its memorability.",none,5,3,1,2,indoor,1,1
00048371,"The image captures a candid moment with distinct people and a clear focal point, making it memorable.",prominent_faces,4,3,2,4,indoor,1,3
00048380,The image's simplicity and the clear focal point of the airplane against a blue sky drive its memorability.,none,5,3,1,4,outdoor,1,1
00048400,"The image captures a dynamic surfing moment with a clear focal point and vivid colors, enhancing its memorability.",people_present,5,4,3,4,outdoor,1,3
00048423,"The image captures a moment of focused activity, which, combined with the warm lighting and the presence of food preparation, evokes a sense of home and comfort.",people_present,4,3,4,3,indoor,1,3
00048483,The image captures a dynamic outdoor sports activity with a clear focal point and distinct elements that make it memorable.,people_present,4,3,2,3,outdoor,1,2
00048490,"The image captures a dynamic moment in a tennis match, making it visually engaging and memorable.",people_present,4,3,2,3,indoor,3,2
00048503,The intricate design and historical significance of the astronomical clock make it highly distinctive and memorable.,none,5,5,5,1,outdoor,2,3
00048520,"The machine's design and layout, combined with its distinct color scheme and clear focal points, drive memorability.",none,5,4,3,3,outdoor,3,1
00048522,The dynamic pose and contrast between the skateboarder and the bowl create a striking focal point.,people_present,5,5,3,1,outdoor,1,4
00048526,The image's distinctiveness and clarity make it memorable due to its focus on a unique food preparation moment.,none,5,4,3,4,indoor,1,2
00048562,"The image captures a serene and relatable moment between two cats, which naturally evokes curiosity and warmth.",none,4,3,2,3,indoor,1,3
00048601,The dynamic action and vivid colors make this image highly memorable.,prominent_faces,5,5,4,5,outdoor,2,4
00048606,"The image's distinctiveness, clear focal point, and emotional charge contribute to its memorability.",people_present,5,5,3,4,outdoor,1,3
00048651,"The image features a clear focal point (bike lane sign) with distinct elements like the no-biking sign and street name, making it memorable.",none,4,3,3,2,outdoor,3,1
00048661,The image's simplicity and the distinct focus on the dog create a memorable scene.,none,5,4,2,3,outdoor,1,2
00048662,The image's stark contrast between the person's makeup and the teddy bear creates a striking and emotionally charged focal point.,prominent_faces,5,5,3,4,indoor,1,5
00048678,"The image's distinctiveness, clarity, and natural beauty drive its memorability.",none,5,5,3,4,outdoor,1,3
00048756,"The image's distinctiveness, emotional charge, and clarity of focus drive its memorability.",none,5,5,2,4,indoor,1,4
00048762,"The image captures a striking and novel scene of wild boars running across a snowy road, which naturally increases its memorability due to its distinctiveness and emotional charge.",none,5,5,3,2,outdoor,1,4
00048782,"The cat's direct gaze and distinct fur pattern make it a strong focal point, enhancing memorability.",none,5,4,2,3,unclear,1,3
00048796,The image's distinctiveness and clear focal point drive its memorability.,none,5,5,2,3,outdoor,2,3
00048804,"The image's distinctiveness, emotional charge, and the clear focal point drive its memorability.",people_present,5,4,2,3,indoor,1,4
00048816,The image's distinctiveness and novelty drive its memorability due to the unusual and striking appearance of the Dalek costume.,people_present,5,5,3,2,outdoor,1,3
00048843,"The image's vivid colors, distinct focal point, and serene setting drive high memorability.",none,5,5,2,5,outdoor,1,4
00048849,"The image's distinctiveness, clarity, and emotional charge contribute significantly to its memorability.",none,4,4,3,4,indoor,1,2
00048859,"The image's distinctiveness, clear focal point, and vivid colors contribute to its high memorability.",none,5,5,2,4,outdoor,1,3
00048948,"The rustic wooden structure with its thatched roof stands out as a clear focal point amidst a natural setting, enhancing memorability.",none,5,4,3,2,outdoor,1,2
00049006,"The vibrant costume, distinct hairstyle, and playful pose create a striking and memorable focal point.",people_present,5,5,4,5,indoor,1,3
00049018,"The image's distinctiveness, focal point, and natural beauty contribute significantly to its memorability.",none,5,5,3,4,outdoor,1,4
00049038,The image's distinctiveness and emotional charge drive its memorability due to the close-up focus on a person holding a bubble bath sponge.,prominent_faces,5,4,2,3,indoor,1,3
00049063,The image's distinctiveness and clear focal point drive its memorability.,none,5,4,2,3,outdoor,1,2
00049132,"The image's distinctiveness, emotional charge, and clear focal point drive its memorability.",none,5,5,2,4,outdoor,1,4
00049174,"The image's distinctiveness, emotional charge, and clarity of focus contribute significantly to its memorability.",prominent_faces,5,5,2,4,outdoor,1,3
00049229,The image's distinctiveness and color vividness make it memorable.,none,4,5,3,5,outdoor,1,2
00049230,The image's simplicity and the swan's graceful presence make it highly memorable.,none,5,4,1,1,outdoor,1,3
00049316,The image's distinctiveness and the clear focal point of the person's feet stepping on a pinecone drive its memorability.,people_present,4,4,2,3,outdoor,1,2
00049328,The silhouette of the person and the natural elements create a striking contrast that enhances memorability.,prominent_faces,5,5,3,2,outdoor,1,4
00049332,"The image's striking pose, vivid colors, and clear focal point drive its memorability.",people_present,5,5,3,5,outdoor,1,4
00049453,"The image captures a vivid rural scene with a clear focal point and strong emotional charge, driving memorability.",people_present,5,4,3,4,outdoor,1,4
00049462,"The image's memorability is driven by its clear focal point, distinctiveness, and emotional charge.",people_present,5,5,3,4,indoor,1,4
00049504,The image's striking contrast between the yellow bucket and the flowing sand creates a memorable and novel visual.,people_present,5,5,2,4,outdoor,1,3
00049505,"The image captures a unique and endearing moment between a puppy and a person, making it emotionally charged and distinctive.",people_present,5,5,2,4,outdoor,1,5
00049508,"The image's distinctiveness, emotional charge, and the presence of people create a memorable scene.",prominent_faces,4,4,2,3,outdoor,1,3
00049510,"The image captures a dynamic moment in a baseball game, focusing on the batter's swing, which makes it visually striking and emotionally engaging.",people_present,5,4,3,4,outdoor,2,4
00049562,The image's striking silhouette against a vibrant sunset creates a strong emotional charge and visual distinctiveness.,people_present,5,5,2,5,outdoor,1,5
00049607,"The image's distinctiveness, vivid colors, and strong emotional charge contribute significantly to its memorability.",prominent_faces,5,5,5,5,indoor,1,5
00049621,The dog's expressive face and the contrast between its fur and the snowy background create a striking and emotionally charged focal point.,none,5,4,2,3,outdoor,1,4
00049638,The image's distinctiveness and the interaction between the two individuals create a memorable scene.,people_present,4,4,3,4,indoor,1,3
00049667,The statue's distinct features and clear focal point make it highly memorable.,none,5,5,3,2,outdoor,1,3
00049735,"The image's distinctiveness, emotional charge, and clear focal point contribute significantly to its memorability.",people_present,5,4,3,2,outdoor,1,4
00049755,"The motorcycle's unique design and vibrant colors make it stand out, enhancing its memorability.",none,5,5,4,5,outdoor,1,3
00049761,"The image's vivid colors, distinct huts, and serene setting create a strong emotional charge and high memorability.",none,4,5,2,5,outdoor,1,4
00049772,"The image's distinctiveness, clarity, and emotional appeal drive its memorability.",none,5,5,2,4,indoor,1,3
00049791,The stark contrast between the dark sky and the earthy tones of the landscape creates a strong emotional charge and a clear focal point.,none,5,5,1,2,outdoor,1,4
00049799,"The image's distinctiveness, emotional charge, and the presence of people in costumes create a memorable scene.",people_present,3,4,4,4,indoor,1,3
00049879,"The image's memorability is driven by its distinctiveness, the presence of people, and the strong emotional charge associated with group activities.",prominent_faces,3,4,2,4,indoor,1,4
00049904,"The image's distinctiveness, emotional charge, and the overlay of the Iranian flag create a strong visual impact.",none,4,5,3,4,outdoor,1,4
00049905,The serene landscape with a single sailboat creates a distinct and emotionally resonant focal point.,none,4,4,2,3,outdoor,1,3
00049913,"The image's memorability is driven by the distinct group of people in matching shirts, creating a sense of unity and focus.",prominent_faces,4,3,2,4,indoor,1,2
00049916,"The image captures a wedding moment with a clear focal point and strong emotional charge, driving its memorability.",prominent_faces,5,4,2,3,outdoor,1,5
00049957,"The image's distinctiveness, emotional charge, and clear focal point drive its memorability.",prominent_faces,5,5,3,4,indoor,2,4
00050007,The strong contrast and focus on the subject's face create a striking and memorable image.,prominent_faces,5,5,1,3,indoor,1,4
00050021,"The presence of people and their interaction creates a sense of activity and social engagement, which can enhance memorability.",people_present,3,2,3,4,outdoor,1,3
00050033,"The image's distinctiveness, clear focal point, and emotional charge contribute to its memorability.",people_present,4,4,3,3,outdoor,2,3
00050039,"The image's distinctiveness, emotional charge, and clear focal point drive its memorability.",prominent_faces,5,5,3,4,outdoor,1,4
00050042,"The image captures a dynamic moment in a hockey game, focusing on a player in action, which enhances its memorability.",people_present,4,3,2,3,indoor,1,3
00050062,"The image's natural beauty, distinctiveness, and simplicity drive its memorability.",none,4,4,2,3,outdoor,1,2
00050115,"The image's distinctiveness, clear focal point, and emotional charge contribute significantly to its memorability.",prominent_faces,5,5,1,5,indoor,1,5
00050127,The vibrant colors and distinct shape of the shrimp make it stand out as a clear focal point against the textured background.,none,5,5,4,5,unclear,1,2
00050136,"The image's clarity, distinctiveness, and simplicity drive its memorability.",none,5,4,2,4,indoor,1,3
00050218,"The image captures a poignant moment amidst destruction, highlighting human resilience and emotional depth.",prominent_faces,4,4,3,2,outdoor,1,4
00050239,"The decaying refrigerator serves as a striking focal point, evoking strong emotions due to its state of abandonment and decay.",none,5,5,4,3,indoor,1,5
00050245,The image's simplicity and distinctiveness drive memorability.,none,3,4,1,2,indoor,1,1
00050277,"The image's distinctiveness, clear focal point, and architectural grandeur drive its memorability.",none,5,5,4,3,outdoor,1,2
00050310,The image's distinctiveness and the clear focal point of the person's face drive its memorability.,prominent_faces,5,4,2,3,indoor,1,3
00050369,"The image's striking contrast between the dark foreground and the illuminated sky, along with the star trails, creates a memorable and emotionally charged scene.",none,4,5,3,4,outdoor,1,4
00050380,"The image's distinctiveness, vivid colors, and clear focal point contribute to its memorability.",none,5,5,4,5,indoor,1,2
00050398,"The image's distinctiveness, complexity, and vivid colors contribute significantly to its memorability.",none,5,5,5,5,indoor,1,3
00050400,"The dog's expressive face and the close-up perspective create a strong emotional charge and a clear focal point, enhancing memorability.",none,5,4,2,3,indoor,1,4
00050412,"The image captures a dynamic and striking moment of a bird in flight, making it visually distinctive and emotionally charged.",none,5,5,3,4,outdoor,1,4
00050414,"The image's simplicity and the distinct, clear focal point of the felt dog toy drive its memorability.",none,5,4,1,3,indoor,1,2
00050429,"The image's distinctiveness, clarity, and emotional charge make it highly memorable.",none,5,5,3,4,unclear,1,2
00050445,The image's architectural details and the play of light create a visually striking and emotionally resonant scene.,none,4,4,3,2,indoor,1,3
00050477,"The image's distinctiveness, vivid colors, and clear focal point drive its memorability.",none,5,5,3,5,unclear,1,4
00050533,"The image's striking composition, vivid colors, and unusual subject matter make it highly memorable.",people_present,5,5,4,5,outdoor,1,3
00050560,"The serene winter landscape with a snow-covered cabin creates a strong emotional charge and a clear focal point, enhancing memorability.",none,5,5,2,3,outdoor,1,4
00050573,"The image's striking and unsettling appearance, combined with its clear focal point and distinctiveness, enhances its memorability.",none,5,5,3,2,unclear,1,5
00050596,"The image's distinctiveness and clarity make it memorable due to its close-up view of a worn bicycle, highlighting textures and details.",none,4,3,4,2,indoor,1,1
00050619,"The wizard costume and vibrant colors create a striking and novel focal point, enhancing memorability.",none,5,5,3,5,indoor,1,4
00050643,The image's simplicity and the clear focal point of the spider make it highly memorable.,none,5,4,1,2,unclear,1,1
00050648,The image's distinctiveness and the clear focal point of the person wearing a unique outfit drive its memorability.,people_present,5,4,2,3,indoor,1,3
00050756,"The image's distinctiveness, clear focal point, and vibrant colors contribute significantly to its memorability.",people_present,5,5,3,5,outdoor,2,4
00050795,"The image's distinctiveness, vivid colors, and clear focal point drive its memorability.",none,5,5,2,5,unclear,1,4
00050859,"The image's memorability is driven by its clear focal point, distinct subject, and the strong emotional charge of the performance.",people_present,5,4,3,4,indoor,1,4
00050871,"The image captures a candid moment at the beach, featuring two people in a natural setting which enhances its memorability.",people_present,4,3,2,3,outdoor,1,2
00050879,"The image's distinctiveness, clear focal point, and emotional charge contribute significantly to its memorability.",none,5,5,1,4,indoor,1,4
00050893,"The image's distinctiveness, emotional charge, and simplicity contribute to its memorability.",none,5,5,1,4,outdoor,1,4
00050907,"The image's strong emotional charge, distinctive subject, and clear focal point drive its memorability.",prominent_faces,5,5,4,5,outdoor,1,5
00050925,The image's distinctiveness and the presence of a person create a memorable scene.,people_present,4,4,3,2,outdoor,1,2
00051002,"The image's clarity, distinctiveness, and emotional charge make it highly memorable.",none,5,5,2,4,outdoor,1,3
00051070,The serene winter landscape with snow-covered trees and houses creates a visually striking and emotionally evocative scene.,none,4,5,3,4,outdoor,1,4
00051148,"The image's memorability is driven by the distinct cosplay subject and the vibrant, detailed setting of a convention.",people_present,4,4,3,4,indoor,2,3
00051166,"The image's distinctiveness, emotional charge, and clarity of focus contribute significantly to its memorability.",prominent_faces,5,4,2,3,indoor,1,4
00051192,"The image has a clear focal point with distinct elements like the scone, bread, and jam, creating a visually appealing and novel composition.",none,5,4,2,3,indoor,2,2
00051200,"The cat's distinct appearance and the strong shadow create a striking contrast, enhancing memorability.",none,5,5,2,4,indoor,1,3
00051203,"The image's vivid colors, distinctiveness, and clear focal point contribute to its high memorability.",none,4,4,3,5,outdoor,1,3
00051232,"The image's distinctiveness, clear focal point, and emotional charge contribute significantly to its memorability.",people_present,5,5,4,4,unclear,3,4
00051277,The image's distinctiveness and the clear focal point of the chipmunk eating from a jar make it highly memorable.,none,5,5,3,4,indoor,2,3
00051301,"The image's distinctiveness, clear focal point, and emotional charge contribute significantly to its memorability.",none,5,5,3,4,outdoor,1,3
00051312,"The image's distinctiveness, clarity, and emotional charge make it highly memorable.",none,5,5,4,4,outdoor,1,3
00051339,"The image's distinctiveness, clear focal point, and vivid colors drive its memorability.",none,5,5,3,5,outdoor,1,2
00051359,"The image captures a candid moment of a child holding a pencil, which is visually distinct and emotionally engaging.",prominent_faces,5,4,2,3,indoor,1,3
00051437,The image's distinctiveness and the prominence of the subject drive its memorability.,prominent_faces,5,4,2,3,indoor,1,3
00051442,"The image's distinctiveness, clear focal point, and emotional charge contribute significantly to its memorability.",none,5,5,4,5,unclear,3,5
00051443,"The image has a clear focal point (the knitting project) and a distinct subject (the person knitting), which enhances memorability.",people_present,4,3,2,3,indoor,1,1
00051458,"The image's distinctiveness, emotional charge, and the prominence of the characters' expressions drive its memorability.",prominent_faces,5,5,4,4,indoor,1,5
00051465,"The image's desolate and overgrown setting creates a strong emotional charge, enhancing memorability.",none,3,4,2,2,outdoor,1,4
00051493,The image's eerie atmosphere and lack of people or distinct objects make it memorable due to its unsettling nature.,none,2,3,2,1,indoor,1,4
00051506,"The cat's distinct appearance and focused gaze create a strong focal point, enhancing memorability.",none,5,4,2,3,outdoor,1,3
00051537,The vivid lighting and distinct focal point create a striking and memorable scene.,people_present,4,5,3,5,indoor,1,3
00051538,The image's distinctiveness and the clear focal point of the shoes contribute to its memorability.,people_present,4,4,2,3,indoor,1,1
00051581,"The stark contrast between the dark silhouettes of the trees and the pale, foggy background creates a strong emotional charge and a sense of mystery, enhancing memorability.",none,3,4,2,1,outdoor,1,4
00051593,The image's memorability is driven by its distinctiveness and the presence of people in a dynamic urban setting.,people_present,3,4,3,3,outdoor,1,2
00051616,"The dramatic sky and rugged coastline create a striking contrast, enhancing memorability.",none,4,5,3,4,outdoor,1,4
00051661,The image's distinctiveness and clarity drive its memorability due to the focused subject and natural lighting.,none,5,4,2,3,outdoor,1,2
00051685,"The image captures a serene winter scene with skiers descending a slope, which is visually striking due to its simplicity and the contrast between the snow and the skiers' colorful attire.",people_present,4,4,2,3,outdoor,1,2
00051695,The image's distinctiveness and the unusual posture of the person contribute to its memorability.,people_present,4,4,2,2,indoor,1,3
00051720,"The image's distinctiveness, clarity, and vivid colors drive its memorability.",prominent_faces,5,5,4,5,unclear,1,5
00051727,The image's distinctiveness and the clear focal point of the deer contribute to its memorability.,none,5,4,3,2,outdoor,1,2
00051764,The close-up of the hand covering part of the face creates a strong emotional charge and a clear focal point.,prominent_faces,5,5,2,1,unclear,1,5
00051853,"The image's clarity, distinctiveness, and natural beauty contribute significantly to its memorability.",none,5,4,2,3,outdoor,1,3
00051901,"The image's distinctive light trails create a striking focal point against a dark background, enhancing its memorability.",none,5,5,5,5,unclear,1,3
00051926,"The image's memorability is driven by the distinct group interaction and the casual, yet focused atmosphere.",people_present,4,3,2,3,indoor,1,2
00051944,"The image's simplicity, distinct subject, and strong emotional charge drive its memorability.",none,5,5,1,2,outdoor,1,4
00051965,"The image's memorability is driven by its distinctive subjects, clear focal point, and emotional charge.",people_present,5,5,3,5,outdoor,1,4
00051975,"The striking contrast between the vibrant pink hair, fishnet stockings, and the somber expression creates a memorable and emotionally charged scene.",people_present,5,5,3,4,indoor,1,4
00051979,"The image's distinctiveness, clarity, and vivid colors make it highly memorable.",none,5,5,3,4,outdoor,1,2
00052028,"The vibrant pink blossoms and lush greenery create a striking contrast, making the scene visually distinctive and emotionally engaging.",none,5,5,3,5,outdoor,1,4
00052034,"The image's simplicity, vivid colors, and clear focal point drive its memorability.",none,5,5,1,5,unclear,1,3
00052050,The image's distinctiveness and the clear focal point of the tea-making activity drive its memorability.,people_present,4,4,3,2,indoor,1,2
00052062,"The vibrant yellow flowers and their distinct shape create a striking focal point against the green background, enhancing memorability.",none,5,5,2,5,outdoor,1,3
00052070,"The image's clarity, distinctiveness, and simplicity drive its memorability.",none,5,5,1,4,outdoor,1,3
00052127,The combination of a striking military aircraft with a humorous biblical quote creates a memorable juxtaposition.,none,5,5,3,4,outdoor,2,3
00052183,"The image's distinctiveness, emotional charge, and visual complexity drive its memorability.",prominent_faces,5,5,5,4,indoor,1,4
00052211,"The image captures a dynamic moment in a high-speed race, emphasizing speed and competition, which naturally increases memorability.",none,5,4,3,4,outdoor,2,4
00052242,"The image's distinctiveness, clarity, and natural beauty drive its memorability.",none,5,5,3,4,outdoor,1,3
00052299,The image's distinctiveness and the clear focal point of the person's face drive its memorability.,prominent_faces,5,4,2,1,indoor,1,3
00052312,"The image's stark contrast, vivid colors, and singular focus on the glowing lightsaber create a strong emotional charge and high memorability.",none,5,5,2,5,indoor,1,5
00052323,"The image's distinctive subject, the building, combined with its unusual perspective and emotional charge, enhances memorability.",none,4,4,3,1,outdoor,1,3
00052325,"The bright colors, distinct features, and clear focal point make this image highly memorable.",none,5,5,3,5,indoor,1,4
00052330,"The statue's distinct pose and warm lighting create a strong focal point, enhancing memorability.",none,5,4,3,4,indoor,1,2
00052371,"The stark black-and-white contrast and the fierce expression of the wolf's head make it highly distinctive and emotionally charged, driving memorability.",none,5,5,3,2,unclear,1,5
00052414,"The image's distinctiveness, clear focal point, and emotional charge contribute significantly to its memorability.",none,5,5,2,4,indoor,1,3
00052478,"The car's sleek design and dynamic pose against a blurred background create a strong focal point, enhancing memorability.",none,5,4,2,3,outdoor,1,3
00052535,The stark contrast between the decayed figure and the pristine white cloth creates a striking and emotionally charged focal point.,people_present,5,5,2,3,indoor,1,5
00052552,"The image's distinctiveness, clarity, and vivid colors make it highly memorable.",none,5,5,3,5,unclear,1,2
00052575,"The image features two distinct people in a well-lit, organized indoor space, which creates a clear focal point and a sense of personal connection.",people_present,5,4,3,3,indoor,1,2
00052597,"The image captures a tender moment between a child and a pregnant woman, emphasizing the bond and anticipation of new life.",people_present,5,4,2,1,indoor,1,4
00052637,"The image captures a person playing guitar and singing, creating a focal point that is emotionally engaging.",people_present,4,3,2,2,indoor,1,3
00052685,"The image's memorability is driven by the distinct subject (the person) and the unusual setting (an empty pool), creating a novel and striking scene.",prominent_faces,5,5,3,4,outdoor,1,2
00052712,"The image's distinctiveness, clarity, and emotional charge make it highly memorable.",none,5,5,2,4,outdoor,1,4
00052782,"The image has a clear focal point with distinct features, making it memorable.",prominent_faces,5,4,2,3,outdoor,1,2
00052853,The image's strong emotional charge and clear focal point drive its memorability.,prominent_faces,5,4,2,4,indoor,1,5
00052855,"The image's vibrant colors, motion blur, and dynamic composition create a visually striking and emotionally charged scene.",people_present,3,4,4,5,indoor,1,4
00052888,The mural's distinctive characters and vivid colors create a striking and emotionally engaging scene.,none,4,5,5,5,outdoor,1,4
00052904,The image's distinctiveness and the unusual subject matter (a person with a snake around their neck) drive its memorability.,prominent_faces,5,5,2,3,outdoor,1,3
00053000,"The image's memorability is driven by its distinctiveness and the presence of people, creating a sense of activity and liveliness.",people_present,3,4,3,3,indoor,2,2
00053021,"The stark contrast and deep shadows create a strong emotional charge and a sense of mystery, enhancing memorability.",none,3,4,2,1,outdoor,1,4
00053041,The striking blue eyes and unique fur pattern make the puppy highly distinctive and emotionally engaging.,none,5,5,2,4,unclear,1,4
00053053,"The ornate frame and the vintage photograph create a strong emotional charge and visual distinctiveness, enhancing memorability.",people_present,5,5,4,1,unclear,1,5
00053059,"The vibrant colors, distinct traditional attire, and clear focal point drive memorability.",prominent_faces,5,5,4,5,outdoor,3,4
00053077,The image's simplicity and the clear focal point of the ocean view drive its memorability.,none,5,4,2,4,outdoor,1,3
00053080,The close-up of the cat's face with its distinct features and natural expression enhances memorability.,none,5,4,2,3,unclear,1,2
00053096,"The image's memorability is driven by the contrast between the formal attire of the central figure and the casual, possibly sporting, activities of the background.",people_present,4,3,3,3,outdoor,1,2
00053122,"The image's distinctiveness, emotional charge, and clarity of focus drive its memorability.",people_present,5,4,2,3,outdoor,1,4
00053158,"The tree trunk with a carved face creates a striking and novel focal point, enhancing memorability.",none,5,5,3,4,outdoor,1,4
00053166,"The distinctiveness of the subjects and their formal attire, combined with the Dove Awards backdrop, creates a memorable scene.",people_present,4,4,3,3,indoor,2,2
00053197,The image's memorability is driven by the distinctiveness of the rural landscape and the clear focal point of the two children sitting on the bench.,prominent_faces,5,4,2,3,outdoor,1,2
00053266,"The image's distinctiveness, vivid colors, and clear focal point contribute to its memorability.",people_present,4,4,3,4,indoor,1,2
00053307,The vibrant orange flowers and their distinct shapes create a striking focal point that enhances memorability.,none,5,5,3,5,outdoor,1,4
00053313,"The image's memorability is driven by its elegant and detailed setup, which is both distinct and emotionally engaging.",none,5,4,3,3,indoor,1,3
00053320,"The image's architectural design, large glass windows, and open space create a sense of spaciousness and modernity, enhancing its memorability.",none,3,4,2,3,indoor,1,2
00053357,"The image's natural beauty, distinctiveness, and lack of visual clutter contribute to its memorability.",none,4,4,2,3,outdoor,1,3
00053360,The image's distinctiveness and the unusual presentation of text as food drive its memorability.,none,5,5,2,3,indoor,4,1
00053380,The image's memorability is driven by its distinctiveness and the clear focal point of the fire truck and Arrowhead truck against the modern building backdrop.,none,4,4,2,3,outdoor,2,1
00053383,The stark contrast and distinct architectural elements make this image highly memorable.,none,5,5,3,1,outdoor,1,2
00053419,The image's distinctiveness and simplicity drive its memorability.,people_present,5,5,1,1,indoor,1,1
00053430,"The rustic stone structure with its weathered door and surrounding debris creates a strong visual contrast and evokes a sense of abandonment, driving memorability.",none,4,4,3,2,outdoor,1,3
00053465,"The image's strong contrast, central figure, and atmospheric elements create a striking and emotionally charged scene.",people_present,5,5,3,1,outdoor,1,5
00053470,The dish's distinct presentation and the contrast between the textures and colors make it visually striking and memorable.,none,5,5,4,3,indoor,1,2
00053496,"The image captures a lively poolside scene with distinct characters and vibrant colors, making it memorable.",people_present,4,4,3,4,outdoor,1,3
00053555,The image's strong emotional charge and distinct focal point drive its memorability.,prominent_faces,5,4,3,2,outdoor,1,4
00053561,The image's memorability is driven by its distinctiveness and the clear focal point of the bicycles.,none,4,4,3,4,outdoor,2,1
00053568,The image's distinctiveness and emotional charge drive its memorability due to its historical context and the presence of people engaged in a significant activity.,people_present,4,4,3,1,outdoor,1,3
00053569,The striking contrast and dramatic lighting make the image highly memorable.,none,5,5,3,1,outdoor,1,5
00053587,"The image's strong emotional charge, distinct figures, and central focus on the crucifixion scene drive its memorability.",prominent_faces,5,5,4,5,indoor,2,5
00053599,The image's distinctiveness and clarity drive its memorability due to the clear focal point and striking visual elements.,none,5,5,3,2,outdoor,1,2
00053602,"The image's simplicity, clear focal point, and emotional expression drive its memorability.",people_present,5,4,1,3,outdoor,1,4
00053608,"The image's distinctiveness, vivid colors, and clear focal point make it highly memorable.",none,5,5,1,4,outdoor,1,3
00053609,"The image's striking contrast between the sun and the dark sky, along with its simplicity and emotional warmth, enhances memorability.",none,5,5,1,4,outdoor,1,4
00053611,"The decaying corridor with its peeling paint and dim lighting creates a strong emotional charge and a sense of mystery, driving memorability.",none,3,4,2,2,indoor,1,4
00053615,The display's distinctiveness and the clear focal point drive its memorability.,none,4,4,3,3,indoor,1,2
00053642,"The image's vivid colors, clear focal point, and novel elements drive high memorability.",none,5,5,4,5,outdoor,1,4
00053718,"The image captures a wedding scene with a horse-drawn carriage, which is a distinctive and novel element, driving memorability.",prominent_faces,5,5,3,4,outdoor,1,4
00053727,"The image's simplicity and the lone figure create a strong focal point, enhancing memorability.",people_present,4,3,2,2,indoor,1,2
00053729,"The image's strong contrast between the bright sun and the dark clock tower creates a striking focal point, enhancing memorability.",none,5,5,1,5,outdoor,1,4
00053811,The vivid colors and striking contrast make the bird highly memorable.,none,5,5,1,5,unclear,1,4
00053900,"The presence of a large, colorful Homer Simpson figure creates a strong focal point and emotional charge, enhancing memorability.",people_present,4,4,3,4,indoor,2,3
00053903,"The image's stark contrast, vivid blood, and unusual composition drive high memorability.",prominent_faces,5,5,4,5,indoor,1,5
00054018,"The image captures a lively parade scene with a clear focal point and vibrant colors, enhancing its memorability.",people_present,4,4,3,4,outdoor,2,3
00054062,"The image's clarity, distinctiveness, and simplicity contribute to its memorability.",people_present,5,4,2,3,indoor,1,2
00054076,"The image's distinctiveness, clear focal point, and emotional charge contribute significantly to its memorability.",none,5,5,1,4,outdoor,1,4
00054100,The image's simplicity and the baby's expressive face make it highly memorable.,people_present,5,4,1,3,indoor,1,4
00054115,"The image's distinctiveness, strong emotional charge, and clear focal point drive its memorability.",none,5,5,3,2,indoor,1,5
00054135,The intricate architectural details and central dome create a visually striking and emotionally engaging focal point.,none,5,5,5,4,indoor,1,3
00054141,"The vibrant colors, distinct architectural style, and bustling activity create a visually striking and emotionally engaging scene.",people_present,3,4,5,5,outdoor,1,4
00054146,"The image captures a striking moment of joy and elegance, making it highly memorable.",people_present,5,5,2,5,outdoor,1,5
00054162,The scene's distinctiveness and the presence of people create a memorable snapshot.,people_present,3,4,3,4,outdoor,1,2
00054167,"The vibrant colors, variety of fruits, and the festive arrangement make this image highly memorable.",none,5,5,4,5,outdoor,1,3
00054203,"The image's distinctiveness, emotional charge, and clarity of focus drive its memorability.",prominent_faces,4,4,3,4,indoor,1,2
00054258,The image's distinctiveness and the clear focal point drive its memorability.,prominent_faces,5,4,2,3,unclear,1,2
00054264,"The image's vivid colors, distinct characters, and clear focal points drive high memorability.",none,5,5,2,5,indoor,1,3
00054267,"The image captures a musician in action, which naturally evokes a sense of performance and emotion.",people_present,5,4,3,3,indoor,1,3
00054285,"The image's vivid color palette, distinct subjects, and strong emotional charge contribute significantly to its memorability.",prominent_faces,5,5,3,5,indoor,1,4
00054299,"The image's simplicity, clear focal point, and emotional charge drive its memorability.",none,5,4,1,1,unclear,1,4
00054316,"The interplay of light and shadow creates a striking contrast, making the scene visually distinctive and emotionally evocative.",none,3,4,2,1,outdoor,1,3
00054325,"The image's striking contrast between the sun and clouds, combined with the silhouettes of people, creates a powerful and memorable scene.",people_present,4,5,2,5,outdoor,1,5
00054346,"The scene's distinctiveness, emotional charge, and clear focal point drive its memorability.",none,5,5,4,4,indoor,1,4
00054361,The ornate architecture and unique ceiling installation create a striking and memorable scene.,none,4,5,4,3,indoor,1,2
00054429,"The ornate architecture, rich tapestries, and stained glass windows create a visually striking and emotionally charged environment.",people_present,4,5,5,4,indoor,1,4
00054437,The image's distinctiveness and emotional charge drive its memorability due to the contrast between the aged structure and the vibrant greenery.,none,4,4,3,4,outdoor,1,3
00054453,"The image's clarity, distinctiveness, and lack of visual clutter contribute to its memorability.",none,5,4,2,3,outdoor,1,1
00054529,"The image's memorability is driven by the prominent face, the musician's expressive posture, and the contrast between the dark background and the brightly lit subject.",prominent_faces,5,4,2,3,indoor,1,3
00054537,"The image's distinctiveness, clarity, and vivid colors make it highly memorable.",none,4,4,3,4,indoor,1,2
00054544,"The image's decayed state and architectural details create a strong emotional charge and distinctiveness, enhancing memorability.",none,3,4,3,2,indoor,1,4
00054549,"The image's distinctiveness, emotional charge, and clear focal point contribute to its memorability.",people_present,5,4,2,4,outdoor,1,3
00054560,"The image's stark contrast between the simple, vivid design and the harsh, negative text creates a strong emotional charge and makes it memorable.",none,5,5,1,5,unclear,3,5
00054624,"The image's vivid colors, distinct characters, and playful arrangement make it highly memorable.",none,3,4,4,5,indoor,2,4
00054662,The toy figure's distinct appearance and clear focus make it highly memorable.,none,5,5,3,4,unclear,1,2
00054722,"The image has a clear focal point (the person with the heart tattoo) and includes distinctive elements like posters and personal photos, which contribute to its memorability.",people_present,4,4,3,4,indoor,2,3
00054724,The image's distinctiveness and clarity drive memorability due to its unique setting and lack of visual clutter.,none,4,4,2,3,outdoor,1,1
00054749,"The image's memorability is driven by the distinct subjects, clear focal point, and the novelty of the action captured.",prominent_faces,5,4,3,4,outdoor,1,2
00054761,"The image's striking lighting, vivid colors, and clear focal point of the bridge make it highly memorable.",none,5,5,4,5,outdoor,1,4
00054798,"The image's distinctiveness, emotional charge, and clear focal point drive its memorability.",prominent_faces,5,4,3,4,indoor,1,4
00054840,The serene natural setting with a clear path and lush greenery creates a peaceful and memorable scene.,none,4,4,3,3,outdoor,1,2
00054888,The image's distinctiveness and the clear focal point drive its memorability.,people_present,5,4,2,5,indoor,3,1
00054898,"The image captures a charming and intimate moment between two kittens, which naturally evokes strong emotional responses.",none,5,4,3,4,indoor,1,5
00054907,"The close-up of the baby's feet under a crib creates a sense of intimacy and vulnerability, driving memorability.",people_present,5,4,2,3,indoor,1,4
00054926,"The image's distinctiveness, emotional charge, and clear focal point drive its memorability.",prominent_faces,5,5,1,4,unclear,1,4
00054956,The sculpture's emotional charge and distinctiveness drive its memorability.,people_present,5,5,3,2,indoor,1,5
00055067,"The image's distinctiveness, vivid colors, and the group's playful costumes create a strong emotional charge and make it memorable.",prominent_faces,4,4,3,4,indoor,1,4
00055093,"The image's distinctiveness, clarity, and vivid colors contribute to its memorability.",none,4,4,3,4,outdoor,1,2
00055166,The vivid colors and distinct shapes create a striking contrast that enhances memorability.,none,5,5,3,5,unclear,1,4
00055219,"The image's distinctiveness and the unusual placement of the cereal box create a strong focal point, enhancing memorability.",none,5,5,3,4,unclear,2,1
00055236,"The image's distinctiveness, emotional charge, and the contrast between the two figures create a memorable scene.",people_present,4,4,3,2,indoor,1,4
00055239,"The image captures a dynamic cycling race with a clear focal point and vivid colors, enhancing its memorability.",people_present,4,4,3,4,outdoor,1,2
00055244,The image's strong emotional charge and distinct subject make it highly memorable.,prominent_faces,5,5,1,1,unclear,1,5
00055247,"The image has a clear focal point with distinct and novel elements, but the heavy text and visual clutter reduce memorability.",none,3,4,4,2,indoor,4,1
00055252,The distinctiveness and emotional charge of the plush toys make them highly memorable.,none,5,5,2,4,indoor,1,3
00055260,"The image's distinctiveness, clear focal point, and emotional charge contribute significantly to its memorability.",prominent_faces,5,5,3,4,indoor,1,4
00055285,The image's memorability is driven by the distinctiveness of the vintage car as the focal point against a serene suburban backdrop.,none,5,4,2,3,outdoor,1,2
00055317,"The image's memorability is driven by the distinct faces and the casual, candid nature of the moment.",prominent_faces,4,3,2,3,indoor,1,3
00055516,"The image's striking appearance, including the person's costume and expression, combined with the gritty background, creates a memorable scene.",prominent_faces,5,5,4,3,unclear,1,4
00055726,"The image's distinctiveness, clear focal point, and natural setting contribute to its memorability.",none,5,5,3,4,outdoor,1,2
00055738,"The vibrant costumes, balloons, and festive atmosphere create a visually striking and emotionally engaging scene.",people_present,4,5,4,5,outdoor,1,3
00055744,The close-up of the snake's face with its glossy eyes and textured scales creates a striking and memorable image due to its distinctiveness and emotional charge.,none,5,5,3,4,unclear,1,4
00055747,"The stark contrast between the tree and the dark background, along with its intricate branches, creates a strong focal point and emotional charge.",none,5,5,2,3,outdoor,1,4
00055842,"The image captures a moment of interaction between two individuals, which, combined with their expressions and the context of a classroom setting, creates a memorable and emotionally charged scene.",prominent_faces,5,4,3,4,indoor,1,4
00056011,"The image captures a live performance with two distinct musicians, creating a clear focal point and a sense of emotion.",prominent_faces,5,4,3,4,indoor,1,3
00056017,"The image features two distinct individuals in a casual pose, which creates a memorable and novel scene.",prominent_faces,5,4,2,3,indoor,1,3
00056034,"The image features three distinct individuals posing on a red carpet, which naturally increases memorability due to the contrast and the event context.",prominent_faces,4,4,3,4,indoor,2,3
00056059,"The image's distinctiveness, vibrant colors, and the presence of people create a memorable scene.",prominent_faces,4,4,3,5,outdoor,2,3
00056061,"The image's distinctiveness, emotional charge, and clear focal point drive its memorability.",prominent_faces,5,4,3,4,indoor,1,4
00056091,The image's distinctiveness and simplicity drive its memorability.,none,5,5,1,2,unclear,3,1
00056171,"The serene landscape with its calm water, lush greenery, and solitary boats creates a peaceful and memorable scene.",none,4,4,2,3,outdoor,1,3
00056194,"The large blue plush character serves as a strong focal point due to its size and distinct color, making it highly memorable.",people_present,5,5,2,5,indoor,1,3
00056279,The striking contrast between the subject's expression and the natural background enhances memorability.,prominent_faces,5,5,3,2,unclear,1,4
00056311,"The image has a strong emotional charge due to the dramatic lighting and shadow play, which makes it memorable.",none,3,4,2,3,indoor,1,4
00056354,"The stark contrast between the dark figure and the light path, combined with the eerie atmosphere, makes this image highly memorable.",none,5,5,3,1,outdoor,1,4
00056385,"The image's distinctiveness and the solitary figure create a strong focal point, enhancing memorability.",people_present,5,4,2,1,outdoor,1,3
00056490,"The image's memorability is driven by its distinctiveness, clarity, and simplicity.",none,5,4,2,3,indoor,1,1
00056504,"The image's clarity, distinctiveness, and the presence of people create a memorable scene.",people_present,4,4,2,3,indoor,1,2
00056526,The image's distinctiveness and the clear focal point of the pronghorn antelope herd against the snowy landscape drive its memorability.,none,4,4,2,3,outdoor,1,2
00056568,"The image's memorability is driven by the iconic Leaning Tower of Pisa and the person posing playfully next to it, creating a novel and visually striking scene.",prominent_faces,5,5,3,4,outdoor,1,3
00056578,The graffiti and decay create a visually striking and emotionally charged scene that enhances memorability.,none,3,4,4,3,indoor,3,4
00056596,"The vivid colors, distinct subject, and natural setting contribute significantly to its memorability.",none,5,5,2,5,outdoor,1,3
00056625,"The image's vivid colors, distinct silhouette, and serene composition evoke strong emotional responses, enhancing memorability.",none,5,5,1,5,outdoor,1,5
00056687,"The image's distinctiveness, clear focal point, and natural beauty contribute to its memorability.",none,5,5,3,4,outdoor,1,3
00056691,"The image's distinctiveness, clarity, and emotional charge make it highly memorable.",none,5,5,3,5,outdoor,2,4
00056709,"The image's distinctiveness, clear focal point, and emotional charge contribute significantly to its memorability.",prominent_faces,5,5,2,4,indoor,1,3
00056725,The image's memorability is driven by the distinct focal point of the pianist and the contrast between the piano and the surrounding environment.,people_present,5,4,3,3,indoor,1,2
00056761,The image's simplicity and distinct architectural style make it memorable.,none,5,4,2,3,outdoor,1,1
00056801,"The large, blue, cartoonish character serves as a strong focal point, making the scene memorable due to its distinctiveness and novelty.",people_present,5,5,3,4,indoor,2,3
00056806,"The image's distinctiveness, clarity, and vivid colors make it highly memorable.",none,5,5,2,5,outdoor,1,3
00056818,The unique and striking design of the wooden wind chime with its face and fish elements makes it highly memorable.,none,5,5,4,3,indoor,1,2
00056823,"The image's distinctiveness, clear focal point, and strong emotional charge drive its memorability.",none,5,5,3,4,indoor,2,4
00056840,The image's distinctiveness and the clear focal point of the Celtic cross make it memorable.,none,5,4,3,3,outdoor,1,2
00056849,The stark contrast between the person's posture and the surrounding environment creates a strong emotional charge and a clear focal point.,people_present,5,5,1,3,outdoor,1,5
00056851,"The image captures a man playing the violin in a kilt, which is a distinctive and novel cultural element, making it memorable.",people_present,5,5,3,4,indoor,1,2
00056863,The spider's distinct appearance and clear focal point make it highly memorable.,none,5,5,2,3,indoor,1,1
00056902,"The character's large eyes, vibrant colors, and unique style make it highly distinctive and memorable.",none,5,5,3,5,unclear,1,2
00056915,The image's humor and the contrast between the bride's expression and the text 'DELICIOUS CAKE' create a strong emotional charge and a clear focal point.,prominent_faces,5,4,3,3,indoor,2,4
00056927,"The image captures a moment of activity involving a tree and a service vehicle, which creates a sense of purpose and movement.",people_present,4,3,3,2,outdoor,2,2
00056996,The image's emotional charge and the prominent placement of the subject make it highly memorable.,people_present,5,4,2,3,indoor,3,4
00057004,The vintage Kodak camera stands out due to its distinct design and nostalgic appeal.,none,5,5,3,4,unclear,2,3
00057029,"The image's distinctiveness, clear focal point, and emotional charge drive its memorability.",none,5,5,2,1,outdoor,1,3
00057055,"The image captures a moment of interaction between two people playing a game, which adds a sense of activity and engagement.",people_present,4,3,2,3,indoor,1,3
00057057,"The image's distinctiveness, vivid colors, and clear focal point contribute to its memorability.",people_present,5,4,2,5,unclear,1,3
00057077,"The image's memorability is driven by its distinctiveness, clear focal point, and vivid color contrast against the background.",none,5,5,2,5,outdoor,1,3
00057154,"The image's striking combination of vivid colors, distinct facial features, and a clear focal point makes it highly memorable.",none,5,5,5,5,unclear,1,5
00057156,The image's distinctiveness and clarity drive its memorability due to the unique arrangement of objects and the reflective mirror.,none,4,4,3,3,indoor,1,1
00057159,The map's distinct shape and clear labeling make it memorable.,none,4,3,2,1,unclear,3,1
00057173,"The image captures a dynamic rodeo moment with a clear focal point and vivid colors, enhancing its memorability.",people_present,5,5,4,4,indoor,1,5
00057178,The cat's distinct posture and the contrast between its fur color and the background make it a clear focal point.,none,5,4,2,3,indoor,1,2
00057214,The image's distinctiveness and the unusual focal point drive its memorability.,people_present,5,5,2,3,outdoor,1,3
00057215,"The image's striking contrast between light and shadow, combined with its natural beauty, makes it highly memorable.",none,5,5,3,4,outdoor,1,4
00057236,"The image's simplicity, distinctiveness, and lack of visual clutter contribute to its high memorability.",none,5,5,1,3,indoor,2,1
00057239,The image's stark contrast and unusual subject matter make it highly distinctive and memorable.,people_present,5,5,1,3,indoor,1,4
00057243,"The image's distinctiveness, clear focal point, and emotional charge contribute significantly to its memorability.",prominent_faces,5,5,1,4,indoor,1,4
00057259,"The classic car's vibrant color and distinct shape make it stand out as a focal point, enhancing its memorability.",none,5,5,2,5,outdoor,1,3
00057342,"The vivid colors, clear focal point, and striking subject make this image highly memorable.",none,5,5,3,5,outdoor,1,4
00057494,The image's striking blue glow and reflective water create a visually distinctive and emotionally evocative scene.,none,4,5,3,5,outdoor,1,4
00057506,The image's emotional charge and distinctiveness drive its memorability.,prominent_faces,5,5,2,4,unclear,1,5
00057527,"The image's distinctiveness, emotional charge, and clear focal point drive its memorability.",people_present,5,4,3,4,outdoor,1,4
00057618,"The image's distinctive black-and-white composition, novel perspective, and emotional depth drive its memorability.",none,4,5,2,1,outdoor,1,3
00057647,The image's distinctiveness and clarity drive memorability due to its unique arrangement of shells.,none,4,4,3,3,indoor,1,1
00057674,The image's distinctiveness and emotional charge drive its memorability due to the striking graphic design and the action of brushing teeth.,people_present,4,4,3,4,indoor,2,3
00057724,"The image's vivid colors, distinct costumes, and dynamic pose create a striking and memorable scene.",prominent_faces,5,5,4,5,outdoor,2,4
00057755,"The image's clarity, distinctiveness, and focus on a single subject enhance its memorability.",none,5,4,2,3,outdoor,2,1
00057813,"The image's distinctiveness, emotional charge, and simplicity contribute to its memorability.",people_present,5,5,1,4,outdoor,1,3
00057832,"The image's memorability is driven by its distinctiveness, clear focal point, and emotional charge.",people_present,5,4,3,1,outdoor,1,3
00057842,"The image's distinctiveness, clear focal point, and emotional charge contribute to its memorability.",prominent_faces,5,4,2,3,indoor,1,3
00057844,The image's distinctiveness and the clear focal point of the leopard print blanket create a memorable scene.,none,4,4,3,3,indoor,1,2
00057881,The image's distinctiveness and clear focal point drive its memorability.,none,5,5,1,4,outdoor,1,2
00057888,The image's distinctiveness and lack of people or clutter make it memorable.,none,3,4,2,1,outdoor,1,1
00057918,The image's distinctiveness and clarity drive its memorability due to the focused action and the contrast between the toothpaste and the toothbrush.,people_present,5,4,2,3,indoor,1,1
00057953,The image's striking contrast between the vibrant colors and the surreal composition makes it highly memorable.,prominent_faces,5,5,4,5,indoor,1,4
00057982,"The image's clarity, distinctiveness, and vivid colors make it highly memorable.",none,5,5,2,5,outdoor,1,3
00057989,The image's simplicity and the emotional connection between the two people create a memorable scene.,people_present,4,3,2,4,outdoor,1,3
00058007,The tattoo's message and the contrast between the skin tone and the ink make it visually striking and emotionally charged.,none,5,5,3,4,indoor,4,4
00058014,"The image's striking contrast between the vibrant costume and the serene sky, along with the dynamic pose, creates a memorable scene.",people_present,5,5,3,5,outdoor,1,4
00058028,The image's distinctiveness and contrast between casual and formal footwear against a shiny backdrop create a memorable visual.,people_present,4,4,3,4,indoor,1,2
00058059,"The image's memorability is driven by its clear focal point, distinct message, and emotional charge related to political activism.",prominent_faces,5,4,3,2,outdoor,4,4
00058061,"The image's distinctiveness, emotional charge, and clear focal point drive its memorability.",people_present,5,5,3,4,indoor,1,4
00058085,"The image's simplicity, distinctiveness, and emotional charge drive its memorability.",none,5,5,1,5,unclear,1,3
00058087,"The black-and-white composition, the solitary figure, and the dramatic cityscape create a strong emotional charge and a sense of distinctiveness.",prominent_faces,5,5,3,1,indoor,1,4
00058165,"The painting's distinctiveness, emotional charge, and clear focal point drive its memorability.",people_present,4,4,3,4,outdoor,1,3
00058226,"The image's dark, desolate atmosphere and architectural details create a strong emotional charge and a sense of distinctiveness.",none,3,4,2,1,indoor,1,4
00058284,"The image features a clear focal point (the blender) surrounded by vibrant fruits and vegetables, creating a visually striking and novel composition.",none,5,5,4,5,unclear,1,3
00058317,"The graffiti on the brick wall creates a visually striking and distinctive focal point, enhancing memorability.",none,3,4,3,2,outdoor,4,1
00058347,The image's distinctiveness and the person's casual pose create a memorable scene.,people_present,5,4,3,3,indoor,1,2
00058359,"The image features a distinctive vehicle with a unique roof design, set against a simple background, making it stand out.",people_present,4,4,2,3,outdoor,1,1
00058360,"The image's distinctiveness, clear focal point, and vintage aesthetic contribute to its memorability.",prominent_faces,5,4,2,1,outdoor,1,3
00058369,The scene's distinctiveness and the presence of people create a memorable impression.,people_present,3,4,2,3,indoor,1,1
00058387,"The image's distinctiveness, emotional charge, and clarity of subject contribute to its memorability.",none,4,4,3,2,outdoor,1,3
00058420,"The image's strong emotional charge, distinctiveness, and clarity of subject drive its memorability.",none,5,5,5,5,outdoor,1,5
00058497,The image's memorability is driven by its distinctiveness and the clear focal point of the vintage vehicles.,none,4,3,2,2,outdoor,1,1
00058503,"The image's distinctiveness and clarity drive its memorability due to the sharp focus on the fork and knife against a vibrant, patterned cloth.",none,5,4,2,4,indoor,1,1
00058512,"The image captures a moment of playful interaction between two individuals, which is emotionally charged and visually distinct.",prominent_faces,5,4,3,4,indoor,1,4
00058592,"The combination of a cute kitten with a dark, ominous text creates a stark contrast that enhances memorability.",none,5,4,2,3,indoor,3,4
00058625,"The image's simplicity, the cat's relaxed pose, and the interplay of light create a strong emotional charge and a clear focal point.",none,5,4,2,1,indoor,1,4
00058628,The image's distinctiveness and the clear focal point of the person in a unique outfit drive its memorability.,people_present,5,4,3,3,indoor,1,2
00058683,The image's memorability is driven by the striking and unusual focal subject (the person wearing a rabbit mask) combined with the contrast between the mask and the natural setting.,prominent_faces,5,5,3,4,outdoor,1,3
00058713,"The image's distinctiveness, clear focal point, and emotional charge drive its memorability.",none,5,5,3,4,outdoor,1,4
00058723,"The image's distinctiveness and the novelty of the LEGO shark create a strong emotional charge and a clear focal point, enhancing memorability.",none,5,5,2,1,outdoor,3,4
00058732,"The image's distinctiveness, clear focal point, and vivid colors contribute to its memorability.",none,5,5,2,4,outdoor,1,3
